ISO-10303-21;
HEADER;
FILE_DESCRIPTION (( 'STEP AP214' ),
    '1' );
FILE_NAME ('ST4SI3M004600HFW.STEP',
    '2026-01-24T10:43:21',
    ( '' ),
    ( '' ),
    'SwSTEP 2.0',
    'SolidWorks 2024',
    '' );
FILE_SCHEMA (( 'AUTOMOTIVE_DESIGN' ));
ENDSEC;

DATA;
#1 = CARTESIAN_POINT ( 'NONE',  ( 1.949999999999999512, -0.02000000000000000042, 1.550000000000000044 ) ) ;
#2 = LINE ( 'NONE', #3364, #667 ) ;
#3 = VERTEX_POINT ( 'NONE', #930 ) ;
#4 = ORIENTED_EDGE ( 'NONE', *, *, #1747, .T. ) ;
#5 = EDGE_CURVE ( 'NONE', #420, #2373, #3183, .T. ) ;
#6 = CARTESIAN_POINT ( 'NONE',  ( 0.4349999999999993872, 0.1800000000000000211, 3.000000000000000888 ) ) ;
#7 = PRESENTATION_STYLE_ASSIGNMENT (( #1122 ) ) ;
#8 = APPLICATION_CONTEXT ( 'automotive_design' ) ;
#9 = PRESENTATION_STYLE_ASSIGNMENT (( #2528 ) ) ;
#10 = ORIENTED_EDGE ( 'NONE', *, *, #176, .T. ) ;
#11 = CARTESIAN_POINT ( 'NONE',  ( 0.4349999999999993872, 0.1800000000000000211, -3.016974666125779247 ) ) ;
#12 =( GEOMETRIC_REPRESENTATION_CONTEXT ( 3 ) GLOBAL_UNCERTAINTY_ASSIGNED_CONTEXT ( ( #3175 ) ) GLOBAL_UNIT_ASSIGNED_CONTEXT ( ( #257, #858, #2560 ) ) REPRESENTATION_CONTEXT ( 'NONE', 'WORKASPACE' ) );
#13 = SURFACE_SIDE_STYLE ('',( #71 ) ) ;
#14 = VECTOR ( 'NONE', #2108, 1000.000000000000000 ) ;
#15 = FILL_AREA_STYLE ('',( #1480 ) ) ;
#16 = CIRCLE ( 'NONE', #1317, 0.1499999999999999667 ) ;
#17 = STYLED_ITEM ( 'NONE', ( #2286 ), #2290 ) ;
#18 = AXIS2_PLACEMENT_3D ( 'NONE', #2670, #1811, #2721 ) ;
#19 = CARTESIAN_POINT ( 'NONE',  ( -2.499999999999999112, 0.1499999999999999944, 2.335300964934520884 ) ) ;
#20 = CIRCLE ( 'NONE', #2561, 0.1499999999999999667 ) ;
#21 = CARTESIAN_POINT ( 'NONE',  ( -1.705000000000000515, 0.1800000000000000211, 3.016974666125778803 ) ) ;
#22 =( NAMED_UNIT ( * ) SI_UNIT ( $, .STERADIAN. ) SOLID_ANGLE_UNIT ( ) );
#23 =( LENGTH_UNIT ( ) NAMED_UNIT ( * ) SI_UNIT ( .MILLI., .METRE. ) );
#24 = MANIFOLD_SOLID_BREP ( 'Mirror1', #1556 ) ;
#25 = ORIENTED_EDGE ( 'NONE', *, *, #2414, .T. ) ;
#26 = PRESENTATION_LAYER_ASSIGNMENT (  '', '', ( #2568 ) ) ;
#27 = ORIENTED_EDGE ( 'NONE', *, *, #3324, .F. ) ;
#28 = FILL_AREA_STYLE ('',( #3671 ) ) ;
#29 = SURFACE_SIDE_STYLE ('',( #2834 ) ) ;
#30 = FILL_AREA_STYLE_COLOUR ( '', #2375 ) ;
#31 = COLOUR_RGB ( '',0.6666666666666666297, 0.6980392156862744724, 0.7686274509803920907 ) ;
#32 = EDGE_LOOP ( 'NONE', ( #2837, #1631, #2030, #3267 ) ) ;
#33 = CARTESIAN_POINT ( 'NONE',  ( 1.704999999999999849, 0.1800000000000000211, 3.016974666125779247 ) ) ;
#34 = CARTESIAN_POINT ( 'NONE',  ( 2.500000000000000888, 0.7800000000000000266, 3.000000000000000888 ) ) ;
#35 = CARTESIAN_POINT ( 'NONE',  ( 0.000000000000000000, 0.000000000000000000, -1.699999999999999956 ) ) ;
#36 = FILL_AREA_STYLE ('',( #2884 ) ) ;
#37 = STYLED_ITEM ( 'NONE', ( #515 ), #1931 ) ;
#38 = EDGE_CURVE ( 'NONE', #63, #1165, #1309, .T. ) ;
#39 = PLANE ( 'NONE',  #3043 ) ;
#40 = DIRECTION ( 'NONE',  ( 0.000000000000000000, -1.000000000000000000, 0.000000000000000000 ) ) ;
#41 = CARTESIAN_POINT ( 'NONE',  ( -0.8350000000000006306, 0.000000000000000000, 3.000000000000000888 ) ) ;
#42 = AXIS2_PLACEMENT_3D ( 'NONE', #1, #577, #3073 ) ;
#43 = EDGE_CURVE ( 'NONE', #3670, #304, #2637, .T. ) ;
#44 = EDGE_LOOP ( 'NONE', ( #2394, #2402, #194, #3612 ) ) ;
#45 = VERTEX_POINT ( 'NONE', #2358 ) ;
#46 = PRESENTATION_STYLE_ASSIGNMENT (( #1452 ) ) ;
#47 = DIRECTION ( 'NONE',  ( -1.445602896647339163E-16, -0.000000000000000000, -1.000000000000000000 ) ) ;
#48 = FILL_AREA_STYLE ('',( #2581 ) ) ;
#49 = ORIENTED_EDGE ( 'NONE', *, *, #2859, .T. ) ;
#50 = ORIENTED_EDGE ( 'NONE', *, *, #1747, .F. ) ;
#51 = DIRECTION ( 'NONE',  ( 0.000000000000000000, 0.000000000000000000, 1.000000000000000000 ) ) ;
#52 = PRESENTATION_STYLE_ASSIGNMENT (( #1824 ) ) ;
#53 =( NAMED_UNIT ( * ) PLANE_ANGLE_UNIT ( ) SI_UNIT ( $, .RADIAN. ) );
#54 = LINE ( 'NONE', #3105, #559 ) ;
#55 = LINE ( 'NONE', #350, #795 ) ;
#56 = LINE ( 'NONE', #1745, #604 ) ;
#57 = DIRECTION ( 'NONE',  ( 0.000000000000000000, -1.000000000000000000, 0.000000000000000000 ) ) ;
#58 = LINE ( 'NONE', #1188, #3035 ) ;
#59 = EDGE_CURVE ( 'NONE', #1591, #3024, #3308, .T. ) ;
#60 = DIRECTION ( 'NONE',  ( 0.000000000000000000, 0.000000000000000000, -1.000000000000000000 ) ) ;
#61 =( NAMED_UNIT ( * ) PLANE_ANGLE_UNIT ( ) SI_UNIT ( $, .RADIAN. ) );
#62 = VERTEX_POINT ( 'NONE', #1576 ) ;
#63 = VERTEX_POINT ( 'NONE', #2196 ) ;
#64 = CARTESIAN_POINT ( 'NONE',  ( 2.100000000000000089, 0.1800000000000000211, -1.549999999999998934 ) ) ;
#65 = CARTESIAN_POINT ( 'NONE',  ( 1.600000000000000977, -0.02000000000000000042, -1.700000000000000178 ) ) ;
#66 = SURFACE_STYLE_USAGE ( .BOTH. , #599 ) ;
#67 = EDGE_LOOP ( 'NONE', ( #3250, #1419, #3496, #3428 ) ) ;
#68 = ORIENTED_EDGE ( 'NONE', *, *, #1210, .F. ) ;
#69 = PRESENTATION_STYLE_ASSIGNMENT (( #1757 ) ) ;
#70 = UNCERTAINTY_MEASURE_WITH_UNIT (LENGTH_MEASURE( 1.000000000000000082E-05 ), #467, 'distance_accuracy_value', 'NONE');
#71 = SURFACE_STYLE_FILL_AREA ( #1996 ) ;
#72 = CARTESIAN_POINT ( 'NONE',  ( -2.400000000000000355, 0.1499999999999999944, -2.085300964934519996 ) ) ;
#73 = DIRECTION ( 'NONE',  ( 0.000000000000000000, -1.000000000000000000, 0.000000000000000000 ) ) ;
#74 = UNCERTAINTY_MEASURE_WITH_UNIT (LENGTH_MEASURE( 1.000000000000000082E-05 ), #3613, 'distance_accuracy_value', 'NONE');
#75 = CIRCLE ( 'NONE', #664, 0.2000000000000000944 ) ;
#76 = LINE ( 'NONE', #1153, #269 ) ;
#77 = SURFACE_STYLE_FILL_AREA ( #133 ) ;
#78 = MECHANICAL_DESIGN_GEOMETRIC_PRESENTATION_REPRESENTATION (  '', ( #1082 ), #544 ) ;
#79 = VECTOR ( 'NONE', #2943, 1000.000000000000000 ) ;
#80 = STYLED_ITEM ( 'NONE', ( #219 ), #3014 ) ;
#81 = DIRECTION ( 'NONE',  ( 0.000000000000000000, 1.000000000000000000, 0.000000000000000000 ) ) ;
#82 =( NAMED_UNIT ( * ) PLANE_ANGLE_UNIT ( ) SI_UNIT ( $, .RADIAN. ) );
#83 = COLOUR_RGB ( '',0.6666666666666666297, 0.6980392156862744724, 0.7686274509803920907 ) ;
#84 = MECHANICAL_DESIGN_GEOMETRIC_PRESENTATION_REPRESENTATION (  '', ( #1663 ), #2559 ) ;
#85 = AXIS2_PLACEMENT_3D ( 'NONE', #964, #2307, #674 ) ;
#86 = EDGE_CURVE ( 'NONE', #3009, #2877, #3042, .T. ) ;
#87 = ORIENTED_EDGE ( 'NONE', *, *, #503, .T. ) ;
#88 = CARTESIAN_POINT ( 'NONE',  ( -2.105000000000000426, 0.7800000000000000266, 3.000000000000000888 ) ) ;
#89 = COLOUR_RGB ( '',0.7921568627450980005, 0.8196078431372548767, 0.9333333333333333481 ) ;
#90 = VECTOR ( 'NONE', #3552, 1000.000000000000000 ) ;
#91 = EDGE_CURVE ( 'NONE', #584, #2349, #507, .T. ) ;
#92 = ORIENTED_EDGE ( 'NONE', *, *, #1841, .F. ) ;
#93 = ORIENTED_EDGE ( 'NONE', *, *, #1767, .T. ) ;
#94 = CARTESIAN_POINT ( 'NONE',  ( 2.104999999999998650, 0.7800000000000000266, 3.000000000000000888 ) ) ;
#95 = SURFACE_SIDE_STYLE ('',( #1239 ) ) ;
#96 = AXIS2_PLACEMENT_3D ( 'NONE', #102, #174, #452 ) ;
#97 = FACE_OUTER_BOUND ( 'NONE', #1111, .T. ) ;
#98 =( LENGTH_UNIT ( ) NAMED_UNIT ( * ) SI_UNIT ( .MILLI., .METRE. ) );
#99 = VECTOR ( 'NONE', #449, 1000.000000000000000 ) ;
#100 =( NAMED_UNIT ( * ) PLANE_ANGLE_UNIT ( ) SI_UNIT ( $, .RADIAN. ) );
#101 = VECTOR ( 'NONE', #549, 1000.000000000000000 ) ;
#102 = CARTESIAN_POINT ( 'NONE',  ( -2.105000000000000426, 0.1800000000000000211, -3.016974666125778803 ) ) ;
#103 = CIRCLE ( 'NONE', #2516, 0.1499999999999999667 ) ;
#104 = DIRECTION ( 'NONE',  ( -1.000000000000000000, -0.000000000000000000, -0.000000000000000000 ) ) ;
#105 = DIRECTION ( 'NONE',  ( 0.000000000000000000, -1.000000000000000000, 0.000000000000000000 ) ) ;
#106 =( GEOMETRIC_REPRESENTATION_CONTEXT ( 3 ) GLOBAL_UNCERTAINTY_ASSIGNED_CONTEXT ( ( #666 ) ) GLOBAL_UNIT_ASSIGNED_CONTEXT ( ( #2344, #3511, #680 ) ) REPRESENTATION_CONTEXT ( 'NONE', 'WORKASPACE' ) );
#107 = ORIENTED_EDGE ( 'NONE', *, *, #2934, .F. ) ;
#108 = CARTESIAN_POINT ( 'NONE',  ( 2.104999999999999094, -0.02000000000000000042, -3.016974666125779247 ) ) ;
#109 = CARTESIAN_POINT ( 'NONE',  ( 2.500000000000000000, 0.2500000000000000000, -2.335300964934519996 ) ) ;
#110 = PRESENTATION_STYLE_ASSIGNMENT (( #909 ) ) ;
#111 =( NAMED_UNIT ( * ) SI_UNIT ( $, .STERADIAN. ) SOLID_ANGLE_UNIT ( ) );
#112 = ADVANCED_FACE ( 'NONE', ( #2175 ), #1355, .T. ) ;
#113 = CARTESIAN_POINT ( 'NONE',  ( 0.000000000000000000, 0.7800000000000000266, 0.000000000000000000 ) ) ;
#114 = ORIENTED_EDGE ( 'NONE', *, *, #238, .T. ) ;
#115 = VERTEX_POINT ( 'NONE', #1920 ) ;
#116 = CARTESIAN_POINT ( 'NONE',  ( -1.705000000000000515, 0.1800000000000000211, 3.000000000000000888 ) ) ;
#117 = DIRECTION ( 'NONE',  ( -1.000000000000000000, 0.000000000000000000, 0.000000000000000000 ) ) ;
#118 = SURFACE_STYLE_FILL_AREA ( #399 ) ;
#119 = SURFACE_SIDE_STYLE ('',( #3164 ) ) ;
#120 = ORIENTED_EDGE ( 'NONE', *, *, #1955, .T. ) ;
#121 = ORIENTED_EDGE ( 'NONE', *, *, #59, .F. ) ;
#122 = SURFACE_STYLE_USAGE ( .BOTH. , #2063 ) ;
#123 = FACE_OUTER_BOUND ( 'NONE', #1924, .T. ) ;
#124 = LINE ( 'NONE', #423, #1258 ) ;
#125 = ORIENTED_EDGE ( 'NONE', *, *, #2929, .T. ) ;
#126 = ORIENTED_EDGE ( 'NONE', *, *, #1334, .F. ) ;
#127 = CARTESIAN_POINT ( 'NONE',  ( 2.104999999999999094, -0.02000000000000000042, 2.700000000000000622 ) ) ;
#128 =( NAMED_UNIT ( * ) SI_UNIT ( $, .STERADIAN. ) SOLID_ANGLE_UNIT ( ) );
#129 = CARTESIAN_POINT ( 'NONE',  ( -0.8350000000000006306, 0.1800000000000000211, 3.016974666125778359 ) ) ;
#130 =( NAMED_UNIT ( * ) PLANE_ANGLE_UNIT ( ) SI_UNIT ( $, .RADIAN. ) );
#131 = SURFACE_SIDE_STYLE ('',( #2423 ) ) ;
#132 = PLANE ( 'NONE',  #3157 ) ;
#133 = FILL_AREA_STYLE ('',( #960 ) ) ;
#134 = FACE_OUTER_BOUND ( 'NONE', #1487, .T. ) ;
#135 = FILL_AREA_STYLE ('',( #264 ) ) ;
#136 = VECTOR ( 'NONE', #2130, 1000.000000000000000 ) ;
#137 = VERTEX_POINT ( 'NONE', #3268 ) ;
#138 = AXIS2_PLACEMENT_3D ( 'NONE', #963, #3528, #2084 ) ;
#139 = PRESENTATION_LAYER_ASSIGNMENT (  '', '', ( #3570 ) ) ;
#140 = ORIENTED_EDGE ( 'NONE', *, *, #1330, .F. ) ;
#141 = LINE ( 'NONE', #3477, #2258 ) ;
#142 = FACE_OUTER_BOUND ( 'NONE', #1830, .T. ) ;
#143 = AXIS2_PLACEMENT_3D ( 'NONE', #21, #1154, #2268 ) ;
#144 = MECHANICAL_DESIGN_GEOMETRIC_PRESENTATION_REPRESENTATION (  '', ( #2621 ), #2682 ) ;
#145 = CARTESIAN_POINT ( 'NONE',  ( 1.950000000000000400, 0.1800000000000000211, -1.550000000000000044 ) ) ;
#146 = ORIENTED_EDGE ( 'NONE', *, *, #503, .F. ) ;
#147 = VERTEX_POINT ( 'NONE', #732 ) ;
#148 = VECTOR ( 'NONE', #1882, 1000.000000000000000 ) ;
#149 =( GEOMETRIC_REPRESENTATION_CONTEXT ( 3 ) GLOBAL_UNCERTAINTY_ASSIGNED_CONTEXT ( ( #2477 ) ) GLOBAL_UNIT_ASSIGNED_CONTEXT ( ( #2963, #443, #2571 ) ) REPRESENTATION_CONTEXT ( 'NONE', 'WORKASPACE' ) );
#150 = VECTOR ( 'NONE', #1345, 1000.000000000000000 ) ;
#151 = DIRECTION ( 'NONE',  ( 0.000000000000000000, -1.000000000000000000, 0.000000000000000000 ) ) ;
#152 = VECTOR ( 'NONE', #635, 1000.000000000000000 ) ;
#153 = FACE_OUTER_BOUND ( 'NONE', #67, .T. ) ;
#154 = SURFACE_SIDE_STYLE ('',( #3241 ) ) ;
#155 = EDGE_CURVE ( 'NONE', #1731, #712, #788, .T. ) ;
#156 = STYLED_ITEM ( 'NONE', ( #888 ), #1628 ) ;
#157 = LINE ( 'NONE', #653, #1842 ) ;
#158 = SURFACE_SIDE_STYLE ('',( #2689 ) ) ;
#159 = EDGE_CURVE ( 'NONE', #772, #1703, #2985, .T. ) ;
#160 = ORIENTED_EDGE ( 'NONE', *, *, #3120, .F. ) ;
#161 = ORIENTED_EDGE ( 'NONE', *, *, #1036, .T. ) ;
#162 =( LENGTH_UNIT ( ) NAMED_UNIT ( * ) SI_UNIT ( .MILLI., .METRE. ) );
#163 = DIRECTION ( 'NONE',  ( 0.000000000000000000, 0.000000000000000000, 1.000000000000000000 ) ) ;
#164 = FACE_OUTER_BOUND ( 'NONE', #702, .T. ) ;
#165 = AXIS2_PLACEMENT_3D ( 'NONE', #1819, #181, #2728 ) ;
#166 = LINE ( 'NONE', #2092, #1905 ) ;
#167 = ORIENTED_EDGE ( 'NONE', *, *, #475, .T. ) ;
#168 = ORIENTED_EDGE ( 'NONE', *, *, #3476, .F. ) ;
#169 = SURFACE_STYLE_USAGE ( .BOTH. , #2421 ) ;
#170 = CARTESIAN_POINT ( 'NONE',  ( 1.704999999999999849, 0.1800000000000000211, -3.016974666125779247 ) ) ;
#171 = EDGE_CURVE ( 'NONE', #1737, #1246, #2140, .T. ) ;
#172 = DIRECTION ( 'NONE',  ( 0.000000000000000000, -0.000000000000000000, 1.000000000000000000 ) ) ;
#173 = DIRECTION ( 'NONE',  ( 1.000000000000000000, 0.000000000000000000, 0.000000000000000000 ) ) ;
#174 = DIRECTION ( 'NONE',  ( 0.000000000000000000, 0.000000000000000000, -1.000000000000000000 ) ) ;
#175 = SURFACE_SIDE_STYLE ('',( #2708 ) ) ;
#176 = EDGE_CURVE ( 'NONE', #978, #2870, #180, .T. ) ;
#177 = ORIENTED_EDGE ( 'NONE', *, *, #224, .T. ) ;
#178 = ORIENTED_EDGE ( 'NONE', *, *, #1940, .T. ) ;
#179 = ADVANCED_FACE ( 'NONE', ( #2447 ), #1872, .T. ) ;
#180 = LINE ( 'NONE', #773, #446 ) ;
#181 = DIRECTION ( 'NONE',  ( 0.000000000000000000, -1.000000000000000000, 0.000000000000000000 ) ) ;
#182 = CARTESIAN_POINT ( 'NONE',  ( -1.905000000000000249, -0.02000000000000000042, -2.700000000000000622 ) ) ;
#183 = EDGE_LOOP ( 'NONE', ( #2003, #619, #2412, #1374 ) ) ;
#184 = EDGE_CURVE ( 'NONE', #1731, #63, #1314, .T. ) ;
#185 = ORIENTED_EDGE ( 'NONE', *, *, #2383, .F. ) ;
#186 = SURFACE_STYLE_USAGE ( .BOTH. , #2433 ) ;
#187 = CARTESIAN_POINT ( 'NONE',  ( -0.8350000000000004086, 0.1800000000000000211, 2.700000000000001066 ) ) ;
#188 =( LENGTH_UNIT ( ) NAMED_UNIT ( * ) SI_UNIT ( .MILLI., .METRE. ) );
#189 = UNCERTAINTY_MEASURE_WITH_UNIT (LENGTH_MEASURE( 1.000000000000000082E-05 ), #162, 'distance_accuracy_value', 'NONE');
#190 = FACE_OUTER_BOUND ( 'NONE', #1302, .T. ) ;
#191 = DIRECTION ( 'NONE',  ( 0.000000000000000000, -1.000000000000000000, 0.000000000000000000 ) ) ;
#192 = EDGE_CURVE ( 'NONE', #1640, #2758, #195, .T. ) ;
#193 = ORIENTED_EDGE ( 'NONE', *, *, #2859, .F. ) ;
#194 = ORIENTED_EDGE ( 'NONE', *, *, #3676, .F. ) ;
#195 = LINE ( 'NONE', #3592, #2501 ) ;
#196 = FACE_OUTER_BOUND ( 'NONE', #345, .T. ) ;
#197 = CARTESIAN_POINT ( 'NONE',  ( -1.950000000000000178, -0.02000000000000000042, 1.699999999999999956 ) ) ;
#198 = ADVANCED_FACE ( 'NONE', ( #1884 ), #485, .F. ) ;
#199 = ORIENTED_EDGE ( 'NONE', *, *, #2122, .T. ) ;
#200 = ORIENTED_EDGE ( 'NONE', *, *, #2218, .F. ) ;
#201 = MECHANICAL_DESIGN_GEOMETRIC_PRESENTATION_REPRESENTATION (  '', ( #2073 ), #1549 ) ;
#202 =( GEOMETRIC_REPRESENTATION_CONTEXT ( 3 ) GLOBAL_UNCERTAINTY_ASSIGNED_CONTEXT ( ( #548 ) ) GLOBAL_UNIT_ASSIGNED_CONTEXT ( ( #3310, #2987, #1903 ) ) REPRESENTATION_CONTEXT ( 'NONE', 'WORKASPACE' ) );
#203 = EDGE_CURVE ( 'NONE', #658, #2904, #351, .T. ) ;
#204 = DIRECTION ( 'NONE',  ( 0.000000000000000000, 0.000000000000000000, 1.000000000000000000 ) ) ;
#205 = COLOUR_RGB ( '',0.6666666666666666297, 0.6980392156862744724, 0.7686274509803920907 ) ;
#206 = DIRECTION ( 'NONE',  ( 0.000000000000000000, -1.000000000000000000, 0.000000000000000000 ) ) ;
#207 = COLOUR_RGB ( '',0.6666666666666666297, 0.6980392156862744724, 0.7686274509803920907 ) ;
#208 = LINE ( 'NONE', #519, #1030 ) ;
#209 = MECHANICAL_DESIGN_GEOMETRIC_PRESENTATION_REPRESENTATION (  '', ( #2444 ), #2389 ) ;
#210 = VECTOR ( 'NONE', #2764, 1000.000000000000000 ) ;
#211 = AXIS2_PLACEMENT_3D ( 'NONE', #2891, #359, #626 ) ;
#212 = DIRECTION ( 'NONE',  ( 1.445602896647339163E-16, 0.000000000000000000, 1.000000000000000000 ) ) ;
#213 = VECTOR ( 'NONE', #2359, 1000.000000000000000 ) ;
#214 = FILL_AREA_STYLE ('',( #3305 ) ) ;
#215 = PRESENTATION_LAYER_ASSIGNMENT (  '', '', ( #3399 ) ) ;
#216 = ORIENTED_EDGE ( 'NONE', *, *, #2465, .F. ) ;
#217 = VECTOR ( 'NONE', #2329, 1000.000000000000000 ) ;
#218 = CARTESIAN_POINT ( 'NONE',  ( 2.104999999999999094, -0.02000000000000000042, 3.016974666125779247 ) ) ;
#219 = PRESENTATION_STYLE_ASSIGNMENT (( #2121 ) ) ;
#220 = COLOUR_RGB ( '',0.6666666666666666297, 0.6980392156862744724, 0.7686274509803920907 ) ;
#221 = VERTEX_POINT ( 'NONE', #1172 ) ;
#222 = ORIENTED_EDGE ( 'NONE', *, *, #3223, .F. ) ;
#223 = CARTESIAN_POINT ( 'NONE',  ( 0.4349999999999993872, -0.02000000000000000042, -3.016974666125779247 ) ) ;
#224 = EDGE_CURVE ( 'NONE', #1261, #841, #2243, .T. ) ;
#225 =( GEOMETRIC_REPRESENTATION_CONTEXT ( 3 ) GLOBAL_UNCERTAINTY_ASSIGNED_CONTEXT ( ( #2843 ) ) GLOBAL_UNIT_ASSIGNED_CONTEXT ( ( #256, #1397, #1109 ) ) REPRESENTATION_CONTEXT ( 'NONE', 'WORKASPACE' ) );
#226 = DIRECTION ( 'NONE',  ( 0.000000000000000000, -0.000000000000000000, 1.000000000000000000 ) ) ;
#227 = CARTESIAN_POINT ( 'NONE',  ( -2.499999999999999112, 0.000000000000000000, 3.000000000000000888 ) ) ;
#228 = CARTESIAN_POINT ( 'NONE',  ( -2.105000000000000426, 0.000000000000000000, 3.000000000000000888 ) ) ;
#229 = CARTESIAN_POINT ( 'NONE',  ( 0.000000000000000000, 0.000000000000000000, 1.699999999999999956 ) ) ;
#230 = ADVANCED_FACE ( 'NONE', ( #2331 ), #1498, .T. ) ;
#231 = UNCERTAINTY_MEASURE_WITH_UNIT (LENGTH_MEASURE( 1.000000000000000082E-05 ), #2526, 'distance_accuracy_value', 'NONE');
#232 = AXIS2_PLACEMENT_3D ( 'NONE', #926, #81, #3426 ) ;
#233 = DIRECTION ( 'NONE',  ( 1.000000000000000000, 0.000000000000000000, -0.000000000000000000 ) ) ;
#234 = FILL_AREA_STYLE ('',( #1385 ) ) ;
#235 = EDGE_CURVE ( 'NONE', #936, #1575, #1185, .T. ) ;
#236 = ORIENTED_EDGE ( 'NONE', *, *, #1866, .T. ) ;
#237 = DIRECTION ( 'NONE',  ( -0.000000000000000000, 0.000000000000000000, -1.000000000000000000 ) ) ;
#238 = EDGE_CURVE ( 'NONE', #836, #1939, #2908, .T. ) ;
#239 = ORIENTED_EDGE ( 'NONE', *, *, #3601, .T. ) ;
#240 = VERTEX_POINT ( 'NONE', #2288 ) ;
#241 = DIRECTION ( 'NONE',  ( 1.000000000000000000, 0.000000000000000000, 0.000000000000000000 ) ) ;
#242 = LINE ( 'NONE', #227, #150 ) ;
#243 = EDGE_CURVE ( 'NONE', #3200, #2470, #332, .T. ) ;
#244 = CARTESIAN_POINT ( 'NONE',  ( -0.8350000000000006306, 0.1800000000000000211, 3.016974666125778359 ) ) ;
#245 = ORIENTED_EDGE ( 'NONE', *, *, #86, .F. ) ;
#246 = LINE ( 'NONE', #1364, #2846 ) ;
#247 = SURFACE_SIDE_STYLE ('',( #725 ) ) ;
#248 = EDGE_CURVE ( 'NONE', #2769, #3565, #56, .T. ) ;
#249 = ADVANCED_FACE ( 'NONE', ( #2038 ), #651, .T. ) ;
#250 = ORIENTED_EDGE ( 'NONE', *, *, #2223, .F. ) ;
#251 = CARTESIAN_POINT ( 'NONE',  ( 2.400000000000000355, 0.2500000000000000000, -2.085300964934519996 ) ) ;
#252 = LINE ( 'NONE', #1694, #1026 ) ;
#253 = VERTEX_POINT ( 'NONE', #1864 ) ;
#254 = EDGE_LOOP ( 'NONE', ( #3395, #2945, #1563, #2726, #2641, #222 ) ) ;
#255 = DIRECTION ( 'NONE',  ( 1.000000000000000000, 0.000000000000000000, 0.000000000000000000 ) ) ;
#256 =( LENGTH_UNIT ( ) NAMED_UNIT ( * ) SI_UNIT ( .MILLI., .METRE. ) );
#257 =( LENGTH_UNIT ( ) NAMED_UNIT ( * ) SI_UNIT ( .MILLI., .METRE. ) );
#258 = CIRCLE ( 'NONE', #2309, 0.2000000000000000944 ) ;
#259 = DIRECTION ( 'NONE',  ( 0.000000000000000000, 0.000000000000000000, 1.000000000000000000 ) ) ;
#260 = ORIENTED_EDGE ( 'NONE', *, *, #3166, .T. ) ;
#261 = AXIS2_PLACEMENT_3D ( 'NONE', #1701, #1443, #2842 ) ;
#262 =( GEOMETRIC_REPRESENTATION_CONTEXT ( 3 ) GLOBAL_UNCERTAINTY_ASSIGNED_CONTEXT ( ( #331 ) ) GLOBAL_UNIT_ASSIGNED_CONTEXT ( ( #1554, #1829, #2390 ) ) REPRESENTATION_CONTEXT ( 'NONE', 'WORKASPACE' ) );
#263 = DIRECTION ( 'NONE',  ( -0.000000000000000000, 1.000000000000000000, 0.000000000000000000 ) ) ;
#264 = FILL_AREA_STYLE_COLOUR ( '', #1714 ) ;
#265 = CIRCLE ( 'NONE', #961, 0.2000000000000000944 ) ;
#266 = SURFACE_SIDE_STYLE ('',( #1349 ) ) ;
#267 = MECHANICAL_DESIGN_GEOMETRIC_PRESENTATION_REPRESENTATION (  '', ( #1321 ), #1944 ) ;
#268 = VECTOR ( 'NONE', #2361, 1000.000000000000000 ) ;
#269 = VECTOR ( 'NONE', #2886, 1000.000000000000000 ) ;
#270 = CARTESIAN_POINT ( 'NONE',  ( 1.704999999999999849, -0.02000000000000000042, -2.700000000000000622 ) ) ;
#271 = ORIENTED_EDGE ( 'NONE', *, *, #3322, .T. ) ;
#272 = ORIENTED_EDGE ( 'NONE', *, *, #2549, .T. ) ;
#273 = CARTESIAN_POINT ( 'NONE',  ( -2.500000000000000000, 0.1800000000000000488, -2.999999999999999112 ) ) ;
#274 =( NAMED_UNIT ( * ) SI_UNIT ( $, .STERADIAN. ) SOLID_ANGLE_UNIT ( ) );
#275 = FILL_AREA_STYLE ('',( #1707 ) ) ;
#276 = MECHANICAL_DESIGN_GEOMETRIC_PRESENTATION_REPRESENTATION (  '', ( #1863 ), #983 ) ;
#277 = CARTESIAN_POINT ( 'NONE',  ( 1.904999999999999805, 0.000000000000000000, 2.700000000000000622 ) ) ;
#278 = DIRECTION ( 'NONE',  ( 0.000000000000000000, -1.000000000000000000, 0.000000000000000000 ) ) ;
#279 = LINE ( 'NONE', #2529, #1600 ) ;
#280 = FILL_AREA_STYLE ('',( #3359 ) ) ;
#281 = EDGE_CURVE ( 'NONE', #2470, #2420, #1251, .T. ) ;
#282 = CARTESIAN_POINT ( 'NONE',  ( -2.400000000000000355, 0.1499999999999999944, -2.335300964934519996 ) ) ;
#283 = CARTESIAN_POINT ( 'NONE',  ( 0.000000000000000000, 0.000000000000000000, 0.000000000000000000 ) ) ;
#284 = DIRECTION ( 'NONE',  ( 0.000000000000000000, 0.000000000000000000, -1.000000000000000000 ) ) ;
#285 = AXIS2_PLACEMENT_3D ( 'NONE', #1208, #1174, #2606 ) ;
#286 =( LENGTH_UNIT ( ) NAMED_UNIT ( * ) SI_UNIT ( .MILLI., .METRE. ) );
#287 = ADVANCED_FACE ( 'NONE', ( #1569 ), #665, .T. ) ;
#288 =( NAMED_UNIT ( * ) SI_UNIT ( $, .STERADIAN. ) SOLID_ANGLE_UNIT ( ) );
#289 = CARTESIAN_POINT ( 'NONE',  ( -0.4350000000000000533, 0.1800000000000000211, 3.016974666125778359 ) ) ;
#290 = ADVANCED_FACE ( 'NONE', ( #2115 ), #3544, .T. ) ;
#291 = EDGE_LOOP ( 'NONE', ( #594, #3517, #3452, #695 ) ) ;
#292 = ORIENTED_EDGE ( 'NONE', *, *, #1987, .T. ) ;
#293 = CARTESIAN_POINT ( 'NONE',  ( -0.4350000000000002753, -0.02000000000000000042, -2.700000000000001066 ) ) ;
#294 = DIRECTION ( 'NONE',  ( 1.000000000000000000, 0.000000000000000000, 6.840938966745611207E-16 ) ) ;
#295 = ORIENTED_EDGE ( 'NONE', *, *, #2208, .F. ) ;
#296 = UNCERTAINTY_MEASURE_WITH_UNIT (LENGTH_MEASURE( 1.000000000000000082E-05 ), #408, 'distance_accuracy_value', 'NONE');
#297 = CARTESIAN_POINT ( 'NONE',  ( -1.705000000000000515, 0.000000000000000000, 0.000000000000000000 ) ) ;
#298 = FACE_OUTER_BOUND ( 'NONE', #3379, .T. ) ;
#299 = DIRECTION ( 'NONE',  ( 0.000000000000000000, -1.000000000000000000, 0.000000000000000000 ) ) ;
#300 = DIRECTION ( 'NONE',  ( 0.000000000000000000, 0.000000000000000000, 1.000000000000000000 ) ) ;
#301 = SURFACE_SIDE_STYLE ('',( #1921 ) ) ;
#302 = DIRECTION ( 'NONE',  ( 1.000000000000000000, 0.000000000000000000, -1.445602896647339163E-16 ) ) ;
#303 = EDGE_CURVE ( 'NONE', #2104, #907, #547, .T. ) ;
#304 = VERTEX_POINT ( 'NONE', #1402 ) ;
#305 = ORIENTED_EDGE ( 'NONE', *, *, #2274, .F. ) ;
#306 = CARTESIAN_POINT ( 'NONE',  ( -1.905000000000000249, 0.000000000000000000, 2.700000000000000622 ) ) ;
#307 = DIRECTION ( 'NONE',  ( 0.000000000000000000, -1.000000000000000000, 0.000000000000000000 ) ) ;
#308 = ORIENTED_EDGE ( 'NONE', *, *, #3618, .F. ) ;
#309 = CARTESIAN_POINT ( 'NONE',  ( 1.704999999999999849, 0.1800000000000000211, -2.999999999999999112 ) ) ;
#310 = EDGE_CURVE ( 'NONE', #1413, #1142, #3015, .T. ) ;
#311 = VECTOR ( 'NONE', #1588, 1000.000000000000000 ) ;
#312 = DIRECTION ( 'NONE',  ( 0.000000000000000000, 0.000000000000000000, 1.000000000000000000 ) ) ;
#313 = CARTESIAN_POINT ( 'NONE',  ( -1.905000000000000249, -0.02000000000000000042, -2.700000000000000622 ) ) ;
#314 = ADVANCED_FACE ( 'NONE', ( #2808 ), #530, .F. ) ;
#315 = AXIS2_PLACEMENT_3D ( 'NONE', #2235, #3135, #646 ) ;
#316 = AXIS2_PLACEMENT_3D ( 'NONE', #2037, #3485, #1998 ) ;
#317 = VECTOR ( 'NONE', #3114, 1000.000000000000000 ) ;
#318 = COLOUR_RGB ( '',0.6666666666666666297, 0.6980392156862744724, 0.7686274509803920907 ) ;
#319 = CARTESIAN_POINT ( 'NONE',  ( 1.949999999999998401, 0.000000000000000000, 1.699999999999999956 ) ) ;
#320 = CARTESIAN_POINT ( 'NONE',  ( 2.099999999999999645, 0.1800000000000000211, 1.549999999999998934 ) ) ;
#321 = ORIENTED_EDGE ( 'NONE', *, *, #3275, .T. ) ;
#322 = VECTOR ( 'NONE', #668, 1000.000000000000000 ) ;
#323 = ORIENTED_EDGE ( 'NONE', *, *, #3110, .T. ) ;
#324 = SURFACE_SIDE_STYLE ('',( #1430 ) ) ;
#325 = PLANE ( 'NONE',  #3661 ) ;
#326 = DIRECTION ( 'NONE',  ( 0.000000000000000000, 0.000000000000000000, 1.000000000000000000 ) ) ;
#327 = ORIENTED_EDGE ( 'NONE', *, *, #975, .T. ) ;
#328 = EDGE_CURVE ( 'NONE', #473, #379, #279, .T. ) ;
#329 = DIRECTION ( 'NONE',  ( 0.000000000000000000, 1.000000000000000000, 0.000000000000000000 ) ) ;
#330 = STYLED_ITEM ( 'NONE', ( #2784 ), #1618 ) ;
#331 = UNCERTAINTY_MEASURE_WITH_UNIT (LENGTH_MEASURE( 1.000000000000000082E-05 ), #1554, 'distance_accuracy_value', 'NONE');
#332 = LINE ( 'NONE', #1466, #3506 ) ;
#333 = UNCERTAINTY_MEASURE_WITH_UNIT (LENGTH_MEASURE( 1.000000000000000082E-05 ), #2463, 'distance_accuracy_value', 'NONE');
#334 =( NAMED_UNIT ( * ) SI_UNIT ( $, .STERADIAN. ) SOLID_ANGLE_UNIT ( ) );
#335 = PRESENTATION_LAYER_ASSIGNMENT (  '', '', ( #3108 ) ) ;
#336 = CARTESIAN_POINT ( 'NONE',  ( -2.500000000000000000, 0.2500000000000000000, -2.335300964934519996 ) ) ;
#337 = CARTESIAN_POINT ( 'NONE',  ( -0.4350000000000000533, 0.1800000000000000211, -3.016974666125778359 ) ) ;
#338 = ORIENTED_EDGE ( 'NONE', *, *, #881, .F. ) ;
#339 = ORIENTED_EDGE ( 'NONE', *, *, #1684, .T. ) ;
#340 = CARTESIAN_POINT ( 'NONE',  ( 1.400000000000000799, 0.000000000000000000, -1.699999999999999956 ) ) ;
#341 = CYLINDRICAL_SURFACE ( 'NONE', #1280, 0.1499999999999999667 ) ;
#342 = SURFACE_STYLE_USAGE ( .BOTH. , #2046 ) ;
#343 = FILL_AREA_STYLE ('',( #3132 ) ) ;
#344 = ORIENTED_EDGE ( 'NONE', *, *, #1743, .F. ) ;
#345 = EDGE_LOOP ( 'NONE', ( #3134, #2876, #489, #3411 ) ) ;
#346 = LINE ( 'NONE', #3103, #376 ) ;
#347 = EDGE_CURVE ( 'NONE', #712, #658, #16, .T. ) ;
#348 = PLANE ( 'NONE',  #2976 ) ;
#349 = CARTESIAN_POINT ( 'NONE',  ( 0.4349999999999993872, -0.02000000000000000042, 3.016974666125779247 ) ) ;
#350 = CARTESIAN_POINT ( 'NONE',  ( -2.500000000000000000, 0.7800000000000000266, -2.999999999999999112 ) ) ;
#351 = LINE ( 'NONE', #2897, #900 ) ;
#352 = CARTESIAN_POINT ( 'NONE',  ( 2.500000000000000888, 0.000000000000000000, 3.000000000000000888 ) ) ;
#353 = CARTESIAN_POINT ( 'NONE',  ( -0.8349999999999986322, 0.000000000000000000, 5.712184037232576473E-16 ) ) ;
#354 = EDGE_CURVE ( 'NONE', #240, #2248, #1060, .T. ) ;
#355 = ORIENTED_EDGE ( 'NONE', *, *, #1351, .T. ) ;
#356 = FILL_AREA_STYLE_COLOUR ( '', #89 ) ;
#357 = CARTESIAN_POINT ( 'NONE',  ( -1.705000000000000515, 0.000000000000000000, -2.700000000000000622 ) ) ;
#358 = CARTESIAN_POINT ( 'NONE',  ( -2.400000000000000355, 0.1499999999999999944, -2.085300964934519996 ) ) ;
#359 = DIRECTION ( 'NONE',  ( -1.445602896647339163E-16, 0.000000000000000000, -1.000000000000000000 ) ) ;
#360 = EDGE_LOOP ( 'NONE', ( #970, #2643, #3375, #216 ) ) ;
#361 = ORIENTED_EDGE ( 'NONE', *, *, #3199, .F. ) ;
#362 = DIRECTION ( 'NONE',  ( -1.000000000000000000, -0.000000000000000000, 1.445602896647339163E-16 ) ) ;
#363 = UNCERTAINTY_MEASURE_WITH_UNIT (LENGTH_MEASURE( 1.000000000000000082E-05 ), #2949, 'distance_accuracy_value', 'NONE');
#364 = FACE_OUTER_BOUND ( 'NONE', #32, .T. ) ;
#365 =( NAMED_UNIT ( * ) SI_UNIT ( $, .STERADIAN. ) SOLID_ANGLE_UNIT ( ) );
#366 = CARTESIAN_POINT ( 'NONE',  ( 0.8350000000000001865, 0.7800000000000000266, 3.000000000000000888 ) ) ;
#367 = LINE ( 'NONE', #1516, #2553 ) ;
#368 = UNCERTAINTY_MEASURE_WITH_UNIT (LENGTH_MEASURE( 1.000000000000000082E-05 ), #2083, 'distance_accuracy_value', 'NONE');
#369 =( NAMED_UNIT ( * ) SI_UNIT ( $, .STERADIAN. ) SOLID_ANGLE_UNIT ( ) );
#370 = DIRECTION ( 'NONE',  ( 0.000000000000000000, -1.000000000000000000, 0.000000000000000000 ) ) ;
#371 = EDGE_CURVE ( 'NONE', #62, #529, #208, .T. ) ;
#372 = MECHANICAL_DESIGN_GEOMETRIC_PRESENTATION_REPRESENTATION (  '', ( #1946 ), #3383 ) ;
#373 = STYLED_ITEM ( 'NONE', ( #2040 ), #2435 ) ;
#374 = COLOUR_RGB ( '',0.6666666666666666297, 0.6980392156862744724, 0.7686274509803920907 ) ;
#375 = CARTESIAN_POINT ( 'NONE',  ( -1.705000000000000515, -0.02000000000000000042, 2.700000000000000622 ) ) ;
#376 = VECTOR ( 'NONE', #362, 1000.000000000000000 ) ;
#377 = MECHANICAL_DESIGN_GEOMETRIC_PRESENTATION_REPRESENTATION (  '', ( #1378 ), #2554 ) ;
#378 = PRESENTATION_LAYER_ASSIGNMENT (  '', '', ( #2854 ) ) ;
#379 = VERTEX_POINT ( 'NONE', #1074 ) ;
#380 = EDGE_CURVE ( 'NONE', #2484, #403, #2460, .T. ) ;
#381 = EDGE_LOOP ( 'NONE', ( #1686, #2935, #2403, #361, #3657, #1287 ) ) ;
#382 = COLOUR_RGB ( '',0.6666666666666666297, 0.6980392156862744724, 0.7686274509803920907 ) ;
#383 = AXIS2_PLACEMENT_3D ( 'NONE', #3549, #808, #1851 ) ;
#384 = DIRECTION ( 'NONE',  ( 0.000000000000000000, -0.000000000000000000, -1.000000000000000000 ) ) ;
#385 = PRODUCT_DEFINITION_FORMATION_WITH_SPECIFIED_SOURCE ( 'ANY', '', #568, .NOT_KNOWN. ) ;
#386 = EDGE_CURVE ( 'NONE', #2913, #2903, #1893, .T. ) ;
#387 = DIRECTION ( 'NONE',  ( 0.000000000000000000, -0.000000000000000000, 1.000000000000000000 ) ) ;
#388 = PRESENTATION_LAYER_ASSIGNMENT (  '', '', ( #1503 ) ) ;
#389 = EDGE_LOOP ( 'NONE', ( #576, #1585, #934, #250, #1004, #713 ) ) ;
#390 = ORIENTED_EDGE ( 'NONE', *, *, #850, .F. ) ;
#391 = DIRECTION ( 'NONE',  ( -0.000000000000000000, -0.000000000000000000, -1.000000000000000000 ) ) ;
#392 = CARTESIAN_POINT ( 'NONE',  ( -2.100000000000000533, 0.000000000000000000, -1.549999999999998934 ) ) ;
#393 = AXIS2_PLACEMENT_3D ( 'NONE', #2925, #468, #501 ) ;
#394 = SURFACE_STYLE_USAGE ( .BOTH. , #1760 ) ;
#395 = LINE ( 'NONE', #3500, #2805 ) ;
#396 = DIRECTION ( 'NONE',  ( -1.000000000000000000, 0.000000000000000000, 1.445602896647339163E-16 ) ) ;
#397 = COLOUR_RGB ( '',0.2980392156862745057, 0.2980392156862745057, 0.2980392156862745057 ) ;
#398 = EDGE_CURVE ( 'NONE', #2748, #1774, #3602, .T. ) ;
#399 = FILL_AREA_STYLE ('',( #1277 ) ) ;
#400 = CARTESIAN_POINT ( 'NONE',  ( 0.8350000000000000755, 0.000000000000000000, 0.000000000000000000 ) ) ;
#401 = DIRECTION ( 'NONE',  ( 0.000000000000000000, -1.000000000000000000, 0.000000000000000000 ) ) ;
#402 = EDGE_CURVE ( 'NONE', #658, #2125, #3335, .T. ) ;
#403 = VERTEX_POINT ( 'NONE', #1348 ) ;
#404 = VERTEX_POINT ( 'NONE', #816 ) ;
#405 = DIRECTION ( 'NONE',  ( -6.840938966745610221E-16, 0.000000000000000000, 1.000000000000000000 ) ) ;
#406 =( GEOMETRIC_REPRESENTATION_CONTEXT ( 3 ) GLOBAL_UNCERTAINTY_ASSIGNED_CONTEXT ( ( #707 ) ) GLOBAL_UNIT_ASSIGNED_CONTEXT ( ( #3325, #1654, #288 ) ) REPRESENTATION_CONTEXT ( 'NONE', 'WORKASPACE' ) );
#407 = CARTESIAN_POINT ( 'NONE',  ( -2.499999999999999112, 0.7800000000000000266, 3.000000000000000888 ) ) ;
#408 =( LENGTH_UNIT ( ) NAMED_UNIT ( * ) SI_UNIT ( .MILLI., .METRE. ) );
#409 = ORIENTED_EDGE ( 'NONE', *, *, #1810, .T. ) ;
#410 = ORIENTED_EDGE ( 'NONE', *, *, #2429, .F. ) ;
#411 = FACE_OUTER_BOUND ( 'NONE', #2273, .T. ) ;
#412 = LINE ( 'NONE', #1515, #2630 ) ;
#413 =( LENGTH_UNIT ( ) NAMED_UNIT ( * ) SI_UNIT ( .MILLI., .METRE. ) );
#414 = DIRECTION ( 'NONE',  ( 1.000000000000000000, 0.000000000000000000, 0.000000000000000000 ) ) ;
#415 = UNCERTAINTY_MEASURE_WITH_UNIT (LENGTH_MEASURE( 1.000000000000000082E-05 ), #1028, 'distance_accuracy_value', 'NONE');
#416 =( NAMED_UNIT ( * ) PLANE_ANGLE_UNIT ( ) SI_UNIT ( $, .RADIAN. ) );
#417 = DIRECTION ( 'NONE',  ( 6.840938966745610221E-16, 0.000000000000000000, -1.000000000000000000 ) ) ;
#418 = FACE_BOUND ( 'NONE', #521, .T. ) ;
#419 = DIRECTION ( 'NONE',  ( -1.000000000000000000, 0.000000000000000000, -0.000000000000000000 ) ) ;
#420 = VERTEX_POINT ( 'NONE', #803 ) ;
#421 = EDGE_LOOP ( 'NONE', ( #2889, #821, #3666, #2467 ) ) ;
#422 = SURFACE_STYLE_FILL_AREA ( #2142 ) ;
#423 = CARTESIAN_POINT ( 'NONE',  ( 0.4349999999999993872, 0.1800000000000000211, 3.016974666125779247 ) ) ;
#424 = ORIENTED_EDGE ( 'NONE', *, *, #3020, .F. ) ;
#425 = ORIENTED_EDGE ( 'NONE', *, *, #2122, .F. ) ;
#426 =( NAMED_UNIT ( * ) PLANE_ANGLE_UNIT ( ) SI_UNIT ( $, .RADIAN. ) );
#427 = EDGE_CURVE ( 'NONE', #2372, #1363, #2476, .T. ) ;
#428 = DIRECTION ( 'NONE',  ( 0.000000000000000000, 0.000000000000000000, -1.000000000000000000 ) ) ;
#429 = FILL_AREA_STYLE_COLOUR ( '', #1897 ) ;
#430 = EDGE_CURVE ( 'NONE', #2293, #2903, #1914, .T. ) ;
#431 = PRESENTATION_STYLE_ASSIGNMENT (( #1865 ) ) ;
#432 =( LENGTH_UNIT ( ) NAMED_UNIT ( * ) SI_UNIT ( .MILLI., .METRE. ) );
#433 = FILL_AREA_STYLE_COLOUR ( '', #3338 ) ;
#434 = MECHANICAL_DESIGN_GEOMETRIC_PRESENTATION_REPRESENTATION (  '', ( #1652 ), #1718 ) ;
#435 = ORIENTED_EDGE ( 'NONE', *, *, #1729, .T. ) ;
#436 = ORIENTED_EDGE ( 'NONE', *, *, #1347, .F. ) ;
#437 = DIRECTION ( 'NONE',  ( 0.000000000000000000, 0.000000000000000000, -1.000000000000000000 ) ) ;
#438 = CARTESIAN_POINT ( 'NONE',  ( -1.705000000000000515, 0.000000000000000000, -2.999999999999999112 ) ) ;
#439 =( GEOMETRIC_REPRESENTATION_CONTEXT ( 3 ) GLOBAL_UNCERTAINTY_ASSIGNED_CONTEXT ( ( #1001 ) ) GLOBAL_UNIT_ASSIGNED_CONTEXT ( ( #2938, #426, #1014 ) ) REPRESENTATION_CONTEXT ( 'NONE', 'WORKASPACE' ) );
#440 = COLOUR_RGB ( '',0.6666666666666666297, 0.6980392156862744724, 0.7686274509803920907 ) ;
#441 = MECHANICAL_DESIGN_GEOMETRIC_PRESENTATION_REPRESENTATION (  '', ( #2684 ), #801 ) ;
#442 = DIRECTION ( 'NONE',  ( 1.000000000000000000, 0.000000000000000000, 1.445602896647339163E-16 ) ) ;
#443 =( NAMED_UNIT ( * ) PLANE_ANGLE_UNIT ( ) SI_UNIT ( $, .RADIAN. ) );
#444 = ORIENTED_EDGE ( 'NONE', *, *, #1126, .F. ) ;
#445 = ORIENTED_EDGE ( 'NONE', *, *, #2900, .F. ) ;
#446 = VECTOR ( 'NONE', #1298, 1000.000000000000000 ) ;
#447 = SURFACE_STYLE_FILL_AREA ( #2365 ) ;
#448 = CARTESIAN_POINT ( 'NONE',  ( 0.8350000000000000755, -0.02000000000000000042, -3.016974666125779247 ) ) ;
#449 = DIRECTION ( 'NONE',  ( 0.000000000000000000, -1.000000000000000000, 0.000000000000000000 ) ) ;
#450 = SURFACE_SIDE_STYLE ('',( #3524 ) ) ;
#451 = CIRCLE ( 'NONE', #2809, 0.1999999999999996503 ) ;
#452 = DIRECTION ( 'NONE',  ( -1.000000000000000000, 0.000000000000000000, -0.000000000000000000 ) ) ;
#453 = EDGE_LOOP ( 'NONE', ( #1211, #1626, #1832, #1574, #2819, #1925, #882, #167, #3434, #1768 ) ) ;
#454 = ORIENTED_EDGE ( 'NONE', *, *, #3081, .T. ) ;
#455 = DIRECTION ( 'NONE',  ( 0.000000000000000000, 0.000000000000000000, 1.000000000000000000 ) ) ;
#456 = DIRECTION ( 'NONE',  ( -0.000000000000000000, 1.000000000000000000, 0.000000000000000000 ) ) ;
#457 = CARTESIAN_POINT ( 'NONE',  ( -2.500000000000000000, 0.000000000000000000, -2.999999999999999112 ) ) ;
#458 = DIRECTION ( 'NONE',  ( 0.000000000000000000, 1.000000000000000000, 0.000000000000000000 ) ) ;
#459 = ORIENTED_EDGE ( 'NONE', *, *, #747, .F. ) ;
#460 = MECHANICAL_DESIGN_GEOMETRIC_PRESENTATION_REPRESENTATION (  '', ( #1685 ), #406 ) ;
#461 = ORIENTED_EDGE ( 'NONE', *, *, #2195, .T. ) ;
#462 = DIRECTION ( 'NONE',  ( -0.000000000000000000, 1.000000000000000000, 0.000000000000000000 ) ) ;
#463 = CARTESIAN_POINT ( 'NONE',  ( 0.6349999999999998979, 0.1800000000000000211, 2.700000000000000622 ) ) ;
#464 = CARTESIAN_POINT ( 'NONE',  ( 1.949999999999999289, 0.000000000000000000, -1.699999999999999956 ) ) ;
#465 = PLANE ( 'NONE',  #1966 ) ;
#466 = EDGE_CURVE ( 'NONE', #2341, #3046, #246, .T. ) ;
#467 =( LENGTH_UNIT ( ) NAMED_UNIT ( * ) SI_UNIT ( .MILLI., .METRE. ) );
#468 = DIRECTION ( 'NONE',  ( 1.000000000000000000, 0.000000000000000000, -0.000000000000000000 ) ) ;
#469 = ORIENTED_EDGE ( 'NONE', *, *, #3365, .T. ) ;
#470 = DIRECTION ( 'NONE',  ( 0.000000000000000000, 0.000000000000000000, -1.000000000000000000 ) ) ;
#471 = DIRECTION ( 'NONE',  ( 0.000000000000000000, -1.000000000000000000, 0.000000000000000000 ) ) ;
#472 = DIRECTION ( 'NONE',  ( 1.000000000000000000, 0.000000000000000000, 0.000000000000000000 ) ) ;
#473 = VERTEX_POINT ( 'NONE', #3357 ) ;
#474 = ORIENTED_EDGE ( 'NONE', *, *, #1963, .T. ) ;
#475 = EDGE_CURVE ( 'NONE', #780, #1994, #3066, .T. ) ;
#476 = FILL_AREA_STYLE ('',( #1910 ) ) ;
#477 = LINE ( 'NONE', #2757, #982 ) ;
#478 = PRESENTATION_STYLE_ASSIGNMENT (( #1546 ) ) ;
#479 = DIRECTION ( 'NONE',  ( 0.000000000000000000, 0.000000000000000000, 1.000000000000000000 ) ) ;
#480 = UNCERTAINTY_MEASURE_WITH_UNIT (LENGTH_MEASURE( 1.000000000000000082E-05 ), #884, 'distance_accuracy_value', 'NONE');
#481 = PRESENTATION_STYLE_ASSIGNMENT (( #2787 ) ) ;
#482 = DIRECTION ( 'NONE',  ( -1.000000000000000000, 0.000000000000000000, -6.840938966745611207E-16 ) ) ;
#483 = EDGE_CURVE ( 'NONE', #2748, #2420, #1112, .T. ) ;
#484 = EDGE_LOOP ( 'NONE', ( #731, #1972, #3538, #3026 ) ) ;
#485 = PLANE ( 'NONE',  #1668 ) ;
#486 = FACE_OUTER_BOUND ( 'NONE', #2194, .T. ) ;
#487 = ADVANCED_FACE ( 'NONE', ( #3462 ), #1739, .T. ) ;
#488 = ORIENTED_EDGE ( 'NONE', *, *, #2234, .T. ) ;
#489 = ORIENTED_EDGE ( 'NONE', *, *, #3153, .T. ) ;
#490 = CARTESIAN_POINT ( 'NONE',  ( -0.4350000000000000533, 0.1800000000000000211, 3.016974666125778359 ) ) ;
#491 = VECTOR ( 'NONE', #1941, 1000.000000000000000 ) ;
#492 = FACE_OUTER_BOUND ( 'NONE', #1093, .T. ) ;
#493 = AXIS2_PLACEMENT_3D ( 'NONE', #1464, #2941, #2588 ) ;
#494 = EDGE_CURVE ( 'NONE', #1774, #1823, #3402, .T. ) ;
#495 = VECTOR ( 'NONE', #3256, 1000.000000000000000 ) ;
#496 = VECTOR ( 'NONE', #204, 1000.000000000000000 ) ;
#497 = CARTESIAN_POINT ( 'NONE',  ( -2.499999999999999112, 0.2500000000000000000, 2.085300964934520884 ) ) ;
#498 = ORIENTED_EDGE ( 'NONE', *, *, #3386, .F. ) ;
#499 = DIRECTION ( 'NONE',  ( 1.000000000000000000, -0.000000000000000000, 1.445602896647339163E-16 ) ) ;
#500 = CARTESIAN_POINT ( 'NONE',  ( 2.400000000000000355, 0.2500000000000000000, -2.085300964934519996 ) ) ;
#501 = DIRECTION ( 'NONE',  ( -0.000000000000000000, 0.000000000000000000, -1.000000000000000000 ) ) ;
#502 = LINE ( 'NONE', #3589, #148 ) ;
#503 = EDGE_CURVE ( 'NONE', #2913, #3024, #3380, .T. ) ;
#504 = VECTOR ( 'NONE', #2722, 1000.000000000000000 ) ;
#505 = VERTEX_POINT ( 'NONE', #1420 ) ;
#506 = COLOUR_RGB ( '',0.6666666666666666297, 0.6980392156862744724, 0.7686274509803920907 ) ;
#507 = LINE ( 'NONE', #2695, #210 ) ;
#508 = FILL_AREA_STYLE_COLOUR ( '', #3334 ) ;
#509 = AXIS2_PLACEMENT_3D ( 'NONE', #2153, #1880, #172 ) ;
#510 = CARTESIAN_POINT ( 'NONE',  ( 2.500000000000000000, 0.7800000000000000266, -2.999999999999999112 ) ) ;
#511 = ORIENTED_EDGE ( 'NONE', *, *, #2736, .F. ) ;
#512 = ORIENTED_EDGE ( 'NONE', *, *, #192, .T. ) ;
#513 = LINE ( 'NONE', #3076, #2016 ) ;
#514 =( GEOMETRIC_REPRESENTATION_CONTEXT ( 3 ) GLOBAL_UNCERTAINTY_ASSIGNED_CONTEXT ( ( #588 ) ) GLOBAL_UNIT_ASSIGNED_CONTEXT ( ( #2183, #763, #794 ) ) REPRESENTATION_CONTEXT ( 'NONE', 'WORKASPACE' ) );
#515 = PRESENTATION_STYLE_ASSIGNMENT (( #1415 ) ) ;
#516 = DIRECTION ( 'NONE',  ( 0.000000000000000000, 1.000000000000000000, 0.000000000000000000 ) ) ;
#517 = VECTOR ( 'NONE', #471, 1000.000000000000000 ) ;
#518 = LINE ( 'NONE', #1305, #1916 ) ;
#519 = CARTESIAN_POINT ( 'NONE',  ( -0.4350000000000000533, 0.7800000000000000266, 3.000000000000000888 ) ) ;
#520 = PLANE ( 'NONE',  #2012 ) ;
#521 = EDGE_LOOP ( 'NONE', ( #1247, #199, #3392, #3548 ) ) ;
#522 = FILL_AREA_STYLE_COLOUR ( '', #1625 ) ;
#523 = DIRECTION ( 'NONE',  ( -1.000000000000000000, -0.000000000000000000, 1.445602896647339163E-16 ) ) ;
#524 = ORIENTED_EDGE ( 'NONE', *, *, #466, .F. ) ;
#525 = VERTEX_POINT ( 'NONE', #1458 ) ;
#526 =( NAMED_UNIT ( * ) PLANE_ANGLE_UNIT ( ) SI_UNIT ( $, .RADIAN. ) );
#527 = PRESENTATION_STYLE_ASSIGNMENT (( #2820 ) ) ;
#528 = FILL_AREA_STYLE ('',( #3580 ) ) ;
#529 = VERTEX_POINT ( 'NONE', #844 ) ;
#530 = PLANE ( 'NONE',  #3205 ) ;
#531 = SURFACE_SIDE_STYLE ('',( #1867 ) ) ;
#532 = FACE_OUTER_BOUND ( 'NONE', #569, .T. ) ;
#533 = FILL_AREA_STYLE_COLOUR ( '', #545 ) ;
#534 = DIRECTION ( 'NONE',  ( -0.000000000000000000, 1.000000000000000000, -0.000000000000000000 ) ) ;
#535 = ORIENTED_EDGE ( 'NONE', *, *, #747, .T. ) ;
#536 = VERTEX_POINT ( 'NONE', #2543 ) ;
#537 = LINE ( 'NONE', #1976, #1735 ) ;
#538 = DIRECTION ( 'NONE',  ( 6.840938966745611207E-16, 0.000000000000000000, -1.000000000000000000 ) ) ;
#539 = EDGE_CURVE ( 'NONE', #3248, #936, #346, .T. ) ;
#540 =( GEOMETRIC_REPRESENTATION_CONTEXT ( 3 ) GLOBAL_UNCERTAINTY_ASSIGNED_CONTEXT ( ( #1519 ) ) GLOBAL_UNIT_ASSIGNED_CONTEXT ( ( #2548, #100, #2000 ) ) REPRESENTATION_CONTEXT ( 'NONE', 'WORKASPACE' ) );
#541 = COLOUR_RGB ( '',0.6666666666666666297, 0.6980392156862744724, 0.7686274509803920907 ) ;
#542 =( LENGTH_UNIT ( ) NAMED_UNIT ( * ) SI_UNIT ( .MILLI., .METRE. ) );
#543 = ORIENTED_EDGE ( 'NONE', *, *, #1353, .T. ) ;
#544 =( GEOMETRIC_REPRESENTATION_CONTEXT ( 3 ) GLOBAL_UNCERTAINTY_ASSIGNED_CONTEXT ( ( #2439 ) ) GLOBAL_UNIT_ASSIGNED_CONTEXT ( ( #954, #2056, #2685 ) ) REPRESENTATION_CONTEXT ( 'NONE', 'WORKASPACE' ) );
#545 = COLOUR_RGB ( '',0.6666666666666666297, 0.6980392156862744724, 0.7686274509803920907 ) ;
#546 = VECTOR ( 'NONE', #3151, 1000.000000000000000 ) ;
#547 = LINE ( 'NONE', #766, #2245 ) ;
#548 = UNCERTAINTY_MEASURE_WITH_UNIT (LENGTH_MEASURE( 1.000000000000000082E-05 ), #3310, 'distance_accuracy_value', 'NONE');
#549 = DIRECTION ( 'NONE',  ( -1.000000000000000000, -0.000000000000000000, 1.445602896647339163E-16 ) ) ;
#550 = EDGE_CURVE ( 'NONE', #3235, #2372, #1492, .T. ) ;
#551 = VECTOR ( 'NONE', #1382, 1000.000000000000000 ) ;
#552 = AXIS2_PLACEMENT_3D ( 'NONE', #1020, #482, #1076 ) ;
#553 = PRESENTATION_LAYER_ASSIGNMENT (  '', '', ( #2322 ) ) ;
#554 = CARTESIAN_POINT ( 'NONE',  ( 2.104999999999999094, 0.1800000000000000211, -3.016974666125779247 ) ) ;
#555 = FILL_AREA_STYLE ('',( #832 ) ) ;
#556 = MECHANICAL_DESIGN_GEOMETRIC_PRESENTATION_REPRESENTATION (  '', ( #2793 ), #3215 ) ;
#557 = MECHANICAL_DESIGN_GEOMETRIC_PRESENTATION_REPRESENTATION (  '', ( #2128 ), #3585 ) ;
#558 = VECTOR ( 'NONE', #705, 1000.000000000000000 ) ;
#559 = VECTOR ( 'NONE', #3438, 1000.000000000000000 ) ;
#560 = LINE ( 'NONE', #1934, #2997 ) ;
#561 = LINE ( 'NONE', #1410, #1948 ) ;
#562 = AXIS2_PLACEMENT_3D ( 'NONE', #2279, #1433, #2509 ) ;
#563 = ORIENTED_EDGE ( 'NONE', *, *, #1077, .F. ) ;
#564 = ORIENTED_EDGE ( 'NONE', *, *, #3001, .T. ) ;
#565 = SURFACE_STYLE_USAGE ( .BOTH. , #324 ) ;
#566 = PRESENTATION_LAYER_ASSIGNMENT (  '', '', ( #1802 ) ) ;
#567 = CARTESIAN_POINT ( 'NONE',  ( 1.600000000000000977, 0.1800000000000000211, -1.700000000000000178 ) ) ;
#568 = PRODUCT ( 'ST4SI3M004600HFW', 'ST4SI3M004600HFW', '', ( #1386 ) ) ;
#569 = EDGE_LOOP ( 'NONE', ( #3401, #2110, #1542, #498 ) ) ;
#570 = VECTOR ( 'NONE', #3202, 1000.000000000000000 ) ;
#571 = DIRECTION ( 'NONE',  ( -0.000000000000000000, -0.000000000000000000, 1.000000000000000000 ) ) ;
#572 = CARTESIAN_POINT ( 'NONE',  ( -2.399999999999999467, 0.2500000000000000000, 2.085300964934520884 ) ) ;
#573 =( NAMED_UNIT ( * ) PLANE_ANGLE_UNIT ( ) SI_UNIT ( $, .RADIAN. ) );
#574 = FILL_AREA_STYLE ('',( #1423 ) ) ;
#575 = AXIS2_PLACEMENT_3D ( 'NONE', #1447, #40, #2845 ) ;
#576 = ORIENTED_EDGE ( 'NONE', *, *, #371, .F. ) ;
#577 = DIRECTION ( 'NONE',  ( -0.000000000000000000, 1.000000000000000000, 0.000000000000000000 ) ) ;
#578 = CARTESIAN_POINT ( 'NONE',  ( 1.904999999999999805, 0.1800000000000000211, 2.700000000000000622 ) ) ;
#579 = VERTEX_POINT ( 'NONE', #309 ) ;
#580 = EDGE_CURVE ( 'NONE', #1165, #950, #1687, .T. ) ;
#581 = ORIENTED_EDGE ( 'NONE', *, *, #2549, .F. ) ;
#582 = CARTESIAN_POINT ( 'NONE',  ( 2.399999999999999467, 0.1499999999999999944, 2.335300964934520884 ) ) ;
#583 =( NAMED_UNIT ( * ) PLANE_ANGLE_UNIT ( ) SI_UNIT ( $, .RADIAN. ) );
#584 = VERTEX_POINT ( 'NONE', #33 ) ;
#585 =( NAMED_UNIT ( * ) SI_UNIT ( $, .STERADIAN. ) SOLID_ANGLE_UNIT ( ) );
#586 = DIRECTION ( 'NONE',  ( 0.000000000000000000, -0.000000000000000000, 1.000000000000000000 ) ) ;
#587 = CARTESIAN_POINT ( 'NONE',  ( -1.905000000000000249, 0.1800000000000000211, -2.700000000000000622 ) ) ;
#588 = UNCERTAINTY_MEASURE_WITH_UNIT (LENGTH_MEASURE( 1.000000000000000082E-05 ), #2183, 'distance_accuracy_value', 'NONE');
#589 = CARTESIAN_POINT ( 'NONE',  ( 1.904999999999999805, -0.02000000000000000042, -2.700000000000000622 ) ) ;
#590 = LINE ( 'NONE', #1674, #3084 ) ;
#591 = LINE ( 'NONE', #867, #2278 ) ;
#592 = FILL_AREA_STYLE_COLOUR ( '', #374 ) ;
#593 = EDGE_CURVE ( 'NONE', #3295, #774, #2824, .T. ) ;
#594 = ORIENTED_EDGE ( 'NONE', *, *, #238, .F. ) ;
#595 = VERTEX_POINT ( 'NONE', #3419 ) ;
#596 = SURFACE_SIDE_STYLE ('',( #3129 ) ) ;
#597 = PRESENTATION_STYLE_ASSIGNMENT (( #3130 ) ) ;
#598 = DIRECTION ( 'NONE',  ( 0.000000000000000000, 0.000000000000000000, -1.000000000000000000 ) ) ;
#599 = SURFACE_SIDE_STYLE ('',( #1197 ) ) ;
#600 = ORIENTED_EDGE ( 'NONE', *, *, #956, .F. ) ;
#601 = CARTESIAN_POINT ( 'NONE',  ( -0.6350000000000003419, -0.02000000000000000042, 2.700000000000001066 ) ) ;
#602 = EDGE_CURVE ( 'NONE', #2026, #1065, #265, .T. ) ;
#603 = DIRECTION ( 'NONE',  ( 0.000000000000000000, 0.000000000000000000, 1.000000000000000000 ) ) ;
#604 = VECTOR ( 'NONE', #920, 1000.000000000000000 ) ;
#605 = COLOUR_RGB ( '',0.6666666666666666297, 0.6980392156862744724, 0.7686274509803920907 ) ;
#606 = DIRECTION ( 'NONE',  ( -1.000000000000000000, 0.000000000000000000, 0.000000000000000000 ) ) ;
#607 =( NAMED_UNIT ( * ) SI_UNIT ( $, .STERADIAN. ) SOLID_ANGLE_UNIT ( ) );
#608 = CARTESIAN_POINT ( 'NONE',  ( 0.6349999999999998979, 0.1800000000000000211, -2.700000000000000622 ) ) ;
#609 = MECHANICAL_DESIGN_GEOMETRIC_PRESENTATION_REPRESENTATION (  '', ( #845 ), #3279 ) ;
#610 =( GEOMETRIC_REPRESENTATION_CONTEXT ( 3 ) GLOBAL_UNCERTAINTY_ASSIGNED_CONTEXT ( ( #1478 ) ) GLOBAL_UNIT_ASSIGNED_CONTEXT ( ( #2533, #1128, #2239 ) ) REPRESENTATION_CONTEXT ( 'NONE', 'WORKASPACE' ) );
#611 = FILL_AREA_STYLE ('',( #1724 ) ) ;
#612 = PRESENTATION_LAYER_ASSIGNMENT (  '', '', ( #1717 ) ) ;
#613 = PRESENTATION_LAYER_ASSIGNMENT (  '', '', ( #846 ) ) ;
#614 = STYLED_ITEM ( 'NONE', ( #662 ), #3354 ) ;
#615 = EDGE_CURVE ( 'NONE', #3374, #1268, #1715, .T. ) ;
#616 = DIRECTION ( 'NONE',  ( 0.000000000000000000, -1.000000000000000000, 0.000000000000000000 ) ) ;
#617 = LINE ( 'NONE', #337, #1084 ) ;
#618 = VECTOR ( 'NONE', #405, 1000.000000000000000 ) ;
#619 = ORIENTED_EDGE ( 'NONE', *, *, #3347, .T. ) ;
#620 = AXIS2_PLACEMENT_3D ( 'NONE', #1350, #212, #750 ) ;
#621 = EDGE_LOOP ( 'NONE', ( #390, #436, #828, #1217 ) ) ;
#622 = EDGE_CURVE ( 'NONE', #221, #2692, #2072, .T. ) ;
#623 = FILL_AREA_STYLE_COLOUR ( '', #2348 ) ;
#624 =( NAMED_UNIT ( * ) PLANE_ANGLE_UNIT ( ) SI_UNIT ( $, .RADIAN. ) );
#625 =( GEOMETRIC_REPRESENTATION_CONTEXT ( 3 ) GLOBAL_UNCERTAINTY_ASSIGNED_CONTEXT ( ( #3219 ) ) GLOBAL_UNIT_ASSIGNED_CONTEXT ( ( #3301, #2737, #859 ) ) REPRESENTATION_CONTEXT ( 'NONE', 'WORKASPACE' ) );
#626 = DIRECTION ( 'NONE',  ( -1.000000000000000000, 0.000000000000000000, 1.445602896647339163E-16 ) ) ;
#627 = SURFACE_STYLE_USAGE ( .BOTH. , #1993 ) ;
#628 = ORIENTED_EDGE ( 'NONE', *, *, #2593, .T. ) ;
#629 = ADVANCED_FACE ( 'NONE', ( #2299 ), #1477, .F. ) ;
#630 = FILL_AREA_STYLE ('',( #3176 ) ) ;
#631 = STYLED_ITEM ( 'NONE', ( #2781 ), #1885 ) ;
#632 = SURFACE_STYLE_USAGE ( .BOTH. , #1184 ) ;
#633 = CARTESIAN_POINT ( 'NONE',  ( 1.704999999999999849, 0.1800000000000000211, 3.000000000000000888 ) ) ;
#634 = AXIS2_PLACEMENT_3D ( 'NONE', #3149, #2657, #2873 ) ;
#635 = DIRECTION ( 'NONE',  ( -0.000000000000000000, -0.000000000000000000, 1.000000000000000000 ) ) ;
#636 = FACE_OUTER_BOUND ( 'NONE', #3128, .T. ) ;
#637 = CARTESIAN_POINT ( 'NONE',  ( -2.105000000000000426, 0.000000000000000000, -2.700000000000000622 ) ) ;
#638 = ORIENTED_EDGE ( 'NONE', *, *, #3458, .T. ) ;
#639 = SURFACE_SIDE_STYLE ('',( #1817 ) ) ;
#640 = LINE ( 'NONE', #88, #2979 ) ;
#641 = SURFACE_SIDE_STYLE ('',( #1796 ) ) ;
#642 = DIRECTION ( 'NONE',  ( -1.000000000000000000, 0.000000000000000000, 0.000000000000000000 ) ) ;
#643 = PLANE ( 'NONE',  #211 ) ;
#644 = ORIENTED_EDGE ( 'NONE', *, *, #1912, .F. ) ;
#645 = ORIENTED_EDGE ( 'NONE', *, *, #622, .T. ) ;
#646 = DIRECTION ( 'NONE',  ( -0.000000000000000000, 0.000000000000000000, -1.000000000000000000 ) ) ;
#647 = LINE ( 'NONE', #2895, #2930 ) ;
#648 =( LENGTH_UNIT ( ) NAMED_UNIT ( * ) SI_UNIT ( .MILLI., .METRE. ) );
#649 = EDGE_CURVE ( 'NONE', #2653, #2904, #1219, .T. ) ;
#650 = CARTESIAN_POINT ( 'NONE',  ( -2.499999999999999112, 0.000000000000000000, 3.000000000000000888 ) ) ;
#651 = PLANE ( 'NONE',  #3276 ) ;
#652 = SURFACE_STYLE_USAGE ( .BOTH. , #3444 ) ;
#653 = CARTESIAN_POINT ( 'NONE',  ( 1.949999999999998401, 0.1800000000000000211, 1.699999999999999956 ) ) ;
#654 = CARTESIAN_POINT ( 'NONE',  ( -1.705000000000000515, 0.1800000000000000211, -2.700000000000000622 ) ) ;
#655 = EDGE_LOOP ( 'NONE', ( #1005, #424, #236, #2767 ) ) ;
#656 = CARTESIAN_POINT ( 'NONE',  ( 2.499999999999999112, 0.2500000000000000000, 2.335300964934520884 ) ) ;
#657 = CYLINDRICAL_SURFACE ( 'NONE', #1609, 0.1499999999999999667 ) ;
#658 = VERTEX_POINT ( 'NONE', #1801 ) ;
#659 = ORIENTED_EDGE ( 'NONE', *, *, #1295, .F. ) ;
#660 = CARTESIAN_POINT ( 'NONE',  ( -2.100000000000000977, -0.02000000000000000042, 1.549999999999998934 ) ) ;
#661 = UNCERTAINTY_MEASURE_WITH_UNIT (LENGTH_MEASURE( 1.000000000000000082E-05 ), #2238, 'distance_accuracy_value', 'NONE');
#662 = PRESENTATION_STYLE_ASSIGNMENT (( #394 ) ) ;
#663 = PRESENTATION_STYLE_ASSIGNMENT (( #3260 ) ) ;
#664 = AXIS2_PLACEMENT_3D ( 'NONE', #2251, #3655, #1416 ) ;
#665 = PLANE ( 'NONE',  #2615 ) ;
#666 = UNCERTAINTY_MEASURE_WITH_UNIT (LENGTH_MEASURE( 1.000000000000000082E-05 ), #2344, 'distance_accuracy_value', 'NONE');
#667 = VECTOR ( 'NONE', #1371, 1000.000000000000000 ) ;
#668 = DIRECTION ( 'NONE',  ( 0.000000000000000000, 0.000000000000000000, -1.000000000000000000 ) ) ;
#669 = CARTESIAN_POINT ( 'NONE',  ( -0.6350000000000003419, 0.1800000000000000211, 2.700000000000001066 ) ) ;
#670 = AXIS2_PLACEMENT_3D ( 'NONE', #1040, #3636, #3080 ) ;
#671 = VECTOR ( 'NONE', #2100, 1000.000000000000000 ) ;
#672 = VECTOR ( 'NONE', #401, 1000.000000000000000 ) ;
#673 = EDGE_CURVE ( 'NONE', #2248, #2124, #2680, .T. ) ;
#674 = DIRECTION ( 'NONE',  ( -0.000000000000000000, 0.000000000000000000, 1.000000000000000000 ) ) ;
#675 = VECTOR ( 'NONE', #1181, 1000.000000000000000 ) ;
#676 = VECTOR ( 'NONE', #191, 1000.000000000000000 ) ;
#677 = STYLED_ITEM ( 'NONE', ( #1018 ), #3263 ) ;
#678 = ORIENTED_EDGE ( 'NONE', *, *, #3223, .T. ) ;
#679 = ORIENTED_EDGE ( 'NONE', *, *, #2236, .T. ) ;
#680 =( NAMED_UNIT ( * ) SI_UNIT ( $, .STERADIAN. ) SOLID_ANGLE_UNIT ( ) );
#681 = AXIS2_PLACEMENT_3D ( 'NONE', #3234, #3495, #442 ) ;
#682 = PRESENTATION_STYLE_ASSIGNMENT (( #2376 ) ) ;
#683 = ORIENTED_EDGE ( 'NONE', *, *, #1676, .F. ) ;
#684 = ORIENTED_EDGE ( 'NONE', *, *, #1533, .F. ) ;
#685 = DIRECTION ( 'NONE',  ( 0.000000000000000000, 0.000000000000000000, 1.000000000000000000 ) ) ;
#686 = SURFACE_SIDE_STYLE ('',( #704 ) ) ;
#687 = VECTOR ( 'NONE', #2546, 1000.000000000000000 ) ;
#688 = DIRECTION ( 'NONE',  ( -1.445602896647339163E-16, 0.000000000000000000, -1.000000000000000000 ) ) ;
#689 =( GEOMETRIC_REPRESENTATION_CONTEXT ( 3 ) GLOBAL_UNCERTAINTY_ASSIGNED_CONTEXT ( ( #2885 ) ) GLOBAL_UNIT_ASSIGNED_CONTEXT ( ( #3417, #1736, #1977 ) ) REPRESENTATION_CONTEXT ( 'NONE', 'WORKASPACE' ) );
#690 = DIRECTION ( 'NONE',  ( 0.000000000000000000, 0.000000000000000000, 1.000000000000000000 ) ) ;
#691 = CARTESIAN_POINT ( 'NONE',  ( -0.8350000000000006306, -0.02000000000000000042, 3.016974666125778359 ) ) ;
#692 = CARTESIAN_POINT ( 'NONE',  ( -2.499999999999999112, 0.7800000000000000266, 3.000000000000000888 ) ) ;
#693 = PRESENTATION_LAYER_ASSIGNMENT (  '', '', ( #1520 ) ) ;
#694 = EDGE_CURVE ( 'NONE', #115, #63, #2050, .T. ) ;
#695 = ORIENTED_EDGE ( 'NONE', *, *, #1570, .F. ) ;
#696 = ORIENTED_EDGE ( 'NONE', *, *, #1590, .F. ) ;
#697 = ORIENTED_EDGE ( 'NONE', *, *, #1866, .F. ) ;
#698 = VECTOR ( 'NONE', #616, 1000.000000000000000 ) ;
#699 =( NAMED_UNIT ( * ) PLANE_ANGLE_UNIT ( ) SI_UNIT ( $, .RADIAN. ) );
#700 = DIRECTION ( 'NONE',  ( -1.000000000000000000, 0.000000000000000000, 0.000000000000000000 ) ) ;
#701 = ORIENTED_EDGE ( 'NONE', *, *, #1504, .F. ) ;
#702 = EDGE_LOOP ( 'NONE', ( #2848, #2677, #459, #2377 ) ) ;
#703 = LINE ( 'NONE', #1858, #2970 ) ;
#704 = SURFACE_STYLE_FILL_AREA ( #3436 ) ;
#705 = DIRECTION ( 'NONE',  ( 0.000000000000000000, 0.000000000000000000, 1.000000000000000000 ) ) ;
#706 = CARTESIAN_POINT ( 'NONE',  ( 1.904999999999999805, 0.1800000000000000211, -2.700000000000000622 ) ) ;
#707 = UNCERTAINTY_MEASURE_WITH_UNIT (LENGTH_MEASURE( 1.000000000000000082E-05 ), #3325, 'distance_accuracy_value', 'NONE');
#708 =( LENGTH_UNIT ( ) NAMED_UNIT ( * ) SI_UNIT ( .MILLI., .METRE. ) );
#709 = DIRECTION ( 'NONE',  ( 1.000000000000000000, 0.000000000000000000, 0.000000000000000000 ) ) ;
#710 = SURFACE_STYLE_FILL_AREA ( #3245 ) ;
#711 = FILL_AREA_STYLE ('',( #3246 ) ) ;
#712 = VERTEX_POINT ( 'NONE', #1837 ) ;
#713 = ORIENTED_EDGE ( 'NONE', *, *, #3546, .F. ) ;
#714 = EDGE_LOOP ( 'NONE', ( #2111, #2802, #435, #1078 ) ) ;
#715 = DIRECTION ( 'NONE',  ( 1.000000000000000000, 0.000000000000000000, 0.000000000000000000 ) ) ;
#716 = CARTESIAN_POINT ( 'NONE',  ( 2.104999999999999094, 0.000000000000000000, -2.700000000000000622 ) ) ;
#717 = ADVANCED_FACE ( 'NONE', ( #979 ), #2069, .F. ) ;
#718 = VERTEX_POINT ( 'NONE', #1775 ) ;
#719 = ORIENTED_EDGE ( 'NONE', *, *, #3303, .T. ) ;
#720 = DIRECTION ( 'NONE',  ( 0.000000000000000000, 0.000000000000000000, -1.000000000000000000 ) ) ;
#721 = PLANE ( 'NONE',  #3356 ) ;
#722 =( NAMED_UNIT ( * ) PLANE_ANGLE_UNIT ( ) SI_UNIT ( $, .RADIAN. ) );
#723 = CARTESIAN_POINT ( 'NONE',  ( -0.4350000000000002753, -0.02000000000000000042, 2.700000000000001066 ) ) ;
#724 = DIRECTION ( 'NONE',  ( 0.000000000000000000, 0.000000000000000000, 1.000000000000000000 ) ) ;
#725 = SURFACE_STYLE_FILL_AREA ( #135 ) ;
#726 = VECTOR ( 'NONE', #642, 1000.000000000000000 ) ;
#727 = EDGE_CURVE ( 'NONE', #1950, #45, #3238, .T. ) ;
#728 = ORIENTED_EDGE ( 'NONE', *, *, #1276, .F. ) ;
#729 = VECTOR ( 'NONE', #104, 1000.000000000000000 ) ;
#730 = MECHANICAL_DESIGN_GEOMETRIC_PRESENTATION_REPRESENTATION (  '', ( #3570 ), #843 ) ;
#731 = ORIENTED_EDGE ( 'NONE', *, *, #1533, .T. ) ;
#732 = CARTESIAN_POINT ( 'NONE',  ( -2.105000000000000426, 0.000000000000000000, -2.999999999999999112 ) ) ;
#733 = PLANE ( 'NONE',  #2099 ) ;
#734 = CARTESIAN_POINT ( 'NONE',  ( 0.8350000000000000755, 0.1800000000000000211, -2.700000000000000622 ) ) ;
#735 = COLOUR_RGB ( '',0.6666666666666666297, 0.6980392156862744724, 0.7686274509803920907 ) ;
#736 = AXIS2_PLACEMENT_3D ( 'NONE', #1917, #2863, #3106 ) ;
#737 = MECHANICAL_DESIGN_GEOMETRIC_PRESENTATION_REPRESENTATION (  '', ( #3036 ), #797 ) ;
#738 = LINE ( 'NONE', #1300, #3518 ) ;
#739 = ORIENTED_EDGE ( 'NONE', *, *, #1906, .T. ) ;
#740 = ORIENTED_EDGE ( 'NONE', *, *, #727, .T. ) ;
#741 = VECTOR ( 'NONE', #237, 1000.000000000000000 ) ;
#742 = MECHANICAL_DESIGN_GEOMETRIC_PRESENTATION_REPRESENTATION (  '', ( #2200 ), #1669 ) ;
#743 =( LENGTH_UNIT ( ) NAMED_UNIT ( * ) SI_UNIT ( .MILLI., .METRE. ) );
#744 = CARTESIAN_POINT ( 'NONE',  ( 2.399999999999999467, 0.1499999999999999944, 2.085300964934520884 ) ) ;
#745 = AXIS2_PLACEMENT_3D ( 'NONE', #1468, #1173, #2001 ) ;
#746 = DIRECTION ( 'NONE',  ( 0.000000000000000000, 0.000000000000000000, 1.000000000000000000 ) ) ;
#747 = EDGE_CURVE ( 'NONE', #718, #420, #703, .T. ) ;
#748 =( NAMED_UNIT ( * ) PLANE_ANGLE_UNIT ( ) SI_UNIT ( $, .RADIAN. ) );
#749 = VECTOR ( 'NONE', #2920, 1000.000000000000000 ) ;
#750 = DIRECTION ( 'NONE',  ( 1.000000000000000000, 0.000000000000000000, -1.445602896647339163E-16 ) ) ;
#751 = EDGE_CURVE ( 'NONE', #3, #774, #2915, .T. ) ;
#752 = LINE ( 'NONE', #1583, #3341 ) ;
#753 =( GEOMETRIC_REPRESENTATION_CONTEXT ( 3 ) GLOBAL_UNCERTAINTY_ASSIGNED_CONTEXT ( ( #1329 ) ) GLOBAL_UNIT_ASSIGNED_CONTEXT ( ( #1758, #2300, #1530 ) ) REPRESENTATION_CONTEXT ( 'NONE', 'WORKASPACE' ) );
#754 = ORIENTED_EDGE ( 'NONE', *, *, #1838, .F. ) ;
#755 = VERTEX_POINT ( 'NONE', #2505 ) ;
#756 = SURFACE_SIDE_STYLE ('',( #3622 ) ) ;
#757 = DIRECTION ( 'NONE',  ( 0.000000000000000000, 0.000000000000000000, -1.000000000000000000 ) ) ;
#758 = LINE ( 'NONE', #734, #2008 ) ;
#759 = ORIENTED_EDGE ( 'NONE', *, *, #430, .F. ) ;
#760 = AXIS2_PLACEMENT_3D ( 'NONE', #2887, #2291, #2269 ) ;
#761 = ORIENTED_EDGE ( 'NONE', *, *, #2419, .F. ) ;
#762 = CARTESIAN_POINT ( 'NONE',  ( -0.6350000000000003419, 0.1800000000000000211, -2.700000000000001066 ) ) ;
#763 =( NAMED_UNIT ( * ) PLANE_ANGLE_UNIT ( ) SI_UNIT ( $, .RADIAN. ) );
#764 = CARTESIAN_POINT ( 'NONE',  ( 2.104999999999999094, 0.1800000000000000211, -2.700000000000000622 ) ) ;
#765 = DIRECTION ( 'NONE',  ( -1.000000000000000000, -0.000000000000000000, -0.000000000000000000 ) ) ;
#766 = CARTESIAN_POINT ( 'NONE',  ( -2.105000000000000426, 0.1800000000000000211, -3.016974666125778803 ) ) ;
#767 = CARTESIAN_POINT ( 'NONE',  ( 1.904999999999999805, -0.02000000000000000042, 2.700000000000000622 ) ) ;
#768 = EDGE_CURVE ( 'NONE', #3255, #2653, #1846, .T. ) ;
#769 = SURFACE_SIDE_STYLE ('',( #1045 ) ) ;
#770 = SURFACE_STYLE_FILL_AREA ( #214 ) ;
#771 = VERTEX_POINT ( 'NONE', #490 ) ;
#772 = VERTEX_POINT ( 'NONE', #1360 ) ;
#773 = CARTESIAN_POINT ( 'NONE',  ( -1.705000000000000515, 0.000000000000000000, 0.000000000000000000 ) ) ;
#774 = VERTEX_POINT ( 'NONE', #223 ) ;
#775 = ORIENTED_EDGE ( 'NONE', *, *, #1368, .T. ) ;
#776 = FACE_OUTER_BOUND ( 'NONE', #1835, .T. ) ;
#777 = FACE_OUTER_BOUND ( 'NONE', #2232, .T. ) ;
#778 = LINE ( 'NONE', #1059, #1215 ) ;
#779 = ADVANCED_FACE ( 'NONE', ( #3574 ), #1303, .T. ) ;
#780 = VERTEX_POINT ( 'NONE', #3313 ) ;
#781 = DIRECTION ( 'NONE',  ( 0.000000000000000000, -1.000000000000000000, 0.000000000000000000 ) ) ;
#782 = UNCERTAINTY_MEASURE_WITH_UNIT (LENGTH_MEASURE( 1.000000000000000082E-05 ), #98, 'distance_accuracy_value', 'NONE');
#783 = CARTESIAN_POINT ( 'NONE',  ( 2.399999999999999467, 0.2500000000000000000, 2.335300964934520884 ) ) ;
#784 =( NAMED_UNIT ( * ) PLANE_ANGLE_UNIT ( ) SI_UNIT ( $, .RADIAN. ) );
#785 = FILL_AREA_STYLE_COLOUR ( '', #1205 ) ;
#786 = ADVANCED_FACE ( 'NONE', ( #776 ), #2453, .T. ) ;
#787 = ORIENTED_EDGE ( 'NONE', *, *, #2498, .F. ) ;
#788 = LINE ( 'NONE', #2711, #2437 ) ;
#789 = VECTOR ( 'NONE', #1392, 1000.000000000000000 ) ;
#790 = ORIENTED_EDGE ( 'NONE', *, *, #3652, .F. ) ;
#791 = ADVANCED_FACE ( 'NONE', ( #3047 ), #3368, .F. ) ;
#792 = ORIENTED_EDGE ( 'NONE', *, *, #1467, .F. ) ;
#793 = SURFACE_STYLE_USAGE ( .BOTH. , #1876 ) ;
#794 =( NAMED_UNIT ( * ) SI_UNIT ( $, .STERADIAN. ) SOLID_ANGLE_UNIT ( ) );
#795 = VECTOR ( 'NONE', #3159, 1000.000000000000000 ) ;
#796 = CARTESIAN_POINT ( 'NONE',  ( 2.400000000000000355, 0.2500000000000000000, -2.335300964934519996 ) ) ;
#797 =( GEOMETRIC_REPRESENTATION_CONTEXT ( 3 ) GLOBAL_UNCERTAINTY_ASSIGNED_CONTEXT ( ( #661 ) ) GLOBAL_UNIT_ASSIGNED_CONTEXT ( ( #2238, #830, #2513 ) ) REPRESENTATION_CONTEXT ( 'NONE', 'WORKASPACE' ) );
#798 = COLOUR_RGB ( '',0.6666666666666666297, 0.6980392156862744724, 0.7686274509803920907 ) ;
#799 =( GEOMETRIC_REPRESENTATION_CONTEXT ( 3 ) GLOBAL_UNCERTAINTY_ASSIGNED_CONTEXT ( ( #296 ) ) GLOBAL_UNIT_ASSIGNED_CONTEXT ( ( #408, #976, #2676 ) ) REPRESENTATION_CONTEXT ( 'NONE', 'WORKASPACE' ) );
#800 = DIRECTION ( 'NONE',  ( 0.000000000000000000, 1.000000000000000000, 0.000000000000000000 ) ) ;
#801 =( GEOMETRIC_REPRESENTATION_CONTEXT ( 3 ) GLOBAL_UNCERTAINTY_ASSIGNED_CONTEXT ( ( #1365 ) ) GLOBAL_UNIT_ASSIGNED_CONTEXT ( ( #1634, #1384, #3617 ) ) REPRESENTATION_CONTEXT ( 'NONE', 'WORKASPACE' ) );
#802 = ORIENTED_EDGE ( 'NONE', *, *, #2089, .T. ) ;
#803 = CARTESIAN_POINT ( 'NONE',  ( -2.499999999999999112, 0.7800000000000000266, 3.000000000000000888 ) ) ;
#804 =( LENGTH_UNIT ( ) NAMED_UNIT ( * ) SI_UNIT ( .MILLI., .METRE. ) );
#805 =( GEOMETRIC_REPRESENTATION_CONTEXT ( 3 ) GLOBAL_UNCERTAINTY_ASSIGNED_CONTEXT ( ( #333 ) ) GLOBAL_UNIT_ASSIGNED_CONTEXT ( ( #2463, #784, #2189 ) ) REPRESENTATION_CONTEXT ( 'NONE', 'WORKASPACE' ) );
#806 = MECHANICAL_DESIGN_GEOMETRIC_PRESENTATION_REPRESENTATION (  '', ( #330 ), #625 ) ;
#807 = ORIENTED_EDGE ( 'NONE', *, *, #3387, .F. ) ;
#808 = DIRECTION ( 'NONE',  ( 0.000000000000000000, 0.000000000000000000, -1.000000000000000000 ) ) ;
#809 = CARTESIAN_POINT ( 'NONE',  ( 1.705000000000000071, -0.02000000000000000042, 2.700000000000000622 ) ) ;
#810 = VECTOR ( 'NONE', #1095, 1000.000000000000000 ) ;
#811 = EDGE_LOOP ( 'NONE', ( #2446, #512, #2556, #272 ) ) ;
#812 = VERTEX_POINT ( 'NONE', #1376 ) ;
#813 = EDGE_CURVE ( 'NONE', #913, #2870, #513, .T. ) ;
#814 = MECHANICAL_DESIGN_GEOMETRIC_PRESENTATION_REPRESENTATION (  '', ( #3539 ), #924 ) ;
#815 = DIRECTION ( 'NONE',  ( -1.000000000000000000, 0.000000000000000000, 0.000000000000000000 ) ) ;
#816 = CARTESIAN_POINT ( 'NONE',  ( 2.500000000000000888, 0.1499999999999999667, 2.335300964934521328 ) ) ;
#817 = DIRECTION ( 'NONE',  ( 6.840938966745611207E-16, 0.000000000000000000, 1.000000000000000000 ) ) ;
#818 = DIRECTION ( 'NONE',  ( -6.840938966745610221E-16, -0.000000000000000000, -1.000000000000000000 ) ) ;
#819 = CARTESIAN_POINT ( 'NONE',  ( 1.704999999999999849, -0.02000000000000000042, -3.016974666125779247 ) ) ;
#820 = SURFACE_STYLE_USAGE ( .BOTH. , #2483 ) ;
#821 = ORIENTED_EDGE ( 'NONE', *, *, #398, .T. ) ;
#822 = VERTEX_POINT ( 'NONE', #1627 ) ;
#823 = DIRECTION ( 'NONE',  ( 0.000000000000000000, 0.000000000000000000, -1.000000000000000000 ) ) ;
#824 = EDGE_CURVE ( 'NONE', #2458, #2104, #1137, .T. ) ;
#825 =( NAMED_UNIT ( * ) PLANE_ANGLE_UNIT ( ) SI_UNIT ( $, .RADIAN. ) );
#826 = DIRECTION ( 'NONE',  ( -0.000000000000000000, -1.000000000000000000, -0.000000000000000000 ) ) ;
#827 = LINE ( 'NONE', #2225, #1567 ) ;
#828 = ORIENTED_EDGE ( 'NONE', *, *, #1062, .T. ) ;
#829 = DIRECTION ( 'NONE',  ( -1.000000000000000000, -0.000000000000000000, 1.445602896647339163E-16 ) ) ;
#830 =( NAMED_UNIT ( * ) PLANE_ANGLE_UNIT ( ) SI_UNIT ( $, .RADIAN. ) );
#831 = DIRECTION ( 'NONE',  ( 0.000000000000000000, -0.000000000000000000, -1.000000000000000000 ) ) ;
#832 = FILL_AREA_STYLE_COLOUR ( '', #3280 ) ;
#833 = PRESENTATION_STYLE_ASSIGNMENT (( #1409 ) ) ;
#834 = DIRECTION ( 'NONE',  ( 0.000000000000000000, -1.000000000000000000, 0.000000000000000000 ) ) ;
#835 = ORIENTED_EDGE ( 'NONE', *, *, #2929, .F. ) ;
#836 = VERTEX_POINT ( 'NONE', #3097 ) ;
#837 = DIRECTION ( 'NONE',  ( 0.000000000000000000, -1.000000000000000000, 0.000000000000000000 ) ) ;
#838 = COLOUR_RGB ( '',0.6666666666666666297, 0.6980392156862744724, 0.7686274509803920907 ) ;
#839 = COLOUR_RGB ( '',0.6666666666666666297, 0.6980392156862744724, 0.7686274509803920907 ) ;
#840 = EDGE_CURVE ( 'NONE', #221, #2751, #2595, .T. ) ;
#841 = VERTEX_POINT ( 'NONE', #340 ) ;
#842 = COLOUR_RGB ( '',0.6666666666666666297, 0.6980392156862744724, 0.7686274509803920907 ) ;
#843 =( GEOMETRIC_REPRESENTATION_CONTEXT ( 3 ) GLOBAL_UNCERTAINTY_ASSIGNED_CONTEXT ( ( #363 ) ) GLOBAL_UNIT_ASSIGNED_CONTEXT ( ( #2949, #2639, #1489 ) ) REPRESENTATION_CONTEXT ( 'NONE', 'WORKASPACE' ) );
#844 = CARTESIAN_POINT ( 'NONE',  ( -0.4350000000000000533, 0.000000000000000000, 3.000000000000000888 ) ) ;
#845 = STYLED_ITEM ( 'NONE', ( #2622 ), #629 ) ;
#846 = STYLED_ITEM ( 'NONE', ( #1333 ), #2566 ) ;
#847 =( GEOMETRIC_REPRESENTATION_CONTEXT ( 3 ) GLOBAL_UNCERTAINTY_ASSIGNED_CONTEXT ( ( #3637 ) ) GLOBAL_UNIT_ASSIGNED_CONTEXT ( ( #1766, #61, #1702 ) ) REPRESENTATION_CONTEXT ( 'NONE', 'WORKASPACE' ) );
#848 = EDGE_CURVE ( 'NONE', #1199, #1136, #2525, .T. ) ;
#849 = LINE ( 'NONE', #2285, #1328 ) ;
#850 = EDGE_CURVE ( 'NONE', #3480, #2989, #1414, .T. ) ;
#851 = FACE_OUTER_BOUND ( 'NONE', #44, .T. ) ;
#852 = LINE ( 'NONE', #2830, #3085 ) ;
#853 = PRESENTATION_LAYER_ASSIGNMENT (  '', '', ( #2456 ) ) ;
#854 = ORIENTED_EDGE ( 'NONE', *, *, #2964, .F. ) ;
#855 = ORIENTED_EDGE ( 'NONE', *, *, #2169, .T. ) ;
#856 = DIRECTION ( 'NONE',  ( -6.840938966745611207E-16, 0.000000000000000000, -1.000000000000000000 ) ) ;
#857 = PLANE ( 'NONE',  #3358 ) ;
#858 =( NAMED_UNIT ( * ) PLANE_ANGLE_UNIT ( ) SI_UNIT ( $, .RADIAN. ) );
#859 =( NAMED_UNIT ( * ) SI_UNIT ( $, .STERADIAN. ) SOLID_ANGLE_UNIT ( ) );
#860 = ORIENTED_EDGE ( 'NONE', *, *, #281, .T. ) ;
#861 = LINE ( 'NONE', #554, #3525 ) ;
#862 = DIRECTION ( 'NONE',  ( 0.000000000000000000, 0.000000000000000000, 1.000000000000000000 ) ) ;
#863 =( GEOMETRIC_REPRESENTATION_CONTEXT ( 3 ) GLOBAL_UNCERTAINTY_ASSIGNED_CONTEXT ( ( #2810 ) ) GLOBAL_UNIT_ASSIGNED_CONTEXT ( ( #2499, #1485, #22 ) ) REPRESENTATION_CONTEXT ( 'NONE', 'WORKASPACE' ) );
#864 = EDGE_CURVE ( 'NONE', #379, #2094, #1472, .T. ) ;
#865 = CARTESIAN_POINT ( 'NONE',  ( -2.399999999999999467, 0.1499999999999999944, 2.085300964934520884 ) ) ;
#866 = ADVANCED_FACE ( 'NONE', ( #2579 ), #3397, .T. ) ;
#867 = CARTESIAN_POINT ( 'NONE',  ( -2.399999999999999467, 0.2500000000000000000, 2.085300964934520884 ) ) ;
#868 = DIRECTION ( 'NONE',  ( 0.000000000000000000, -1.000000000000000000, 0.000000000000000000 ) ) ;
#869 = EDGE_CURVE ( 'NONE', #3343, #584, #1120, .T. ) ;
#870 = ORIENTED_EDGE ( 'NONE', *, *, #1304, .F. ) ;
#871 = ORIENTED_EDGE ( 'NONE', *, *, #2223, .T. ) ;
#872 =( LENGTH_UNIT ( ) NAMED_UNIT ( * ) SI_UNIT ( .MILLI., .METRE. ) );
#873 = EDGE_CURVE ( 'NONE', #1703, #1938, #908, .T. ) ;
#874 = FACE_OUTER_BOUND ( 'NONE', #2164, .T. ) ;
#875 = FACE_OUTER_BOUND ( 'NONE', #1537, .T. ) ;
#876 = EDGE_LOOP ( 'NONE', ( #3113, #1601, #1286, #1412 ) ) ;
#877 = SURFACE_STYLE_FILL_AREA ( #916 ) ;
#878 = DIRECTION ( 'NONE',  ( 0.000000000000000000, -1.000000000000000000, 0.000000000000000000 ) ) ;
#879 = LINE ( 'NONE', #2002, #1495 ) ;
#880 = SURFACE_STYLE_USAGE ( .BOTH. , #3427 ) ;
#881 = EDGE_CURVE ( 'NONE', #3112, #240, #3584, .T. ) ;
#882 = ORIENTED_EDGE ( 'NONE', *, *, #2865, .T. ) ;
#883 = ORIENTED_EDGE ( 'NONE', *, *, #1923, .F. ) ;
#884 =( LENGTH_UNIT ( ) NAMED_UNIT ( * ) SI_UNIT ( .MILLI., .METRE. ) );
#885 = CARTESIAN_POINT ( 'NONE',  ( 0.4349999999999993872, 0.1800000000000000211, -3.016974666125779247 ) ) ;
#886 = LINE ( 'NONE', #2006, #546 ) ;
#887 = ADVANCED_FACE ( 'NONE', ( #1178 ), #2557, .T. ) ;
#888 = PRESENTATION_STYLE_ASSIGNMENT (( #627 ) ) ;
#889 = ORIENTED_EDGE ( 'NONE', *, *, #1425, .F. ) ;
#890 = DIRECTION ( 'NONE',  ( 0.000000000000000000, -1.000000000000000000, 0.000000000000000000 ) ) ;
#891 = AXIS2_PLACEMENT_3D ( 'NONE', #2360, #1771, #384 ) ;
#892 = LINE ( 'NONE', #764, #2018 ) ;
#893 = EDGE_CURVE ( 'NONE', #1513, #2698, #640, .T. ) ;
#894 = PRESENTATION_LAYER_ASSIGNMENT (  '', '', ( #1082 ) ) ;
#895 = MECHANICAL_DESIGN_GEOMETRIC_PRESENTATION_REPRESENTATION (  '', ( #2440 ), #262 ) ;
#896 = PRESENTATION_LAYER_ASSIGNMENT (  '', '', ( #3507 ) ) ;
#897 = LINE ( 'NONE', #1690, #687 ) ;
#898 = SURFACE_SIDE_STYLE ('',( #3139 ) ) ;
#899 = VECTOR ( 'NONE', #1248, 1000.000000000000000 ) ;
#900 = VECTOR ( 'NONE', #73, 1000.000000000000000 ) ;
#901 = VECTOR ( 'NONE', #2988, 1000.000000000000000 ) ;
#902 = LINE ( 'NONE', #1501, #3389 ) ;
#903 = DIRECTION ( 'NONE',  ( 0.000000000000000000, -1.000000000000000000, 0.000000000000000000 ) ) ;
#904 = VECTOR ( 'NONE', #2947, 1000.000000000000000 ) ;
#905 = ORIENTED_EDGE ( 'NONE', *, *, #1462, .T. ) ;
#906 = STYLED_ITEM ( 'NONE', ( #1597 ), #1189 ) ;
#907 = VERTEX_POINT ( 'NONE', #1818 ) ;
#908 = LINE ( 'NONE', #3376, #1379 ) ;
#909 = SURFACE_STYLE_USAGE ( .BOTH. , #3454 ) ;
#910 = LINE ( 'NONE', #2874, #1312 ) ;
#911 = PRODUCT_RELATED_PRODUCT_CATEGORY ( 'part', '', ( #568 ) ) ;
#912 = VECTOR ( 'NONE', #2474, 1000.000000000000000 ) ;
#913 = VERTEX_POINT ( 'NONE', #993 ) ;
#914 = ORIENTED_EDGE ( 'NONE', *, *, #3386, .T. ) ;
#915 = ORIENTED_EDGE ( 'NONE', *, *, #2260, .T. ) ;
#916 = FILL_AREA_STYLE ('',( #1979 ) ) ;
#917 = UNCERTAINTY_MEASURE_WITH_UNIT (LENGTH_MEASURE( 1.000000000000000082E-05 ), #1943, 'distance_accuracy_value', 'NONE');
#918 = CARTESIAN_POINT ( 'NONE',  ( -2.500000000000000000, 0.7800000000000000266, -2.999999999999999112 ) ) ;
#919 = DIRECTION ( 'NONE',  ( 0.000000000000000000, -1.000000000000000000, 0.000000000000000000 ) ) ;
#920 = DIRECTION ( 'NONE',  ( 1.000000000000000000, 0.000000000000000000, 0.000000000000000000 ) ) ;
#921 = UNCERTAINTY_MEASURE_WITH_UNIT (LENGTH_MEASURE( 1.000000000000000082E-05 ), #3314, 'distance_accuracy_value', 'NONE');
#922 = EDGE_CURVE ( 'NONE', #2775, #2484, #1212, .T. ) ;
#923 = PRESENTATION_STYLE_ASSIGNMENT (( #652 ) ) ;
#924 =( GEOMETRIC_REPRESENTATION_CONTEXT ( 3 ) GLOBAL_UNCERTAINTY_ASSIGNED_CONTEXT ( ( #2669 ) ) GLOBAL_UNIT_ASSIGNED_CONTEXT ( ( #1391, #1426, #2244 ) ) REPRESENTATION_CONTEXT ( 'NONE', 'WORKASPACE' ) );
#925 = LINE ( 'NONE', #3180, #1372 ) ;
#926 = CARTESIAN_POINT ( 'NONE',  ( 0.6349999999999998979, 0.000000000000000000, 2.700000000000000622 ) ) ;
#927 = CARTESIAN_POINT ( 'NONE',  ( -1.705000000000000515, 0.1800000000000000211, -3.016974666125778803 ) ) ;
#928 = EDGE_CURVE ( 'NONE', #2066, #1296, #971, .T. ) ;
#929 = ORIENTED_EDGE ( 'NONE', *, *, #2691, .T. ) ;
#930 = CARTESIAN_POINT ( 'NONE',  ( 0.4349999999999993872, -0.02000000000000000042, -2.700000000000000622 ) ) ;
#931 = DIRECTION ( 'NONE',  ( 1.000000000000000000, -0.000000000000000000, 1.445602896647339163E-16 ) ) ;
#932 =( NAMED_UNIT ( * ) PLANE_ANGLE_UNIT ( ) SI_UNIT ( $, .RADIAN. ) );
#933 = CARTESIAN_POINT ( 'NONE',  ( 2.500000000000000000, 0.1499999999999999944, -2.335300964934519996 ) ) ;
#934 = ORIENTED_EDGE ( 'NONE', *, *, #3020, .T. ) ;
#935 = EDGE_CURVE ( 'NONE', #992, #1165, #2674, .T. ) ;
#936 = VERTEX_POINT ( 'NONE', #1526 ) ;
#937 =( NAMED_UNIT ( * ) SI_UNIT ( $, .STERADIAN. ) SOLID_ANGLE_UNIT ( ) );
#938 = FACE_OUTER_BOUND ( 'NONE', #2673, .T. ) ;
#939 = DIRECTION ( 'NONE',  ( 0.000000000000000000, 0.000000000000000000, -1.000000000000000000 ) ) ;
#940 = LINE ( 'NONE', #3195, #1915 ) ;
#941 =( NAMED_UNIT ( * ) PLANE_ANGLE_UNIT ( ) SI_UNIT ( $, .RADIAN. ) );
#942 = DIRECTION ( 'NONE',  ( -0.000000000000000000, 1.000000000000000000, 0.000000000000000000 ) ) ;
#943 =( LENGTH_UNIT ( ) NAMED_UNIT ( * ) SI_UNIT ( .MILLI., .METRE. ) );
#944 = ORIENTED_EDGE ( 'NONE', *, *, #347, .T. ) ;
#945 = ORIENTED_EDGE ( 'NONE', *, *, #235, .F. ) ;
#946 = CARTESIAN_POINT ( 'NONE',  ( -1.705000000000000515, -0.02000000000000000042, 3.016974666125778803 ) ) ;
#947 = SURFACE_STYLE_FILL_AREA ( #3479 ) ;
#948 = CARTESIAN_POINT ( 'NONE',  ( -0.6350000000000003419, 0.000000000000000000, -2.700000000000001066 ) ) ;
#949 = FACE_OUTER_BOUND ( 'NONE', #2523, .T. ) ;
#950 = VERTEX_POINT ( 'NONE', #2343 ) ;
#951 = EDGE_LOOP ( 'NONE', ( #2779, #1755, #683, #146 ) ) ;
#952 = DIRECTION ( 'NONE',  ( -0.000000000000000000, -1.000000000000000000, -0.000000000000000000 ) ) ;
#953 = SURFACE_STYLE_USAGE ( .BOTH. , #2330 ) ;
#954 =( LENGTH_UNIT ( ) NAMED_UNIT ( * ) SI_UNIT ( .MILLI., .METRE. ) );
#955 = UNCERTAINTY_MEASURE_WITH_UNIT (LENGTH_MEASURE( 1.000000000000000082E-05 ), #2054, 'distance_accuracy_value', 'NONE');
#956 = EDGE_CURVE ( 'NONE', #1408, #2698, #1752, .T. ) ;
#957 = VECTOR ( 'NONE', #534, 1000.000000000000000 ) ;
#958 = FACE_OUTER_BOUND ( 'NONE', #1849, .T. ) ;
#959 = PRESENTATION_STYLE_ASSIGNMENT (( #2409 ) ) ;
#960 = FILL_AREA_STYLE_COLOUR ( '', #605 ) ;
#961 = AXIS2_PLACEMENT_3D ( 'NONE', #601, #890, #1995 ) ;
#962 = PRESENTATION_LAYER_ASSIGNMENT (  '', '', ( #2440 ) ) ;
#963 = CARTESIAN_POINT ( 'NONE',  ( 2.500000000000000000, 0.7800000000000000266, -2.999999999999999112 ) ) ;
#964 = CARTESIAN_POINT ( 'NONE',  ( -2.105000000000000426, 0.1800000000000000211, 3.016974666125778803 ) ) ;
#965 = EDGE_CURVE ( 'NONE', #2138, #989, #141, .T. ) ;
#966 = VECTOR ( 'NONE', #1396, 1000.000000000000000 ) ;
#967 = AXIS2_PLACEMENT_3D ( 'NONE', #277, #516, #259 ) ;
#968 = COLOUR_RGB ( '',0.6666666666666666297, 0.6980392156862744724, 0.7686274509803920907 ) ;
#969 = ORIENTED_EDGE ( 'NONE', *, *, #1462, .F. ) ;
#970 = ORIENTED_EDGE ( 'NONE', *, *, #402, .F. ) ;
#971 = LINE ( 'NONE', #109, #213 ) ;
#972 = AXIS2_PLACEMENT_3D ( 'NONE', #3027, #255, #823 ) ;
#973 = DIRECTION ( 'NONE',  ( 0.000000000000000000, 1.000000000000000000, 0.000000000000000000 ) ) ;
#974 = PLANE ( 'NONE',  #891 ) ;
#975 = EDGE_CURVE ( 'NONE', #3316, #579, #2106, .T. ) ;
#976 =( NAMED_UNIT ( * ) PLANE_ANGLE_UNIT ( ) SI_UNIT ( $, .RADIAN. ) );
#977 = ORIENTED_EDGE ( 'NONE', *, *, #840, .T. ) ;
#978 = VERTEX_POINT ( 'NONE', #357 ) ;
#979 = FACE_OUTER_BOUND ( 'NONE', #1967, .T. ) ;
#980 =( LENGTH_UNIT ( ) NAMED_UNIT ( * ) SI_UNIT ( .MILLI., .METRE. ) );
#981 = COLOUR_RGB ( '',0.6666666666666666297, 0.6980392156862744724, 0.7686274509803920907 ) ;
#982 = VECTOR ( 'NONE', #765, 1000.000000000000000 ) ;
#983 =( GEOMETRIC_REPRESENTATION_CONTEXT ( 3 ) GLOBAL_UNCERTAINTY_ASSIGNED_CONTEXT ( ( #3603 ) ) GLOBAL_UNIT_ASSIGNED_CONTEXT ( ( #980, #1740, #3239 ) ) REPRESENTATION_CONTEXT ( 'NONE', 'WORKASPACE' ) );
#984 = FILL_AREA_STYLE ('',( #1293 ) ) ;
#985 = EDGE_CURVE ( 'NONE', #2124, #137, #2396, .T. ) ;
#986 = PRESENTATION_LAYER_ASSIGNMENT (  '', '', ( #2406 ) ) ;
#987 = SURFACE_STYLE_USAGE ( .BOTH. , #1535 ) ;
#988 = COLOUR_RGB ( '',0.6666666666666666297, 0.6980392156862744724, 0.7686274509803920907 ) ;
#989 = VERTEX_POINT ( 'NONE', #656 ) ;
#990 = ORIENTED_EDGE ( 'NONE', *, *, #243, .T. ) ;
#991 = ADVANCED_FACE ( 'NONE', ( #1508 ), #1538, .T. ) ;
#992 = VERTEX_POINT ( 'NONE', #2241 ) ;
#993 = CARTESIAN_POINT ( 'NONE',  ( -0.8350000000000006306, 0.000000000000000000, -2.999999999999999112 ) ) ;
#994 = FILL_AREA_STYLE_COLOUR ( '', #2936 ) ;
#995 = LINE ( 'NONE', #1873, #14 ) ;
#996 =( LENGTH_UNIT ( ) NAMED_UNIT ( * ) SI_UNIT ( .MILLI., .METRE. ) );
#997 = ORIENTED_EDGE ( 'NONE', *, *, #2325, .F. ) ;
#998 = VERTEX_POINT ( 'NONE', #1187 ) ;
#999 =( NAMED_UNIT ( * ) SI_UNIT ( $, .STERADIAN. ) SOLID_ANGLE_UNIT ( ) );
#1000 = LINE ( 'NONE', #2954, #2210 ) ;
#1001 = UNCERTAINTY_MEASURE_WITH_UNIT (LENGTH_MEASURE( 1.000000000000000082E-05 ), #2938, 'distance_accuracy_value', 'NONE');
#1002 =( NAMED_UNIT ( * ) PLANE_ANGLE_UNIT ( ) SI_UNIT ( $, .RADIAN. ) );
#1003 = FACE_OUTER_BOUND ( 'NONE', #2536, .T. ) ;
#1004 = ORIENTED_EDGE ( 'NONE', *, *, #2534, .F. ) ;
#1005 = ORIENTED_EDGE ( 'NONE', *, *, #1368, .F. ) ;
#1006 = CARTESIAN_POINT ( 'NONE',  ( 1.704999999999999849, -0.02000000000000000042, 3.016974666125779247 ) ) ;
#1007 = FILL_AREA_STYLE_COLOUR ( '', #1053 ) ;
#1008 = LINE ( 'NONE', #457, #1657 ) ;
#1009 = PRODUCT_DEFINITION_SHAPE ( 'NONE', 'NONE',  #2656 ) ;
#1010 = ADVANCED_FACE ( 'NONE', ( #1406 ), #2604, .T. ) ;
#1011 = DIRECTION ( 'NONE',  ( 0.000000000000000000, 1.000000000000000000, 0.000000000000000000 ) ) ;
#1012 = ORIENTED_EDGE ( 'NONE', *, *, #2823, .F. ) ;
#1013 = ORIENTED_EDGE ( 'NONE', *, *, #1692, .F. ) ;
#1014 =( NAMED_UNIT ( * ) SI_UNIT ( $, .STERADIAN. ) SOLID_ANGLE_UNIT ( ) );
#1015 = DIRECTION ( 'NONE',  ( 0.000000000000000000, -1.000000000000000000, 0.000000000000000000 ) ) ;
#1016 = CARTESIAN_POINT ( 'NONE',  ( 2.400000000000000355, 0.2500000000000000000, -2.085300964934519996 ) ) ;
#1017 = ADVANCED_FACE ( 'NONE', ( #851 ), #39, .F. ) ;
#1018 = PRESENTATION_STYLE_ASSIGNMENT (( #3560 ) ) ;
#1019 = CARTESIAN_POINT ( 'NONE',  ( 2.399999999999999467, 0.000000000000000000, -1.445602896647339348E-17 ) ) ;
#1020 = CARTESIAN_POINT ( 'NONE',  ( -0.8350000000000006306, 0.1800000000000000211, 3.016974666125778359 ) ) ;
#1021 = STYLED_ITEM ( 'NONE', ( #2611 ), #24 ) ;
#1022 = VECTOR ( 'NONE', #2091, 1000.000000000000000 ) ;
#1023 = COLOUR_RGB ( '',0.6666666666666666297, 0.6980392156862744724, 0.7686274509803920907 ) ;
#1024 = ORIENTED_EDGE ( 'NONE', *, *, #3429, .F. ) ;
#1025 = VECTOR ( 'NONE', #903, 1000.000000000000000 ) ;
#1026 = VECTOR ( 'NONE', #868, 1000.000000000000000 ) ;
#1027 = EDGE_LOOP ( 'NONE', ( #1589, #1180, #1297, #1679 ) ) ;
#1028 =( LENGTH_UNIT ( ) NAMED_UNIT ( * ) SI_UNIT ( .MILLI., .METRE. ) );
#1029 = DIRECTION ( 'NONE',  ( 1.000000000000000000, 0.000000000000000000, 0.000000000000000000 ) ) ;
#1030 = VECTOR ( 'NONE', #781, 1000.000000000000000 ) ;
#1031 = AXIS2_PLACEMENT_3D ( 'NONE', #1421, #2531, #3678 ) ;
#1032 = VECTOR ( 'NONE', #1387, 1000.000000000000000 ) ;
#1033 = ORIENTED_EDGE ( 'NONE', *, *, #3606, .T. ) ;
#1034 = ORIENTED_EDGE ( 'NONE', *, *, #873, .F. ) ;
#1035 = VECTOR ( 'NONE', #2835, 1000.000000000000000 ) ;
#1036 = EDGE_CURVE ( 'NONE', #536, #1929, #1483, .T. ) ;
#1037 = CARTESIAN_POINT ( 'NONE',  ( -2.400000000000000355, 0.1499999999999999944, -2.335300964934519996 ) ) ;
#1038 = VECTOR ( 'NONE', #2671, 1000.000000000000000 ) ;
#1039 = SURFACE_STYLE_FILL_AREA ( #528 ) ;
#1040 = CARTESIAN_POINT ( 'NONE',  ( -1.905000000000000249, 0.1800000000000000211, -2.700000000000000622 ) ) ;
#1041 = EDGE_CURVE ( 'NONE', #1575, #536, #76, .T. ) ;
#1042 = MECHANICAL_DESIGN_GEOMETRIC_PRESENTATION_REPRESENTATION (  '', ( #1723 ), #2392 ) ;
#1043 = UNCERTAINTY_MEASURE_WITH_UNIT (LENGTH_MEASURE( 1.000000000000000082E-05 ), #1592, 'distance_accuracy_value', 'NONE');
#1044 = PRESENTATION_LAYER_ASSIGNMENT (  '', '', ( #156 ) ) ;
#1045 = SURFACE_STYLE_FILL_AREA ( #3620 ) ;
#1046 = FACE_OUTER_BOUND ( 'NONE', #2660, .T. ) ;
#1047 = COLOUR_RGB ( '',0.6666666666666666297, 0.6980392156862744724, 0.7686274509803920907 ) ;
#1048 = ORIENTED_EDGE ( 'NONE', *, *, #1425, .T. ) ;
#1049 = VERTEX_POINT ( 'NONE', #352 ) ;
#1050 = DIRECTION ( 'NONE',  ( -0.000000000000000000, -0.000000000000000000, -1.000000000000000000 ) ) ;
#1051 = FILL_AREA_STYLE ('',( #994 ) ) ;
#1052 = SURFACE_SIDE_STYLE ('',( #3551 ) ) ;
#1053 = COLOUR_RGB ( '',0.6666666666666666297, 0.6980392156862744724, 0.7686274509803920907 ) ;
#1054 = ORIENTED_EDGE ( 'NONE', *, *, #3050, .T. ) ;
#1055 = VERTEX_POINT ( 'NONE', #865 ) ;
#1056 = DIRECTION ( 'NONE',  ( 0.000000000000000000, -1.000000000000000000, 0.000000000000000000 ) ) ;
#1057 = LINE ( 'NONE', #3542, #1335 ) ;
#1058 = EDGE_CURVE ( 'NONE', #304, #3057, #2801, .T. ) ;
#1059 = CARTESIAN_POINT ( 'NONE',  ( -2.105000000000000426, -0.02000000000000000042, -3.016974666125778803 ) ) ;
#1060 = LINE ( 'NONE', #1595, #491 ) ;
#1061 = DIRECTION ( 'NONE',  ( 0.000000000000000000, 0.000000000000000000, -1.000000000000000000 ) ) ;
#1062 = EDGE_CURVE ( 'NONE', #755, #2775, #1572, .T. ) ;
#1063 = CARTESIAN_POINT ( 'NONE',  ( 2.499999999999999112, 0.2500000000000000000, 2.085300964934520884 ) ) ;
#1064 =( NAMED_UNIT ( * ) SI_UNIT ( $, .STERADIAN. ) SOLID_ANGLE_UNIT ( ) );
#1065 = VERTEX_POINT ( 'NONE', #723 ) ;
#1066 = DIRECTION ( 'NONE',  ( 0.000000000000000000, -1.000000000000000000, 0.000000000000000000 ) ) ;
#1067 = SURFACE_STYLE_USAGE ( .BOTH. , #2215 ) ;
#1068 = DIRECTION ( 'NONE',  ( 0.000000000000000000, -1.000000000000000000, 0.000000000000000000 ) ) ;
#1069 = ORIENTED_EDGE ( 'NONE', *, *, #3618, .T. ) ;
#1070 = ORIENTED_EDGE ( 'NONE', *, *, #3236, .T. ) ;
#1071 = DIRECTION ( 'NONE',  ( 0.000000000000000000, 0.000000000000000000, 1.000000000000000000 ) ) ;
#1072 = DIRECTION ( 'NONE',  ( -6.840938966745611207E-16, 0.000000000000000000, 1.000000000000000000 ) ) ;
#1073 = ORIENTED_EDGE ( 'NONE', *, *, #303, .T. ) ;
#1074 = CARTESIAN_POINT ( 'NONE',  ( 2.400000000000000355, 0.1499999999999999944, -2.085300964934519996 ) ) ;
#1075 = FACE_OUTER_BOUND ( 'NONE', #2619, .T. ) ;
#1076 = DIRECTION ( 'NONE',  ( -6.840938966745611207E-16, 0.000000000000000000, 1.000000000000000000 ) ) ;
#1077 = EDGE_CURVE ( 'NONE', #240, #1513, #2649, .T. ) ;
#1078 = ORIENTED_EDGE ( 'NONE', *, *, #1192, .T. ) ;
#1079 = ADVANCED_FACE ( 'NONE', ( #2978 ), #3561, .T. ) ;
#1080 = FILL_AREA_STYLE_COLOUR ( '', #2466 ) ;
#1081 = PRESENTATION_STYLE_ASSIGNMENT (( #820 ) ) ;
#1082 = STYLED_ITEM ( 'NONE', ( #2077 ), #249 ) ;
#1083 = PRESENTATION_LAYER_ASSIGNMENT (  '', '', ( #373 ) ) ;
#1084 = VECTOR ( 'NONE', #2928, 1000.000000000000000 ) ;
#1085 = ORIENTED_EDGE ( 'NONE', *, *, #3674, .F. ) ;
#1086 = ORIENTED_EDGE ( 'NONE', *, *, #1295, .T. ) ;
#1087 = SURFACE_STYLE_FILL_AREA ( #1108 ) ;
#1088 = AXIS2_PLACEMENT_3D ( 'NONE', #2404, #2662, #720 ) ;
#1089 = DIRECTION ( 'NONE',  ( -1.000000000000000000, 0.000000000000000000, -0.000000000000000000 ) ) ;
#1090 = VECTOR ( 'NONE', #2626, 1000.000000000000000 ) ;
#1091 = PRESENTATION_LAYER_ASSIGNMENT (  '', '', ( #614 ) ) ;
#1092 = LINE ( 'NONE', #2436, #3224 ) ;
#1093 = EDGE_LOOP ( 'NONE', ( #474, #628, #1937, #3675 ) ) ;
#1094 = CARTESIAN_POINT ( 'NONE',  ( 1.704999999999999849, 0.000000000000000000, 0.000000000000000000 ) ) ;
#1095 = DIRECTION ( 'NONE',  ( 0.000000000000000000, 0.000000000000000000, -1.000000000000000000 ) ) ;
#1096 = VECTOR ( 'NONE', #2905, 1000.000000000000000 ) ;
#1097 =( NAMED_UNIT ( * ) SI_UNIT ( $, .STERADIAN. ) SOLID_ANGLE_UNIT ( ) );
#1098 = FACE_OUTER_BOUND ( 'NONE', #2174, .T. ) ;
#1099 = LINE ( 'NONE', #2211, #3344 ) ;
#1100 = VECTOR ( 'NONE', #3083, 1000.000000000000000 ) ;
#1101 = SURFACE_STYLE_USAGE ( .BOTH. , #1171 ) ;
#1102 = MECHANICAL_DESIGN_GEOMETRIC_PRESENTATION_REPRESENTATION (  '', ( #156 ), #689 ) ;
#1103 = ORIENTED_EDGE ( 'NONE', *, *, #928, .T. ) ;
#1104 = CARTESIAN_POINT ( 'NONE',  ( 1.704999999999999849, 0.000000000000000000, -2.700000000000000622 ) ) ;
#1105 = ADVANCED_FACE ( 'NONE', ( #2058 ), #132, .F. ) ;
#1106 = ORIENTED_EDGE ( 'NONE', *, *, #3236, .F. ) ;
#1107 = ORIENTED_EDGE ( 'NONE', *, *, #155, .T. ) ;
#1108 = FILL_AREA_STYLE ('',( #1641 ) ) ;
#1109 =( NAMED_UNIT ( * ) SI_UNIT ( $, .STERADIAN. ) SOLID_ANGLE_UNIT ( ) );
#1110 = LINE ( 'NONE', #2224, #1605 ) ;
#1111 = EDGE_LOOP ( 'NONE', ( #1751, #2620, #1559, #969 ) ) ;
#1112 = LINE ( 'NONE', #2227, #3337 ) ;
#1113 = CYLINDRICAL_SURFACE ( 'NONE', #1031, 0.2000000000000000944 ) ;
#1114 = CARTESIAN_POINT ( 'NONE',  ( -1.950000000000000844, -0.02000000000000000042, -1.699999999999999956 ) ) ;
#1115 = SURFACE_STYLE_USAGE ( .BOTH. , #3665 ) ;
#1116 = DIRECTION ( 'NONE',  ( -1.000000000000000000, -0.000000000000000000, 1.445602896647339163E-16 ) ) ;
#1117 = DIRECTION ( 'NONE',  ( 1.000000000000000000, 0.000000000000000000, 0.000000000000000000 ) ) ;
#1118 = ORIENTED_EDGE ( 'NONE', *, *, #2900, .T. ) ;
#1119 = ORIENTED_EDGE ( 'NONE', *, *, #1573, .T. ) ;
#1120 = LINE ( 'NONE', #1705, #1500 ) ;
#1121 = DIRECTION ( 'NONE',  ( -0.000000000000000000, 0.000000000000000000, 1.000000000000000000 ) ) ;
#1122 = SURFACE_STYLE_USAGE ( .BOTH. , #3673 ) ;
#1123 = EDGE_CURVE ( 'NONE', #2420, #2247, #940, .T. ) ;
#1124 =( NAMED_UNIT ( * ) SI_UNIT ( $, .STERADIAN. ) SOLID_ANGLE_UNIT ( ) );
#1125 = ORIENTED_EDGE ( 'NONE', *, *, #2797, .T. ) ;
#1126 = EDGE_CURVE ( 'NONE', #3003, #2248, #2388, .T. ) ;
#1127 = LINE ( 'NONE', #2825, #1437 ) ;
#1128 =( NAMED_UNIT ( * ) PLANE_ANGLE_UNIT ( ) SI_UNIT ( $, .RADIAN. ) );
#1129 = ADVANCED_FACE ( 'NONE', ( #3286 ), #3264, .T. ) ;
#1130 = CARTESIAN_POINT ( 'NONE',  ( -1.950000000000000178, 0.1800000000000000211, 1.699999999999999956 ) ) ;
#1131 = ORIENTED_EDGE ( 'NONE', *, *, #224, .F. ) ;
#1132 = CARTESIAN_POINT ( 'NONE',  ( -2.105000000000000426, 0.1800000000000000211, -2.999999999999999112 ) ) ;
#1133 = CARTESIAN_POINT ( 'NONE',  ( -1.705000000000000515, 0.000000000000000000, 2.700000000000000622 ) ) ;
#1134 = AXIS2_PLACEMENT_3D ( 'NONE', #1646, #3660, #2992 ) ;
#1135 = ORIENTED_EDGE ( 'NONE', *, *, #1241, .F. ) ;
#1136 = VERTEX_POINT ( 'NONE', #1647 ) ;
#1137 = LINE ( 'NONE', #273, #1904 ) ;
#1138 = LINE ( 'NONE', #885, #1166 ) ;
#1139 = PLANE ( 'NONE',  #1202 ) ;
#1140 = VECTOR ( 'NONE', #3293, 1000.000000000000000 ) ;
#1141 = CARTESIAN_POINT ( 'NONE',  ( -0.4350000000000021072, 0.000000000000000000, 2.975808450534355558E-16 ) ) ;
#1142 = VERTEX_POINT ( 'NONE', #1063 ) ;
#1143 = ADVANCED_FACE ( 'NONE', ( #3320 ), #2492, .T. ) ;
#1144 = VECTOR ( 'NONE', #499, 1000.000000000000000 ) ;
#1145 = SURFACE_SIDE_STYLE ('',( #877 ) ) ;
#1146 = STYLED_ITEM ( 'NONE', ( #69 ), #487 ) ;
#1147 = AXIS2_PLACEMENT_3D ( 'NONE', #500, #1616, #2761 ) ;
#1148 = SURFACE_STYLE_USAGE ( .BOTH. , #13 ) ;
#1149 =( NAMED_UNIT ( * ) SI_UNIT ( $, .STERADIAN. ) SOLID_ANGLE_UNIT ( ) );
#1150 = CYLINDRICAL_SURFACE ( 'NONE', #3391, 0.1999999999999996503 ) ;
#1151 = AXIS2_PLACEMENT_3D ( 'NONE', #2160, #1066, #470 ) ;
#1152 =( GEOMETRIC_REPRESENTATION_CONTEXT ( 3 ) GLOBAL_UNCERTAINTY_ASSIGNED_CONTEXT ( ( #3441 ) ) GLOBAL_UNIT_ASSIGNED_CONTEXT ( ( #3424, #1746, #2574 ) ) REPRESENTATION_CONTEXT ( 'NONE', 'WORKASPACE' ) );
#1153 = CARTESIAN_POINT ( 'NONE',  ( -2.499999999999999112, 0.2500000000000000000, 2.085300964934520884 ) ) ;
#1154 = DIRECTION ( 'NONE',  ( 1.000000000000000000, 0.000000000000000000, 0.000000000000000000 ) ) ;
#1155 = STYLED_ITEM ( 'NONE', ( #481 ), #1143 ) ;
#1156 = CARTESIAN_POINT ( 'NONE',  ( 2.499999999999999112, 0.2500000000000000000, 2.335300964934520884 ) ) ;
#1157 = COLOUR_RGB ( '',0.6666666666666666297, 0.6980392156862744724, 0.7686274509803920907 ) ;
#1158 = ORIENTED_EDGE ( 'NONE', *, *, #3322, .F. ) ;
#1159 = EDGE_LOOP ( 'NONE', ( #511, #3249, #1457, #295 ) ) ;
#1160 = CARTESIAN_POINT ( 'NONE',  ( 1.704999999999999849, 0.1800000000000000211, 3.016974666125779247 ) ) ;
#1161 = CARTESIAN_POINT ( 'NONE',  ( 2.100000000000000089, -0.02000000000000000042, -1.549999999999998934 ) ) ;
#1162 = ADVANCED_FACE ( 'NONE', ( #2171 ), #2999, .F. ) ;
#1163 = MECHANICAL_DESIGN_GEOMETRIC_PRESENTATION_REPRESENTATION (  '', ( #2456 ), #2514 ) ;
#1164 = LINE ( 'NONE', #3433, #2799 ) ;
#1165 = VERTEX_POINT ( 'NONE', #1114 ) ;
#1166 = VECTOR ( 'NONE', #2851, 1000.000000000000000 ) ;
#1167 = EDGE_CURVE ( 'NONE', #3565, #3670, #1332, .T. ) ;
#1168 = MECHANICAL_DESIGN_GEOMETRIC_PRESENTATION_REPRESENTATION (  '', ( #1520 ), #2704 ) ;
#1169 = CARTESIAN_POINT ( 'NONE',  ( 1.949999999999999512, 0.000000000000000000, 1.550000000000000044 ) ) ;
#1170 = LINE ( 'NONE', #2301, #2981 ) ;
#1171 = SURFACE_SIDE_STYLE ('',( #2515 ) ) ;
#1172 = CARTESIAN_POINT ( 'NONE',  ( 2.100000000000000089, 0.000000000000000000, -1.549999999999998934 ) ) ;
#1173 = DIRECTION ( 'NONE',  ( 1.000000000000000000, 0.000000000000000000, 0.000000000000000000 ) ) ;
#1174 = DIRECTION ( 'NONE',  ( 0.000000000000000000, 1.000000000000000000, 0.000000000000000000 ) ) ;
#1175 = SURFACE_STYLE_USAGE ( .BOTH. , #119 ) ;
#1176 = ORIENTED_EDGE ( 'NONE', *, *, #494, .F. ) ;
#1177 = ORIENTED_EDGE ( 'NONE', *, *, #2700, .T. ) ;
#1178 = FACE_OUTER_BOUND ( 'NONE', #381, .T. ) ;
#1179 = CARTESIAN_POINT ( 'NONE',  ( -1.705000000000000515, 0.7800000000000000266, -2.999999999999999112 ) ) ;
#1180 = ORIENTED_EDGE ( 'NONE', *, *, #935, .T. ) ;
#1181 = DIRECTION ( 'NONE',  ( 1.000000000000000000, 0.000000000000000000, 0.000000000000000000 ) ) ;
#1182 = DIRECTION ( 'NONE',  ( 0.000000000000000000, -1.000000000000000000, 0.000000000000000000 ) ) ;
#1183 =( NAMED_UNIT ( * ) SI_UNIT ( $, .STERADIAN. ) SOLID_ANGLE_UNIT ( ) );
#1184 = SURFACE_SIDE_STYLE ('',( #3138 ) ) ;
#1185 = LINE ( 'NONE', #2354, #3270 ) ;
#1186 = UNCERTAINTY_MEASURE_WITH_UNIT (LENGTH_MEASURE( 1.000000000000000082E-05 ), #743, 'distance_accuracy_value', 'NONE');
#1187 = CARTESIAN_POINT ( 'NONE',  ( 0.4349999999999993872, 0.000000000000000000, -2.999999999999999112 ) ) ;
#1188 = CARTESIAN_POINT ( 'NONE',  ( 0.4349999999999993872, 0.000000000000000000, 0.000000000000000000 ) ) ;
#1189 = ADVANCED_FACE ( 'NONE', ( #190 ), #1307, .T. ) ;
#1190 = LINE ( 'NONE', #3447, #1025 ) ;
#1191 = EDGE_LOOP ( 'NONE', ( #2951, #2577, #1696, #93 ) ) ;
#1192 = EDGE_CURVE ( 'NONE', #2609, #1296, #1099, .T. ) ;
#1193 = VERTEX_POINT ( 'NONE', #1932 ) ;
#1194 = DIRECTION ( 'NONE',  ( 0.000000000000000000, 0.000000000000000000, 1.000000000000000000 ) ) ;
#1195 = PLANE ( 'NONE',  #634 ) ;
#1196 = DIRECTION ( 'NONE',  ( -0.000000000000000000, 1.000000000000000000, -0.000000000000000000 ) ) ;
#1197 = SURFACE_STYLE_FILL_AREA ( #343 ) ;
#1198 = ORIENTED_EDGE ( 'NONE', *, *, #869, .T. ) ;
#1199 = VERTEX_POINT ( 'NONE', #3070 ) ;
#1200 = CARTESIAN_POINT ( 'NONE',  ( 1.950000000000000400, 0.000000000000000000, -1.550000000000000044 ) ) ;
#1201 = CARTESIAN_POINT ( 'NONE',  ( 0.4349999999999993872, 0.1800000000000000211, -3.016974666125779247 ) ) ;
#1202 = AXIS2_PLACEMENT_3D ( 'NONE', #2507, #294, #538 ) ;
#1203 = DIRECTION ( 'NONE',  ( 0.000000000000000000, 0.000000000000000000, -1.000000000000000000 ) ) ;
#1204 = AXIS2_PLACEMENT_3D ( 'NONE', #1265, #2398, #1834 ) ;
#1205 = COLOUR_RGB ( '',0.6666666666666666297, 0.6980392156862744724, 0.7686274509803920907 ) ;
#1206 = STYLED_ITEM ( 'NONE', ( #431 ), #3258 ) ;
#1207 = AXIS2_PLACEMENT_3D ( 'NONE', #113, #1011, #387 ) ;
#1208 = CARTESIAN_POINT ( 'NONE',  ( -1.950000000000000844, 0.000000000000000000, -1.550000000000000044 ) ) ;
#1209 = CARTESIAN_POINT ( 'NONE',  ( -1.705000000000000515, 0.1800000000000000211, -3.016974666125778803 ) ) ;
#1210 = EDGE_CURVE ( 'NONE', #1193, #221, #1719, .T. ) ;
#1211 = ORIENTED_EDGE ( 'NONE', *, *, #768, .T. ) ;
#1212 = LINE ( 'NONE', #1231, #618 ) ;
#1213 = PLANE ( 'NONE',  #2316 ) ;
#1214 = ADVANCED_FACE ( 'NONE', ( #2826 ), #1942, .F. ) ;
#1215 = VECTOR ( 'NONE', #3557, 1000.000000000000000 ) ;
#1216 = LINE ( 'NONE', #1417, #2686 ) ;
#1217 = ORIENTED_EDGE ( 'NONE', *, *, #3179, .T. ) ;
#1218 = VERTEX_POINT ( 'NONE', #3405 ) ;
#1219 = LINE ( 'NONE', #1271, #495 ) ;
#1220 = UNCERTAINTY_MEASURE_WITH_UNIT (LENGTH_MEASURE( 1.000000000000000082E-05 ), #708, 'distance_accuracy_value', 'NONE');
#1221 = CARTESIAN_POINT ( 'NONE',  ( 1.704999999999999849, 0.000000000000000000, 0.000000000000000000 ) ) ;
#1222 = MECHANICAL_DESIGN_GEOMETRIC_PRESENTATION_REPRESENTATION (  '', ( #2406 ), #514 ) ;
#1223 = DIRECTION ( 'NONE',  ( 1.000000000000000000, 0.000000000000000000, 0.000000000000000000 ) ) ;
#1224 = FILL_AREA_STYLE ('',( #3467 ) ) ;
#1225 = UNCERTAINTY_MEASURE_WITH_UNIT (LENGTH_MEASURE( 1.000000000000000082E-05 ), #3377, 'distance_accuracy_value', 'NONE');
#1226 = PRESENTATION_STYLE_ASSIGNMENT (( #2355 ) ) ;
#1227 = CIRCLE ( 'NONE', #232, 0.2000000000000000944 ) ;
#1228 = LINE ( 'NONE', #1156, #3664 ) ;
#1229 = VERTEX_POINT ( 'NONE', #1981 ) ;
#1230 = DIRECTION ( 'NONE',  ( 0.000000000000000000, 0.000000000000000000, 1.000000000000000000 ) ) ;
#1231 = CARTESIAN_POINT ( 'NONE',  ( -0.4350000000000000533, 0.1800000000000000211, -3.016974666125778359 ) ) ;
#1232 = LINE ( 'NONE', #1179, #2872 ) ;
#1233 = CARTESIAN_POINT ( 'NONE',  ( -0.8350000000000004086, 0.1800000000000000211, -2.700000000000001066 ) ) ;
#1234 = DIRECTION ( 'NONE',  ( 0.000000000000000000, 0.000000000000000000, -1.000000000000000000 ) ) ;
#1235 = ORIENTED_EDGE ( 'NONE', *, *, #848, .T. ) ;
#1236 = ORIENTED_EDGE ( 'NONE', *, *, #813, .F. ) ;
#1237 = DIRECTION ( 'NONE',  ( 1.398970545142587527E-16, 0.000000000000000000, -1.000000000000000000 ) ) ;
#1238 = EDGE_CURVE ( 'NONE', #505, #2672, #849, .T. ) ;
#1239 = SURFACE_STYLE_FILL_AREA ( #2624 ) ;
#1240 = LINE ( 'NONE', #366, #99 ) ;
#1241 = EDGE_CURVE ( 'NONE', #1823, #3200, #2570, .T. ) ;
#1242 = PLANE ( 'NONE',  #2971 ) ;
#1243 = ORIENTED_EDGE ( 'NONE', *, *, #2254, .F. ) ;
#1244 = ORIENTED_EDGE ( 'NONE', *, *, #1541, .F. ) ;
#1245 = FACE_OUTER_BOUND ( 'NONE', #2958, .T. ) ;
#1246 = VERTEX_POINT ( 'NONE', #1404 ) ;
#1247 = ORIENTED_EDGE ( 'NONE', *, *, #1590, .T. ) ;
#1248 = DIRECTION ( 'NONE',  ( 0.000000000000000000, -1.000000000000000000, 0.000000000000000000 ) ) ;
#1249 = PLANE ( 'NONE',  #2340 ) ;
#1250 = DIRECTION ( 'NONE',  ( 0.000000000000000000, 0.000000000000000000, 1.000000000000000000 ) ) ;
#1251 = LINE ( 'NONE', #1291, #136 ) ;
#1252 = EDGE_CURVE ( 'NONE', #3565, #3316, #861, .T. ) ;
#1253 = DIRECTION ( 'NONE',  ( 0.000000000000000000, -1.000000000000000000, 0.000000000000000000 ) ) ;
#1254 = VECTOR ( 'NONE', #3659, 1000.000000000000000 ) ;
#1255 = VECTOR ( 'NONE', #1389, 1000.000000000000000 ) ;
#1256 = FACE_BOUND ( 'NONE', #1680, .T. ) ;
#1257 = EDGE_CURVE ( 'NONE', #2692, #1261, #1442, .T. ) ;
#1258 = VECTOR ( 'NONE', #1234, 1000.000000000000000 ) ;
#1259 =( GEOMETRIC_REPRESENTATION_CONTEXT ( 3 ) GLOBAL_UNCERTAINTY_ASSIGNED_CONTEXT ( ( #2014 ) ) GLOBAL_UNIT_ASSIGNED_CONTEXT ( ( #804, #2489, #1097 ) ) REPRESENTATION_CONTEXT ( 'NONE', 'WORKASPACE' ) );
#1260 = ORIENTED_EDGE ( 'NONE', *, *, #3173, .F. ) ;
#1261 = VERTEX_POINT ( 'NONE', #1672 ) ;
#1262 = ORIENTED_EDGE ( 'NONE', *, *, #2849, .F. ) ;
#1263 = FILL_AREA_STYLE_COLOUR ( '', #2503 ) ;
#1264 = FACE_OUTER_BOUND ( 'NONE', #1514, .T. ) ;
#1265 = CARTESIAN_POINT ( 'NONE',  ( 2.399999999999999467, 0.2500000000000000000, 2.335300964934520884 ) ) ;
#1266 = DIRECTION ( 'NONE',  ( 0.000000000000000000, -1.000000000000000000, 0.000000000000000000 ) ) ;
#1267 = AXIS2_PLACEMENT_3D ( 'NONE', #3055, #1635, #2773 ) ;
#1268 = VERTEX_POINT ( 'NONE', #1997 ) ;
#1269 = VERTEX_POINT ( 'NONE', #1422 ) ;
#1270 = EDGE_CURVE ( 'NONE', #2692, #1994, #2811, .T. ) ;
#1271 = CARTESIAN_POINT ( 'NONE',  ( -1.950000000000000178, -0.02000000000000000042, 1.699999999999999956 ) ) ;
#1272 = DIRECTION ( 'NONE',  ( 1.000000000000000000, -0.000000000000000000, 1.445602896647339163E-16 ) ) ;
#1273 = CIRCLE ( 'NONE', #1510, 0.2000000000000000944 ) ;
#1274 = CARTESIAN_POINT ( 'NONE',  ( 0.4349999999999993872, 0.1800000000000000211, 3.016974666125779247 ) ) ;
#1275 = MECHANICAL_DESIGN_GEOMETRIC_PRESENTATION_REPRESENTATION (  '', ( #1802 ), #753 ) ;
#1276 = EDGE_CURVE ( 'NONE', #3228, #2458, #1170, .T. ) ;
#1277 = FILL_AREA_STYLE_COLOUR ( '', #3044 ) ;
#1278 = CARTESIAN_POINT ( 'NONE',  ( -2.500000000000000000, 0.1499999999999999944, -2.085300964934519996 ) ) ;
#1279 = SURFACE_STYLE_USAGE ( .BOTH. , #158 ) ;
#1280 = AXIS2_PLACEMENT_3D ( 'NONE', #3022, #3535, #757 ) ;
#1281 = ORIENTED_EDGE ( 'NONE', *, *, #2274, .T. ) ;
#1282 = ORIENTED_EDGE ( 'NONE', *, *, #881, .T. ) ;
#1283 =( NAMED_UNIT ( * ) SI_UNIT ( $, .STERADIAN. ) SOLID_ANGLE_UNIT ( ) );
#1284 = EDGE_CURVE ( 'NONE', #1218, #3670, #2861, .T. ) ;
#1285 = FILL_AREA_STYLE ('',( #1853 ) ) ;
#1286 = ORIENTED_EDGE ( 'NONE', *, *, #694, .F. ) ;
#1287 = ORIENTED_EDGE ( 'NONE', *, *, #2236, .F. ) ;
#1288 = PRESENTATION_STYLE_ASSIGNMENT (( #2701 ) ) ;
#1289 = LINE ( 'NONE', #2422, #3658 ) ;
#1290 = LINE ( 'NONE', #1804, #558 ) ;
#1291 = CARTESIAN_POINT ( 'NONE',  ( -2.500000000000000000, 0.2500000000000000000, -2.085300964934519996 ) ) ;
#1292 = LINE ( 'NONE', #2742, #3353 ) ;
#1293 = FILL_AREA_STYLE_COLOUR ( '', #2193 ) ;
#1294 = DIRECTION ( 'NONE',  ( -1.000000000000000000, 0.000000000000000000, 0.000000000000000000 ) ) ;
#1295 = EDGE_CURVE ( 'NONE', #1394, #253, #54, .T. ) ;
#1296 = VERTEX_POINT ( 'NONE', #1742 ) ;
#1297 = ORIENTED_EDGE ( 'NONE', *, *, #38, .F. ) ;
#1298 = DIRECTION ( 'NONE',  ( -0.000000000000000000, 0.000000000000000000, -1.000000000000000000 ) ) ;
#1299 = PLANE ( 'NONE',  #2071 ) ;
#1300 = CARTESIAN_POINT ( 'NONE',  ( -0.4350000000000000533, -0.02000000000000000042, -3.016974666125778359 ) ) ;
#1301 = EDGE_LOOP ( 'NONE', ( #2661, #469, #1476, #645, #1704, #177, #2475, #2766, #1107, #944 ) ) ;
#1302 = EDGE_LOOP ( 'NONE', ( #1034, #1750, #1973, #3172, #792, #3174 ) ) ;
#1303 = PLANE ( 'NONE',  #1607 ) ;
#1304 = EDGE_CURVE ( 'NONE', #998, #1268, #897, .T. ) ;
#1305 = CARTESIAN_POINT ( 'NONE',  ( 2.499999999999999112, 0.2500000000000000000, 2.335300964934520884 ) ) ;
#1306 =( NAMED_UNIT ( * ) PLANE_ANGLE_UNIT ( ) SI_UNIT ( $, .RADIAN. ) );
#1307 = PLANE ( 'NONE',  #1267 ) ;
#1308 = CARTESIAN_POINT ( 'NONE',  ( 2.400000000000000355, 0.1499999999999999944, -2.335300964934519996 ) ) ;
#1309 = CIRCLE ( 'NONE', #2608, 0.1499999999999999667 ) ;
#1310 = ORIENTED_EDGE ( 'NONE', *, *, #1838, .T. ) ;
#1311 = VECTOR ( 'NONE', #2901, 1000.000000000000000 ) ;
#1312 = VECTOR ( 'NONE', #1473, 1000.000000000000000 ) ;
#1313 = ORIENTED_EDGE ( 'NONE', *, *, #380, .T. ) ;
#1314 = LINE ( 'NONE', #1587, #3150 ) ;
#1315 = LINE ( 'NONE', #2729, #1140 ) ;
#1316 = EDGE_CURVE ( 'NONE', #1856, #1606, #2882, .T. ) ;
#1317 = AXIS2_PLACEMENT_3D ( 'NONE', #2209, #3317, #3372 ) ;
#1318 = VERTEX_POINT ( 'NONE', #72 ) ;
#1319 = PRESENTATION_LAYER_ASSIGNMENT (  '', '', ( #2444 ) ) ;
#1320 = ORIENTED_EDGE ( 'NONE', *, *, #2498, .T. ) ;
#1321 = STYLED_ITEM ( 'NONE', ( #3004 ), #112 ) ;
#1322 = PRESENTATION_LAYER_ASSIGNMENT (  '', '', ( #3644 ) ) ;
#1323 = ADVANCED_FACE ( 'NONE', ( #153 ), #3217, .T. ) ;
#1324 = COLOUR_RGB ( '',0.6666666666666666297, 0.6980392156862744724, 0.7686274509803920907 ) ;
#1325 = CARTESIAN_POINT ( 'NONE',  ( 0.000000000000000000, 0.000000000000000000, -1.699999999999999956 ) ) ;
#1326 = SURFACE_SIDE_STYLE ('',( #1517 ) ) ;
#1327 = CARTESIAN_POINT ( 'NONE',  ( 2.399999999999999467, 0.2500000000000000000, 2.085300964934520884 ) ) ;
#1328 = VECTOR ( 'NONE', #1463, 1000.000000000000000 ) ;
#1329 = UNCERTAINTY_MEASURE_WITH_UNIT (LENGTH_MEASURE( 1.000000000000000082E-05 ), #1758, 'distance_accuracy_value', 'NONE');
#1330 = EDGE_CURVE ( 'NONE', #2247, #3200, #2627, .T. ) ;
#1331 = CARTESIAN_POINT ( 'NONE',  ( 0.4349999999999993872, 0.1800000000000000211, 3.016974666125779247 ) ) ;
#1332 = LINE ( 'NONE', #2762, #504 ) ;
#1333 = PRESENTATION_STYLE_ASSIGNMENT (( #1598 ) ) ;
#1334 = EDGE_CURVE ( 'NONE', #2877, #3316, #2940, .T. ) ;
#1335 = VECTOR ( 'NONE', #3297, 1000.000000000000000 ) ;
#1336 = ORIENTED_EDGE ( 'NONE', *, *, #427, .T. ) ;
#1337 = FILL_AREA_STYLE_COLOUR ( '', #838 ) ;
#1338 =( NAMED_UNIT ( * ) SI_UNIT ( $, .STERADIAN. ) SOLID_ANGLE_UNIT ( ) );
#1339 = CARTESIAN_POINT ( 'NONE',  ( -2.499999999999999112, 0.000000000000000000, 3.000000000000000888 ) ) ;
#1340 = STYLED_ITEM ( 'NONE', ( #1602 ), #2053 ) ;
#1341 = ORIENTED_EDGE ( 'NONE', *, *, #475, .F. ) ;
#1342 = PRESENTATION_LAYER_ASSIGNMENT (  '', '', ( #1685 ) ) ;
#1343 = ORIENTED_EDGE ( 'NONE', *, *, #956, .T. ) ;
#1344 = DIRECTION ( 'NONE',  ( -0.000000000000000000, 1.000000000000000000, 0.000000000000000000 ) ) ;
#1345 = DIRECTION ( 'NONE',  ( 1.000000000000000000, 0.000000000000000000, 0.000000000000000000 ) ) ;
#1346 = ORIENTED_EDGE ( 'NONE', *, *, #281, .F. ) ;
#1347 = EDGE_CURVE ( 'NONE', #755, #3480, #395, .T. ) ;
#1348 = CARTESIAN_POINT ( 'NONE',  ( -0.8350000000000006306, 0.1800000000000000211, -2.999999999999999112 ) ) ;
#1349 = SURFACE_STYLE_FILL_AREA ( #280 ) ;
#1350 = CARTESIAN_POINT ( 'NONE',  ( -2.399999999999999467, 0.2500000000000000000, 2.335300964934520884 ) ) ;
#1351 = EDGE_CURVE ( 'NONE', #712, #115, #412, .T. ) ;
#1352 =( LENGTH_UNIT ( ) NAMED_UNIT ( * ) SI_UNIT ( .MILLI., .METRE. ) );
#1353 = EDGE_CURVE ( 'NONE', #253, #3188, #2647, .T. ) ;
#1354 = ORIENTED_EDGE ( 'NONE', *, *, #985, .T. ) ;
#1355 = PLANE ( 'NONE',  #383 ) ;
#1356 = SURFACE_STYLE_USAGE ( .BOTH. , #301 ) ;
#1357 =( NAMED_UNIT ( * ) SI_UNIT ( $, .STERADIAN. ) SOLID_ANGLE_UNIT ( ) );
#1358 = ORIENTED_EDGE ( 'NONE', *, *, #3299, .T. ) ;
#1359 = ORIENTED_EDGE ( 'NONE', *, *, #1036, .F. ) ;
#1360 = CARTESIAN_POINT ( 'NONE',  ( 0.4349999999999996092, 0.000000000000000000, 2.700000000000000622 ) ) ;
#1361 = DIRECTION ( 'NONE',  ( -1.000000000000000000, -0.000000000000000000, -0.000000000000000000 ) ) ;
#1362 = LINE ( 'NONE', #1016, #3104 ) ;
#1363 = VERTEX_POINT ( 'NONE', #1274 ) ;
#1364 = CARTESIAN_POINT ( 'NONE',  ( -0.8350000000000006306, 0.1800000000000000211, 3.016974666125778359 ) ) ;
#1365 = UNCERTAINTY_MEASURE_WITH_UNIT (LENGTH_MEASURE( 1.000000000000000082E-05 ), #1634, 'distance_accuracy_value', 'NONE');
#1366 = EDGE_CURVE ( 'NONE', #1606, #1525, #1273, .T. ) ;
#1367 = LINE ( 'NONE', #783, #1553 ) ;
#1368 = EDGE_CURVE ( 'NONE', #2357, #3046, #3466, .T. ) ;
#1369 = ORIENTED_EDGE ( 'NONE', *, *, #2383, .T. ) ;
#1370 = PRESENTATION_STYLE_ASSIGNMENT (( #1356 ) ) ;
#1371 = DIRECTION ( 'NONE',  ( 0.000000000000000000, -1.000000000000000000, 0.000000000000000000 ) ) ;
#1372 = VECTOR ( 'NONE', #709, 1000.000000000000000 ) ;
#1373 = VECTOR ( 'NONE', #3346, 1000.000000000000000 ) ;
#1374 = ORIENTED_EDGE ( 'NONE', *, *, #869, .F. ) ;
#1375 = ORIENTED_EDGE ( 'NONE', *, *, #386, .F. ) ;
#1376 = CARTESIAN_POINT ( 'NONE',  ( -2.500000000000000000, 0.000000000000000000, -2.999999999999999112 ) ) ;
#1377 = FILL_AREA_STYLE_COLOUR ( '', #2346 ) ;
#1378 = STYLED_ITEM ( 'NONE', ( #2371 ), #3204 ) ;
#1379 = VECTOR ( 'NONE', #2833, 1000.000000000000000 ) ;
#1380 = COLOUR_RGB ( '',0.6666666666666666297, 0.6980392156862744724, 0.7686274509803920907 ) ;
#1381 = FACE_OUTER_BOUND ( 'NONE', #2800, .T. ) ;
#1382 = DIRECTION ( 'NONE',  ( 0.000000000000000000, 0.000000000000000000, 1.000000000000000000 ) ) ;
#1383 = STYLED_ITEM ( 'NONE', ( #923 ), #1017 ) ;
#1384 =( NAMED_UNIT ( * ) PLANE_ANGLE_UNIT ( ) SI_UNIT ( $, .RADIAN. ) );
#1385 = FILL_AREA_STYLE_COLOUR ( '', #31 ) ;
#1386 = PRODUCT_CONTEXT ( 'NONE', #3564, 'mechanical' ) ;
#1387 = DIRECTION ( 'NONE',  ( 0.000000000000000000, -1.000000000000000000, 0.000000000000000000 ) ) ;
#1388 = AXIS2_PLACEMENT_3D ( 'NONE', #706, #2972, #1826 ) ;
#1389 = DIRECTION ( 'NONE',  ( -0.000000000000000000, -0.000000000000000000, -1.000000000000000000 ) ) ;
#1390 = COLOUR_RGB ( '',0.6666666666666666297, 0.6980392156862744724, 0.7686274509803920907 ) ;
#1391 =( LENGTH_UNIT ( ) NAMED_UNIT ( * ) SI_UNIT ( .MILLI., .METRE. ) );
#1392 = DIRECTION ( 'NONE',  ( 0.000000000000000000, -1.000000000000000000, 0.000000000000000000 ) ) ;
#1393 =( GEOMETRIC_REPRESENTATION_CONTEXT ( 3 ) GLOBAL_UNCERTAINTY_ASSIGNED_CONTEXT ( ( #1225 ) ) GLOBAL_UNIT_ASSIGNED_CONTEXT ( ( #3377, #2204, #274 ) ) REPRESENTATION_CONTEXT ( 'NONE', 'WORKASPACE' ) );
#1394 = VERTEX_POINT ( 'NONE', #116 ) ;
#1395 = ORIENTED_EDGE ( 'NONE', *, *, #593, .T. ) ;
#1396 = DIRECTION ( 'NONE',  ( 1.000000000000000000, 0.000000000000000000, 0.000000000000000000 ) ) ;
#1397 =( NAMED_UNIT ( * ) PLANE_ANGLE_UNIT ( ) SI_UNIT ( $, .RADIAN. ) );
#1398 = SURFACE_STYLE_FILL_AREA ( #3064 ) ;
#1399 = CARTESIAN_POINT ( 'NONE',  ( 2.104999999999999094, 0.1800000000000000211, 3.016974666125779247 ) ) ;
#1400 = SURFACE_STYLE_FILL_AREA ( #3101 ) ;
#1401 = EDGE_CURVE ( 'NONE', #3235, #2293, #1240, .T. ) ;
#1402 = CARTESIAN_POINT ( 'NONE',  ( 2.104999999999999094, -0.02000000000000000042, -2.700000000000000622 ) ) ;
#1403 = SURFACE_STYLE_USAGE ( .BOTH. , #266 ) ;
#1404 = CARTESIAN_POINT ( 'NONE',  ( 2.104999999999999094, -0.02000000000000000042, 3.016974666125779247 ) ) ;
#1405 = DIRECTION ( 'NONE',  ( 0.000000000000000000, 0.000000000000000000, 1.000000000000000000 ) ) ;
#1406 = FACE_OUTER_BOUND ( 'NONE', #2504, .T. ) ;
#1407 =( LENGTH_UNIT ( ) NAMED_UNIT ( * ) SI_UNIT ( .MILLI., .METRE. ) );
#1408 = VERTEX_POINT ( 'NONE', #3543 ) ;
#1409 = SURFACE_STYLE_USAGE ( .BOTH. , #1677 ) ;
#1410 = CARTESIAN_POINT ( 'NONE',  ( -2.399999999999999467, 0.2500000000000000000, 2.335300964934520884 ) ) ;
#1411 = ADVANCED_FACE ( 'NONE', ( #97 ), #3240, .T. ) ;
#1412 = ORIENTED_EDGE ( 'NONE', *, *, #1351, .F. ) ;
#1413 = VERTEX_POINT ( 'NONE', #1568 ) ;
#1414 = LINE ( 'NONE', #2850, #966 ) ;
#1415 = SURFACE_STYLE_USAGE ( .BOTH. , #29 ) ;
#1416 = DIRECTION ( 'NONE',  ( 0.000000000000000000, 0.000000000000000000, 1.000000000000000000 ) ) ;
#1417 = CARTESIAN_POINT ( 'NONE',  ( 0.4349999999999991651, 0.7800000000000000266, -2.999999999999999112 ) ) ;
#1418 = DIRECTION ( 'NONE',  ( 0.000000000000000000, -0.000000000000000000, -1.000000000000000000 ) ) ;
#1419 = ORIENTED_EDGE ( 'NONE', *, *, #328, .F. ) ;
#1420 = CARTESIAN_POINT ( 'NONE',  ( 0.8350000000000000755, 0.1800000000000000211, -2.999999999999999112 ) ) ;
#1421 = CARTESIAN_POINT ( 'NONE',  ( -0.6350000000000003419, 0.1800000000000000211, -2.700000000000001066 ) ) ;
#1422 = CARTESIAN_POINT ( 'NONE',  ( -0.8350000000000004086, 0.000000000000000000, -2.700000000000001066 ) ) ;
#1423 = FILL_AREA_STYLE_COLOUR ( '', #207 ) ;
#1424 = SURFACE_STYLE_USAGE ( .BOTH. , #3141 ) ;
#1425 = EDGE_CURVE ( 'NONE', #841, #950, #1000, .T. ) ;
#1426 =( NAMED_UNIT ( * ) PLANE_ANGLE_UNIT ( ) SI_UNIT ( $, .RADIAN. ) );
#1427 = LINE ( 'NONE', #2592, #672 ) ;
#1428 = EDGE_LOOP ( 'NONE', ( #126, #245, #914, #3621, #3572, #3555 ) ) ;
#1429 = VERTEX_POINT ( 'NONE', #2683 ) ;
#1430 = SURFACE_STYLE_FILL_AREA ( #28 ) ;
#1431 = CARTESIAN_POINT ( 'NONE',  ( -0.8350000000000004086, 0.000000000000000000, 2.700000000000001066 ) ) ;
#1432 = SURFACE_SIDE_STYLE ('',( #3116 ) ) ;
#1433 = DIRECTION ( 'NONE',  ( 0.000000000000000000, -1.000000000000000000, 0.000000000000000000 ) ) ;
#1434 = ORIENTED_EDGE ( 'NONE', *, *, #813, .T. ) ;
#1435 = VECTOR ( 'NONE', #1237, 1000.000000000000000 ) ;
#1436 = PRESENTATION_LAYER_ASSIGNMENT (  '', '', ( #17 ) ) ;
#1437 = VECTOR ( 'NONE', #3483, 1000.000000000000000 ) ;
#1438 = CARTESIAN_POINT ( 'NONE',  ( -1.949999999999999734, -0.02000000000000000042, -1.699999999999999956 ) ) ;
#1439 = VECTOR ( 'NONE', #1845, 1000.000000000000000 ) ;
#1440 = VECTOR ( 'NONE', #458, 1000.000000000000000 ) ;
#1441 = DIRECTION ( 'NONE',  ( -1.000000000000000000, 0.000000000000000000, -1.398970545142587527E-16 ) ) ;
#1442 = LINE ( 'NONE', #35, #2262 ) ;
#1443 = DIRECTION ( 'NONE',  ( 0.000000000000000000, 1.000000000000000000, 0.000000000000000000 ) ) ;
#1444 = MECHANICAL_DESIGN_GEOMETRIC_PRESENTATION_REPRESENTATION (  '', ( #1445 ), #1152 ) ;
#1445 = STYLED_ITEM ( 'NONE', ( #3408 ), #1010 ) ;
#1446 =( NAMED_UNIT ( * ) SI_UNIT ( $, .STERADIAN. ) SOLID_ANGLE_UNIT ( ) );
#1447 = CARTESIAN_POINT ( 'NONE',  ( -0.6350000000000003419, 0.1800000000000000211, 2.700000000000001066 ) ) ;
#1448 = PRESENTATION_STYLE_ASSIGNMENT (( #1175 ) ) ;
#1449 = VECTOR ( 'NONE', #1891, 1000.000000000000000 ) ;
#1450 = ORIENTED_EDGE ( 'NONE', *, *, #2202, .T. ) ;
#1451 = ORIENTED_EDGE ( 'NONE', *, *, #615, .F. ) ;
#1452 = SURFACE_STYLE_USAGE ( .BOTH. , #596 ) ;
#1453 = FILL_AREA_STYLE ('',( #623 ) ) ;
#1454 = COLOUR_RGB ( '',0.6666666666666666297, 0.6980392156862744724, 0.7686274509803920907 ) ;
#1455 = DIRECTION ( 'NONE',  ( 0.000000000000000000, -1.000000000000000000, 0.000000000000000000 ) ) ;
#1456 = FACE_BOUND ( 'NONE', #1301, .T. ) ;
#1457 = ORIENTED_EDGE ( 'NONE', *, *, #3641, .F. ) ;
#1458 = CARTESIAN_POINT ( 'NONE',  ( 0.8350000000000000755, 0.000000000000000000, 2.700000000000000622 ) ) ;
#1459 = LINE ( 'NONE', #297, #810 ) ;
#1460 = STYLED_ITEM ( 'NONE', ( #597 ), #1970 ) ;
#1461 = LINE ( 'NONE', #1221, #3088 ) ;
#1462 = EDGE_CURVE ( 'NONE', #579, #2769, #2705, .T. ) ;
#1463 = DIRECTION ( 'NONE',  ( -1.000000000000000000, 0.000000000000000000, 0.000000000000000000 ) ) ;
#1464 = CARTESIAN_POINT ( 'NONE',  ( -2.105000000000000426, 0.1800000000000000211, 3.016974666125778803 ) ) ;
#1465 = DIRECTION ( 'NONE',  ( 0.000000000000000000, 0.000000000000000000, 1.000000000000000000 ) ) ;
#1466 = CARTESIAN_POINT ( 'NONE',  ( -2.500000000000000000, 0.1499999999999999944, -2.335300964934519996 ) ) ;
#1467 = EDGE_CURVE ( 'NONE', #1363, #1856, #3177, .T. ) ;
#1468 = CARTESIAN_POINT ( 'NONE',  ( 2.104999999999999094, 0.1800000000000000211, 3.016974666125779247 ) ) ;
#1469 = CARTESIAN_POINT ( 'NONE',  ( -2.104999999999999982, -0.02000000000000000042, 2.700000000000000622 ) ) ;
#1470 = VERTEX_POINT ( 'NONE', #2127 ) ;
#1471 = ORIENTED_EDGE ( 'NONE', *, *, #3166, .F. ) ;
#1472 = LINE ( 'NONE', #1697, #2385 ) ;
#1473 = DIRECTION ( 'NONE',  ( -0.000000000000000000, -1.000000000000000000, -0.000000000000000000 ) ) ;
#1474 = LINE ( 'NONE', #1141, #1035 ) ;
#1475 = EDGE_LOOP ( 'NONE', ( #1874, #1346, #2822, #140 ) ) ;
#1476 = ORIENTED_EDGE ( 'NONE', *, *, #1210, .T. ) ;
#1477 = PLANE ( 'NONE',  #2079 ) ;
#1478 = UNCERTAINTY_MEASURE_WITH_UNIT (LENGTH_MEASURE( 1.000000000000000082E-05 ), #2533, 'distance_accuracy_value', 'NONE');
#1479 = PRESENTATION_STYLE_ASSIGNMENT (( #1148 ) ) ;
#1480 = FILL_AREA_STYLE_COLOUR ( '', #981 ) ;
#1481 = FILL_AREA_STYLE ('',( #2883 ) ) ;
#1482 = SURFACE_STYLE_FILL_AREA ( #2468 ) ;
#1483 = LINE ( 'NONE', #19, #152 ) ;
#1484 = EDGE_CURVE ( 'NONE', #1823, #1318, #3331, .T. ) ;
#1485 =( NAMED_UNIT ( * ) PLANE_ANGLE_UNIT ( ) SI_UNIT ( $, .RADIAN. ) );
#1486 = DIRECTION ( 'NONE',  ( 6.840938966745611207E-16, -0.000000000000000000, 1.000000000000000000 ) ) ;
#1487 = EDGE_LOOP ( 'NONE', ( #292, #1831, #1085, #49 ) ) ;
#1488 = ORIENTED_EDGE ( 'NONE', *, *, #2254, .T. ) ;
#1489 =( NAMED_UNIT ( * ) SI_UNIT ( $, .STERADIAN. ) SOLID_ANGLE_UNIT ( ) );
#1490 = ORIENTED_EDGE ( 'NONE', *, *, #1955, .F. ) ;
#1491 = ORIENTED_EDGE ( 'NONE', *, *, #824, .F. ) ;
#1492 = LINE ( 'NONE', #3677, #1783 ) ;
#1493 = FILL_AREA_STYLE_COLOUR ( '', #220 ) ;
#1494 = COLOUR_RGB ( '',0.2980392156862745057, 0.2980392156862745057, 0.2980392156862745057 ) ;
#1495 = VECTOR ( 'NONE', #942, 1000.000000000000000 ) ;
#1496 = MECHANICAL_DESIGN_GEOMETRIC_PRESENTATION_REPRESENTATION (  '', ( #80 ), #202 ) ;
#1497 = PLANE ( 'NONE',  #2131 ) ;
#1498 = CYLINDRICAL_SURFACE ( 'NONE', #1651, 0.2000000000000000944 ) ;
#1499 = VECTOR ( 'NONE', #2187, 1000.000000000000000 ) ;
#1500 = VECTOR ( 'NONE', #1974, 1000.000000000000000 ) ;
#1501 = CARTESIAN_POINT ( 'NONE',  ( 2.104999999999999094, 0.000000000000000000, 0.000000000000000000 ) ) ;
#1502 = DIRECTION ( 'NONE',  ( -0.000000000000000000, -0.000000000000000000, 1.000000000000000000 ) ) ;
#1503 = STYLED_ITEM ( 'NONE', ( #1226 ), #1079 ) ;
#1504 = EDGE_CURVE ( 'NONE', #2758, #595, #778, .T. ) ;
#1505 = ORIENTED_EDGE ( 'NONE', *, *, #2668, .F. ) ;
#1506 = VECTOR ( 'NONE', #1223, 1000.000000000000000 ) ;
#1507 = DIRECTION ( 'NONE',  ( 0.000000000000000000, 0.000000000000000000, -1.000000000000000000 ) ) ;
#1508 = FACE_OUTER_BOUND ( 'NONE', #360, .T. ) ;
#1509 = CARTESIAN_POINT ( 'NONE',  ( -0.6350000000000003419, -0.02000000000000000042, -2.700000000000001066 ) ) ;
#1510 = AXIS2_PLACEMENT_3D ( 'NONE', #2407, #1761, #428 ) ;
#1511 = LINE ( 'NONE', #1233, #901 ) ;
#1512 = EDGE_CURVE ( 'NONE', #1229, #2201, #2756, .T. ) ;
#1513 = VERTEX_POINT ( 'NONE', #228 ) ;
#1514 = EDGE_LOOP ( 'NONE', ( #3127, #3145, #2004, #2049 ) ) ;
#1515 = CARTESIAN_POINT ( 'NONE',  ( -2.100000000000000977, 0.1800000000000000211, 1.549999999999998934 ) ) ;
#1516 = CARTESIAN_POINT ( 'NONE',  ( -2.499999999999999112, 0.1800000000000000488, 3.000000000000000888 ) ) ;
#1517 = SURFACE_STYLE_FILL_AREA ( #3469 ) ;
#1518 = FILL_AREA_STYLE ('',( #2384 ) ) ;
#1519 = UNCERTAINTY_MEASURE_WITH_UNIT (LENGTH_MEASURE( 1.000000000000000082E-05 ), #2548, 'distance_accuracy_value', 'NONE');
#1520 = STYLED_ITEM ( 'NONE', ( #2397 ), #2033 ) ;
#1521 = DIRECTION ( 'NONE',  ( 0.000000000000000000, 0.000000000000000000, 1.000000000000000000 ) ) ;
#1522 = DIRECTION ( 'NONE',  ( 0.000000000000000000, 0.000000000000000000, -1.000000000000000000 ) ) ;
#1523 = DIRECTION ( 'NONE',  ( 0.000000000000000000, -1.000000000000000000, 0.000000000000000000 ) ) ;
#1524 = ORIENTED_EDGE ( 'NONE', *, *, #1330, .T. ) ;
#1525 = VERTEX_POINT ( 'NONE', #2151 ) ;
#1526 = CARTESIAN_POINT ( 'NONE',  ( -2.499999999999999112, 0.2500000000000000000, 2.335300964934521328 ) ) ;
#1527 = EDGE_CURVE ( 'NONE', #3328, #1800, #1581, .T. ) ;
#1528 = ORIENTED_EDGE ( 'NONE', *, *, #893, .T. ) ;
#1529 = EDGE_LOOP ( 'NONE', ( #161, #2226, #3508, #802 ) ) ;
#1530 =( NAMED_UNIT ( * ) SI_UNIT ( $, .STERADIAN. ) SOLID_ANGLE_UNIT ( ) );
#1531 = EDGE_CURVE ( 'NONE', #2341, #2119, #3599, .T. ) ;
#1532 = CARTESIAN_POINT ( 'NONE',  ( -2.105000000000000426, 0.1800000000000000211, 3.016974666125778803 ) ) ;
#1533 = EDGE_CURVE ( 'NONE', #1246, #1591, #3051, .T. ) ;
#1534 = CARTESIAN_POINT ( 'NONE',  ( -2.500000000000000000, 0.2500000000000000000, -2.085300964934519996 ) ) ;
#1535 = SURFACE_SIDE_STYLE ('',( #710 ) ) ;
#1536 = EDGE_LOOP ( 'NONE', ( #3146, #1488, #1639, #854 ) ) ;
#1537 = EDGE_LOOP ( 'NONE', ( #1131, #4, #2319, #889 ) ) ;
#1538 = PLANE ( 'NONE',  #3095 ) ;
#1539 =( NAMED_UNIT ( * ) SI_UNIT ( $, .STERADIAN. ) SOLID_ANGLE_UNIT ( ) );
#1540 = CARTESIAN_POINT ( 'NONE',  ( -2.500000000000000000, 0.7800000000000000266, -2.999999999999999112 ) ) ;
#1541 = EDGE_CURVE ( 'NONE', #2857, #1408, #1092, .T. ) ;
#1542 = ORIENTED_EDGE ( 'NONE', *, *, #1058, .F. ) ;
#1543 = ORIENTED_EDGE ( 'NONE', *, *, #43, .T. ) ;
#1544 = FILL_AREA_STYLE ('',( #2323 ) ) ;
#1545 = FILL_AREA_STYLE ('',( #2367 ) ) ;
#1546 = SURFACE_STYLE_USAGE ( .BOTH. , #1326 ) ;
#1547 = SURFACE_STYLE_FILL_AREA ( #1782 ) ;
#1548 = UNCERTAINTY_MEASURE_WITH_UNIT (LENGTH_MEASURE( 1.000000000000000082E-05 ), #2567, 'distance_accuracy_value', 'NONE');
#1549 =( GEOMETRIC_REPRESENTATION_CONTEXT ( 3 ) GLOBAL_UNCERTAINTY_ASSIGNED_CONTEXT ( ( #782 ) ) GLOBAL_UNIT_ASSIGNED_CONTEXT ( ( #98, #1762, #1807 ) ) REPRESENTATION_CONTEXT ( 'NONE', 'WORKASPACE' ) );
#1550 = VECTOR ( 'NONE', #2449, 1000.000000000000000 ) ;
#1551 = DIRECTION ( 'NONE',  ( 1.000000000000000000, 0.000000000000000000, 0.000000000000000000 ) ) ;
#1552 = EDGE_CURVE ( 'NONE', #147, #812, #477, .T. ) ;
#1553 = VECTOR ( 'NONE', #3662, 1000.000000000000000 ) ;
#1554 =( LENGTH_UNIT ( ) NAMED_UNIT ( * ) SI_UNIT ( .MILLI., .METRE. ) );
#1555 = PLANE ( 'NONE',  #2253 ) ;
#1556 = CLOSED_SHELL ( 'NONE', ( #2266, #3263, #3014, #2818, #3563, #1653, #629, #2410, #1931, #3204, #2304, #1628, #2009, #3190, #3668, #112, #1638, #786, #3342, #3354, #2663, #991, #2102, #2435, #866, #2109, #2527, #287, #2033, #1017, #887, #1759, #1189, #3258, #1618, #1214, #1010, #3018, #2635, #1885, #1716, #1411, #2610, #1129, #2783, #2290, #717, #249, #230, #487, #1738, #2078, #2053, #779, #3318, #2735, #1143, #2749, #1793, #2582, #290, #1970, #2566, #1079, #198, #1162, #2724, #3488, #1983, #791, #1861, #2792, #2308, #314, #3247, #2898, #179, #2173, #2039, #1105, #3306, #3553, #3583, #2517, #1323 ) ) ;
#1557 = EDGE_CURVE ( 'NONE', #2094, #2066, #1362, .T. ) ;
#1558 = ORIENTED_EDGE ( 'NONE', *, *, #1041, .F. ) ;
#1559 = ORIENTED_EDGE ( 'NONE', *, *, #248, .F. ) ;
#1560 =( NAMED_UNIT ( * ) PLANE_ANGLE_UNIT ( ) SI_UNIT ( $, .RADIAN. ) );
#1561 = CARTESIAN_POINT ( 'NONE',  ( 2.400000000000000355, 0.1499999999999999944, -2.335300964934519996 ) ) ;
#1562 = CARTESIAN_POINT ( 'NONE',  ( 2.104999999999999094, 0.1800000000000000211, -3.016974666125779247 ) ) ;
#1563 = ORIENTED_EDGE ( 'NONE', *, *, #1347, .T. ) ;
#1564 = ORIENTED_EDGE ( 'NONE', *, *, #2234, .F. ) ;
#1565 = SURFACE_SIDE_STYLE ('',( #447 ) ) ;
#1566 = DIRECTION ( 'NONE',  ( 1.000000000000000000, 0.000000000000000000, -1.445602896647339163E-16 ) ) ;
#1567 = VECTOR ( 'NONE', #278, 1000.000000000000000 ) ;
#1568 = CARTESIAN_POINT ( 'NONE',  ( 2.399999999999999467, 0.2500000000000000000, 2.085300964934520884 ) ) ;
#1569 = FACE_OUTER_BOUND ( 'NONE', #655, .T. ) ;
#1570 = EDGE_CURVE ( 'NONE', #1939, #2026, #3030, .T. ) ;
#1571 =( NAMED_UNIT ( * ) PLANE_ANGLE_UNIT ( ) SI_UNIT ( $, .RADIAN. ) );
#1572 = LINE ( 'NONE', #2631, #2141 ) ;
#1573 = EDGE_CURVE ( 'NONE', #1939, #3188, #3355, .T. ) ;
#1574 = ORIENTED_EDGE ( 'NONE', *, *, #694, .T. ) ;
#1575 = VERTEX_POINT ( 'NONE', #497 ) ;
#1576 = CARTESIAN_POINT ( 'NONE',  ( -0.4350000000000000533, 0.1800000000000000211, 3.000000000000000888 ) ) ;
#1577 = DIRECTION ( 'NONE',  ( 0.000000000000000000, 1.000000000000000000, -0.000000000000000000 ) ) ;
#1578 = ORIENTED_EDGE ( 'NONE', *, *, #673, .T. ) ;
#1579 = ORIENTED_EDGE ( 'NONE', *, *, #3050, .F. ) ;
#1580 = CARTESIAN_POINT ( 'NONE',  ( -2.105000000000000426, 0.1800000000000000211, 3.000000000000000888 ) ) ;
#1581 = LINE ( 'NONE', #2719, #2984 ) ;
#1582 = DIRECTION ( 'NONE',  ( -0.000000000000000000, 0.000000000000000000, 1.000000000000000000 ) ) ;
#1583 = CARTESIAN_POINT ( 'NONE',  ( -2.400000000000000355, 0.2500000000000000000, -2.335300964934519996 ) ) ;
#1584 = EDGE_CURVE ( 'NONE', #841, #992, #1928, .T. ) ;
#1585 = ORIENTED_EDGE ( 'NONE', *, *, #2934, .T. ) ;
#1586 = ORIENTED_EDGE ( 'NONE', *, *, #1284, .T. ) ;
#1587 = CARTESIAN_POINT ( 'NONE',  ( -2.100000000000000533, 0.1800000000000000211, -1.549999999999998934 ) ) ;
#1588 = DIRECTION ( 'NONE',  ( 1.000000000000000000, -0.000000000000000000, 1.445602896647339163E-16 ) ) ;
#1589 = ORIENTED_EDGE ( 'NONE', *, *, #2155, .F. ) ;
#1590 = EDGE_CURVE ( 'NONE', #404, #989, #518, .T. ) ;
#1591 = VERTEX_POINT ( 'NONE', #1878 ) ;
#1592 =( LENGTH_UNIT ( ) NAMED_UNIT ( * ) SI_UNIT ( .MILLI., .METRE. ) );
#1593 = SURFACE_STYLE_USAGE ( .BOTH. , #2717 ) ;
#1594 = CARTESIAN_POINT ( 'NONE',  ( -0.8350000000000006306, -0.02000000000000000042, -3.016974666125778359 ) ) ;
#1595 = CARTESIAN_POINT ( 'NONE',  ( -2.104999999999999982, 0.1800000000000000211, 2.700000000000000622 ) ) ;
#1596 = MECHANICAL_DESIGN_GEOMETRIC_PRESENTATION_REPRESENTATION (  '', ( #3271 ), #3631 ) ;
#1597 = PRESENTATION_STYLE_ASSIGNMENT (( #3017 ) ) ;
#1598 = SURFACE_STYLE_USAGE ( .BOTH. , #3339 ) ;
#1599 = VECTOR ( 'NONE', #523, 1000.000000000000000 ) ;
#1600 = VECTOR ( 'NONE', #479, 1000.000000000000000 ) ;
#1601 = ORIENTED_EDGE ( 'NONE', *, *, #184, .T. ) ;
#1602 = PRESENTATION_STYLE_ASSIGNMENT (( #2427 ) ) ;
#1603 = DIRECTION ( 'NONE',  ( 6.840938966745610221E-16, -0.000000000000000000, 1.000000000000000000 ) ) ;
#1604 =( GEOMETRIC_REPRESENTATION_CONTEXT ( 3 ) GLOBAL_UNCERTAINTY_ASSIGNED_CONTEXT ( ( #2167 ) ) GLOBAL_UNIT_ASSIGNED_CONTEXT ( ( #2479, #2464, #1064 ) ) REPRESENTATION_CONTEXT ( 'NONE', 'WORKASPACE' ) );
#1605 = VECTOR ( 'NONE', #3370, 1000.000000000000000 ) ;
#1606 = VERTEX_POINT ( 'NONE', #2487 ) ;
#1607 = AXIS2_PLACEMENT_3D ( 'NONE', #762, #2182, #2733 ) ;
#1608 = VERTEX_POINT ( 'NONE', #3065 ) ;
#1609 = AXIS2_PLACEMENT_3D ( 'NONE', #145, #2730, #1936 ) ;
#1610 = FILL_AREA_STYLE_COLOUR ( '', #735 ) ;
#1611 = CARTESIAN_POINT ( 'NONE',  ( 0.6349999999999998979, 0.000000000000000000, -2.700000000000000622 ) ) ;
#1612 = ORIENTED_EDGE ( 'NONE', *, *, #3546, .T. ) ;
#1613 = CARTESIAN_POINT ( 'NONE',  ( -2.500000000000000000, 0.1800000000000000488, -2.999999999999999112 ) ) ;
#1614 =( GEOMETRIC_REPRESENTATION_CONTEXT ( 3 ) GLOBAL_UNCERTAINTY_ASSIGNED_CONTEXT ( ( #2022 ) ) GLOBAL_UNIT_ASSIGNED_CONTEXT ( ( #432, #2370, #369 ) ) REPRESENTATION_CONTEXT ( 'NONE', 'WORKASPACE' ) );
#1615 = UNCERTAINTY_MEASURE_WITH_UNIT (LENGTH_MEASURE( 1.000000000000000082E-05 ), #996, 'distance_accuracy_value', 'NONE');
#1616 = DIRECTION ( 'NONE',  ( 1.445602896647339163E-16, 0.000000000000000000, -1.000000000000000000 ) ) ;
#1617 = COLOUR_RGB ( '',0.6666666666666666297, 0.6980392156862744724, 0.7686274509803920907 ) ;
#1618 = ADVANCED_FACE ( 'NONE', ( #3013 ), #465, .T. ) ;
#1619 = MECHANICAL_DESIGN_GEOMETRIC_PRESENTATION_REPRESENTATION (  '', ( #1730 ), #2866 ) ;
#1620 = EDGE_LOOP ( 'NONE', ( #3296, #321, #600, #1244 ) ) ;
#1621 = FILL_AREA_STYLE_COLOUR ( '', #3082 ) ;
#1622 = FILL_AREA_STYLE ('',( #508 ) ) ;
#1623 =( GEOMETRIC_REPRESENTATION_CONTEXT ( 3 ) GLOBAL_UNCERTAINTY_ASSIGNED_CONTEXT ( ( #2098 ) ) GLOBAL_UNIT_ASSIGNED_CONTEXT ( ( #2961, #1560, #1338 ) ) REPRESENTATION_CONTEXT ( 'NONE', 'WORKASPACE' ) );
#1624 = ORIENTED_EDGE ( 'NONE', *, *, #91, .T. ) ;
#1625 = COLOUR_RGB ( '',0.6666666666666666297, 0.6980392156862744724, 0.7686274509803920907 ) ;
#1626 = ORIENTED_EDGE ( 'NONE', *, *, #649, .T. ) ;
#1627 = CARTESIAN_POINT ( 'NONE',  ( 2.500000000000000000, 0.1499999999999999667, -2.085300964934519996 ) ) ;
#1628 = ADVANCED_FACE ( 'NONE', ( #1381 ), #2807, .T. ) ;
#1629 = DIRECTION ( 'NONE',  ( -0.000000000000000000, 1.000000000000000000, -0.000000000000000000 ) ) ;
#1630 = SURFACE_STYLE_USAGE ( .BOTH. , #2166 ) ;
#1631 = ORIENTED_EDGE ( 'NONE', *, *, #1869, .T. ) ;
#1632 = DIRECTION ( 'NONE',  ( 1.000000000000000000, -0.000000000000000000, 0.000000000000000000 ) ) ;
#1633 = EDGE_CURVE ( 'NONE', #1296, #2831, #827, .T. ) ;
#1634 =( LENGTH_UNIT ( ) NAMED_UNIT ( * ) SI_UNIT ( .MILLI., .METRE. ) );
#1635 = DIRECTION ( 'NONE',  ( -1.000000000000000000, 0.000000000000000000, -0.000000000000000000 ) ) ;
#1636 = ORIENTED_EDGE ( 'NONE', *, *, #1673, .T. ) ;
#1637 = CYLINDRICAL_SURFACE ( 'NONE', #2617, 0.1999999999999996503 ) ;
#1638 = ADVANCED_FACE ( 'NONE', ( #875 ), #1959, .F. ) ;
#1639 = ORIENTED_EDGE ( 'NONE', *, *, #1689, .F. ) ;
#1640 = VERTEX_POINT ( 'NONE', #2564 ) ;
#1641 = FILL_AREA_STYLE_COLOUR ( '', #3148 ) ;
#1642 = FILL_AREA_STYLE_COLOUR ( '', #2702 ) ;
#1643 = CARTESIAN_POINT ( 'NONE',  ( 0.4349999999999993872, 0.1800000000000000211, 3.016974666125779247 ) ) ;
#1644 = ORIENTED_EDGE ( 'NONE', *, *, #2797, .F. ) ;
#1645 = CARTESIAN_POINT ( 'NONE',  ( 1.800000000000000933, -0.02000000000000000042, -1.699999999999999956 ) ) ;
#1646 = CARTESIAN_POINT ( 'NONE',  ( -1.950000000000001288, 0.1800000000000000211, 1.550000000000000044 ) ) ;
#1647 = CARTESIAN_POINT ( 'NONE',  ( 2.399999999999999467, 0.1499999999999999944, 2.335300964934520884 ) ) ;
#1648 = EDGE_CURVE ( 'NONE', #3019, #3009, #451, .T. ) ;
#1649 = FILL_AREA_STYLE ('',( #533 ) ) ;
#1650 = EDGE_LOOP ( 'NONE', ( #68, #1054, #410, #2093 ) ) ;
#1651 = AXIS2_PLACEMENT_3D ( 'NONE', #608, #1721, #2864 ) ;
#1652 = STYLED_ITEM ( 'NONE', ( #3415 ), #2749 ) ;
#1653 = ADVANCED_FACE ( 'NONE', ( #1456, #2583 ), #2996, .F. ) ;
#1654 =( NAMED_UNIT ( * ) PLANE_ANGLE_UNIT ( ) SI_UNIT ( $, .RADIAN. ) );
#1655 = STYLED_ITEM ( 'NONE', ( #2720 ), #287 ) ;
#1656 = VECTOR ( 'NONE', #3196, 1000.000000000000000 ) ;
#1657 = VECTOR ( 'NONE', #1887, 1000.000000000000000 ) ;
#1658 = ORIENTED_EDGE ( 'NONE', *, *, #2964, .T. ) ;
#1659 = EDGE_LOOP ( 'NONE', ( #2471, #10, #1236, #678, #1125, #2565, #870, #1369, #2233, #260, #3634, #3060, #2085, #2214, #1732, #2693, #445, #1320, #638, #3566, #759, #679, #461, #2220, #1978, #1612, #114, #1119, #2011, #3591, #1282, #2785, #2027, #2413, #2061, #1310 ) ) ;
#1660 =( NAMED_UNIT ( * ) PLANE_ANGLE_UNIT ( ) SI_UNIT ( $, .RADIAN. ) );
#1661 = AXIS2_PLACEMENT_3D ( 'NONE', #3213, #462, #685 ) ;
#1662 = DIRECTION ( 'NONE',  ( 0.000000000000000000, -1.000000000000000000, 0.000000000000000000 ) ) ;
#1663 = STYLED_ITEM ( 'NONE', ( #2547 ), #2582 ) ;
#1664 = FACE_OUTER_BOUND ( 'NONE', #3531, .T. ) ;
#1665 = VECTOR ( 'NONE', #3619, 1000.000000000000000 ) ;
#1666 = LINE ( 'NONE', #3079, #2747 ) ;
#1667 = AXIS2_PLACEMENT_3D ( 'NONE', #3453, #2028, #856 ) ;
#1668 = AXIS2_PLACEMENT_3D ( 'NONE', #313, #2828, #300 ) ;
#1669 =( GEOMETRIC_REPRESENTATION_CONTEXT ( 3 ) GLOBAL_UNCERTAINTY_ASSIGNED_CONTEXT ( ( #1615 ) ) GLOBAL_UNIT_ASSIGNED_CONTEXT ( ( #996, #1854, #3208 ) ) REPRESENTATION_CONTEXT ( 'NONE', 'WORKASPACE' ) );
#1670 = CARTESIAN_POINT ( 'NONE',  ( -2.400000000000000355, 0.2500000000000000000, -2.335300964934519996 ) ) ;
#1671 = CARTESIAN_POINT ( 'NONE',  ( 0.6349999999999998979, -0.02000000000000000042, -2.700000000000000622 ) ) ;
#1672 = CARTESIAN_POINT ( 'NONE',  ( 1.800000000000000933, 0.000000000000000000, -1.699999999999999956 ) ) ;
#1673 = EDGE_CURVE ( 'NONE', #2903, #2349, #1292, .T. ) ;
#1674 = CARTESIAN_POINT ( 'NONE',  ( 2.499999999999999112, 0.2500000000000000000, 2.085300964934520884 ) ) ;
#1675 = CIRCLE ( 'NONE', #2405, 0.1999999999999996503 ) ;
#1676 = EDGE_CURVE ( 'NONE', #3024, #1737, #1675, .T. ) ;
#1677 = SURFACE_SIDE_STYLE ('',( #2520 ) ) ;
#1678 = AXIS2_PLACEMENT_3D ( 'NONE', #3011, #1344, #3598 ) ;
#1679 = ORIENTED_EDGE ( 'NONE', *, *, #184, .F. ) ;
#1680 = EDGE_LOOP ( 'NONE', ( #409, #1103, #3590, #3474 ) ) ;
#1681 = DIRECTION ( 'NONE',  ( -1.000000000000000000, 0.000000000000000000, 0.000000000000000000 ) ) ;
#1682 = SURFACE_SIDE_STYLE ('',( #3115 ) ) ;
#1683 = CARTESIAN_POINT ( 'NONE',  ( -0.4350000000000000533, 0.1800000000000000211, -3.016974666125778359 ) ) ;
#1684 = EDGE_CURVE ( 'NONE', #1695, #1575, #2168, .T. ) ;
#1685 = STYLED_ITEM ( 'NONE', ( #833 ), #2102 ) ;
#1686 = ORIENTED_EDGE ( 'NONE', *, *, #1401, .F. ) ;
#1687 = LINE ( 'NONE', #1438, #675 ) ;
#1688 = UNCERTAINTY_MEASURE_WITH_UNIT (LENGTH_MEASURE( 1.000000000000000082E-05 ), #3232, 'distance_accuracy_value', 'NONE');
#1689 = EDGE_CURVE ( 'NONE', #3460, #3, #3404, .T. ) ;
#1690 = CARTESIAN_POINT ( 'NONE',  ( -2.500000000000000000, 0.000000000000000000, -2.999999999999999112 ) ) ;
#1691 = FILL_AREA_STYLE ('',( #2303 ) ) ;
#1692 = EDGE_CURVE ( 'NONE', #253, #3112, #1459, .T. ) ;
#1693 =( NAMED_UNIT ( * ) PLANE_ANGLE_UNIT ( ) SI_UNIT ( $, .RADIAN. ) );
#1694 = CARTESIAN_POINT ( 'NONE',  ( 2.099999999999999645, 0.1800000000000000211, 1.549999999999998934 ) ) ;
#1695 = VERTEX_POINT ( 'NONE', #2237 ) ;
#1696 = ORIENTED_EDGE ( 'NONE', *, *, #3499, .T. ) ;
#1697 = CARTESIAN_POINT ( 'NONE',  ( 2.400000000000000355, 0.2500000000000000000, -2.085300964934519996 ) ) ;
#1698 = CYLINDRICAL_SURFACE ( 'NONE', #2640, 0.2000000000000000944 ) ;
#1699 = VERTEX_POINT ( 'NONE', #1980 ) ;
#1700 = SURFACE_SIDE_STYLE ('',( #3423 ) ) ;
#1701 = CARTESIAN_POINT ( 'NONE',  ( -0.6350000000000003419, 0.000000000000000000, 2.700000000000001066 ) ) ;
#1702 =( NAMED_UNIT ( * ) SI_UNIT ( $, .STERADIAN. ) SOLID_ANGLE_UNIT ( ) );
#1703 = VERTEX_POINT ( 'NONE', #2366 ) ;
#1704 = ORIENTED_EDGE ( 'NONE', *, *, #1257, .T. ) ;
#1705 = CARTESIAN_POINT ( 'NONE',  ( 1.704999999999999849, 0.1800000000000000211, 3.016974666125779247 ) ) ;
#1706 = DIRECTION ( 'NONE',  ( 0.000000000000000000, -0.000000000000000000, 1.000000000000000000 ) ) ;
#1707 = FILL_AREA_STYLE_COLOUR ( '', #839 ) ;
#1708 = PRESENTATION_STYLE_ASSIGNMENT (( #66 ) ) ;
#1709 = FILL_AREA_STYLE_COLOUR ( '', #1157 ) ;
#1710 = EDGE_LOOP ( 'NONE', ( #2959, #2103, #3229, #454 ) ) ;
#1711 = MECHANICAL_DESIGN_GEOMETRIC_PRESENTATION_REPRESENTATION (  '', ( #1146 ), #2192 ) ;
#1712 =( GEOMETRIC_REPRESENTATION_CONTEXT ( 3 ) GLOBAL_UNCERTAINTY_ASSIGNED_CONTEXT ( ( #3136 ) ) GLOBAL_UNIT_ASSIGNED_CONTEXT ( ( #1407, #1693, #2242 ) ) REPRESENTATION_CONTEXT ( 'NONE', 'WORKASPACE' ) );
#1713 = AXIS2_PLACEMENT_3D ( 'NONE', #1331, #1582, #173 ) ;
#1714 = COLOUR_RGB ( '',0.6666666666666666297, 0.6980392156862744724, 0.7686274509803920907 ) ;
#1715 = LINE ( 'NONE', #2013, #2745 ) ;
#1716 = ADVANCED_FACE ( 'NONE', ( #2070 ), #1249, .T. ) ;
#1717 = STYLED_ITEM ( 'NONE', ( #3010 ), #786 ) ;
#1718 =( GEOMETRIC_REPRESENTATION_CONTEXT ( 3 ) GLOBAL_UNCERTAINTY_ASSIGNED_CONTEXT ( ( #231 ) ) GLOBAL_UNIT_ASSIGNED_CONTEXT ( ( #2526, #825, #2782 ) ) REPRESENTATION_CONTEXT ( 'NONE', 'WORKASPACE' ) );
#1719 = LINE ( 'NONE', #3679, #3100 ) ;
#1720 = PLANE ( 'NONE',  #316 ) ;
#1721 = DIRECTION ( 'NONE',  ( 0.000000000000000000, -1.000000000000000000, 0.000000000000000000 ) ) ;
#1722 = VECTOR ( 'NONE', #3230, 1000.000000000000000 ) ;
#1723 = STYLED_ITEM ( 'NONE', ( #959 ), #1129 ) ;
#1724 = FILL_AREA_STYLE_COLOUR ( '', #1962 ) ;
#1725 = DIRECTION ( 'NONE',  ( 0.000000000000000000, -1.000000000000000000, 0.000000000000000000 ) ) ;
#1726 = PRESENTATION_LAYER_ASSIGNMENT (  '', '', ( #330 ) ) ;
#1727 = CARTESIAN_POINT ( 'NONE',  ( -0.4350000000000000533, -0.02000000000000000042, 3.016974666125778359 ) ) ;
#1728 =( NAMED_UNIT ( * ) SI_UNIT ( $, .STERADIAN. ) SOLID_ANGLE_UNIT ( ) );
#1729 = EDGE_CURVE ( 'NONE', #2094, #2609, #2939, .T. ) ;
#1730 = STYLED_ITEM ( 'NONE', ( #3575 ), #1759 ) ;
#1731 = VERTEX_POINT ( 'NONE', #392 ) ;
#1732 = ORIENTED_EDGE ( 'NONE', *, *, #3007, .F. ) ;
#1733 = DIRECTION ( 'NONE',  ( 0.000000000000000000, 0.000000000000000000, 1.000000000000000000 ) ) ;
#1734 = CARTESIAN_POINT ( 'NONE',  ( -1.705000000000000515, 0.1800000000000000211, 3.016974666125778803 ) ) ;
#1735 = VECTOR ( 'NONE', #1361, 1000.000000000000000 ) ;
#1736 =( NAMED_UNIT ( * ) PLANE_ANGLE_UNIT ( ) SI_UNIT ( $, .RADIAN. ) );
#1737 = VERTEX_POINT ( 'NONE', #127 ) ;
#1738 = ADVANCED_FACE ( 'NONE', ( #411 ), #1776, .T. ) ;
#1739 = PLANE ( 'NONE',  #315 ) ;
#1740 =( NAMED_UNIT ( * ) PLANE_ANGLE_UNIT ( ) SI_UNIT ( $, .RADIAN. ) );
#1741 = MECHANICAL_DESIGN_GEOMETRIC_PRESENTATION_REPRESENTATION (  '', ( #1340 ), #1623 ) ;
#1742 = CARTESIAN_POINT ( 'NONE',  ( 2.500000000000000000, 0.2500000000000000000, -2.335300964934519996 ) ) ;
#1743 = EDGE_CURVE ( 'NONE', #718, #812, #3189, .T. ) ;
#1744 = CARTESIAN_POINT ( 'NONE',  ( -0.4350000000000000533, -0.02000000000000000042, 3.016974666125778359 ) ) ;
#1745 = CARTESIAN_POINT ( 'NONE',  ( 1.704999999999999849, 0.1800000000000000211, -3.016974666125779247 ) ) ;
#1746 =( NAMED_UNIT ( * ) PLANE_ANGLE_UNIT ( ) SI_UNIT ( $, .RADIAN. ) );
#1747 = EDGE_CURVE ( 'NONE', #1261, #780, #647, .T. ) ;
#1748 = CARTESIAN_POINT ( 'NONE',  ( -2.399999999999999467, 0.1499999999999999944, 2.335300964934520884 ) ) ;
#1749 = LINE ( 'NONE', #353, #2914 ) ;
#1750 = ORIENTED_EDGE ( 'NONE', *, *, #159, .F. ) ;
#1751 = ORIENTED_EDGE ( 'NONE', *, *, #975, .F. ) ;
#1752 = LINE ( 'NONE', #2890, #904 ) ;
#1753 = FACE_OUTER_BOUND ( 'NONE', #2584, .T. ) ;
#1754 = DIRECTION ( 'NONE',  ( 0.000000000000000000, 0.000000000000000000, 1.000000000000000000 ) ) ;
#1755 = ORIENTED_EDGE ( 'NONE', *, *, #2506, .T. ) ;
#1756 = ORIENTED_EDGE ( 'NONE', *, *, #2218, .T. ) ;
#1757 = SURFACE_STYLE_USAGE ( .BOTH. , #1145 ) ;
#1758 =( LENGTH_UNIT ( ) NAMED_UNIT ( * ) SI_UNIT ( .MILLI., .METRE. ) );
#1759 = ADVANCED_FACE ( 'NONE', ( #364 ), #2645, .T. ) ;
#1760 = SURFACE_SIDE_STYLE ('',( #3191 ) ) ;
#1761 = DIRECTION ( 'NONE',  ( 0.000000000000000000, -1.000000000000000000, 0.000000000000000000 ) ) ;
#1762 =( NAMED_UNIT ( * ) PLANE_ANGLE_UNIT ( ) SI_UNIT ( $, .RADIAN. ) );
#1763 =( LENGTH_UNIT ( ) NAMED_UNIT ( * ) SI_UNIT ( .MILLI., .METRE. ) );
#1764 = LINE ( 'NONE', #2632, #2191 ) ;
#1765 = CARTESIAN_POINT ( 'NONE',  ( 1.950000000000000400, -0.02000000000000000042, -1.550000000000000044 ) ) ;
#1766 =( LENGTH_UNIT ( ) NAMED_UNIT ( * ) SI_UNIT ( .MILLI., .METRE. ) );
#1767 = EDGE_CURVE ( 'NONE', #1199, #2732, #3277, .T. ) ;
#1768 = ORIENTED_EDGE ( 'NONE', *, *, #2429, .T. ) ;
#1769 = DIRECTION ( 'NONE',  ( 0.000000000000000000, -1.000000000000000000, 0.000000000000000000 ) ) ;
#1770 =( NAMED_UNIT ( * ) SI_UNIT ( $, .STERADIAN. ) SOLID_ANGLE_UNIT ( ) );
#1771 = DIRECTION ( 'NONE',  ( 0.000000000000000000, -1.000000000000000000, 0.000000000000000000 ) ) ;
#1772 = SURFACE_STYLE_FILL_AREA ( #3186 ) ;
#1773 = ORIENTED_EDGE ( 'NONE', *, *, #483, .T. ) ;
#1774 = VERTEX_POINT ( 'NONE', #3028 ) ;
#1775 = CARTESIAN_POINT ( 'NONE',  ( -2.500000000000000000, 0.7800000000000000266, -2.999999999999999112 ) ) ;
#1776 = PLANE ( 'NONE',  #3529 ) ;
#1777 = AXIS2_PLACEMENT_3D ( 'NONE', #2113, #2718, #2184 ) ;
#1778 = PRESENTATION_LAYER_ASSIGNMENT (  '', '', ( #1946 ) ) ;
#1779 = COLOUR_RGB ( '',0.6666666666666666297, 0.6980392156862744724, 0.7686274509803920907 ) ;
#1780 = VECTOR ( 'NONE', #1603, 1000.000000000000000 ) ;
#1781 = CARTESIAN_POINT ( 'NONE',  ( 2.400000000000000355, 0.000000000000000000, -1.445602896647339348E-17 ) ) ;
#1782 = FILL_AREA_STYLE ('',( #429 ) ) ;
#1783 = VECTOR ( 'NONE', #571, 1000.000000000000000 ) ;
#1784 = PRESENTATION_LAYER_ASSIGNMENT (  '', '', ( #3087 ) ) ;
#1785 = PRESENTATION_LAYER_ASSIGNMENT (  '', '', ( #677 ) ) ;
#1786 = PRESENTATION_LAYER_ASSIGNMENT (  '', '', ( #1848 ) ) ;
#1787 = AXIS2_PLACEMENT_3D ( 'NONE', #3058, #3178, #862 ) ;
#1788 = DIRECTION ( 'NONE',  ( 0.000000000000000000, -0.000000000000000000, -1.000000000000000000 ) ) ;
#1789 = CARTESIAN_POINT ( 'NONE',  ( 2.399999999999999467, 0.2500000000000000000, 2.335300964934520884 ) ) ;
#1790 = FILL_AREA_STYLE_COLOUR ( '', #205 ) ;
#1791 = MECHANICAL_DESIGN_GEOMETRIC_PRESENTATION_REPRESENTATION (  '', ( #1503 ), #1614 ) ;
#1792 = ORIENTED_EDGE ( 'NONE', *, *, #3633, .F. ) ;
#1793 = ADVANCED_FACE ( 'NONE', ( #492 ), #3257, .F. ) ;
#1794 = ORIENTED_EDGE ( 'NONE', *, *, #2539, .T. ) ;
#1795 =( LENGTH_UNIT ( ) NAMED_UNIT ( * ) SI_UNIT ( .MILLI., .METRE. ) );
#1796 = SURFACE_STYLE_FILL_AREA ( #1453 ) ;
#1797 = CARTESIAN_POINT ( 'NONE',  ( -2.499999999999999112, 0.1800000000000000488, 3.000000000000000888 ) ) ;
#1798 = VECTOR ( 'NONE', #746, 1000.000000000000000 ) ;
#1799 = ORIENTED_EDGE ( 'NONE', *, *, #864, .T. ) ;
#1800 = VERTEX_POINT ( 'NONE', #448 ) ;
#1801 = CARTESIAN_POINT ( 'NONE',  ( -1.950000000000000178, 0.000000000000000000, 1.699999999999999956 ) ) ;
#1802 = STYLED_ITEM ( 'NONE', ( #52 ), #1716 ) ;
#1803 = CARTESIAN_POINT ( 'NONE',  ( 1.904999999999999805, -0.02000000000000000042, 2.700000000000000622 ) ) ;
#1804 = CARTESIAN_POINT ( 'NONE',  ( 0.8350000000000000755, -0.02000000000000000042, -3.016974666125779247 ) ) ;
#1805 = MECHANICAL_DESIGN_GEOMETRIC_PRESENTATION_REPRESENTATION (  '', ( #37 ), #1393 ) ;
#1806 = DIRECTION ( 'NONE',  ( 1.000000000000000000, 0.000000000000000000, -0.000000000000000000 ) ) ;
#1807 =( NAMED_UNIT ( * ) SI_UNIT ( $, .STERADIAN. ) SOLID_ANGLE_UNIT ( ) );
#1808 = DIRECTION ( 'NONE',  ( -0.000000000000000000, 0.000000000000000000, 1.000000000000000000 ) ) ;
#1809 = UNCERTAINTY_MEASURE_WITH_UNIT (LENGTH_MEASURE( 1.000000000000000082E-05 ), #3169, 'distance_accuracy_value', 'NONE');
#1810 = EDGE_CURVE ( 'NONE', #822, #2066, #1057, .T. ) ;
#1811 = DIRECTION ( 'NONE',  ( -1.000000000000000000, 0.000000000000000000, 0.000000000000000000 ) ) ;
#1812 = SURFACE_STYLE_FILL_AREA ( #2687 ) ;
#1813 = PRESENTATION_STYLE_ASSIGNMENT (( #987 ) ) ;
#1814 = CARTESIAN_POINT ( 'NONE',  ( 1.704999999999999849, 0.1800000000000000211, 3.016974666125779247 ) ) ;
#1815 = ORIENTED_EDGE ( 'NONE', *, *, #1570, .T. ) ;
#1816 = VERTEX_POINT ( 'NONE', #2434 ) ;
#1817 = SURFACE_STYLE_FILL_AREA ( #2342 ) ;
#1818 = CARTESIAN_POINT ( 'NONE',  ( -2.105000000000000426, 0.1800000000000000211, -3.016974666125778803 ) ) ;
#1819 = CARTESIAN_POINT ( 'NONE',  ( -0.6350000000000003419, -0.02000000000000000042, 2.700000000000001066 ) ) ;
#1820 = LINE ( 'NONE', #1797, #726 ) ;
#1821 = PLANE ( 'NONE',  #681 ) ;
#1822 = ORIENTED_EDGE ( 'NONE', *, *, #3199, .T. ) ;
#1823 = VERTEX_POINT ( 'NONE', #1037 ) ;
#1824 = SURFACE_STYLE_USAGE ( .BOTH. , #686 ) ;
#1825 = LINE ( 'NONE', #2679, #2328 ) ;
#1826 = DIRECTION ( 'NONE',  ( 0.000000000000000000, 0.000000000000000000, 1.000000000000000000 ) ) ;
#1827 = SURFACE_SIDE_STYLE ('',( #1547 ) ) ;
#1828 = DIRECTION ( 'NONE',  ( 0.000000000000000000, -1.000000000000000000, 0.000000000000000000 ) ) ;
#1829 =( NAMED_UNIT ( * ) PLANE_ANGLE_UNIT ( ) SI_UNIT ( $, .RADIAN. ) );
#1830 = EDGE_LOOP ( 'NONE', ( #696, #1262, #719, #2146 ) ) ;
#1831 = ORIENTED_EDGE ( 'NONE', *, *, #3486, .F. ) ;
#1832 = ORIENTED_EDGE ( 'NONE', *, *, #1923, .T. ) ;
#1833 = DIRECTION ( 'NONE',  ( 0.000000000000000000, 0.000000000000000000, 1.000000000000000000 ) ) ;
#1834 = DIRECTION ( 'NONE',  ( -1.000000000000000000, 0.000000000000000000, -1.445602896647339163E-16 ) ) ;
#1835 = EDGE_LOOP ( 'NONE', ( #2393, #1048, #3168, #3327 ) ) ;
#1836 = ORIENTED_EDGE ( 'NONE', *, *, #1062, .F. ) ;
#1837 = CARTESIAN_POINT ( 'NONE',  ( -2.100000000000000977, 0.000000000000000000, 1.549999999999998934 ) ) ;
#1838 = EDGE_CURVE ( 'NONE', #147, #2139, #2165, .T. ) ;
#1839 = CARTESIAN_POINT ( 'NONE',  ( -2.400000000000000355, 0.2500000000000000000, -2.085300964934519996 ) ) ;
#1840 = SURFACE_STYLE_USAGE ( .BOTH. , #1827 ) ;
#1841 = EDGE_CURVE ( 'NONE', #2831, #822, #3048, .T. ) ;
#1842 = VECTOR ( 'NONE', #370, 1000.000000000000000 ) ;
#1843 = PRESENTATION_LAYER_ASSIGNMENT (  '', '', ( #3143 ) ) ;
#1844 = CARTESIAN_POINT ( 'NONE',  ( -2.105000000000000426, 0.000000000000000000, 0.000000000000000000 ) ) ;
#1845 = DIRECTION ( 'NONE',  ( 0.000000000000000000, -1.000000000000000000, 0.000000000000000000 ) ) ;
#1846 = CIRCLE ( 'NONE', #2320, 0.1499999999999999667 ) ;
#1847 = VECTOR ( 'NONE', #2190, 1000.000000000000000 ) ;
#1848 = STYLED_ITEM ( 'NONE', ( #2249 ), #866 ) ;
#1849 = EDGE_LOOP ( 'NONE', ( #1892, #1012, #1336, #1875 ) ) ;
#1850 = ORIENTED_EDGE ( 'NONE', *, *, #2957, .F. ) ;
#1851 = DIRECTION ( 'NONE',  ( -1.000000000000000000, 0.000000000000000000, -0.000000000000000000 ) ) ;
#1852 = MECHANICAL_DESIGN_GEOMETRIC_PRESENTATION_REPRESENTATION (  '', ( #1383 ), #2923 ) ;
#1853 = FILL_AREA_STYLE_COLOUR ( '', #2551 ) ;
#1854 =( NAMED_UNIT ( * ) PLANE_ANGLE_UNIT ( ) SI_UNIT ( $, .RADIAN. ) );
#1855 = VECTOR ( 'NONE', #2601, 1000.000000000000000 ) ;
#1856 = VERTEX_POINT ( 'NONE', #2112 ) ;
#1857 = ORIENTED_EDGE ( 'NONE', *, *, #3067, .F. ) ;
#1858 = CARTESIAN_POINT ( 'NONE',  ( -2.500000000000000000, 0.7800000000000000266, -2.999999999999999112 ) ) ;
#1859 = SURFACE_STYLE_FILL_AREA ( #476 ) ;
#1860 = PRESENTATION_LAYER_ASSIGNMENT (  '', '', ( #3650 ) ) ;
#1861 = ADVANCED_FACE ( 'NONE', ( #777 ), #721, .F. ) ;
#1862 = DIRECTION ( 'NONE',  ( 0.000000000000000000, 1.000000000000000000, 0.000000000000000000 ) ) ;
#1863 = STYLED_ITEM ( 'NONE', ( #3519 ), #1738 ) ;
#1864 = CARTESIAN_POINT ( 'NONE',  ( -1.705000000000000515, 0.000000000000000000, 3.000000000000000888 ) ) ;
#1865 = SURFACE_STYLE_USAGE ( .BOTH. , #450 ) ;
#1866 = EDGE_CURVE ( 'NONE', #771, #2341, #1289, .T. ) ;
#1867 = SURFACE_STYLE_FILL_AREA ( #234 ) ;
#1868 = PRESENTATION_STYLE_ASSIGNMENT (( #2172 ) ) ;
#1869 = EDGE_CURVE ( 'NONE', #525, #1525, #3077, .T. ) ;
#1870 = EDGE_LOOP ( 'NONE', ( #3307, #3323, #3171, #1773 ) ) ;
#1871 = EDGE_LOOP ( 'NONE', ( #338, #1888, #2598, #1919 ) ) ;
#1872 = PLANE ( 'NONE',  #1151 ) ;
#1873 = CARTESIAN_POINT ( 'NONE',  ( -1.705000000000000515, 0.1800000000000000211, 3.016974666125778803 ) ) ;
#1874 = ORIENTED_EDGE ( 'NONE', *, *, #1123, .F. ) ;
#1875 = ORIENTED_EDGE ( 'NONE', *, *, #1467, .T. ) ;
#1876 = SURFACE_SIDE_STYLE ('',( #1087 ) ) ;
#1877 = LINE ( 'NONE', #796, #3443 ) ;
#1878 = CARTESIAN_POINT ( 'NONE',  ( 1.704999999999999849, -0.02000000000000000042, 3.016974666125779247 ) ) ;
#1879 = UNCERTAINTY_MEASURE_WITH_UNIT (LENGTH_MEASURE( 1.000000000000000082E-05 ), #1795, 'distance_accuracy_value', 'NONE');
#1880 = DIRECTION ( 'NONE',  ( 0.000000000000000000, 1.000000000000000000, 0.000000000000000000 ) ) ;
#1881 = DIRECTION ( 'NONE',  ( -1.000000000000000000, 0.000000000000000000, 6.840938966745611207E-16 ) ) ;
#1882 = DIRECTION ( 'NONE',  ( 0.000000000000000000, 0.000000000000000000, 1.000000000000000000 ) ) ;
#1883 = EDGE_LOOP ( 'NONE', ( #3627, #2715, #1836, #790 ) ) ;
#1884 = FACE_OUTER_BOUND ( 'NONE', #811, .T. ) ;
#1885 = ADVANCED_FACE ( 'NONE', ( #1926 ), #857, .T. ) ;
#1886 = SURFACE_SIDE_STYLE ('',( #422 ) ) ;
#1887 = DIRECTION ( 'NONE',  ( -1.000000000000000000, -0.000000000000000000, -0.000000000000000000 ) ) ;
#1888 = ORIENTED_EDGE ( 'NONE', *, *, #3173, .T. ) ;
#1889 = ORIENTED_EDGE ( 'NONE', *, *, #1334, .T. ) ;
#1890 = DIRECTION ( 'NONE',  ( -1.000000000000000000, 0.000000000000000000, -0.000000000000000000 ) ) ;
#1891 = DIRECTION ( 'NONE',  ( -1.000000000000000000, -0.000000000000000000, -0.000000000000000000 ) ) ;
#1892 = ORIENTED_EDGE ( 'NONE', *, *, #3299, .F. ) ;
#1893 = LINE ( 'NONE', #1094, #551 ) ;
#1894 = CARTESIAN_POINT ( 'NONE',  ( 0.4349999999999993872, -0.02000000000000000042, 3.016974666125779247 ) ) ;
#1895 = PRESENTATION_LAYER_ASSIGNMENT (  '', '', ( #3029 ) ) ;
#1896 = LINE ( 'NONE', #2723, #676 ) ;
#1897 = COLOUR_RGB ( '',0.6666666666666666297, 0.6980392156862744724, 0.7686274509803920907 ) ;
#1898 = CIRCLE ( 'NONE', #2791, 0.2000000000000000944 ) ;
#1899 = MECHANICAL_DESIGN_GEOMETRIC_PRESENTATION_REPRESENTATION (  '', ( #3144 ), #439 ) ;
#1900 = PRESENTATION_LAYER_ASSIGNMENT (  '', '', ( #2790 ) ) ;
#1901 = PRESENTATION_LAYER_ASSIGNMENT (  '', '', ( #2621 ) ) ;
#1902 = ORIENTED_EDGE ( 'NONE', *, *, #2957, .T. ) ;
#1903 =( NAMED_UNIT ( * ) SI_UNIT ( $, .STERADIAN. ) SOLID_ANGLE_UNIT ( ) );
#1904 = VECTOR ( 'NONE', #1681, 1000.000000000000000 ) ;
#1905 = VECTOR ( 'NONE', #2910, 1000.000000000000000 ) ;
#1906 = EDGE_CURVE ( 'NONE', #1608, #2965, #537, .T. ) ;
#1907 = VERTEX_POINT ( 'NONE', #293 ) ;
#1908 = ORIENTED_EDGE ( 'NONE', *, *, #3067, .T. ) ;
#1909 = PRESENTATION_STYLE_ASSIGNMENT (( #186 ) ) ;
#1910 = FILL_AREA_STYLE_COLOUR ( '', #1047 ) ;
#1911 = PRESENTATION_LAYER_ASSIGNMENT (  '', '', ( #906 ) ) ;
#1912 = EDGE_CURVE ( 'NONE', #2104, #147, #2803, .T. ) ;
#1913 = CARTESIAN_POINT ( 'NONE',  ( -0.8349999999999986322, 0.000000000000000000, -5.712184037232576473E-16 ) ) ;
#1914 = LINE ( 'NONE', #3053, #2496 ) ;
#1915 = VECTOR ( 'NONE', #3222, 1000.000000000000000 ) ;
#1916 = VECTOR ( 'NONE', #800, 1000.000000000000000 ) ;
#1917 = CARTESIAN_POINT ( 'NONE',  ( -2.105000000000000426, 0.1800000000000000211, -3.016974666125778803 ) ) ;
#1918 = VECTOR ( 'NONE', #1272, 1000.000000000000000 ) ;
#1919 = ORIENTED_EDGE ( 'NONE', *, *, #354, .F. ) ;
#1920 = CARTESIAN_POINT ( 'NONE',  ( -2.100000000000000977, -0.02000000000000000042, 1.549999999999998934 ) ) ;
#1921 = SURFACE_STYLE_FILL_AREA ( #2795 ) ;
#1922 = CARTESIAN_POINT ( 'NONE',  ( 1.705000000000000293, 0.7800000000000000266, -2.999999999999999112 ) ) ;
#1923 = EDGE_CURVE ( 'NONE', #2904, #115, #103, .T. ) ;
#1924 = EDGE_LOOP ( 'NONE', ( #2186, #2362, #1857, #3118 ) ) ;
#1925 = ORIENTED_EDGE ( 'NONE', *, *, #580, .T. ) ;
#1926 = FACE_OUTER_BOUND ( 'NONE', #2699, .T. ) ;
#1927 = PLANE ( 'NONE',  #2491 ) ;
#1928 = LINE ( 'NONE', #1325, #3527 ) ;
#1929 = VERTEX_POINT ( 'NONE', #3629 ) ;
#1930 = DIRECTION ( 'NONE',  ( -1.000000000000000000, -0.000000000000000000, -0.000000000000000000 ) ) ;
#1931 = ADVANCED_FACE ( 'NONE', ( #2222 ), #1698, .T. ) ;
#1932 = CARTESIAN_POINT ( 'NONE',  ( 2.099999999999999645, 0.000000000000000000, 1.549999999999998934 ) ) ;
#1933 = LINE ( 'NONE', #819, #1255 ) ;
#1934 = CARTESIAN_POINT ( 'NONE',  ( -2.399999999999999467, 0.1499999999999999944, 2.085300964934520884 ) ) ;
#1935 = CARTESIAN_POINT ( 'NONE',  ( -2.399999999999999467, 0.2500000000000000000, 2.335300964934520884 ) ) ;
#1936 = DIRECTION ( 'NONE',  ( 0.000000000000000000, 0.000000000000000000, -1.000000000000000000 ) ) ;
#1937 = ORIENTED_EDGE ( 'NONE', *, *, #850, .T. ) ;
#1938 = VERTEX_POINT ( 'NONE', #6 ) ;
#1939 = VERTEX_POINT ( 'NONE', #1431 ) ;
#1940 = EDGE_CURVE ( 'NONE', #2672, #3295, #1138, .T. ) ;
#1941 = DIRECTION ( 'NONE',  ( 0.000000000000000000, -1.000000000000000000, 0.000000000000000000 ) ) ;
#1942 = PLANE ( 'NONE',  #2690 ) ;
#1943 =( LENGTH_UNIT ( ) NAMED_UNIT ( * ) SI_UNIT ( .MILLI., .METRE. ) );
#1944 =( GEOMETRIC_REPRESENTATION_CONTEXT ( 3 ) GLOBAL_UNCERTAINTY_ASSIGNED_CONTEXT ( ( #189 ) ) GLOBAL_UNIT_ASSIGNED_CONTEXT ( ( #162, #3291, #1283 ) ) REPRESENTATION_CONTEXT ( 'NONE', 'WORKASPACE' ) );
#1945 = DIRECTION ( 'NONE',  ( -0.000000000000000000, 0.000000000000000000, -1.000000000000000000 ) ) ;
#1946 = STYLED_ITEM ( 'NONE', ( #3261 ), #290 ) ;
#1947 = VECTOR ( 'NONE', #417, 1000.000000000000000 ) ;
#1948 = VECTOR ( 'NONE', #3059, 1000.000000000000000 ) ;
#1949 = ORIENTED_EDGE ( 'NONE', *, *, #3499, .F. ) ;
#1950 = VERTEX_POINT ( 'NONE', #2313 ) ;
#1951 = VECTOR ( 'NONE', #1961, 1000.000000000000000 ) ;
#1952 = DIRECTION ( 'NONE',  ( -1.000000000000000000, -0.000000000000000000, -0.000000000000000000 ) ) ;
#1953 = MECHANICAL_DESIGN_GEOMETRIC_PRESENTATION_REPRESENTATION (  '', ( #3087 ), #2681 ) ;
#1954 = PLANE ( 'NONE',  #2675 ) ;
#1955 = EDGE_CURVE ( 'NONE', #1318, #2470, #2933, .T. ) ;
#1956 = AXIS2_PLACEMENT_3D ( 'NONE', #306, #2275, #2871 ) ;
#1957 =( GEOMETRIC_REPRESENTATION_CONTEXT ( 3 ) GLOBAL_UNCERTAINTY_ASSIGNED_CONTEXT ( ( #2629 ) ) GLOBAL_UNIT_ASSIGNED_CONTEXT ( ( #2946, #3475, #2062 ) ) REPRESENTATION_CONTEXT ( 'NONE', 'WORKASPACE' ) );
#1958 = VECTOR ( 'NONE', #3614, 1000.000000000000000 ) ;
#1959 = CYLINDRICAL_SURFACE ( 'NONE', #2511, 0.2000000000000000944 ) ;
#1960 = ORIENTED_EDGE ( 'NONE', *, *, #2812, .T. ) ;
#1961 = DIRECTION ( 'NONE',  ( 0.000000000000000000, -1.000000000000000000, 0.000000000000000000 ) ) ;
#1962 = COLOUR_RGB ( '',0.6666666666666666297, 0.6980392156862744724, 0.7686274509803920907 ) ;
#1963 = EDGE_CURVE ( 'NONE', #1907, #1429, #3233, .T. ) ;
#1964 = DIRECTION ( 'NONE',  ( 2.797941090285175055E-16, 0.000000000000000000, -1.000000000000000000 ) ) ;
#1965 = EDGE_CURVE ( 'NONE', #2870, #2458, #1232, .T. ) ;
#1966 = AXIS2_PLACEMENT_3D ( 'NONE', #3400, #2836, #1418 ) ;
#1967 = EDGE_LOOP ( 'NONE', ( #2425, #3288, #1586, #1543 ) ) ;
#1968 = VECTOR ( 'NONE', #952, 1000.000000000000000 ) ;
#1969 = LINE ( 'NONE', #1935, #957 ) ;
#1970 = ADVANCED_FACE ( 'NONE', ( #1245 ), #1195, .T. ) ;
#1971 = VECTOR ( 'NONE', #2703, 1000.000000000000000 ) ;
#1972 = ORIENTED_EDGE ( 'NONE', *, *, #59, .T. ) ;
#1973 = ORIENTED_EDGE ( 'NONE', *, *, #2605, .T. ) ;
#1974 = DIRECTION ( 'NONE',  ( -1.000000000000000000, -0.000000000000000000, -0.000000000000000000 ) ) ;
#1975 = PRESENTATION_LAYER_ASSIGNMENT (  '', '', ( #1460 ) ) ;
#1976 = CARTESIAN_POINT ( 'NONE',  ( -2.500000000000000000, 0.000000000000000000, -2.999999999999999112 ) ) ;
#1977 =( NAMED_UNIT ( * ) SI_UNIT ( $, .STERADIAN. ) SOLID_ANGLE_UNIT ( ) );
#1978 = ORIENTED_EDGE ( 'NONE', *, *, #2700, .F. ) ;
#1979 = FILL_AREA_STYLE_COLOUR ( '', #3638 ) ;
#1980 = CARTESIAN_POINT ( 'NONE',  ( -2.399999999999999467, 0.1499999999999999944, 2.335300964934520884 ) ) ;
#1981 = CARTESIAN_POINT ( 'NONE',  ( 0.4349999999999993872, 0.000000000000000000, -2.700000000000000622 ) ) ;
#1982 = SURFACE_STYLE_USAGE ( .BOTH. , #3406 ) ;
#1983 = ADVANCED_FACE ( 'NONE', ( #123 ), #325, .F. ) ;
#1984 = LINE ( 'NONE', #400, #1656 ) ;
#1985 = LINE ( 'NONE', #2796, #789 ) ;
#1986 = ORIENTED_EDGE ( 'NONE', *, *, #2317, .F. ) ;
#1987 = EDGE_CURVE ( 'NONE', #1049, #1470, #2295, .T. ) ;
#1988 = ORIENTED_EDGE ( 'NONE', *, *, #2950, .F. ) ;
#1989 = FILL_AREA_STYLE ('',( #3413 ) ) ;
#1990 = DIRECTION ( 'NONE',  ( 0.000000000000000000, 0.000000000000000000, -1.000000000000000000 ) ) ;
#1991 = SURFACE_STYLE_USAGE ( .BOTH. , #1432 ) ;
#1992 = PLANE ( 'NONE',  #1207 ) ;
#1993 = SURFACE_SIDE_STYLE ('',( #2821 ) ) ;
#1994 = VERTEX_POINT ( 'NONE', #3431 ) ;
#1995 = DIRECTION ( 'NONE',  ( 0.000000000000000000, 0.000000000000000000, -1.000000000000000000 ) ) ;
#1996 = FILL_AREA_STYLE ('',( #3465 ) ) ;
#1997 = CARTESIAN_POINT ( 'NONE',  ( -0.4350000000000000533, 0.000000000000000000, -2.999999999999999112 ) ) ;
#1998 = DIRECTION ( 'NONE',  ( -1.000000000000000000, 0.000000000000000000, -0.000000000000000000 ) ) ;
#1999 = PRESENTATION_STYLE_ASSIGNMENT (( #3663 ) ) ;
#2000 =( NAMED_UNIT ( * ) SI_UNIT ( $, .STERADIAN. ) SOLID_ANGLE_UNIT ( ) );
#2001 = DIRECTION ( 'NONE',  ( 0.000000000000000000, 0.000000000000000000, -1.000000000000000000 ) ) ;
#2002 = CARTESIAN_POINT ( 'NONE',  ( 0.8350000000000001865, 0.7800000000000000266, -2.999999999999999112 ) ) ;
#2003 = ORIENTED_EDGE ( 'NONE', *, *, #3442, .F. ) ;
#2004 = ORIENTED_EDGE ( 'NONE', *, *, #2461, .T. ) ;
#2005 = DIRECTION ( 'NONE',  ( 0.000000000000000000, -1.000000000000000000, 0.000000000000000000 ) ) ;
#2006 = CARTESIAN_POINT ( 'NONE',  ( 0.8350000000000000755, 0.1800000000000000211, 3.016974666125779247 ) ) ;
#2007 = PRESENTATION_LAYER_ASSIGNMENT (  '', '', ( #2073 ) ) ;
#2008 = VECTOR ( 'NONE', #1068, 1000.000000000000000 ) ;
#2009 = ADVANCED_FACE ( 'NONE', ( #1753 ), #341, .T. ) ;
#2010 = FACE_OUTER_BOUND ( 'NONE', #714, .T. ) ;
#2011 = ORIENTED_EDGE ( 'NONE', *, *, #1353, .F. ) ;
#2012 = AXIS2_PLACEMENT_3D ( 'NONE', #1308, #2774, #724 ) ;
#2013 = CARTESIAN_POINT ( 'NONE',  ( -0.4350000000000021072, 0.000000000000000000, -2.975808450534355558E-16 ) ) ;
#2014 = UNCERTAINTY_MEASURE_WITH_UNIT (LENGTH_MEASURE( 1.000000000000000082E-05 ), #804, 'distance_accuracy_value', 'NONE');
#2015 = FILL_AREA_STYLE ('',( #2664 ) ) ;
#2016 = VECTOR ( 'NONE', #2753, 1000.000000000000000 ) ;
#2017 = VECTOR ( 'NONE', #3021, 1000.000000000000000 ) ;
#2018 = VECTOR ( 'NONE', #3012, 1000.000000000000000 ) ;
#2019 = FACE_OUTER_BOUND ( 'NONE', #876, .T. ) ;
#2020 = DIRECTION ( 'NONE',  ( 0.000000000000000000, -1.000000000000000000, 0.000000000000000000 ) ) ;
#2021 = COLOUR_RGB ( '',0.6666666666666666297, 0.6980392156862744724, 0.7686274509803920907 ) ;
#2022 = UNCERTAINTY_MEASURE_WITH_UNIT (LENGTH_MEASURE( 1.000000000000000082E-05 ), #432, 'distance_accuracy_value', 'NONE');
#2023 = COLOUR_RGB ( '',0.6666666666666666297, 0.6980392156862744724, 0.7686274509803920907 ) ;
#2024 = CARTESIAN_POINT ( 'NONE',  ( 2.099999999999999645, -0.02000000000000000042, 1.549999999999998934 ) ) ;
#2025 = LINE ( 'NONE', #1748, #3206 ) ;
#2026 = VERTEX_POINT ( 'NONE', #2090 ) ;
#2027 = ORIENTED_EDGE ( 'NONE', *, *, #2812, .F. ) ;
#2028 = DIRECTION ( 'NONE',  ( 1.000000000000000000, 0.000000000000000000, -6.840938966745611207E-16 ) ) ;
#2029 = DIRECTION ( 'NONE',  ( 0.000000000000000000, 0.000000000000000000, -1.000000000000000000 ) ) ;
#2030 = ORIENTED_EDGE ( 'NONE', *, *, #1366, .F. ) ;
#2031 = ORIENTED_EDGE ( 'NONE', *, *, #1316, .T. ) ;
#2032 = ORIENTED_EDGE ( 'NONE', *, *, #3674, .T. ) ;
#2033 = ADVANCED_FACE ( 'NONE', ( #3005 ), #3292, .T. ) ;
#2034 = DIRECTION ( 'NONE',  ( 0.000000000000000000, -1.000000000000000000, 0.000000000000000000 ) ) ;
#2035 = CARTESIAN_POINT ( 'NONE',  ( -2.499999999999999112, 0.1800000000000000488, 3.000000000000000888 ) ) ;
#2036 = DIRECTION ( 'NONE',  ( 0.000000000000000000, -1.000000000000000000, 0.000000000000000000 ) ) ;
#2037 = CARTESIAN_POINT ( 'NONE',  ( 1.704999999999999849, 0.1800000000000000211, -3.016974666125779247 ) ) ;
#2038 = FACE_OUTER_BOUND ( 'NONE', #2311, .T. ) ;
#2039 = ADVANCED_FACE ( 'NONE', ( #486 ), #3269, .T. ) ;
#2040 = PRESENTATION_STYLE_ASSIGNMENT (( #3504 ) ) ;
#2041 = LINE ( 'NONE', #1727, #1311 ) ;
#2042 = FACE_OUTER_BOUND ( 'NONE', #3002, .T. ) ;
#2043 = ORIENTED_EDGE ( 'NONE', *, *, #5, .T. ) ;
#2044 = ORIENTED_EDGE ( 'NONE', *, *, #3646, .F. ) ;
#2045 = CARTESIAN_POINT ( 'NONE',  ( -2.500000000000000000, 0.1800000000000000488, -2.999999999999999112 ) ) ;
#2046 = SURFACE_SIDE_STYLE ('',( #2658 ) ) ;
#2047 = CARTESIAN_POINT ( 'NONE',  ( -0.4350000000000000533, 0.7800000000000000266, -2.999999999999999112 ) ) ;
#2048 = ORIENTED_EDGE ( 'NONE', *, *, #751, .F. ) ;
#2049 = ORIENTED_EDGE ( 'NONE', *, *, #3387, .T. ) ;
#2050 = LINE ( 'NONE', #660, #1435 ) ;
#2051 = UNCERTAINTY_MEASURE_WITH_UNIT (LENGTH_MEASURE( 1.000000000000000082E-05 ), #3471, 'distance_accuracy_value', 'NONE');
#2052 = DIRECTION ( 'NONE',  ( 0.000000000000000000, -0.000000000000000000, -1.000000000000000000 ) ) ;
#2053 = ADVANCED_FACE ( 'NONE', ( #1264 ), #733, .F. ) ;
#2054 =( LENGTH_UNIT ( ) NAMED_UNIT ( * ) SI_UNIT ( .MILLI., .METRE. ) );
#2055 = CARTESIAN_POINT ( 'NONE',  ( -2.400000000000000355, 0.2500000000000000000, -2.335300964934519996 ) ) ;
#2056 =( NAMED_UNIT ( * ) PLANE_ANGLE_UNIT ( ) SI_UNIT ( $, .RADIAN. ) );
#2057 = UNCERTAINTY_MEASURE_WITH_UNIT (LENGTH_MEASURE( 1.000000000000000082E-05 ), #872, 'distance_accuracy_value', 'NONE');
#2058 = FACE_OUTER_BOUND ( 'NONE', #3515, .T. ) ;
#2059 = LINE ( 'NONE', #654, #698 ) ;
#2060 = FACE_OUTER_BOUND ( 'NONE', #1650, .T. ) ;
#2061 = ORIENTED_EDGE ( 'NONE', *, *, #1552, .F. ) ;
#2062 =( NAMED_UNIT ( * ) SI_UNIT ( $, .STERADIAN. ) SOLID_ANGLE_UNIT ( ) );
#2063 = SURFACE_SIDE_STYLE ('',( #2088 ) ) ;
#2064 = DIRECTION ( 'NONE',  ( 0.000000000000000000, 0.000000000000000000, 1.000000000000000000 ) ) ;
#2065 = LINE ( 'NONE', #2047, #1440 ) ;
#2066 = VERTEX_POINT ( 'NONE', #2712 ) ;
#2067 = ORIENTED_EDGE ( 'NONE', *, *, #3007, .T. ) ;
#2068 = EDGE_CURVE ( 'NONE', #3343, #1246, #3609, .T. ) ;
#2069 = PLANE ( 'NONE',  #1661 ) ;
#2070 = FACE_OUTER_BOUND ( 'NONE', #484, .T. ) ;
#2071 = AXIS2_PLACEMENT_3D ( 'NONE', #1540, #302, #3091 ) ;
#2072 = CIRCLE ( 'NONE', #3034, 0.1499999999999999667 ) ;
#2073 = STYLED_ITEM ( 'NONE', ( #2602 ), #2304 ) ;
#2074 = COLOUR_RGB ( '',0.6666666666666666297, 0.6980392156862744724, 0.7686274509803920907 ) ;
#2075 = CARTESIAN_POINT ( 'NONE',  ( 2.104999999999999538, 0.7800000000000000266, -2.999999999999999112 ) ) ;
#2076 = SURFACE_SIDE_STYLE ('',( #3193 ) ) ;
#2077 = PRESENTATION_STYLE_ASSIGNMENT (( #1840 ) ) ;
#2078 = ADVANCED_FACE ( 'NONE', ( #196 ), #2448, .T. ) ;
#2079 = AXIS2_PLACEMENT_3D ( 'NONE', #2379, #151, #2350 ) ;
#2080 = PRESENTATION_LAYER_ASSIGNMENT (  '', '', ( #1663 ) ) ;
#2081 =( GEOMETRIC_REPRESENTATION_CONTEXT ( 3 ) GLOBAL_UNCERTAINTY_ASSIGNED_CONTEXT ( ( #2916 ) ) GLOBAL_UNIT_ASSIGNED_CONTEXT ( ( #3403, #53, #1183 ) ) REPRESENTATION_CONTEXT ( 'NONE', 'WORKASPACE' ) );
#2082 = DIRECTION ( 'NONE',  ( 0.000000000000000000, 0.000000000000000000, 1.000000000000000000 ) ) ;
#2083 =( LENGTH_UNIT ( ) NAMED_UNIT ( * ) SI_UNIT ( .MILLI., .METRE. ) );
#2084 = DIRECTION ( 'NONE',  ( 1.445602896647339163E-16, 0.000000000000000000, 1.000000000000000000 ) ) ;
#2085 = ORIENTED_EDGE ( 'NONE', *, *, #1648, .T. ) ;
#2086 = PRESENTATION_LAYER_ASSIGNMENT (  '', '', ( #1723 ) ) ;
#2087 = DIRECTION ( 'NONE',  ( -0.000000000000000000, -1.000000000000000000, -0.000000000000000000 ) ) ;
#2088 = SURFACE_STYLE_FILL_AREA ( #3201 ) ;
#2089 = EDGE_CURVE ( 'NONE', #1055, #536, #560, .T. ) ;
#2090 = CARTESIAN_POINT ( 'NONE',  ( -0.8350000000000004086, -0.02000000000000000042, 2.700000000000001066 ) ) ;
#2091 = DIRECTION ( 'NONE',  ( 1.000000000000000000, 0.000000000000000000, 0.000000000000000000 ) ) ;
#2092 = CARTESIAN_POINT ( 'NONE',  ( -0.8350000000000006306, 0.1800000000000000211, -3.016974666125778359 ) ) ;
#2093 = ORIENTED_EDGE ( 'NONE', *, *, #840, .F. ) ;
#2094 = VERTEX_POINT ( 'NONE', #251 ) ;
#2095 = AXIS2_PLACEMENT_3D ( 'NONE', #1509, #2005, #1733 ) ;
#2096 = CARTESIAN_POINT ( 'NONE',  ( -2.500000000000000000, 0.2500000000000000000, -2.335300964934519996 ) ) ;
#2097 = SURFACE_STYLE_USAGE ( .BOTH. , #2994 ) ;
#2098 = UNCERTAINTY_MEASURE_WITH_UNIT (LENGTH_MEASURE( 1.000000000000000082E-05 ), #2961, 'distance_accuracy_value', 'NONE');
#2099 = AXIS2_PLACEMENT_3D ( 'NONE', #2986, #456, #163 ) ;
#2100 = DIRECTION ( 'NONE',  ( -2.797941090285175055E-16, -0.000000000000000000, 1.000000000000000000 ) ) ;
#2101 = DIRECTION ( 'NONE',  ( -0.000000000000000000, 0.000000000000000000, 1.000000000000000000 ) ) ;
#2102 = ADVANCED_FACE ( 'NONE', ( #3345 ), #3623, .F. ) ;
#2103 = ORIENTED_EDGE ( 'NONE', *, *, #539, .F. ) ;
#2104 = VERTEX_POINT ( 'NONE', #1132 ) ;
#2105 = EDGE_LOOP ( 'NONE', ( #92, #2318, #2952, #1069 ) ) ;
#2106 = LINE ( 'NONE', #2045, #1722 ) ;
#2107 = SURFACE_STYLE_FILL_AREA ( #1051 ) ;
#2108 = DIRECTION ( 'NONE',  ( 0.000000000000000000, -1.000000000000000000, 0.000000000000000000 ) ) ;
#2109 = ADVANCED_FACE ( 'NONE', ( #3111 ), #2776, .T. ) ;
#2110 = ORIENTED_EDGE ( 'NONE', *, *, #3126, .T. ) ;
#2111 = ORIENTED_EDGE ( 'NONE', *, *, #928, .F. ) ;
#2112 = CARTESIAN_POINT ( 'NONE',  ( 0.4349999999999993872, -0.02000000000000000042, 3.016974666125779247 ) ) ;
#2113 = CARTESIAN_POINT ( 'NONE',  ( -2.399999999999999467, 0.1499999999999999944, 2.335300964934520884 ) ) ;
#2114 = DIRECTION ( 'NONE',  ( 0.000000000000000000, -1.000000000000000000, 0.000000000000000000 ) ) ;
#2115 = FACE_OUTER_BOUND ( 'NONE', #1159, .T. ) ;
#2116 =( NAMED_UNIT ( * ) SI_UNIT ( $, .STERADIAN. ) SOLID_ANGLE_UNIT ( ) );
#2117 = FILL_AREA_STYLE_COLOUR ( '', #2074 ) ;
#2118 =( NAMED_UNIT ( * ) SI_UNIT ( $, .STERADIAN. ) SOLID_ANGLE_UNIT ( ) );
#2119 = VERTEX_POINT ( 'NONE', #3489 ) ;
#2120 = ORIENTED_EDGE ( 'NONE', *, *, #3303, .F. ) ;
#2121 = SURFACE_STYLE_USAGE ( .BOTH. , #1052 ) ;
#2122 = EDGE_CURVE ( 'NONE', #989, #1142, #1228, .T. ) ;
#2123 = LINE ( 'NONE', #2714, #3212 ) ;
#2124 = VERTEX_POINT ( 'NONE', #375 ) ;
#2125 = VERTEX_POINT ( 'NONE', #319 ) ;
#2126 =( NAMED_UNIT ( * ) PLANE_ANGLE_UNIT ( ) SI_UNIT ( $, .RADIAN. ) );
#2127 = CARTESIAN_POINT ( 'NONE',  ( 2.500000000000000000, 0.000000000000000000, -2.999999999999999112 ) ) ;
#2128 = STYLED_ITEM ( 'NONE', ( #3470 ), #230 ) ;
#2129 = PRESENTATION_LAYER_ASSIGNMENT (  '', '', ( #1652 ) ) ;
#2130 = DIRECTION ( 'NONE',  ( -0.000000000000000000, 1.000000000000000000, -0.000000000000000000 ) ) ;
#2131 = AXIS2_PLACEMENT_3D ( 'NONE', #2055, #688, #396 ) ;
#2132 = CARTESIAN_POINT ( 'NONE',  ( -2.105000000000000426, -0.02000000000000000042, 3.016974666125778803 ) ) ;
#2133 = LINE ( 'NONE', #3056, #1847 ) ;
#2134 = VECTOR ( 'NONE', #2760, 1000.000000000000000 ) ;
#2135 = PRESENTATION_LAYER_ASSIGNMENT (  '', '', ( #3036 ) ) ;
#2136 = PRESENTATION_LAYER_ASSIGNMENT (  '', '', ( #2798 ) ) ;
#2137 = COLOUR_RGB ( '',0.6666666666666666297, 0.6980392156862744724, 0.7686274509803920907 ) ;
#2138 = VERTEX_POINT ( 'NONE', #1789 ) ;
#2139 = VERTEX_POINT ( 'NONE', #637 ) ;
#2140 = LINE ( 'NONE', #218, #2017 ) ;
#2141 = VECTOR ( 'NONE', #1551, 1000.000000000000000 ) ;
#2142 = FILL_AREA_STYLE ('',( #1007 ) ) ;
#2143 = CARTESIAN_POINT ( 'NONE',  ( 1.704999999999999405, 0.000000000000000000, 3.000000000000000888 ) ) ;
#2144 = MECHANICAL_DESIGN_GEOMETRIC_PRESENTATION_REPRESENTATION (  '', ( #3399 ), #2924 ) ;
#2145 = ORIENTED_EDGE ( 'NONE', *, *, #1963, .F. ) ;
#2146 = ORIENTED_EDGE ( 'NONE', *, *, #965, .T. ) ;
#2147 = SURFACE_STYLE_FILL_AREA ( #2221 ) ;
#2148 = CARTESIAN_POINT ( 'NONE',  ( 2.500000000000000000, 0.1499999999999999944, -2.335300964934519996 ) ) ;
#2149 = FACE_OUTER_BOUND ( 'NONE', #1529, .T. ) ;
#2150 = PRESENTATION_LAYER_ASSIGNMENT (  '', '', ( #2573 ) ) ;
#2151 = CARTESIAN_POINT ( 'NONE',  ( 0.8350000000000000755, -0.02000000000000000042, 2.700000000000000622 ) ) ;
#2152 = DIRECTION ( 'NONE',  ( 0.000000000000000000, -0.000000000000000000, 1.000000000000000000 ) ) ;
#2153 = CARTESIAN_POINT ( 'NONE',  ( 0.000000000000000000, 0.000000000000000000, 0.000000000000000000 ) ) ;
#2154 = PLANE ( 'NONE',  #1713 ) ;
#2155 = EDGE_CURVE ( 'NONE', #992, #1731, #2522, .T. ) ;
#2156 = PLANE ( 'NONE',  #736 ) ;
#2157 = STYLED_ITEM ( 'NONE', ( #1370 ), #2109 ) ;
#2158 = ORIENTED_EDGE ( 'NONE', *, *, #3365, .F. ) ;
#2159 = EDGE_LOOP ( 'NONE', ( #1358, #2031, #3492, #1822 ) ) ;
#2160 = CARTESIAN_POINT ( 'NONE',  ( 2.399999999999999467, 0.2500000000000000000, 2.335300964934520884 ) ) ;
#2161 = FILL_AREA_STYLE ('',( #3593 ) ) ;
#2162 = CARTESIAN_POINT ( 'NONE',  ( -2.105000000000000426, 0.1800000000000000211, -3.016974666125778803 ) ) ;
#2163 = ORIENTED_EDGE ( 'NONE', *, *, #602, .T. ) ;
#2164 = EDGE_LOOP ( 'NONE', ( #2032, #2731, #535, #1281 ) ) ;
#2165 = LINE ( 'NONE', #2754, #2462 ) ;
#2166 = SURFACE_SIDE_STYLE ('',( #1039 ) ) ;
#2167 = UNCERTAINTY_MEASURE_WITH_UNIT (LENGTH_MEASURE( 1.000000000000000082E-05 ), #2479, 'distance_accuracy_value', 'NONE');
#2168 = LINE ( 'NONE', #572, #101 ) ;
#2169 = EDGE_CURVE ( 'NONE', #1394, #2857, #2338, .T. ) ;
#2170 = DIRECTION ( 'NONE',  ( -1.000000000000000000, -0.000000000000000000, -0.000000000000000000 ) ) ;
#2171 = FACE_OUTER_BOUND ( 'NONE', #1710, .T. ) ;
#2172 = SURFACE_STYLE_USAGE ( .BOTH. , #175 ) ;
#2173 = ADVANCED_FACE ( 'NONE', ( #3124 ), #3472, .T. ) ;
#2174 = EDGE_LOOP ( 'NONE', ( #1644, #239, #2145, #1792 ) ) ;
#2175 = FACE_OUTER_BOUND ( 'NONE', #3491, .T. ) ;
#2176 = PRESENTATION_STYLE_ASSIGNMENT (( #1067 ) ) ;
#2177 = LINE ( 'NONE', #2713, #3032 ) ;
#2178 = EDGE_CURVE ( 'NONE', #1994, #2751, #2646, .T. ) ;
#2179 = LINE ( 'NONE', #510, #2853 ) ;
#2180 = VERTEX_POINT ( 'NONE', #3163 ) ;
#2181 = EDGE_LOOP ( 'NONE', ( #3418, #2294, #2983, #339 ) ) ;
#2182 = DIRECTION ( 'NONE',  ( -0.000000000000000000, 1.000000000000000000, 0.000000000000000000 ) ) ;
#2183 =( LENGTH_UNIT ( ) NAMED_UNIT ( * ) SI_UNIT ( .MILLI., .METRE. ) );
#2184 = DIRECTION ( 'NONE',  ( 0.000000000000000000, -0.000000000000000000, -1.000000000000000000 ) ) ;
#2185 = DIRECTION ( 'NONE',  ( 0.000000000000000000, 0.000000000000000000, 1.000000000000000000 ) ) ;
#2186 = ORIENTED_EDGE ( 'NONE', *, *, #235, .T. ) ;
#2187 = DIRECTION ( 'NONE',  ( -1.000000000000000000, 0.000000000000000000, 0.000000000000000000 ) ) ;
#2188 = LINE ( 'NONE', #1894, #3639 ) ;
#2189 =( NAMED_UNIT ( * ) SI_UNIT ( $, .STERADIAN. ) SOLID_ANGLE_UNIT ( ) );
#2190 = DIRECTION ( 'NONE',  ( 0.000000000000000000, -1.000000000000000000, 0.000000000000000000 ) ) ;
#2191 = VECTOR ( 'NONE', #3162, 1000.000000000000000 ) ;
#2192 =( GEOMETRIC_REPRESENTATION_CONTEXT ( 3 ) GLOBAL_UNCERTAINTY_ASSIGNED_CONTEXT ( ( #1548 ) ) GLOBAL_UNIT_ASSIGNED_CONTEXT ( ( #2567, #3119, #585 ) ) REPRESENTATION_CONTEXT ( 'NONE', 'WORKASPACE' ) );
#2193 = COLOUR_RGB ( '',0.2980392156862745057, 0.2980392156862745057, 0.2980392156862745057 ) ;
#2194 = EDGE_LOOP ( 'NONE', ( #1024, #3312, #1235, #2310 ) ) ;
#2195 = EDGE_CURVE ( 'NONE', #525, #772, #1227, .T. ) ;
#2196 = CARTESIAN_POINT ( 'NONE',  ( -2.100000000000000533, -0.02000000000000000042, -1.549999999999998934 ) ) ;
#2197 = DIRECTION ( 'NONE',  ( 0.000000000000000000, 0.000000000000000000, -1.000000000000000000 ) ) ;
#2198 = DIRECTION ( 'NONE',  ( 0.000000000000000000, 0.000000000000000000, -1.000000000000000000 ) ) ;
#2199 = COLOUR_RGB ( '',0.6666666666666666297, 0.6980392156862744724, 0.7686274509803920907 ) ;
#2200 = STYLED_ITEM ( 'NONE', ( #1708 ), #3563 ) ;
#2201 = VERTEX_POINT ( 'NONE', #2591 ) ;
#2202 = EDGE_CURVE ( 'NONE', #1695, #1055, #591, .T. ) ;
#2203 = ORIENTED_EDGE ( 'NONE', *, *, #3534, .T. ) ;
#2204 =( NAMED_UNIT ( * ) PLANE_ANGLE_UNIT ( ) SI_UNIT ( $, .RADIAN. ) );
#2205 = CARTESIAN_POINT ( 'NONE',  ( -2.105000000000000426, -0.02000000000000000042, -3.016974666125778803 ) ) ;
#2206 = DIRECTION ( 'NONE',  ( 0.000000000000000000, -1.000000000000000000, 0.000000000000000000 ) ) ;
#2207 = ORIENTED_EDGE ( 'NONE', *, *, #2419, .T. ) ;
#2208 = EDGE_CURVE ( 'NONE', #978, #2542, #2059, .T. ) ;
#2209 = CARTESIAN_POINT ( 'NONE',  ( -1.950000000000001288, 0.000000000000000000, 1.550000000000000044 ) ) ;
#2210 = VECTOR ( 'NONE', #2036, 1000.000000000000000 ) ;
#2211 = CARTESIAN_POINT ( 'NONE',  ( 2.400000000000000355, 0.2500000000000000000, -2.335300964934519996 ) ) ;
#2212 = PLANE ( 'NONE',  #3038 ) ;
#2213 = AXIS2_PLACEMENT_3D ( 'NONE', #3231, #1577, #1833 ) ;
#2214 = ORIENTED_EDGE ( 'NONE', *, *, #86, .T. ) ;
#2215 = SURFACE_SIDE_STYLE ('',( #3309 ) ) ;
#2216 = CARTESIAN_POINT ( 'NONE',  ( -0.8350000000000006306, -0.02000000000000000042, 3.016974666125778359 ) ) ;
#2217 = PRESENTATION_LAYER_ASSIGNMENT (  '', '', ( #2157 ) ) ;
#2218 = EDGE_CURVE ( 'NONE', #2965, #505, #879, .T. ) ;
#2219 = EDGE_LOOP ( 'NONE', ( #3182, #1375, #87, #121, #2272, #1624 ) ) ;
#2220 = ORIENTED_EDGE ( 'NONE', *, *, #159, .T. ) ;
#2221 = FILL_AREA_STYLE ('',( #1610 ) ) ;
#2222 = FACE_OUTER_BOUND ( 'NONE', #1871, .T. ) ;
#2223 = EDGE_CURVE ( 'NONE', #1065, #2357, #2041, .T. ) ;
#2224 = CARTESIAN_POINT ( 'NONE',  ( -0.8350000000000006306, 0.7800000000000000266, 3.000000000000000888 ) ) ;
#2225 = CARTESIAN_POINT ( 'NONE',  ( 2.500000000000000000, 0.2500000000000000000, -2.335300964934519996 ) ) ;
#2226 = ORIENTED_EDGE ( 'NONE', *, *, #3081, .F. ) ;
#2227 = CARTESIAN_POINT ( 'NONE',  ( -2.400000000000000355, 0.2500000000000000000, -2.085300964934519996 ) ) ;
#2228 =( NAMED_UNIT ( * ) SI_UNIT ( $, .STERADIAN. ) SOLID_ANGLE_UNIT ( ) );
#2229 = SHAPE_DEFINITION_REPRESENTATION ( #1009, #3125 ) ;
#2230 = PRESENTATION_STYLE_ASSIGNMENT (( #1115 ) ) ;
#2231 = LINE ( 'NONE', #3373, #2844 ) ;
#2232 = EDGE_LOOP ( 'NONE', ( #860, #2452, #1988, #120 ) ) ;
#2233 = ORIENTED_EDGE ( 'NONE', *, *, #1512, .T. ) ;
#2234 = EDGE_CURVE ( 'NONE', #137, #3003, #2306, .T. ) ;
#2235 = CARTESIAN_POINT ( 'NONE',  ( 0.8350000000000000755, 0.1800000000000000211, -3.016974666125779247 ) ) ;
#2236 = EDGE_CURVE ( 'NONE', #2293, #525, #1984, .T. ) ;
#2237 = CARTESIAN_POINT ( 'NONE',  ( -2.399999999999999467, 0.2500000000000000000, 2.085300964934520884 ) ) ;
#2238 =( LENGTH_UNIT ( ) NAMED_UNIT ( * ) SI_UNIT ( .MILLI., .METRE. ) );
#2239 =( NAMED_UNIT ( * ) SI_UNIT ( $, .STERADIAN. ) SOLID_ANGLE_UNIT ( ) );
#2240 = VECTOR ( 'NONE', #1629, 1000.000000000000000 ) ;
#2241 = CARTESIAN_POINT ( 'NONE',  ( -1.950000000000000844, 0.000000000000000000, -1.699999999999999956 ) ) ;
#2242 =( NAMED_UNIT ( * ) SI_UNIT ( $, .STERADIAN. ) SOLID_ANGLE_UNIT ( ) );
#2243 = CIRCLE ( 'NONE', #1787, 0.2000000000000000944 ) ;
#2244 =( NAMED_UNIT ( * ) SI_UNIT ( $, .STERADIAN. ) SOLID_ANGLE_UNIT ( ) );
#2245 = VECTOR ( 'NONE', #2740, 1000.000000000000000 ) ;
#2246 = MECHANICAL_DESIGN_GEOMETRIC_PRESENTATION_REPRESENTATION (  '', ( #3507 ), #2382 ) ;
#2247 = VERTEX_POINT ( 'NONE', #336 ) ;
#2248 = VERTEX_POINT ( 'NONE', #1469 ) ;
#2249 = PRESENTATION_STYLE_ASSIGNMENT (( #565 ) ) ;
#2250 = SURFACE_STYLE_USAGE ( .BOTH. , #1682 ) ;
#2251 = CARTESIAN_POINT ( 'NONE',  ( -1.905000000000000249, 0.000000000000000000, -2.700000000000000622 ) ) ;
#2252 =( GEOMETRIC_REPRESENTATION_CONTEXT ( 3 ) GLOBAL_UNCERTAINTY_ASSIGNED_CONTEXT ( ( #70 ) ) GLOBAL_UNIT_ASSIGNED_CONTEXT ( ( #467, #1571, #3285 ) ) REPRESENTATION_CONTEXT ( 'NONE', 'WORKASPACE' ) );
#2253 = AXIS2_PLACEMENT_3D ( 'NONE', #1814, #419, #2101 ) ;
#2254 = EDGE_CURVE ( 'NONE', #1229, #3, #1190, .T. ) ;
#2255 = PRESENTATION_LAYER_ASSIGNMENT (  '', '', ( #2128 ) ) ;
#2256 = AXIS2_PLACEMENT_3D ( 'NONE', #2618, #3416, #2875 ) ;
#2257 = ORIENTED_EDGE ( 'NONE', *, *, #248, .T. ) ;
#2258 = VECTOR ( 'NONE', #931, 1000.000000000000000 ) ;
#2259 = CARTESIAN_POINT ( 'NONE',  ( 0.8350000000000000755, 0.1800000000000000211, -3.016974666125779247 ) ) ;
#2260 = EDGE_CURVE ( 'NONE', #1055, #1699, #2025, .T. ) ;
#2261 =( LENGTH_UNIT ( ) NAMED_UNIT ( * ) SI_UNIT ( .MILLI., .METRE. ) );
#2262 = VECTOR ( 'NONE', #606, 1000.000000000000000 ) ;
#2263 = CARTESIAN_POINT ( 'NONE',  ( 1.904999999999999805, 0.1800000000000000211, -2.700000000000000622 ) ) ;
#2264 =( NAMED_UNIT ( * ) PLANE_ANGLE_UNIT ( ) SI_UNIT ( $, .RADIAN. ) );
#2265 = VECTOR ( 'NONE', #2206, 1000.000000000000000 ) ;
#2266 = ADVANCED_FACE ( 'NONE', ( #418, #134, #1256 ), #2651, .F. ) ;
#2267 = CARTESIAN_POINT ( 'NONE',  ( 0.6349999999999998979, 0.1800000000000000211, 2.700000000000000622 ) ) ;
#2268 = DIRECTION ( 'NONE',  ( 0.000000000000000000, 0.000000000000000000, -1.000000000000000000 ) ) ;
#2269 = DIRECTION ( 'NONE',  ( 1.000000000000000000, 0.000000000000000000, 1.445602896647339163E-16 ) ) ;
#2270 = LINE ( 'NONE', #289, #1373 ) ;
#2271 = PRESENTATION_LAYER_ASSIGNMENT (  '', '', ( #37 ) ) ;
#2272 = ORIENTED_EDGE ( 'NONE', *, *, #3110, .F. ) ;
#2273 = EDGE_LOOP ( 'NONE', ( #3008, #178, #1395, #2048, #1243, #185 ) ) ;
#2274 = EDGE_CURVE ( 'NONE', #420, #3363, #3225, .T. ) ;
#2275 = DIRECTION ( 'NONE',  ( 0.000000000000000000, 1.000000000000000000, 0.000000000000000000 ) ) ;
#2276 = MECHANICAL_DESIGN_GEOMETRIC_PRESENTATION_REPRESENTATION (  '', ( #3108 ), #2642 ) ;
#2277 = DIRECTION ( 'NONE',  ( 0.000000000000000000, -1.000000000000000000, 0.000000000000000000 ) ) ;
#2278 = VECTOR ( 'NONE', #1523, 1000.000000000000000 ) ;
#2279 = CARTESIAN_POINT ( 'NONE',  ( -1.905000000000000249, -0.02000000000000000042, 2.700000000000000622 ) ) ;
#2280 = ORIENTED_EDGE ( 'NONE', *, *, #310, .T. ) ;
#2281 = DIRECTION ( 'NONE',  ( 0.000000000000000000, -1.000000000000000000, 0.000000000000000000 ) ) ;
#2282 = UNCERTAINTY_MEASURE_WITH_UNIT (LENGTH_MEASURE( 1.000000000000000082E-05 ), #1352, 'distance_accuracy_value', 'NONE');
#2283 = DIRECTION ( 'NONE',  ( 0.000000000000000000, -1.000000000000000000, 0.000000000000000000 ) ) ;
#2284 =( NAMED_UNIT ( * ) PLANE_ANGLE_UNIT ( ) SI_UNIT ( $, .RADIAN. ) );
#2285 = CARTESIAN_POINT ( 'NONE',  ( -2.500000000000000000, 0.1800000000000000488, -2.999999999999999112 ) ) ;
#2286 = PRESENTATION_STYLE_ASSIGNMENT (( #3501 ) ) ;
#2287 =( NAMED_UNIT ( * ) SI_UNIT ( $, .STERADIAN. ) SOLID_ANGLE_UNIT ( ) );
#2288 = CARTESIAN_POINT ( 'NONE',  ( -2.104999999999999982, 0.000000000000000000, 2.700000000000000622 ) ) ;
#2289 = UNCERTAINTY_MEASURE_WITH_UNIT (LENGTH_MEASURE( 1.000000000000000082E-05 ), #3582, 'distance_accuracy_value', 'NONE');
#2290 = ADVANCED_FACE ( 'NONE', ( #3439 ), #1720, .T. ) ;
#2291 = DIRECTION ( 'NONE',  ( -1.445602896647339163E-16, 0.000000000000000000, 1.000000000000000000 ) ) ;
#2292 = DIRECTION ( 'NONE',  ( -0.000000000000000000, -0.000000000000000000, 1.000000000000000000 ) ) ;
#2293 = VERTEX_POINT ( 'NONE', #3422 ) ;
#2294 = ORIENTED_EDGE ( 'NONE', *, *, #2089, .F. ) ;
#2295 = LINE ( 'NONE', #2580, #3165 ) ;
#2296 = DIRECTION ( 'NONE',  ( 0.000000000000000000, 0.000000000000000000, -1.000000000000000000 ) ) ;
#2297 = FILL_AREA_STYLE_COLOUR ( '', #397 ) ;
#2298 = ORIENTED_EDGE ( 'NONE', *, *, #203, .F. ) ;
#2299 = FACE_OUTER_BOUND ( 'NONE', #1620, .T. ) ;
#2300 =( NAMED_UNIT ( * ) PLANE_ANGLE_UNIT ( ) SI_UNIT ( $, .RADIAN. ) );
#2301 = CARTESIAN_POINT ( 'NONE',  ( -1.705000000000000515, 0.1800000000000000211, -3.016974666125778803 ) ) ;
#2302 =( NAMED_UNIT ( * ) PLANE_ANGLE_UNIT ( ) SI_UNIT ( $, .RADIAN. ) );
#2303 = FILL_AREA_STYLE_COLOUR ( '', #2021 ) ;
#2304 = ADVANCED_FACE ( 'NONE', ( #3218 ), #2896, .T. ) ;
#2305 = DIRECTION ( 'NONE',  ( 0.000000000000000000, -0.000000000000000000, 1.000000000000000000 ) ) ;
#2306 = LINE ( 'NONE', #2634, #729 ) ;
#2307 = DIRECTION ( 'NONE',  ( -1.000000000000000000, 0.000000000000000000, -0.000000000000000000 ) ) ;
#2308 = ADVANCED_FACE ( 'NONE', ( #938 ), #1497, .F. ) ;
#2309 = AXIS2_PLACEMENT_3D ( 'NONE', #948, #3494, #2064 ) ;
#2310 = ORIENTED_EDGE ( 'NONE', *, *, #2849, .T. ) ;
#2311 = EDGE_LOOP ( 'NONE', ( #3396, #1158, #2445, #3075 ) ) ;
#2312 = DIRECTION ( 'NONE',  ( 0.000000000000000000, 1.000000000000000000, 0.000000000000000000 ) ) ;
#2313 = CARTESIAN_POINT ( 'NONE',  ( 2.104999999999999094, 0.1800000000000000211, 3.000000000000000888 ) ) ;
#2314 = PRESENTATION_STYLE_ASSIGNMENT (( #342 ) ) ;
#2315 = MECHANICAL_DESIGN_GEOMETRIC_PRESENTATION_REPRESENTATION (  '', ( #17 ), #3384 ) ;
#2316 = AXIS2_PLACEMENT_3D ( 'NONE', #407, #2296, #3432 ) ;
#2317 = EDGE_CURVE ( 'NONE', #62, #2119, #367, .T. ) ;
#2318 = ORIENTED_EDGE ( 'NONE', *, *, #2973, .F. ) ;
#2319 = ORIENTED_EDGE ( 'NONE', *, *, #2865, .F. ) ;
#2320 = AXIS2_PLACEMENT_3D ( 'NONE', #2472, #1056, #1071 ) ;
#2321 =( GEOMETRIC_REPRESENTATION_CONTEXT ( 3 ) GLOBAL_UNCERTAINTY_ASSIGNED_CONTEXT ( ( #1220 ) ) GLOBAL_UNIT_ASSIGNED_CONTEXT ( ( #708, #1306, #3016 ) ) REPRESENTATION_CONTEXT ( 'NONE', 'WORKASPACE' ) );
#2322 = STYLED_ITEM ( 'NONE', ( #1999 ), #2610 ) ;
#2323 = FILL_AREA_STYLE_COLOUR ( '', #83 ) ;
#2324 = DIRECTION ( 'NONE',  ( -1.000000000000000000, 0.000000000000000000, 0.000000000000000000 ) ) ;
#2325 = EDGE_CURVE ( 'NONE', #1408, #3003, #2368, .T. ) ;
#2326 = VECTOR ( 'NONE', #1194, 1000.000000000000000 ) ;
#2327 = VECTOR ( 'NONE', #437, 1000.000000000000000 ) ;
#2328 = VECTOR ( 'NONE', #3259, 1000.000000000000000 ) ;
#2329 = DIRECTION ( 'NONE',  ( -0.000000000000000000, -0.000000000000000000, -1.000000000000000000 ) ) ;
#2330 = SURFACE_SIDE_STYLE ('',( #2921 ) ) ;
#2331 = FACE_OUTER_BOUND ( 'NONE', #1536, .T. ) ;
#2332 = VECTOR ( 'NONE', #3184, 1000.000000000000000 ) ;
#2333 = UNCERTAINTY_MEASURE_WITH_UNIT (LENGTH_MEASURE( 1.000000000000000082E-05 ), #2369, 'distance_accuracy_value', 'NONE');
#2334 = VECTOR ( 'NONE', #2665, 1000.000000000000000 ) ;
#2335 = SURFACE_STYLE_FILL_AREA ( #611 ) ;
#2336 = SURFACE_SIDE_STYLE ('',( #77 ) ) ;
#2337 =( GEOMETRIC_REPRESENTATION_CONTEXT ( 3 ) GLOBAL_UNCERTAINTY_ASSIGNED_CONTEXT ( ( #2741 ) ) GLOBAL_UNIT_ASSIGNED_CONTEXT ( ( #542, #583, #1124 ) ) REPRESENTATION_CONTEXT ( 'NONE', 'WORKASPACE' ) );
#2338 = LINE ( 'NONE', #2927, #3478 ) ;
#2339 = CARTESIAN_POINT ( 'NONE',  ( 0.8350000000000000755, 0.1800000000000000211, 3.000000000000000888 ) ) ;
#2340 = AXIS2_PLACEMENT_3D ( 'NONE', #1803, #1182, #2052 ) ;
#2341 = VERTEX_POINT ( 'NONE', #129 ) ;
#2342 = FILL_AREA_STYLE ('',( #356 ) ) ;
#2343 = CARTESIAN_POINT ( 'NONE',  ( 1.400000000000000799, -0.02000000000000000042, -1.699999999999999956 ) ) ;
#2344 =( LENGTH_UNIT ( ) NAMED_UNIT ( * ) SI_UNIT ( .MILLI., .METRE. ) );
#2345 = EDGE_CURVE ( 'NONE', #1816, #718, #55, .T. ) ;
#2346 = COLOUR_RGB ( '',0.6666666666666666297, 0.6980392156862744724, 0.7686274509803920907 ) ;
#2347 = EDGE_LOOP ( 'NONE', ( #3595, #1908, #1450, #915 ) ) ;
#2348 = COLOUR_RGB ( '',0.6666666666666666297, 0.6980392156862744724, 0.7686274509803920907 ) ;
#2349 = VERTEX_POINT ( 'NONE', #633 ) ;
#2350 = DIRECTION ( 'NONE',  ( 0.000000000000000000, -0.000000000000000000, -1.000000000000000000 ) ) ;
#2351 = SURFACE_STYLE_USAGE ( .BOTH. , #2381 ) ;
#2352 = MECHANICAL_DESIGN_GEOMETRIC_PRESENTATION_REPRESENTATION (  '', ( #2157 ), #863 ) ;
#2353 = DIRECTION ( 'NONE',  ( -1.000000000000000000, -0.000000000000000000, -0.000000000000000000 ) ) ;
#2354 = CARTESIAN_POINT ( 'NONE',  ( -2.499999999999999112, 0.2500000000000000000, 2.335300964934520884 ) ) ;
#2355 = SURFACE_STYLE_USAGE ( .BOTH. , #2424 ) ;
#2356 = SURFACE_STYLE_FILL_AREA ( #3448 ) ;
#2357 = VERTEX_POINT ( 'NONE', #1744 ) ;
#2358 = CARTESIAN_POINT ( 'NONE',  ( 2.104999999999999094, 0.000000000000000000, 3.000000000000000888 ) ) ;
#2359 = DIRECTION ( 'NONE',  ( 0.000000000000000000, -0.000000000000000000, -1.000000000000000000 ) ) ;
#2360 = CARTESIAN_POINT ( 'NONE',  ( -2.400000000000000355, 0.1499999999999999944, -2.335300964934519996 ) ) ;
#2361 = DIRECTION ( 'NONE',  ( 0.000000000000000000, -1.000000000000000000, 0.000000000000000000 ) ) ;
#2362 = ORIENTED_EDGE ( 'NONE', *, *, #1684, .F. ) ;
#2363 = EDGE_CURVE ( 'NONE', #1142, #2732, #590, .T. ) ;
#2364 = EDGE_LOOP ( 'NONE', ( #3600, #3530, #2257, #3332 ) ) ;
#2365 = FILL_AREA_STYLE ('',( #3556 ) ) ;
#2366 = CARTESIAN_POINT ( 'NONE',  ( 0.4349999999999991651, 0.000000000000000000, 3.000000000000000888 ) ) ;
#2367 = FILL_AREA_STYLE_COLOUR ( '', #506 ) ;
#2368 = LINE ( 'NONE', #1532, #3446 ) ;
#2369 =( LENGTH_UNIT ( ) NAMED_UNIT ( * ) SI_UNIT ( .MILLI., .METRE. ) );
#2370 =( NAMED_UNIT ( * ) PLANE_ANGLE_UNIT ( ) SI_UNIT ( $, .RADIAN. ) );
#2371 = PRESENTATION_STYLE_ASSIGNMENT (( #880 ) ) ;
#2372 = VERTEX_POINT ( 'NONE', #2590 ) ;
#2373 = VERTEX_POINT ( 'NONE', #3109 ) ;
#2374 = FACE_OUTER_BOUND ( 'NONE', #2709, .T. ) ;
#2375 = COLOUR_RGB ( '',0.6666666666666666297, 0.6980392156862744724, 0.7686274509803920907 ) ;
#2376 = SURFACE_STYLE_USAGE ( .BOTH. , #2659 ) ;
#2377 = ORIENTED_EDGE ( 'NONE', *, *, #1743, .T. ) ;
#2378 = ORIENTED_EDGE ( 'NONE', *, *, #2973, .T. ) ;
#2379 = CARTESIAN_POINT ( 'NONE',  ( -1.905000000000000249, 0.1800000000000000211, 2.700000000000000622 ) ) ;
#2380 = PRESENTATION_LAYER_ASSIGNMENT (  '', '', ( #1655 ) ) ;
#2381 = SURFACE_SIDE_STYLE ('',( #3156 ) ) ;
#2382 =( GEOMETRIC_REPRESENTATION_CONTEXT ( 3 ) GLOBAL_UNCERTAINTY_ASSIGNED_CONTEXT ( ( #3435 ) ) GLOBAL_UNIT_ASSIGNED_CONTEXT ( ( #23, #2765, #1357 ) ) REPRESENTATION_CONTEXT ( 'NONE', 'WORKASPACE' ) );
#2383 = EDGE_CURVE ( 'NONE', #998, #1229, #58, .T. ) ;
#2384 = FILL_AREA_STYLE_COLOUR ( '', #2743 ) ;
#2385 = VECTOR ( 'NONE', #2312, 1000.000000000000000 ) ;
#2386 = VECTOR ( 'NONE', #818, 1000.000000000000000 ) ;
#2387 = MECHANICAL_DESIGN_GEOMETRIC_PRESENTATION_REPRESENTATION (  '', ( #3644 ), #799 ) ;
#2388 = LINE ( 'NONE', #2132, #322 ) ;
#2389 =( GEOMETRIC_REPRESENTATION_CONTEXT ( 3 ) GLOBAL_UNCERTAINTY_ASSIGNED_CONTEXT ( ( #480 ) ) GLOBAL_UNIT_ASSIGNED_CONTEXT ( ( #884, #3147, #1770 ) ) REPRESENTATION_CONTEXT ( 'NONE', 'WORKASPACE' ) );
#2390 =( NAMED_UNIT ( * ) SI_UNIT ( $, .STERADIAN. ) SOLID_ANGLE_UNIT ( ) );
#2391 = EDGE_CURVE ( 'NONE', #3057, #1218, #1933, .T. ) ;
#2392 =( GEOMETRIC_REPRESENTATION_CONTEXT ( 3 ) GLOBAL_UNCERTAINTY_ASSIGNED_CONTEXT ( ( #368 ) ) GLOBAL_UNIT_ASSIGNED_CONTEXT ( ( #2083, #416, #3243 ) ) REPRESENTATION_CONTEXT ( 'NONE', 'WORKASPACE' ) );
#2393 = ORIENTED_EDGE ( 'NONE', *, *, #1584, .F. ) ;
#2394 = ORIENTED_EDGE ( 'NONE', *, *, #550, .F. ) ;
#2395 = ORIENTED_EDGE ( 'NONE', *, *, #354, .T. ) ;
#2396 = LINE ( 'NONE', #946, #2332 ) ;
#2397 = PRESENTATION_STYLE_ASSIGNMENT (( #2948 ) ) ;
#2398 = DIRECTION ( 'NONE',  ( 1.445602896647339163E-16, 0.000000000000000000, -1.000000000000000000 ) ) ;
#2399 = MECHANICAL_DESIGN_GEOMETRIC_PRESENTATION_REPRESENTATION (  '', ( #3650 ), #2337 ) ;
#2400 = LINE ( 'NONE', #3571, #268 ) ;
#2401 = DIRECTION ( 'NONE',  ( -1.445602896647339163E-16, -0.000000000000000000, -1.000000000000000000 ) ) ;
#2402 = ORIENTED_EDGE ( 'NONE', *, *, #2814, .T. ) ;
#2403 = ORIENTED_EDGE ( 'NONE', *, *, #2823, .T. ) ;
#2404 = CARTESIAN_POINT ( 'NONE',  ( -1.905000000000000249, -0.02000000000000000042, 2.700000000000000622 ) ) ;
#2405 = AXIS2_PLACEMENT_3D ( 'NONE', #767, #3604, #1061 ) ;
#2406 = STYLED_ITEM ( 'NONE', ( #2454 ), #1793 ) ;
#2407 = CARTESIAN_POINT ( 'NONE',  ( 0.6349999999999998979, -0.02000000000000000042, 2.700000000000000622 ) ) ;
#2408 = PRESENTATION_LAYER_ASSIGNMENT (  '', '', ( #3539 ) ) ;
#2409 = SURFACE_STYLE_USAGE ( .BOTH. , #3503 ) ;
#2410 = ADVANCED_FACE ( 'NONE', ( #2519 ), #3072, .T. ) ;
#2411 = PRESENTATION_STYLE_ASSIGNMENT (( #1279 ) ) ;
#2412 = ORIENTED_EDGE ( 'NONE', *, *, #91, .F. ) ;
#2413 = ORIENTED_EDGE ( 'NONE', *, *, #3425, .F. ) ;
#2414 = EDGE_CURVE ( 'NONE', #3046, #2026, #3123, .T. ) ;
#2415 = SURFACE_STYLE_USAGE ( .BOTH. , #756 ) ;
#2416 = PLANE ( 'NONE',  #1204 ) ;
#2417 = CARTESIAN_POINT ( 'NONE',  ( 2.400000000000000355, 0.1499999999999999944, -2.085300964934519996 ) ) ;
#2418 = ORIENTED_EDGE ( 'NONE', *, *, #2506, .F. ) ;
#2419 = EDGE_CURVE ( 'NONE', #2138, #1413, #1764, .T. ) ;
#2420 = VERTEX_POINT ( 'NONE', #1534 ) ;
#2421 = SURFACE_SIDE_STYLE ('',( #3541 ) ) ;
#2422 = CARTESIAN_POINT ( 'NONE',  ( -0.8350000000000006306, 0.1800000000000000211, 3.016974666125778359 ) ) ;
#2423 = SURFACE_STYLE_FILL_AREA ( #984 ) ;
#2424 = SURFACE_SIDE_STYLE ('',( #1812 ) ) ;
#2425 = ORIENTED_EDGE ( 'NONE', *, *, #1058, .T. ) ;
#2426 = CARTESIAN_POINT ( 'NONE',  ( 2.104999999999999094, 0.000000000000000000, 0.000000000000000000 ) ) ;
#2427 = SURFACE_STYLE_USAGE ( .BOTH. , #3252 ) ;
#2428 = LINE ( 'NONE', #1339, #3278 ) ;
#2429 = EDGE_CURVE ( 'NONE', #2751, #3255, #3526, .T. ) ;
#2430 = FILL_AREA_STYLE_COLOUR ( '', #318 ) ;
#2431 = EDGE_LOOP ( 'NONE', ( #945, #1505, #1359, #1558 ) ) ;
#2432 = EDGE_LOOP ( 'NONE', ( #701, #1850, #564, #1070 ) ) ;
#2433 = SURFACE_SIDE_STYLE ('',( #2147 ) ) ;
#2434 = CARTESIAN_POINT ( 'NONE',  ( 2.500000000000000000, 0.7800000000000000266, -2.999999999999999112 ) ) ;
#2435 = ADVANCED_FACE ( 'NONE', ( #636 ), #2688, .F. ) ;
#2436 = CARTESIAN_POINT ( 'NONE',  ( -2.105000000000000426, 0.1800000000000000211, 3.016974666125778803 ) ) ;
#2437 = VECTOR ( 'NONE', #3567, 1000.000000000000000 ) ;
#2438 = MECHANICAL_DESIGN_GEOMETRIC_PRESENTATION_REPRESENTATION (  '', ( #3029 ), #12 ) ;
#2439 = UNCERTAINTY_MEASURE_WITH_UNIT (LENGTH_MEASURE( 1.000000000000000082E-05 ), #954, 'distance_accuracy_value', 'NONE');
#2440 = STYLED_ITEM ( 'NONE', ( #1813 ), #2266 ) ;
#2441 =( NAMED_UNIT ( * ) PLANE_ANGLE_UNIT ( ) SI_UNIT ( $, .RADIAN. ) );
#2442 = VECTOR ( 'NONE', #2281, 1000.000000000000000 ) ;
#2443 = MECHANICAL_DESIGN_GEOMETRIC_PRESENTATION_REPRESENTATION (  '', ( #2854 ), #1259 ) ;
#2444 = STYLED_ITEM ( 'NONE', ( #46 ), #887 ) ;
#2445 = ORIENTED_EDGE ( 'NONE', *, *, #3153, .F. ) ;
#2446 = ORIENTED_EDGE ( 'NONE', *, *, #3641, .T. ) ;
#2447 = FACE_OUTER_BOUND ( 'NONE', #2932, .T. ) ;
#2448 = PLANE ( 'NONE',  #2706 ) ;
#2449 = DIRECTION ( 'NONE',  ( 0.000000000000000000, -1.000000000000000000, 0.000000000000000000 ) ) ;
#2450 = MECHANICAL_DESIGN_GEOMETRIC_PRESENTATION_REPRESENTATION (  '', ( #1155 ), #3647 ) ;
#2451 = ORIENTED_EDGE ( 'NONE', *, *, #3476, .T. ) ;
#2452 = ORIENTED_EDGE ( 'NONE', *, *, #483, .F. ) ;
#2453 = PLANE ( 'NONE',  #3092 ) ;
#2454 = PRESENTATION_STYLE_ASSIGNMENT (( #1593 ) ) ;
#2455 = DIRECTION ( 'NONE',  ( 0.000000000000000000, -1.000000000000000000, 0.000000000000000000 ) ) ;
#2456 = STYLED_ITEM ( 'NONE', ( #478 ), #1653 ) ;
#2457 = DIRECTION ( 'NONE',  ( 0.000000000000000000, -1.000000000000000000, 0.000000000000000000 ) ) ;
#2458 = VERTEX_POINT ( 'NONE', #3244 ) ;
#2459 = PRESENTATION_LAYER_ASSIGNMENT (  '', '', ( #1863 ) ) ;
#2460 = LINE ( 'NONE', #1613, #1499 ) ;
#2461 = EDGE_CURVE ( 'NONE', #774, #1800, #925, .T. ) ;
#2462 = VECTOR ( 'NONE', #226, 1000.000000000000000 ) ;
#2463 =( LENGTH_UNIT ( ) NAMED_UNIT ( * ) SI_UNIT ( .MILLI., .METRE. ) );
#2464 =( NAMED_UNIT ( * ) PLANE_ANGLE_UNIT ( ) SI_UNIT ( $, .RADIAN. ) );
#2465 = EDGE_CURVE ( 'NONE', #2125, #2653, #157, .T. ) ;
#2466 = COLOUR_RGB ( '',0.6666666666666666297, 0.6980392156862744724, 0.7686274509803920907 ) ;
#2467 = ORIENTED_EDGE ( 'NONE', *, *, #1484, .T. ) ;
#2468 = FILL_AREA_STYLE ('',( #1337 ) ) ;
#2469 = LINE ( 'NONE', #3568, #1780 ) ;
#2470 = VERTEX_POINT ( 'NONE', #1278 ) ;
#2471 = ORIENTED_EDGE ( 'NONE', *, *, #2736, .T. ) ;
#2472 = CARTESIAN_POINT ( 'NONE',  ( 1.949999999999999512, -0.02000000000000000042, 1.550000000000000044 ) ) ;
#2473 = LINE ( 'NONE', #1399, #1958 ) ;
#2474 = DIRECTION ( 'NONE',  ( 6.840938966745610221E-16, 0.000000000000000000, -1.000000000000000000 ) ) ;
#2475 = ORIENTED_EDGE ( 'NONE', *, *, #1584, .T. ) ;
#2476 = LINE ( 'NONE', #2510, #2552 ) ;
#2477 = UNCERTAINTY_MEASURE_WITH_UNIT (LENGTH_MEASURE( 1.000000000000000082E-05 ), #2963, 'distance_accuracy_value', 'NONE');
#2478 = PRESENTATION_STYLE_ASSIGNMENT (( #1403 ) ) ;
#2479 =( LENGTH_UNIT ( ) NAMED_UNIT ( * ) SI_UNIT ( .MILLI., .METRE. ) );
#2480 = ORIENTED_EDGE ( 'NONE', *, *, #3179, .F. ) ;
#2481 = FILL_AREA_STYLE ('',( #1621 ) ) ;
#2482 = CARTESIAN_POINT ( 'NONE',  ( 0.4349999999999993872, 0.1800000000000000211, -3.016974666125779247 ) ) ;
#2483 = SURFACE_SIDE_STYLE ('',( #3624 ) ) ;
#2484 = VERTEX_POINT ( 'NONE', #3445 ) ;
#2485 = EDGE_LOOP ( 'NONE', ( #3350, #740, #1118, #193, #305, #2043, #1960, #1528, #3041, #1086, #543, #2451, #1986, #3481, #1177, #3626, #3094, #3031, #3461, #1636 ) ) ;
#2486 = CARTESIAN_POINT ( 'NONE',  ( -2.105000000000000426, 0.7800000000000000266, -2.999999999999999112 ) ) ;
#2487 = CARTESIAN_POINT ( 'NONE',  ( 0.4349999999999996092, -0.02000000000000000042, 2.700000000000000622 ) ) ;
#2488 = DIRECTION ( 'NONE',  ( 0.000000000000000000, -1.000000000000000000, 0.000000000000000000 ) ) ;
#2489 =( NAMED_UNIT ( * ) PLANE_ANGLE_UNIT ( ) SI_UNIT ( $, .RADIAN. ) );
#2490 = PLANE ( 'NONE',  #1147 ) ;
#2491 = AXIS2_PLACEMENT_3D ( 'NONE', #3203, #700, #1754 ) ;
#2492 = PLANE ( 'NONE',  #3221 ) ;
#2493 = DIRECTION ( 'NONE',  ( -0.000000000000000000, 1.000000000000000000, 0.000000000000000000 ) ) ;
#2494 =( GEOMETRIC_REPRESENTATION_CONTEXT ( 3 ) GLOBAL_UNCERTAINTY_ASSIGNED_CONTEXT ( ( #2051 ) ) GLOBAL_UNIT_ASSIGNED_CONTEXT ( ( #3471, #941, #2926 ) ) REPRESENTATION_CONTEXT ( 'NONE', 'WORKASPACE' ) );
#2495 = MECHANICAL_DESIGN_GEOMETRIC_PRESENTATION_REPRESENTATION (  '', ( #3143 ), #847 ) ;
#2496 = VECTOR ( 'NONE', #2770, 1000.000000000000000 ) ;
#2497 = ORIENTED_EDGE ( 'NONE', *, *, #347, .F. ) ;
#2498 = EDGE_CURVE ( 'NONE', #45, #2752, #902, .T. ) ;
#2499 =( LENGTH_UNIT ( ) NAMED_UNIT ( * ) SI_UNIT ( .MILLI., .METRE. ) );
#2500 = DIRECTION ( 'NONE',  ( 0.000000000000000000, -1.000000000000000000, 0.000000000000000000 ) ) ;
#2501 = VECTOR ( 'NONE', #1050, 1000.000000000000000 ) ;
#2502 = ORIENTED_EDGE ( 'NONE', *, *, #1276, .T. ) ;
#2503 = COLOUR_RGB ( '',0.6666666666666666297, 0.6980392156862744724, 0.7686274509803920907 ) ;
#2504 = EDGE_LOOP ( 'NONE', ( #2678, #2725, #3651, #3430, #2418, #787 ) ) ;
#2505 = CARTESIAN_POINT ( 'NONE',  ( -0.8350000000000006306, 0.1800000000000000211, -3.016974666125778359 ) ) ;
#2506 = EDGE_CURVE ( 'NONE', #2752, #1737, #2650, .T. ) ;
#2507 = CARTESIAN_POINT ( 'NONE',  ( -0.4350000000000000533, 0.1800000000000000211, -3.016974666125778359 ) ) ;
#2508 = VECTOR ( 'NONE', #2020, 1000.000000000000000 ) ;
#2509 = DIRECTION ( 'NONE',  ( 0.000000000000000000, -0.000000000000000000, -1.000000000000000000 ) ) ;
#2510 = CARTESIAN_POINT ( 'NONE',  ( 0.4349999999999993872, 0.1800000000000000211, 3.016974666125779247 ) ) ;
#2511 = AXIS2_PLACEMENT_3D ( 'NONE', #567, #307, #2856 ) ;
#2512 = SURFACE_STYLE_USAGE ( .BOTH. , #247 ) ;
#2513 =( NAMED_UNIT ( * ) SI_UNIT ( $, .STERADIAN. ) SOLID_ANGLE_UNIT ( ) );
#2514 =( GEOMETRIC_REPRESENTATION_CONTEXT ( 3 ) GLOBAL_UNCERTAINTY_ASSIGNED_CONTEXT ( ( #2333 ) ) GLOBAL_UNIT_ASSIGNED_CONTEXT ( ( #2369, #1002, #2116 ) ) REPRESENTATION_CONTEXT ( 'NONE', 'WORKASPACE' ) );
#2515 = SURFACE_STYLE_FILL_AREA ( #555 ) ;
#2516 = AXIS2_PLACEMENT_3D ( 'NONE', #3654, #2277, #1990 ) ;
#2517 = ADVANCED_FACE ( 'NONE', ( #3000 ), #520, .T. ) ;
#2518 = COLOUR_RGB ( '',0.6666666666666666297, 0.6980392156862744724, 0.7686274509803920907 ) ;
#2519 = FACE_OUTER_BOUND ( 'NONE', #2654, .T. ) ;
#2520 = SURFACE_STYLE_FILL_AREA ( #3648 ) ;
#2521 = LINE ( 'NONE', #3667, #3577 ) ;
#2522 = CIRCLE ( 'NONE', #285, 0.1499999999999999667 ) ;
#2523 = EDGE_LOOP ( 'NONE', ( #3187, #977, #3237, #2716 ) ) ;
#2524 = ORIENTED_EDGE ( 'NONE', *, *, #893, .F. ) ;
#2525 = LINE ( 'NONE', #582, #2326 ) ;
#2526 =( LENGTH_UNIT ( ) NAMED_UNIT ( * ) SI_UNIT ( .MILLI., .METRE. ) );
#2527 = ADVANCED_FACE ( 'NONE', ( #1003 ), #3562, .T. ) ;
#2528 = SURFACE_STYLE_USAGE ( .BOTH. , #3117 ) ;
#2529 = CARTESIAN_POINT ( 'NONE',  ( 2.400000000000000355, 0.1499999999999999944, -2.335300964934519996 ) ) ;
#2530 = DIRECTION ( 'NONE',  ( 0.000000000000000000, 0.000000000000000000, 1.000000000000000000 ) ) ;
#2531 = DIRECTION ( 'NONE',  ( 0.000000000000000000, -1.000000000000000000, 0.000000000000000000 ) ) ;
#2532 = DIRECTION ( 'NONE',  ( 1.000000000000000000, 0.000000000000000000, 0.000000000000000000 ) ) ;
#2533 =( LENGTH_UNIT ( ) NAMED_UNIT ( * ) SI_UNIT ( .MILLI., .METRE. ) );
#2534 = EDGE_CURVE ( 'NONE', #836, #1065, #2133, .T. ) ;
#2535 = ORIENTED_EDGE ( 'NONE', *, *, #3001, .F. ) ;
#2536 = EDGE_LOOP ( 'NONE', ( #168, #3045, #1815, #3412, #524, #2578 ) ) ;
#2537 =( NAMED_UNIT ( * ) SI_UNIT ( $, .STERADIAN. ) SOLID_ANGLE_UNIT ( ) );
#2538 = DIRECTION ( 'NONE',  ( 0.000000000000000000, 0.000000000000000000, -1.000000000000000000 ) ) ;
#2539 = EDGE_CURVE ( 'NONE', #1774, #2247, #752, .T. ) ;
#2540 = DIRECTION ( 'NONE',  ( 0.000000000000000000, -1.000000000000000000, 0.000000000000000000 ) ) ;
#2541 = CARTESIAN_POINT ( 'NONE',  ( 1.904999999999999805, 0.000000000000000000, -2.700000000000000622 ) ) ;
#2542 = VERTEX_POINT ( 'NONE', #3321 ) ;
#2543 = CARTESIAN_POINT ( 'NONE',  ( -2.499999999999999112, 0.1499999999999999944, 2.085300964934520884 ) ) ;
#2544 = EDGE_CURVE ( 'NONE', #403, #913, #1896, .T. ) ;
#2545 = FACE_OUTER_BOUND ( 'NONE', #1027, .T. ) ;
#2546 = DIRECTION ( 'NONE',  ( -1.000000000000000000, -0.000000000000000000, -0.000000000000000000 ) ) ;
#2547 = PRESENTATION_STYLE_ASSIGNMENT (( #1101 ) ) ;
#2548 =( LENGTH_UNIT ( ) NAMED_UNIT ( * ) SI_UNIT ( .MILLI., .METRE. ) );
#2549 = EDGE_CURVE ( 'NONE', #595, #2542, #502, .T. ) ;
#2550 = SURFACE_STYLE_FILL_AREA ( #1649 ) ;
#2551 = COLOUR_RGB ( '',0.2980392156862745057, 0.2980392156862745057, 0.2980392156862745057 ) ;
#2552 = VECTOR ( 'NONE', #1930, 1000.000000000000000 ) ;
#2553 = VECTOR ( 'NONE', #117, 1000.000000000000000 ) ;
#2554 =( GEOMETRIC_REPRESENTATION_CONTEXT ( 3 ) GLOBAL_UNCERTAINTY_ASSIGNED_CONTEXT ( ( #2623 ) ) GLOBAL_UNIT_ASSIGNED_CONTEXT ( ( #943, #82, #1728 ) ) REPRESENTATION_CONTEXT ( 'NONE', 'WORKASPACE' ) );
#2555 = ORIENTED_EDGE ( 'NONE', *, *, #768, .F. ) ;
#2556 = ORIENTED_EDGE ( 'NONE', *, *, #1504, .T. ) ;
#2557 = PLANE ( 'NONE',  #2855 ) ;
#2558 = CARTESIAN_POINT ( 'NONE',  ( -1.905000000000000249, 0.1800000000000000211, 2.700000000000000622 ) ) ;
#2559 =( GEOMETRIC_REPRESENTATION_CONTEXT ( 3 ) GLOBAL_UNCERTAINTY_ASSIGNED_CONTEXT ( ( #917 ) ) GLOBAL_UNIT_ASSIGNED_CONTEXT ( ( #1943, #2572, #2287 ) ) REPRESENTATION_CONTEXT ( 'NONE', 'WORKASPACE' ) );
#2560 =( NAMED_UNIT ( * ) SI_UNIT ( $, .STERADIAN. ) SOLID_ANGLE_UNIT ( ) );
#2561 = AXIS2_PLACEMENT_3D ( 'NONE', #1169, #3420, #603 ) ;
#2562 = PLANE ( 'NONE',  #2256 ) ;
#2563 = MECHANICAL_DESIGN_GEOMETRIC_PRESENTATION_REPRESENTATION (  '', ( #1717 ), #3516 ) ;
#2564 = CARTESIAN_POINT ( 'NONE',  ( -2.105000000000000426, -0.02000000000000000042, -2.700000000000000622 ) ) ;
#2565 = ORIENTED_EDGE ( 'NONE', *, *, #615, .T. ) ;
#2566 = ADVANCED_FACE ( 'NONE', ( #1046 ), #2156, .T. ) ;
#2567 =( LENGTH_UNIT ( ) NAMED_UNIT ( * ) SI_UNIT ( .MILLI., .METRE. ) );
#2568 = STYLED_ITEM ( 'NONE', ( #3533 ), #991 ) ;
#2569 = DIRECTION ( 'NONE',  ( -1.398970545142587527E-16, 0.000000000000000000, 1.000000000000000000 ) ) ;
#2570 = LINE ( 'NONE', #282, #1100 ) ;
#2571 =( NAMED_UNIT ( * ) SI_UNIT ( $, .STERADIAN. ) SOLID_ANGLE_UNIT ( ) );
#2572 =( NAMED_UNIT ( * ) PLANE_ANGLE_UNIT ( ) SI_UNIT ( $, .RADIAN. ) );
#2573 = STYLED_ITEM ( 'NONE', ( #663 ), #1411 ) ;
#2574 =( NAMED_UNIT ( * ) SI_UNIT ( $, .STERADIAN. ) SOLID_ANGLE_UNIT ( ) );
#2575 = CARTESIAN_POINT ( 'NONE',  ( 0.8350000000000000755, -0.02000000000000000042, 3.016974666125779247 ) ) ;
#2576 = MECHANICAL_DESIGN_GEOMETRIC_PRESENTATION_REPRESENTATION (  '', ( #631 ), #225 ) ;
#2577 = ORIENTED_EDGE ( 'NONE', *, *, #310, .F. ) ;
#2578 = ORIENTED_EDGE ( 'NONE', *, *, #1531, .T. ) ;
#2579 = FACE_OUTER_BOUND ( 'NONE', #389, .T. ) ;
#2580 = CARTESIAN_POINT ( 'NONE',  ( 2.500000000000000000, 0.000000000000000000, -2.999999999999999112 ) ) ;
#2581 = FILL_AREA_STYLE_COLOUR ( '', #1494 ) ;
#2582 = ADVANCED_FACE ( 'NONE', ( #2789 ), #2212, .T. ) ;
#2583 = FACE_OUTER_BOUND ( 'NONE', #1659, .T. ) ;
#2584 = EDGE_LOOP ( 'NONE', ( #2158, #3289, #2555, #1579 ) ) ;
#2585 = CARTESIAN_POINT ( 'NONE',  ( -2.400000000000000355, 0.2500000000000000000, -2.335300964934519996 ) ) ;
#2586 = LINE ( 'NONE', #2035, #1090 ) ;
#2587 = CARTESIAN_POINT ( 'NONE',  ( 1.704999999999999849, -0.02000000000000000042, -3.016974666125779247 ) ) ;
#2588 = DIRECTION ( 'NONE',  ( 1.000000000000000000, 0.000000000000000000, 0.000000000000000000 ) ) ;
#2589 = DIRECTION ( 'NONE',  ( 0.000000000000000000, 0.000000000000000000, 1.000000000000000000 ) ) ;
#2590 = CARTESIAN_POINT ( 'NONE',  ( 0.8350000000000000755, 0.1800000000000000211, 3.016974666125779247 ) ) ;
#2591 = CARTESIAN_POINT ( 'NONE',  ( 0.8350000000000000755, 0.000000000000000000, -2.700000000000000622 ) ) ;
#2592 = CARTESIAN_POINT ( 'NONE',  ( -1.705000000000000515, 0.1800000000000000211, 2.700000000000000622 ) ) ;
#2593 = EDGE_CURVE ( 'NONE', #1429, #3480, #3642, .T. ) ;
#2594 = ORIENTED_EDGE ( 'NONE', *, *, #824, .T. ) ;
#2595 = LINE ( 'NONE', #64, #317 ) ;
#2596 = FILL_AREA_STYLE_COLOUR ( '', #2518 ) ;
#2597 = LINE ( 'NONE', #3170, #1022 ) ;
#2598 = ORIENTED_EDGE ( 'NONE', *, *, #673, .F. ) ;
#2599 = ORIENTED_EDGE ( 'NONE', *, *, #1192, .F. ) ;
#2600 = CYLINDRICAL_SURFACE ( 'NONE', #3457, 0.1499999999999999667 ) ;
#2601 = DIRECTION ( 'NONE',  ( 0.000000000000000000, 0.000000000000000000, -1.000000000000000000 ) ) ;
#2602 = PRESENTATION_STYLE_ASSIGNMENT (( #953 ) ) ;
#2603 = SURFACE_STYLE_USAGE ( .BOTH. , #898 ) ;
#2604 = PLANE ( 'NONE',  #745 ) ;
#2605 = EDGE_CURVE ( 'NONE', #772, #1606, #2841, .T. ) ;
#2606 = DIRECTION ( 'NONE',  ( 0.000000000000000000, 0.000000000000000000, 1.000000000000000000 ) ) ;
#2607 = CARTESIAN_POINT ( 'NONE',  ( -2.500000000000000000, 0.1499999999999999944, -2.335300964934519996 ) ) ;
#2608 = AXIS2_PLACEMENT_3D ( 'NONE', #3532, #1769, #1507 ) ;
#2609 = VERTEX_POINT ( 'NONE', #3071 ) ;
#2610 = ADVANCED_FACE ( 'NONE', ( #532 ), #1150, .T. ) ;
#2611 = PRESENTATION_STYLE_ASSIGNMENT (( #2960 ) ) ;
#2612 = DIRECTION ( 'NONE',  ( 0.000000000000000000, 1.000000000000000000, 0.000000000000000000 ) ) ;
#2613 = DIRECTION ( 'NONE',  ( -0.000000000000000000, 1.000000000000000000, 0.000000000000000000 ) ) ;
#2614 = LINE ( 'NONE', #3185, #2909 ) ;
#2615 = AXIS2_PLACEMENT_3D ( 'NONE', #3283, #1808, #414 ) ;
#2616 = MECHANICAL_DESIGN_GEOMETRIC_PRESENTATION_REPRESENTATION (  '', ( #2790 ), #1712 ) ;
#2617 = AXIS2_PLACEMENT_3D ( 'NONE', #578, #3393, #2198 ) ;
#2618 = CARTESIAN_POINT ( 'NONE',  ( 2.400000000000000355, 0.2500000000000000000, -2.335300964934519996 ) ) ;
#2619 = EDGE_LOOP ( 'NONE', ( #2497, #355, #883, #2298 ) ) ;
#2620 = ORIENTED_EDGE ( 'NONE', *, *, #1252, .F. ) ;
#2621 = STYLED_ITEM ( 'NONE', ( #1479 ), #3342 ) ;
#2622 = PRESENTATION_STYLE_ASSIGNMENT (( #169 ) ) ;
#2623 = UNCERTAINTY_MEASURE_WITH_UNIT (LENGTH_MEASURE( 1.000000000000000082E-05 ), #943, 'distance_accuracy_value', 'NONE');
#2624 = FILL_AREA_STYLE ('',( #1493 ) ) ;
#2625 = CIRCLE ( 'NONE', #3093, 0.2000000000000000944 ) ;
#2626 = DIRECTION ( 'NONE',  ( -1.000000000000000000, 0.000000000000000000, 0.000000000000000000 ) ) ;
#2627 = LINE ( 'NONE', #2096, #2334 ) ;
#2628 =( GEOMETRIC_REPRESENTATION_CONTEXT ( 3 ) GLOBAL_UNCERTAINTY_ASSIGNED_CONTEXT ( ( #1879 ) ) GLOBAL_UNIT_ASSIGNED_CONTEXT ( ( #1795, #2655, #334 ) ) REPRESENTATION_CONTEXT ( 'NONE', 'WORKASPACE' ) );
#2629 = UNCERTAINTY_MEASURE_WITH_UNIT (LENGTH_MEASURE( 1.000000000000000082E-05 ), #2946, 'distance_accuracy_value', 'NONE');
#2630 = VECTOR ( 'NONE', #919, 1000.000000000000000 ) ;
#2631 = CARTESIAN_POINT ( 'NONE',  ( -0.8350000000000006306, 0.1800000000000000211, -3.016974666125778359 ) ) ;
#2632 = CARTESIAN_POINT ( 'NONE',  ( 2.399999999999999467, 0.2500000000000000000, 2.335300964934520884 ) ) ;
#2633 =( GEOMETRIC_REPRESENTATION_CONTEXT ( 3 ) GLOBAL_UNCERTAINTY_ASSIGNED_CONTEXT ( ( #955 ) ) GLOBAL_UNIT_ASSIGNED_CONTEXT ( ( #2054, #722, #128 ) ) REPRESENTATION_CONTEXT ( 'NONE', 'WORKASPACE' ) );
#2634 = CARTESIAN_POINT ( 'NONE',  ( -2.105000000000000426, -0.02000000000000000042, 3.016974666125778803 ) ) ;
#2635 = ADVANCED_FACE ( 'NONE', ( #3226 ), #1555, .T. ) ;
#2636 = EDGE_LOOP ( 'NONE', ( #200, #1471, #1658, #807, #3167, #271 ) ) ;
#2637 = LINE ( 'NONE', #108, #2918 ) ;
#2638 = CARTESIAN_POINT ( 'NONE',  ( -2.399999999999999467, 0.2500000000000000000, 2.335300964934520884 ) ) ;
#2639 =( NAMED_UNIT ( * ) PLANE_ANGLE_UNIT ( ) SI_UNIT ( $, .RADIAN. ) );
#2640 = AXIS2_PLACEMENT_3D ( 'NONE', #2558, #837, #2538 ) ;
#2641 = ORIENTED_EDGE ( 'NONE', *, *, #3601, .F. ) ;
#2642 =( GEOMETRIC_REPRESENTATION_CONTEXT ( 3 ) GLOBAL_UNCERTAINTY_ASSIGNED_CONTEXT ( ( #1809 ) ) GLOBAL_UNIT_ASSIGNED_CONTEXT ( ( #3169, #932, #2906 ) ) REPRESENTATION_CONTEXT ( 'NONE', 'WORKASPACE' ) );
#2643 = ORIENTED_EDGE ( 'NONE', *, *, #203, .T. ) ;
#2644 =( NAMED_UNIT ( * ) PLANE_ANGLE_UNIT ( ) SI_UNIT ( $, .RADIAN. ) );
#2645 = CYLINDRICAL_SURFACE ( 'NONE', #2991, 0.2000000000000000944 ) ;
#2646 = CIRCLE ( 'NONE', #2816, 0.1499999999999999667 ) ;
#2647 = LINE ( 'NONE', #650, #1506 ) ;
#2648 = SURFACE_STYLE_FILL_AREA ( #2667 ) ;
#2649 = LINE ( 'NONE', #1844, #1038 ) ;
#2650 = LINE ( 'NONE', #3265, #1439 ) ;
#2651 = PLANE ( 'NONE',  #138 ) ;
#2652 = DIRECTION ( 'NONE',  ( 1.000000000000000000, 0.000000000000000000, 2.797941090285175055E-16 ) ) ;
#2653 = VERTEX_POINT ( 'NONE', #3336 ) ;
#2654 = EDGE_LOOP ( 'NONE', ( #659, #855, #125, #3451, #1260, #1013 ) ) ;
#2655 =( NAMED_UNIT ( * ) PLANE_ANGLE_UNIT ( ) SI_UNIT ( $, .RADIAN. ) );
#2656 = PRODUCT_DEFINITION ( 'UNKNOWN', '', #385, #2838 ) ;
#2657 = DIRECTION ( 'NONE',  ( 1.000000000000000000, 0.000000000000000000, -0.000000000000000000 ) ) ;
#2658 = SURFACE_STYLE_FILL_AREA ( #48 ) ;
#2659 = SURFACE_SIDE_STYLE ('',( #1772 ) ) ;
#2660 = EDGE_LOOP ( 'NONE', ( #644, #1073, #1902, #2944, #160, #754 ) ) ;
#2661 = ORIENTED_EDGE ( 'NONE', *, *, #402, .T. ) ;
#2662 = DIRECTION ( 'NONE',  ( 0.000000000000000000, -1.000000000000000000, 0.000000000000000000 ) ) ;
#2663 = ADVANCED_FACE ( 'NONE', ( #1075 ), #3068, .T. ) ;
#2664 = FILL_AREA_STYLE_COLOUR ( '', #1454 ) ;
#2665 = DIRECTION ( 'NONE',  ( 0.000000000000000000, -1.000000000000000000, 0.000000000000000000 ) ) ;
#2666 = DIRECTION ( 'NONE',  ( 0.000000000000000000, -1.000000000000000000, 0.000000000000000000 ) ) ;
#2667 = FILL_AREA_STYLE ('',( #2922 ) ) ;
#2668 = EDGE_CURVE ( 'NONE', #1929, #936, #3576, .T. ) ;
#2669 = UNCERTAINTY_MEASURE_WITH_UNIT (LENGTH_MEASURE( 1.000000000000000082E-05 ), #1391, 'distance_accuracy_value', 'NONE');
#2670 = CARTESIAN_POINT ( 'NONE',  ( -2.400000000000000355, 0.000000000000000000, -1.445602896647339348E-17 ) ) ;
#2671 = DIRECTION ( 'NONE',  ( 0.000000000000000000, 0.000000000000000000, 1.000000000000000000 ) ) ;
#2672 = VERTEX_POINT ( 'NONE', #2768 ) ;
#2673 = EDGE_LOOP ( 'NONE', ( #1524, #1135, #1176, #1794 ) ) ;
#2674 = LINE ( 'NONE', #3493, #1096 ) ;
#2675 = AXIS2_PLACEMENT_3D ( 'NONE', #2852, #598, #1089 ) ;
#2676 =( NAMED_UNIT ( * ) SI_UNIT ( $, .STERADIAN. ) SOLID_ANGLE_UNIT ( ) );
#2677 = ORIENTED_EDGE ( 'NONE', *, *, #5, .F. ) ;
#2678 = ORIENTED_EDGE ( 'NONE', *, *, #727, .F. ) ;
#2679 = CARTESIAN_POINT ( 'NONE',  ( -2.500000000000000000, 0.000000000000000000, -2.999999999999999112 ) ) ;
#2680 = CIRCLE ( 'NONE', #1088, 0.2000000000000000944 ) ;
#2681 =( GEOMETRIC_REPRESENTATION_CONTEXT ( 3 ) GLOBAL_UNCERTAINTY_ASSIGNED_CONTEXT ( ( #2282 ) ) GLOBAL_UNIT_ASSIGNED_CONTEXT ( ( #1352, #2441, #2118 ) ) REPRESENTATION_CONTEXT ( 'NONE', 'WORKASPACE' ) );
#2682 =( GEOMETRIC_REPRESENTATION_CONTEXT ( 3 ) GLOBAL_UNCERTAINTY_ASSIGNED_CONTEXT ( ( #2879 ) ) GLOBAL_UNIT_ASSIGNED_CONTEXT ( ( #648, #2284, #365 ) ) REPRESENTATION_CONTEXT ( 'NONE', 'WORKASPACE' ) );
#2683 = CARTESIAN_POINT ( 'NONE',  ( -0.8350000000000004086, -0.02000000000000000042, -2.700000000000001066 ) ) ;
#2684 = STYLED_ITEM ( 'NONE', ( #2786 ), #2635 ) ;
#2685 =( NAMED_UNIT ( * ) SI_UNIT ( $, .STERADIAN. ) SOLID_ANGLE_UNIT ( ) );
#2686 = VECTOR ( 'NONE', #2540, 1000.000000000000000 ) ;
#2687 = FILL_AREA_STYLE ('',( #2899 ) ) ;
#2688 = PLANE ( 'NONE',  #2968 ) ;
#2689 = SURFACE_STYLE_FILL_AREA ( #711 ) ;
#2690 = AXIS2_PLACEMENT_3D ( 'NONE', #2840, #299, #831 ) ;
#2691 = EDGE_CURVE ( 'NONE', #2609, #473, #1877, .T. ) ;
#2692 = VERTEX_POINT ( 'NONE', #464 ) ;
#2693 = ORIENTED_EDGE ( 'NONE', *, *, #1987, .F. ) ;
#2694 = VECTOR ( 'NONE', #2353, 1000.000000000000000 ) ;
#2695 = CARTESIAN_POINT ( 'NONE',  ( 1.704999999999999849, 0.1800000000000000211, 3.016974666125779247 ) ) ;
#2696 = FACE_BOUND ( 'NONE', #1475, .T. ) ;
#2697 = LINE ( 'NONE', #2417, #90 ) ;
#2698 = VERTEX_POINT ( 'NONE', #1580 ) ;
#2699 = EDGE_LOOP ( 'NONE', ( #684, #3311, #1198, #323 ) ) ;
#2700 = EDGE_CURVE ( 'NONE', #529, #1703, #242, .T. ) ;
#2701 = SURFACE_STYLE_USAGE ( .BOTH. , #1565 ) ;
#2702 = COLOUR_RGB ( '',0.6666666666666666297, 0.6980392156862744724, 0.7686274509803920907 ) ;
#2703 = DIRECTION ( 'NONE',  ( 0.000000000000000000, 0.000000000000000000, 1.000000000000000000 ) ) ;
#2704 =( GEOMETRIC_REPRESENTATION_CONTEXT ( 3 ) GLOBAL_UNCERTAINTY_ASSIGNED_CONTEXT ( ( #415 ) ) GLOBAL_UNIT_ASSIGNED_CONTEXT ( ( #1028, #699, #1539 ) ) REPRESENTATION_CONTEXT ( 'NONE', 'WORKASPACE' ) );
#2705 = LINE ( 'NONE', #170, #217 ) ;
#2706 = AXIS2_PLACEMENT_3D ( 'NONE', #2482, #2197, #3090 ) ;
#2707 = PLANE ( 'NONE',  #2794 ) ;
#2708 = SURFACE_STYLE_FILL_AREA ( #2980 ) ;
#2709 = EDGE_LOOP ( 'NONE', ( #990, #1490, #2710, #3349 ) ) ;
#2710 = ORIENTED_EDGE ( 'NONE', *, *, #1484, .F. ) ;
#2711 = CARTESIAN_POINT ( 'NONE',  ( -2.100000000000000977, 0.000000000000000000, -2.937838144799435632E-16 ) ) ;
#2712 = CARTESIAN_POINT ( 'NONE',  ( 2.500000000000000000, 0.2500000000000000000, -2.085300964934519996 ) ) ;
#2713 = CARTESIAN_POINT ( 'NONE',  ( -2.105000000000000426, 0.1800000000000000211, -3.016974666125778803 ) ) ;
#2714 = CARTESIAN_POINT ( 'NONE',  ( 1.704999999999999849, 0.1800000000000000211, -3.016974666125779247 ) ) ;
#2715 = ORIENTED_EDGE ( 'NONE', *, *, #922, .F. ) ;
#2716 = ORIENTED_EDGE ( 'NONE', *, *, #1270, .F. ) ;
#2717 = SURFACE_SIDE_STYLE ('',( #1859 ) ) ;
#2718 = DIRECTION ( 'NONE',  ( 0.000000000000000000, -1.000000000000000000, 0.000000000000000000 ) ) ;
#2719 = CARTESIAN_POINT ( 'NONE',  ( 0.8350000000000000755, 0.1800000000000000211, -3.016974666125779247 ) ) ;
#2720 = PRESENTATION_STYLE_ASSIGNMENT (( #2955 ) ) ;
#2721 = DIRECTION ( 'NONE',  ( 0.000000000000000000, 0.000000000000000000, 1.000000000000000000 ) ) ;
#2722 = DIRECTION ( 'NONE',  ( 0.000000000000000000, -1.000000000000000000, 0.000000000000000000 ) ) ;
#2723 = CARTESIAN_POINT ( 'NONE',  ( -0.8350000000000006306, 0.7800000000000000266, -2.999999999999999112 ) ) ;
#2724 = ADVANCED_FACE ( 'NONE', ( #2149 ), #3315, .F. ) ;
#2725 = ORIENTED_EDGE ( 'NONE', *, *, #3442, .T. ) ;
#2726 = ORIENTED_EDGE ( 'NONE', *, *, #2593, .F. ) ;
#2727 = DIRECTION ( 'NONE',  ( 0.000000000000000000, -1.000000000000000000, 0.000000000000000000 ) ) ;
#2728 = DIRECTION ( 'NONE',  ( 0.000000000000000000, -0.000000000000000000, -1.000000000000000000 ) ) ;
#2729 = CARTESIAN_POINT ( 'NONE',  ( -2.400000000000000355, 0.2500000000000000000, -2.085300964934519996 ) ) ;
#2730 = DIRECTION ( 'NONE',  ( 0.000000000000000000, -1.000000000000000000, 0.000000000000000000 ) ) ;
#2731 = ORIENTED_EDGE ( 'NONE', *, *, #2345, .T. ) ;
#2732 = VERTEX_POINT ( 'NONE', #3298 ) ;
#2733 = DIRECTION ( 'NONE',  ( 0.000000000000000000, 0.000000000000000000, 1.000000000000000000 ) ) ;
#2734 = SURFACE_STYLE_USAGE ( .BOTH. , #95 ) ;
#2735 = ADVANCED_FACE ( 'NONE', ( #3330 ), #1139, .T. ) ;
#2736 = EDGE_CURVE ( 'NONE', #2139, #978, #75, .T. ) ;
#2737 =( NAMED_UNIT ( * ) PLANE_ANGLE_UNIT ( ) SI_UNIT ( $, .RADIAN. ) );
#2738 = VECTOR ( 'NONE', #455, 1000.000000000000000 ) ;
#2739 = VECTOR ( 'NONE', #834, 1000.000000000000000 ) ;
#2740 = DIRECTION ( 'NONE',  ( -0.000000000000000000, -0.000000000000000000, -1.000000000000000000 ) ) ;
#2741 = UNCERTAINTY_MEASURE_WITH_UNIT (LENGTH_MEASURE( 1.000000000000000082E-05 ), #542, 'distance_accuracy_value', 'NONE');
#2742 = CARTESIAN_POINT ( 'NONE',  ( 1.704999999999999405, 0.7800000000000000266, 3.000000000000000888 ) ) ;
#2743 = COLOUR_RGB ( '',0.6666666666666666297, 0.6980392156862744724, 0.7686274509803920907 ) ;
#2744 = PRESENTATION_LAYER_ASSIGNMENT (  '', '', ( #1206 ) ) ;
#2745 = VECTOR ( 'NONE', #2858, 1000.000000000000000 ) ;
#2746 = MECHANICAL_DESIGN_GEOMETRIC_PRESENTATION_REPRESENTATION (  '', ( #846 ), #1604 ) ;
#2747 = VECTOR ( 'NONE', #826, 1000.000000000000000 ) ;
#2748 = VERTEX_POINT ( 'NONE', #3099 ) ;
#2749 = ADVANCED_FACE ( 'NONE', ( #3078 ), #1954, .T. ) ;
#2750 = PRESENTATION_LAYER_ASSIGNMENT (  '', '', ( #1155 ) ) ;
#2751 = VERTEX_POINT ( 'NONE', #1161 ) ;
#2752 = VERTEX_POINT ( 'NONE', #3369 ) ;
#2753 = DIRECTION ( 'NONE',  ( -1.000000000000000000, -0.000000000000000000, -0.000000000000000000 ) ) ;
#2754 = CARTESIAN_POINT ( 'NONE',  ( -2.105000000000000426, 0.000000000000000000, 0.000000000000000000 ) ) ;
#2755 = CARTESIAN_POINT ( 'NONE',  ( -2.499999999999999112, 0.2500000000000000000, 2.335300964934520884 ) ) ;
#2756 = CIRCLE ( 'NONE', #3348, 0.2000000000000000944 ) ;
#2757 = CARTESIAN_POINT ( 'NONE',  ( -2.500000000000000000, 0.000000000000000000, -2.999999999999999112 ) ) ;
#2758 = VERTEX_POINT ( 'NONE', #2205 ) ;
#2759 = PRESENTATION_LAYER_ASSIGNMENT (  '', '', ( #1730 ) ) ;
#2760 = DIRECTION ( 'NONE',  ( -0.000000000000000000, -0.000000000000000000, -1.000000000000000000 ) ) ;
#2761 = DIRECTION ( 'NONE',  ( -1.000000000000000000, 0.000000000000000000, -1.445602896647339163E-16 ) ) ;
#2762 = CARTESIAN_POINT ( 'NONE',  ( 2.104999999999999094, 0.1800000000000000211, -3.016974666125779247 ) ) ;
#2763 = ORIENTED_EDGE ( 'NONE', *, *, #2345, .F. ) ;
#2764 = DIRECTION ( 'NONE',  ( 0.000000000000000000, 0.000000000000000000, -1.000000000000000000 ) ) ;
#2765 =( NAMED_UNIT ( * ) PLANE_ANGLE_UNIT ( ) SI_UNIT ( $, .RADIAN. ) );
#2766 = ORIENTED_EDGE ( 'NONE', *, *, #2155, .T. ) ;
#2767 = ORIENTED_EDGE ( 'NONE', *, *, #466, .T. ) ;
#2768 = CARTESIAN_POINT ( 'NONE',  ( 0.4349999999999993872, 0.1800000000000000211, -2.999999999999999112 ) ) ;
#2769 = VERTEX_POINT ( 'NONE', #3352 ) ;
#2770 = DIRECTION ( 'NONE',  ( 1.000000000000000000, 0.000000000000000000, 0.000000000000000000 ) ) ;
#2771 = UNCERTAINTY_MEASURE_WITH_UNIT (LENGTH_MEASURE( 1.000000000000000082E-05 ), #413, 'distance_accuracy_value', 'NONE');
#2772 = CARTESIAN_POINT ( 'NONE',  ( 0.4349999999999993872, 0.1800000000000000211, -3.016974666125779247 ) ) ;
#2773 = DIRECTION ( 'NONE',  ( -0.000000000000000000, 0.000000000000000000, 1.000000000000000000 ) ) ;
#2774 = DIRECTION ( 'NONE',  ( 0.000000000000000000, 1.000000000000000000, -0.000000000000000000 ) ) ;
#2775 = VERTEX_POINT ( 'NONE', #1683 ) ;
#2776 = CYLINDRICAL_SURFACE ( 'NONE', #575, 0.2000000000000000944 ) ;
#2777 = LINE ( 'NONE', #2815, #1599 ) ;
#2778 = ORIENTED_EDGE ( 'NONE', *, *, #1912, .T. ) ;
#2779 = ORIENTED_EDGE ( 'NONE', *, *, #3458, .F. ) ;
#2780 =( NAMED_UNIT ( * ) SI_UNIT ( $, .STERADIAN. ) SOLID_ANGLE_UNIT ( ) );
#2781 = PRESENTATION_STYLE_ASSIGNMENT (( #2250 ) ) ;
#2782 =( NAMED_UNIT ( * ) SI_UNIT ( $, .STERADIAN. ) SOLID_ANGLE_UNIT ( ) );
#2783 = ADVANCED_FACE ( 'NONE', ( #1664 ), #1927, .T. ) ;
#2784 = PRESENTATION_STYLE_ASSIGNMENT (( #1630 ) ) ;
#2785 = ORIENTED_EDGE ( 'NONE', *, *, #1077, .T. ) ;
#2786 = PRESENTATION_STYLE_ASSIGNMENT (( #2512 ) ) ;
#2787 = SURFACE_STYLE_USAGE ( .BOTH. , #531 ) ;
#2788 = DIRECTION ( 'NONE',  ( 1.000000000000000000, 0.000000000000000000, 0.000000000000000000 ) ) ;
#2789 = FACE_OUTER_BOUND ( 'NONE', #3211, .T. ) ;
#2790 = STYLED_ITEM ( 'NONE', ( #2230 ), #2410 ) ;
#2791 = AXIS2_PLACEMENT_3D ( 'NONE', #65, #1196, #2029 ) ;
#2792 = ADVANCED_FACE ( 'NONE', ( #2374 ), #974, .F. ) ;
#2793 = STYLED_ITEM ( 'NONE', ( #1909 ), #779 ) ;
#2794 = AXIS2_PLACEMENT_3D ( 'NONE', #2942, #2082, #233 ) ;
#2795 = FILL_AREA_STYLE ('',( #1080 ) ) ;
#2796 = CARTESIAN_POINT ( 'NONE',  ( 1.704999999999999849, 0.1800000000000000211, -2.700000000000000622 ) ) ;
#2797 = EDGE_CURVE ( 'NONE', #1269, #3374, #258, .T. ) ;
#2798 = STYLED_ITEM ( 'NONE', ( #3440 ), #198 ) ;
#2799 = VECTOR ( 'NONE', #1455, 1000.000000000000000 ) ;
#2800 = EDGE_LOOP ( 'NONE', ( #488, #2966, #1578, #1354 ) ) ;
#2801 = CIRCLE ( 'NONE', #3520, 0.1999999999999996503 ) ;
#2802 = ORIENTED_EDGE ( 'NONE', *, *, #1557, .F. ) ;
#2803 = LINE ( 'NONE', #2486, #3407 ) ;
#2804 = FILL_AREA_STYLE_COLOUR ( '', #541 ) ;
#2805 = VECTOR ( 'NONE', #2114, 1000.000000000000000 ) ;
#2806 = FACE_OUTER_BOUND ( 'NONE', #2181, .T. ) ;
#2807 = PLANE ( 'NONE',  #562 ) ;
#2808 = FACE_OUTER_BOUND ( 'NONE', #1870, .T. ) ;
#2809 = AXIS2_PLACEMENT_3D ( 'NONE', #2541, #3133, #326 ) ;
#2810 = UNCERTAINTY_MEASURE_WITH_UNIT (LENGTH_MEASURE( 1.000000000000000082E-05 ), #2499, 'distance_accuracy_value', 'NONE');
#2811 = LINE ( 'NONE', #3381, #2508 ) ;
#2812 = EDGE_CURVE ( 'NONE', #2373, #1513, #2597, .T. ) ;
#2813 = CARTESIAN_POINT ( 'NONE',  ( 0.4349999999999996092, 0.1800000000000000211, 2.700000000000000622 ) ) ;
#2814 = EDGE_CURVE ( 'NONE', #3235, #1938, #1820, .T. ) ;
#2815 = CARTESIAN_POINT ( 'NONE',  ( -2.399999999999999467, 0.1499999999999999944, 2.335300964934520884 ) ) ;
#2816 = AXIS2_PLACEMENT_3D ( 'NONE', #1765, #3409, #60 ) ;
#2817 = ORIENTED_EDGE ( 'NONE', *, *, #3025, .T. ) ;
#2818 = ADVANCED_FACE ( 'NONE', ( #3456 ), #1213, .F. ) ;
#2819 = ORIENTED_EDGE ( 'NONE', *, *, #38, .T. ) ;
#2820 = SURFACE_STYLE_USAGE ( .BOTH. , #3630 ) ;
#2821 = SURFACE_STYLE_FILL_AREA ( #3371 ) ;
#2822 = ORIENTED_EDGE ( 'NONE', *, *, #243, .F. ) ;
#2823 = EDGE_CURVE ( 'NONE', #2372, #2180, #886, .T. ) ;
#2824 = LINE ( 'NONE', #11, #2442 ) ;
#2825 = CARTESIAN_POINT ( 'NONE',  ( 0.8350000000000000755, 0.1800000000000000211, -3.016974666125779247 ) ) ;
#2826 = FACE_OUTER_BOUND ( 'NONE', #183, .T. ) ;
#2827 = APPLICATION_PROTOCOL_DEFINITION ( 'draft international standard', 'automotive_design', 1998, #8 ) ;
#2828 = DIRECTION ( 'NONE',  ( -0.000000000000000000, 1.000000000000000000, 0.000000000000000000 ) ) ;
#2829 = SURFACE_STYLE_FILL_AREA ( #1691 ) ;
#2830 = CARTESIAN_POINT ( 'NONE',  ( -2.105000000000000426, 0.1800000000000000211, -2.700000000000000622 ) ) ;
#2831 = VERTEX_POINT ( 'NONE', #933 ) ;
#2832 = ORIENTED_EDGE ( 'NONE', *, *, #3633, .T. ) ;
#2833 = DIRECTION ( 'NONE',  ( 0.000000000000000000, 1.000000000000000000, 0.000000000000000000 ) ) ;
#2834 = SURFACE_STYLE_FILL_AREA ( #3414 ) ;
#2835 = DIRECTION ( 'NONE',  ( -6.840938966745611207E-16, 0.000000000000000000, -1.000000000000000000 ) ) ;
#2836 = DIRECTION ( 'NONE',  ( 0.000000000000000000, -1.000000000000000000, 0.000000000000000000 ) ) ;
#2837 = ORIENTED_EDGE ( 'NONE', *, *, #2195, .F. ) ;
#2838 = PRODUCT_DEFINITION_CONTEXT ( 'detailed design', #8, 'design' ) ;
#2839 = CARTESIAN_POINT ( 'NONE',  ( -2.100000000000000977, 0.1800000000000000211, 1.549999999999998934 ) ) ;
#2840 = CARTESIAN_POINT ( 'NONE',  ( 1.904999999999999805, 0.1800000000000000211, 2.700000000000000622 ) ) ;
#2841 = LINE ( 'NONE', #2813, #1032 ) ;
#2842 = DIRECTION ( 'NONE',  ( 0.000000000000000000, 0.000000000000000000, 1.000000000000000000 ) ) ;
#2843 = UNCERTAINTY_MEASURE_WITH_UNIT (LENGTH_MEASURE( 1.000000000000000082E-05 ), #256, 'distance_accuracy_value', 'NONE');
#2844 = VECTOR ( 'NONE', #1945, 1000.000000000000000 ) ;
#2845 = DIRECTION ( 'NONE',  ( 0.000000000000000000, 0.000000000000000000, -1.000000000000000000 ) ) ;
#2846 = VECTOR ( 'NONE', #2488, 1000.000000000000000 ) ;
#2847 = ORIENTED_EDGE ( 'NONE', *, *, #3625, .T. ) ;
#2848 = ORIENTED_EDGE ( 'NONE', *, *, #3425, .T. ) ;
#2849 = EDGE_CURVE ( 'NONE', #1136, #404, #2614, .T. ) ;
#2850 = CARTESIAN_POINT ( 'NONE',  ( -0.8350000000000006306, -0.02000000000000000042, -3.016974666125778359 ) ) ;
#2851 = DIRECTION ( 'NONE',  ( -0.000000000000000000, -0.000000000000000000, -1.000000000000000000 ) ) ;
#2852 = CARTESIAN_POINT ( 'NONE',  ( -0.8350000000000006306, 0.1800000000000000211, -3.016974666125778359 ) ) ;
#2853 = VECTOR ( 'NONE', #2401, 1000.000000000000000 ) ;
#2854 = STYLED_ITEM ( 'NONE', ( #2411 ), #2663 ) ;
#2855 = AXIS2_PLACEMENT_3D ( 'NONE', #3251, #715, #3510 ) ;
#2856 = DIRECTION ( 'NONE',  ( 0.000000000000000000, 0.000000000000000000, -1.000000000000000000 ) ) ;
#2857 = VERTEX_POINT ( 'NONE', #1734 ) ;
#2858 = DIRECTION ( 'NONE',  ( 6.840938966745611207E-16, 0.000000000000000000, -1.000000000000000000 ) ) ;
#2859 = EDGE_CURVE ( 'NONE', #3363, #1049, #910, .T. ) ;
#2860 = MECHANICAL_DESIGN_GEOMETRIC_PRESENTATION_REPRESENTATION (  '', ( #906 ), #805 ) ;
#2861 = LINE ( 'NONE', #2587, #3464 ) ;
#2862 = COLOUR_RGB ( '',0.6666666666666666297, 0.6980392156862744724, 0.7686274509803920907 ) ;
#2863 = DIRECTION ( 'NONE',  ( -1.000000000000000000, 0.000000000000000000, 0.000000000000000000 ) ) ;
#2864 = DIRECTION ( 'NONE',  ( 0.000000000000000000, 0.000000000000000000, -1.000000000000000000 ) ) ;
#2865 = EDGE_CURVE ( 'NONE', #950, #780, #1898, .T. ) ;
#2866 =( GEOMETRIC_REPRESENTATION_CONTEXT ( 3 ) GLOBAL_UNCERTAINTY_ASSIGNED_CONTEXT ( ( #921 ) ) GLOBAL_UNIT_ASSIGNED_CONTEXT ( ( #3314, #2126, #999 ) ) REPRESENTATION_CONTEXT ( 'NONE', 'WORKASPACE' ) );
#2867 = DIRECTION ( 'NONE',  ( 0.000000000000000000, 0.000000000000000000, -1.000000000000000000 ) ) ;
#2868 = VECTOR ( 'NONE', #1662, 1000.000000000000000 ) ;
#2869 = ORIENTED_EDGE ( 'NONE', *, *, #1965, .T. ) ;
#2870 = VERTEX_POINT ( 'NONE', #438 ) ;
#2871 = DIRECTION ( 'NONE',  ( 0.000000000000000000, 0.000000000000000000, 1.000000000000000000 ) ) ;
#2872 = VECTOR ( 'NONE', #2613, 1000.000000000000000 ) ;
#2873 = DIRECTION ( 'NONE',  ( -0.000000000000000000, 0.000000000000000000, -1.000000000000000000 ) ) ;
#2874 = CARTESIAN_POINT ( 'NONE',  ( 2.500000000000000888, 0.7800000000000000266, 3.000000000000000888 ) ) ;
#2875 = DIRECTION ( 'NONE',  ( 0.000000000000000000, -0.000000000000000000, -1.000000000000000000 ) ) ;
#2876 = ORIENTED_EDGE ( 'NONE', *, *, #593, .F. ) ;
#2877 = VERTEX_POINT ( 'NONE', #3536 ) ;
#2878 = DIRECTION ( 'NONE',  ( 0.000000000000000000, -1.000000000000000000, 0.000000000000000000 ) ) ;
#2879 = UNCERTAINTY_MEASURE_WITH_UNIT (LENGTH_MEASURE( 1.000000000000000082E-05 ), #648, 'distance_accuracy_value', 'NONE');
#2880 = CARTESIAN_POINT ( 'NONE',  ( 2.400000000000000355, 0.2500000000000000000, -2.335300964934519996 ) ) ;
#2881 = CARTESIAN_POINT ( 'NONE',  ( 2.104999999999999094, 0.1800000000000000211, 3.016974666125779247 ) ) ;
#2882 = LINE ( 'NONE', #349, #1855 ) ;
#2883 = FILL_AREA_STYLE_COLOUR ( '', #842 ) ;
#2884 = FILL_AREA_STYLE_COLOUR ( '', #1380 ) ;
#2885 = UNCERTAINTY_MEASURE_WITH_UNIT (LENGTH_MEASURE( 1.000000000000000082E-05 ), #3417, 'distance_accuracy_value', 'NONE');
#2886 = DIRECTION ( 'NONE',  ( 0.000000000000000000, -1.000000000000000000, 0.000000000000000000 ) ) ;
#2887 = CARTESIAN_POINT ( 'NONE',  ( 2.399999999999999467, 0.2500000000000000000, 2.085300964934520884 ) ) ;
#2888 = ORIENTED_EDGE ( 'NONE', *, *, #2391, .F. ) ;
#2889 = ORIENTED_EDGE ( 'NONE', *, *, #2950, .T. ) ;
#2890 = CARTESIAN_POINT ( 'NONE',  ( -2.105000000000000426, 0.1800000000000000211, 3.016974666125778803 ) ) ;
#2891 = CARTESIAN_POINT ( 'NONE',  ( -2.399999999999999467, 0.2500000000000000000, 2.085300964934520884 ) ) ;
#2892 = EDGE_LOOP ( 'NONE', ( #775, #25, #2163, #871 ) ) ;
#2893 = ORIENTED_EDGE ( 'NONE', *, *, #2208, .T. ) ;
#2894 = CARTESIAN_POINT ( 'NONE',  ( 1.705000000000000071, 0.1800000000000000211, 2.700000000000000622 ) ) ;
#2895 = CARTESIAN_POINT ( 'NONE',  ( 1.800000000000000933, 0.1800000000000000211, -1.699999999999999956 ) ) ;
#2896 = PLANE ( 'NONE',  #493 ) ;
#2897 = CARTESIAN_POINT ( 'NONE',  ( -1.950000000000000178, 0.1800000000000000211, 1.699999999999999956 ) ) ;
#2898 = ADVANCED_FACE ( 'NONE', ( #142 ), #2416, .T. ) ;
#2899 = FILL_AREA_STYLE_COLOUR ( '', #1324 ) ;
#2900 = EDGE_CURVE ( 'NONE', #45, #1049, #2428, .T. ) ;
#2901 = DIRECTION ( 'NONE',  ( 6.840938966745610221E-16, -0.000000000000000000, 1.000000000000000000 ) ) ;
#2902 = FILL_AREA_STYLE ('',( #592 ) ) ;
#2903 = VERTEX_POINT ( 'NONE', #2143 ) ;
#2904 = VERTEX_POINT ( 'NONE', #197 ) ;
#2905 = DIRECTION ( 'NONE',  ( 0.000000000000000000, -1.000000000000000000, 0.000000000000000000 ) ) ;
#2906 =( NAMED_UNIT ( * ) SI_UNIT ( $, .STERADIAN. ) SOLID_ANGLE_UNIT ( ) );
#2907 = DIRECTION ( 'NONE',  ( 1.000000000000000000, -0.000000000000000000, 1.445602896647339163E-16 ) ) ;
#2908 = CIRCLE ( 'NONE', #261, 0.2000000000000000944 ) ;
#2909 = VECTOR ( 'NONE', #2907, 1000.000000000000000 ) ;
#2910 = DIRECTION ( 'NONE',  ( -6.840938966745610221E-16, -0.000000000000000000, -1.000000000000000000 ) ) ;
#2911 = ORIENTED_EDGE ( 'NONE', *, *, #1965, .F. ) ;
#2912 = COLOUR_RGB ( '',0.6666666666666666297, 0.6980392156862744724, 0.7686274509803920907 ) ;
#2913 = VERTEX_POINT ( 'NONE', #3023 ) ;
#2914 = VECTOR ( 'NONE', #1486, 1000.000000000000000 ) ;
#2915 = LINE ( 'NONE', #2953, #3449 ) ;
#2916 = UNCERTAINTY_MEASURE_WITH_UNIT (LENGTH_MEASURE( 1.000000000000000082E-05 ), #3403, 'distance_accuracy_value', 'NONE');
#2917 = MECHANICAL_DESIGN_GEOMETRIC_PRESENTATION_REPRESENTATION (  '', ( #1848 ), #3340 ) ;
#2918 = VECTOR ( 'NONE', #1230, 1000.000000000000000 ) ;
#2919 = CARTESIAN_POINT ( 'NONE',  ( -1.950000000000000844, 0.1800000000000000211, -1.550000000000000044 ) ) ;
#2920 = DIRECTION ( 'NONE',  ( -0.000000000000000000, 1.000000000000000000, 0.000000000000000000 ) ) ;
#2921 = SURFACE_STYLE_FILL_AREA ( #1481 ) ;
#2922 = FILL_AREA_STYLE_COLOUR ( '', #1023 ) ;
#2923 =( GEOMETRIC_REPRESENTATION_CONTEXT ( 3 ) GLOBAL_UNCERTAINTY_ASSIGNED_CONTEXT ( ( #3559 ) ) GLOBAL_UNIT_ASSIGNED_CONTEXT ( ( #286, #3121, #1446 ) ) REPRESENTATION_CONTEXT ( 'NONE', 'WORKASPACE' ) );
#2924 =( GEOMETRIC_REPRESENTATION_CONTEXT ( 3 ) GLOBAL_UNCERTAINTY_ASSIGNED_CONTEXT ( ( #3523 ) ) GLOBAL_UNIT_ASSIGNED_CONTEXT ( ( #2261, #573, #1149 ) ) REPRESENTATION_CONTEXT ( 'NONE', 'WORKASPACE' ) );
#2925 = CARTESIAN_POINT ( 'NONE',  ( 2.104999999999999094, 0.1800000000000000211, -3.016974666125779247 ) ) ;
#2926 =( NAMED_UNIT ( * ) SI_UNIT ( $, .STERADIAN. ) SOLID_ANGLE_UNIT ( ) );
#2927 = CARTESIAN_POINT ( 'NONE',  ( -1.705000000000000515, 0.1800000000000000211, 3.016974666125778803 ) ) ;
#2928 = DIRECTION ( 'NONE',  ( 0.000000000000000000, -1.000000000000000000, 0.000000000000000000 ) ) ;
#2929 = EDGE_CURVE ( 'NONE', #2857, #137, #995, .T. ) ;
#2930 = VECTOR ( 'NONE', #2034, 1000.000000000000000 ) ;
#2931 = EDGE_LOOP ( 'NONE', ( #1434, #2869, #2594, #2778, #3366, #344, #2763, #2990, #2067, #1889, #327, #2817, #739, #1756, #3274, #2203, #3273, #1033, #1313, #3367 ) ) ;
#2932 = EDGE_LOOP ( 'NONE', ( #425, #3074, #2207, #2280 ) ) ;
#2933 = LINE ( 'NONE', #358, #570 ) ;
#2934 = EDGE_CURVE ( 'NONE', #62, #771, #2469, .T. ) ;
#2935 = ORIENTED_EDGE ( 'NONE', *, *, #550, .T. ) ;
#2936 = COLOUR_RGB ( '',0.6666666666666666297, 0.6980392156862744724, 0.7686274509803920907 ) ;
#2937 = EDGE_LOOP ( 'NONE', ( #3669, #1451, #2832, #2044, #2480, #3653 ) ) ;
#2938 =( LENGTH_UNIT ( ) NAMED_UNIT ( * ) SI_UNIT ( .MILLI., .METRE. ) );
#2939 = LINE ( 'NONE', #2880, #3052 ) ;
#2940 = LINE ( 'NONE', #2075, #749 ) ;
#2941 = DIRECTION ( 'NONE',  ( -0.000000000000000000, 0.000000000000000000, 1.000000000000000000 ) ) ;
#2942 = CARTESIAN_POINT ( 'NONE',  ( -2.500000000000000000, 0.7800000000000000266, -2.999999999999999112 ) ) ;
#2943 = DIRECTION ( 'NONE',  ( 1.000000000000000000, 0.000000000000000000, 0.000000000000000000 ) ) ;
#2944 = ORIENTED_EDGE ( 'NONE', *, *, #192, .F. ) ;
#2945 = ORIENTED_EDGE ( 'NONE', *, *, #3652, .T. ) ;
#2946 =( LENGTH_UNIT ( ) NAMED_UNIT ( * ) SI_UNIT ( .MILLI., .METRE. ) );
#2947 = DIRECTION ( 'NONE',  ( 0.000000000000000000, 0.000000000000000000, -1.000000000000000000 ) ) ;
#2948 = SURFACE_STYLE_USAGE ( .BOTH. , #1886 ) ;
#2949 =( LENGTH_UNIT ( ) NAMED_UNIT ( * ) SI_UNIT ( .MILLI., .METRE. ) );
#2950 = EDGE_CURVE ( 'NONE', #1318, #2748, #1315, .T. ) ;
#2951 = ORIENTED_EDGE ( 'NONE', *, *, #2363, .F. ) ;
#2952 = ORIENTED_EDGE ( 'NONE', *, *, #328, .T. ) ;
#2953 = CARTESIAN_POINT ( 'NONE',  ( 0.4349999999999993872, -0.02000000000000000042, -3.016974666125779247 ) ) ;
#2954 = CARTESIAN_POINT ( 'NONE',  ( 1.400000000000000799, 0.1800000000000000211, -1.699999999999999956 ) ) ;
#2955 = SURFACE_STYLE_USAGE ( .BOTH. , #154 ) ;
#2956 = FACE_OUTER_BOUND ( 'NONE', #421, .T. ) ;
#2957 = EDGE_CURVE ( 'NONE', #907, #2758, #3610, .T. ) ;
#2958 = EDGE_LOOP ( 'NONE', ( #2911, #3540, #2893, #581, #1106, #2502 ) ) ;
#2959 = ORIENTED_EDGE ( 'NONE', *, *, #2668, .T. ) ;
#2960 = SURFACE_STYLE_USAGE ( .BOTH. , #639 ) ;
#2961 =( LENGTH_UNIT ( ) NAMED_UNIT ( * ) SI_UNIT ( .MILLI., .METRE. ) );
#2962 = CARTESIAN_POINT ( 'NONE',  ( 0.8350000000000000755, 0.000000000000000000, -2.999999999999999112 ) ) ;
#2963 =( LENGTH_UNIT ( ) NAMED_UNIT ( * ) SI_UNIT ( .MILLI., .METRE. ) );
#2964 = EDGE_CURVE ( 'NONE', #2201, #3460, #758, .T. ) ;
#2965 = VERTEX_POINT ( 'NONE', #2962 ) ;
#2966 = ORIENTED_EDGE ( 'NONE', *, *, #1126, .T. ) ;
#2967 = DIRECTION ( 'NONE',  ( 1.445602896647339163E-16, 0.000000000000000000, 1.000000000000000000 ) ) ;
#2968 = AXIS2_PLACEMENT_3D ( 'NONE', #669, #1828, #1788 ) ;
#2969 = LINE ( 'NONE', #3378, #496 ) ;
#2970 = VECTOR ( 'NONE', #3482, 1000.000000000000000 ) ;
#2971 = AXIS2_PLACEMENT_3D ( 'NONE', #320, #2652, #3197 ) ;
#2972 = DIRECTION ( 'NONE',  ( -0.000000000000000000, 1.000000000000000000, 0.000000000000000000 ) ) ;
#2973 = EDGE_CURVE ( 'NONE', #473, #2831, #3253, .T. ) ;
#2974 = PRESENTATION_LAYER_ASSIGNMENT (  '', '', ( #2793 ) ) ;
#2975 = MECHANICAL_DESIGN_GEOMETRIC_PRESENTATION_REPRESENTATION (  '', ( #2798 ), #540 ) ;
#2976 = AXIS2_PLACEMENT_3D ( 'NONE', #2839, #1441, #2569 ) ;
#2977 = CARTESIAN_POINT ( 'NONE',  ( -2.399999999999999467, 0.2500000000000000000, 2.335300964934520884 ) ) ;
#2978 = FACE_OUTER_BOUND ( 'NONE', #2432, .T. ) ;
#2979 = VECTOR ( 'NONE', #2612, 1000.000000000000000 ) ;
#2980 = FILL_AREA_STYLE ('',( #785 ) ) ;
#2981 = VECTOR ( 'NONE', #3421, 1000.000000000000000 ) ;
#2982 = ORIENTED_EDGE ( 'NONE', *, *, #1531, .F. ) ;
#2983 = ORIENTED_EDGE ( 'NONE', *, *, #2202, .F. ) ;
#2984 = VECTOR ( 'NONE', #206, 1000.000000000000000 ) ;
#2985 = LINE ( 'NONE', #3608, #2738 ) ;
#2986 = CARTESIAN_POINT ( 'NONE',  ( 0.6349999999999998979, -0.02000000000000000042, -2.700000000000000622 ) ) ;
#2987 =( NAMED_UNIT ( * ) PLANE_ANGLE_UNIT ( ) SI_UNIT ( $, .RADIAN. ) );
#2988 = DIRECTION ( 'NONE',  ( 0.000000000000000000, -1.000000000000000000, 0.000000000000000000 ) ) ;
#2989 = VERTEX_POINT ( 'NONE', #3006 ) ;
#2990 = ORIENTED_EDGE ( 'NONE', *, *, #3486, .T. ) ;
#2991 = AXIS2_PLACEMENT_3D ( 'NONE', #463, #1015, #3329 ) ;
#2992 = DIRECTION ( 'NONE',  ( 0.000000000000000000, 0.000000000000000000, -1.000000000000000000 ) ) ;
#2993 = CARTESIAN_POINT ( 'NONE',  ( 1.704999999999999849, -0.02000000000000000042, 3.016974666125779247 ) ) ;
#2994 = SURFACE_SIDE_STYLE ('',( #2648 ) ) ;
#2995 = UNCERTAINTY_MEASURE_WITH_UNIT (LENGTH_MEASURE( 1.000000000000000082E-05 ), #188, 'distance_accuracy_value', 'NONE');
#2996 = PLANE ( 'NONE',  #509 ) ;
#2997 = VECTOR ( 'NONE', #1116, 1000.000000000000000 ) ;
#2998 = PLANE ( 'NONE',  #18 ) ;
#2999 = PLANE ( 'NONE',  #620 ) ;
#3000 = FACE_OUTER_BOUND ( 'NONE', #2105, .T. ) ;
#3001 = EDGE_CURVE ( 'NONE', #907, #3228, #2177, .T. ) ;
#3002 = EDGE_LOOP ( 'NONE', ( #2524, #563, #2395, #444, #997, #1343 ) ) ;
#3003 = VERTEX_POINT ( 'NONE', #3326 ) ;
#3004 = PRESENTATION_STYLE_ASSIGNMENT (( #2415 ) ) ;
#3005 = FACE_OUTER_BOUND ( 'NONE', #2892, .T. ) ;
#3006 = CARTESIAN_POINT ( 'NONE',  ( -0.4350000000000000533, -0.02000000000000000042, -3.016974666125778359 ) ) ;
#3007 = EDGE_CURVE ( 'NONE', #1470, #2877, #1008, .T. ) ;
#3008 = ORIENTED_EDGE ( 'NONE', *, *, #3534, .F. ) ;
#3009 = VERTEX_POINT ( 'NONE', #716 ) ;
#3010 = PRESENTATION_STYLE_ASSIGNMENT (( #793 ) ) ;
#3011 = CARTESIAN_POINT ( 'NONE',  ( -0.6350000000000003419, -0.02000000000000000042, -2.700000000000001066 ) ) ;
#3012 = DIRECTION ( 'NONE',  ( 0.000000000000000000, -1.000000000000000000, 0.000000000000000000 ) ) ;
#3013 = FACE_OUTER_BOUND ( 'NONE', #2159, .T. ) ;
#3014 = ADVANCED_FACE ( 'NONE', ( #2696, #3594, #164 ), #1299, .F. ) ;
#3015 = LINE ( 'NONE', #1327, #1144 ) ;
#3016 =( NAMED_UNIT ( * ) SI_UNIT ( $, .STERADIAN. ) SOLID_ANGLE_UNIT ( ) );
#3017 = SURFACE_STYLE_USAGE ( .BOTH. , #769 ) ;
#3018 = ADVANCED_FACE ( 'NONE', ( #3649 ), #1637, .T. ) ;
#3019 = VERTEX_POINT ( 'NONE', #1104 ) ;
#3020 = EDGE_CURVE ( 'NONE', #771, #2357, #2270, .T. ) ;
#3021 = DIRECTION ( 'NONE',  ( -0.000000000000000000, -0.000000000000000000, 1.000000000000000000 ) ) ;
#3022 = CARTESIAN_POINT ( 'NONE',  ( 1.949999999999999512, 0.1800000000000000211, 1.550000000000000044 ) ) ;
#3023 = CARTESIAN_POINT ( 'NONE',  ( 1.705000000000000071, 0.000000000000000000, 2.700000000000000622 ) ) ;
#3024 = VERTEX_POINT ( 'NONE', #809 ) ;
#3025 = EDGE_CURVE ( 'NONE', #579, #1608, #3410, .T. ) ;
#3026 = ORIENTED_EDGE ( 'NONE', *, *, #171, .T. ) ;
#3027 = CARTESIAN_POINT ( 'NONE',  ( -2.399999999999999467, 0.000000000000000000, -1.445602896647339348E-17 ) ) ;
#3028 = CARTESIAN_POINT ( 'NONE',  ( -2.400000000000000355, 0.2500000000000000000, -2.335300964934519996 ) ) ;
#3029 = STYLED_ITEM ( 'NONE', ( #527 ), #2735 ) ;
#3030 = LINE ( 'NONE', #187, #2265 ) ;
#3031 = ORIENTED_EDGE ( 'NONE', *, *, #1401, .T. ) ;
#3032 = VECTOR ( 'NONE', #472, 1000.000000000000000 ) ;
#3033 = CARTESIAN_POINT ( 'NONE',  ( -2.400000000000000355, 0.2500000000000000000, -2.335300964934519996 ) ) ;
#3034 = AXIS2_PLACEMENT_3D ( 'NONE', #1200, #329, #51 ) ;
#3035 = VECTOR ( 'NONE', #2305, 1000.000000000000000 ) ;
#3036 = STYLED_ITEM ( 'NONE', ( #2478 ), #3318 ) ;
#3037 =( LENGTH_UNIT ( ) NAMED_UNIT ( * ) SI_UNIT ( .MILLI., .METRE. ) );
#3038 = AXIS2_PLACEMENT_3D ( 'NONE', #587, #2493, #1405 ) ;
#3039 = COLOUR_RGB ( '',0.2980392156862745057, 0.2980392156862745057, 0.2980392156862745057 ) ;
#3040 = PRESENTATION_LAYER_ASSIGNMENT (  '', '', ( #1445 ) ) ;
#3041 = ORIENTED_EDGE ( 'NONE', *, *, #3275, .F. ) ;
#3042 = LINE ( 'NONE', #2426, #741 ) ;
#3043 = AXIS2_PLACEMENT_3D ( 'NONE', #2267, #57, #3161 ) ;
#3044 = COLOUR_RGB ( '',0.6666666666666666297, 0.6980392156862744724, 0.7686274509803920907 ) ;
#3045 = ORIENTED_EDGE ( 'NONE', *, *, #1573, .F. ) ;
#3046 = VERTEX_POINT ( 'NONE', #2216 ) ;
#3047 = FACE_OUTER_BOUND ( 'NONE', #2347, .T. ) ;
#3048 = LINE ( 'NONE', #2148, #1971 ) ;
#3049 = MECHANICAL_DESIGN_GEOMETRIC_PRESENTATION_REPRESENTATION (  '', ( #2573 ), #2633 ) ;
#3050 = EDGE_CURVE ( 'NONE', #1193, #3255, #252, .T. ) ;
#3051 = LINE ( 'NONE', #2993, #1449 ) ;
#3052 = VECTOR ( 'NONE', #3498, 1000.000000000000000 ) ;
#3053 = CARTESIAN_POINT ( 'NONE',  ( -2.499999999999999112, 0.000000000000000000, 3.000000000000000888 ) ) ;
#3054 = PRESENTATION_LAYER_ASSIGNMENT (  '', '', ( #631 ) ) ;
#3055 = CARTESIAN_POINT ( 'NONE',  ( 0.4349999999999993872, 0.1800000000000000211, 3.016974666125779247 ) ) ;
#3056 = CARTESIAN_POINT ( 'NONE',  ( -0.4350000000000002753, 0.1800000000000000211, 2.700000000000001066 ) ) ;
#3057 = VERTEX_POINT ( 'NONE', #270 ) ;
#3058 = CARTESIAN_POINT ( 'NONE',  ( 1.600000000000000977, 0.000000000000000000, -1.700000000000000178 ) ) ;
#3059 = DIRECTION ( 'NONE',  ( 0.000000000000000000, 0.000000000000000000, -1.000000000000000000 ) ) ;
#3060 = ORIENTED_EDGE ( 'NONE', *, *, #3324, .T. ) ;
#3061 = ORIENTED_EDGE ( 'NONE', *, *, #848, .F. ) ;
#3062 = CARTESIAN_POINT ( 'NONE',  ( -1.949999999999999734, 0.1800000000000000211, -1.699999999999999956 ) ) ;
#3063 = DIRECTION ( 'NONE',  ( 0.000000000000000000, -1.000000000000000000, 0.000000000000000000 ) ) ;
#3064 = FILL_AREA_STYLE ('',( #2804 ) ) ;
#3065 = CARTESIAN_POINT ( 'NONE',  ( 1.704999999999999849, 0.000000000000000000, -2.999999999999999112 ) ) ;
#3066 = LINE ( 'NONE', #1645, #1254 ) ;
#3067 = EDGE_CURVE ( 'NONE', #3248, #1695, #561, .T. ) ;
#3068 = CYLINDRICAL_SURFACE ( 'NONE', #1134, 0.1499999999999999667 ) ;
#3069 = CARTESIAN_POINT ( 'NONE',  ( -2.499999999999999112, 0.1800000000000000488, 3.000000000000000888 ) ) ;
#3070 = CARTESIAN_POINT ( 'NONE',  ( 2.399999999999999467, 0.1499999999999999944, 2.085300964934520884 ) ) ;
#3071 = CARTESIAN_POINT ( 'NONE',  ( 2.400000000000000355, 0.2500000000000000000, -2.335300964934519996 ) ) ;
#3072 = PLANE ( 'NONE',  #143 ) ;
#3073 = DIRECTION ( 'NONE',  ( 0.000000000000000000, 0.000000000000000000, 1.000000000000000000 ) ) ;
#3074 = ORIENTED_EDGE ( 'NONE', *, *, #965, .F. ) ;
#3075 = ORIENTED_EDGE ( 'NONE', *, *, #1940, .F. ) ;
#3076 = CARTESIAN_POINT ( 'NONE',  ( -2.500000000000000000, 0.000000000000000000, -2.999999999999999112 ) ) ;
#3077 = LINE ( 'NONE', #3672, #2868 ) ;
#3078 = FACE_OUTER_BOUND ( 'NONE', #621, .T. ) ;
#3079 = CARTESIAN_POINT ( 'NONE',  ( 2.500000000000000000, 0.7800000000000000266, -2.999999999999999112 ) ) ;
#3080 = DIRECTION ( 'NONE',  ( 0.000000000000000000, 0.000000000000000000, -1.000000000000000000 ) ) ;
#3081 = EDGE_CURVE ( 'NONE', #1699, #1929, #2777, .T. ) ;
#3082 = COLOUR_RGB ( '',0.6666666666666666297, 0.6980392156862744724, 0.7686274509803920907 ) ;
#3083 = DIRECTION ( 'NONE',  ( -1.000000000000000000, -0.000000000000000000, 1.445602896647339163E-16 ) ) ;
#3084 = VECTOR ( 'NONE', #1725, 1000.000000000000000 ) ;
#3085 = VECTOR ( 'NONE', #2500, 1000.000000000000000 ) ;
#3086 = PRESENTATION_LAYER_ASSIGNMENT (  '', '', ( #1146 ) ) ;
#3087 = STYLED_ITEM ( 'NONE', ( #1868 ), #2527 ) ;
#3088 = VECTOR ( 'NONE', #586, 1000.000000000000000 ) ;
#3089 = MECHANICAL_DESIGN_GEOMETRIC_PRESENTATION_REPRESENTATION (  '', ( #2322 ), #610 ) ;
#3090 = DIRECTION ( 'NONE',  ( -1.000000000000000000, 0.000000000000000000, -0.000000000000000000 ) ) ;
#3091 = DIRECTION ( 'NONE',  ( -1.445602896647339163E-16, 0.000000000000000000, -1.000000000000000000 ) ) ;
#3092 = AXIS2_PLACEMENT_3D ( 'NONE', #3062, #3597, #1890 ) ;
#3093 = AXIS2_PLACEMENT_3D ( 'NONE', #182, #3272, #3537 ) ;
#3094 = ORIENTED_EDGE ( 'NONE', *, *, #2814, .F. ) ;
#3095 = AXIS2_PLACEMENT_3D ( 'NONE', #1130, #3680, #3107 ) ;
#3096 = ORIENTED_EDGE ( 'NONE', *, *, #1633, .F. ) ;
#3097 = CARTESIAN_POINT ( 'NONE',  ( -0.4350000000000002753, 0.000000000000000000, 2.700000000000001066 ) ) ;
#3098 = FILL_AREA_STYLE ('',( #1642 ) ) ;
#3099 = CARTESIAN_POINT ( 'NONE',  ( -2.400000000000000355, 0.2500000000000000000, -2.085300964934519996 ) ) ;
#3100 = VECTOR ( 'NONE', #1964, 1000.000000000000000 ) ;
#3101 = FILL_AREA_STYLE ('',( #1709 ) ) ;
#3102 = ORIENTED_EDGE ( 'NONE', *, *, #1257, .F. ) ;
#3103 = CARTESIAN_POINT ( 'NONE',  ( -2.399999999999999467, 0.2500000000000000000, 2.335300964934520884 ) ) ;
#3104 = VECTOR ( 'NONE', #3632, 1000.000000000000000 ) ;
#3105 = CARTESIAN_POINT ( 'NONE',  ( -1.705000000000000515, 0.7800000000000000266, 3.000000000000000888 ) ) ;
#3106 = DIRECTION ( 'NONE',  ( 0.000000000000000000, 0.000000000000000000, 1.000000000000000000 ) ) ;
#3107 = DIRECTION ( 'NONE',  ( 1.000000000000000000, 0.000000000000000000, 0.000000000000000000 ) ) ;
#3108 = STYLED_ITEM ( 'NONE', ( #110 ), #2009 ) ;
#3109 = CARTESIAN_POINT ( 'NONE',  ( -2.499999999999999112, 0.000000000000000000, 3.000000000000000888 ) ) ;
#3110 = EDGE_CURVE ( 'NONE', #584, #1591, #2, .T. ) ;
#3111 = FACE_OUTER_BOUND ( 'NONE', #291, .T. ) ;
#3112 = VERTEX_POINT ( 'NONE', #1133 ) ;
#3113 = ORIENTED_EDGE ( 'NONE', *, *, #155, .F. ) ;
#3114 = DIRECTION ( 'NONE',  ( 0.000000000000000000, -1.000000000000000000, 0.000000000000000000 ) ) ;
#3115 = SURFACE_STYLE_FILL_AREA ( #3098 ) ;
#3116 = SURFACE_STYLE_FILL_AREA ( #275 ) ;
#3117 = SURFACE_SIDE_STYLE ('',( #1400 ) ) ;
#3118 = ORIENTED_EDGE ( 'NONE', *, *, #539, .T. ) ;
#3119 =( NAMED_UNIT ( * ) PLANE_ANGLE_UNIT ( ) SI_UNIT ( $, .RADIAN. ) );
#3120 = EDGE_CURVE ( 'NONE', #2139, #1640, #852, .T. ) ;
#3121 =( NAMED_UNIT ( * ) PLANE_ANGLE_UNIT ( ) SI_UNIT ( $, .RADIAN. ) );
#3122 = EDGE_CURVE ( 'NONE', #1699, #3248, #1969, .T. ) ;
#3123 = LINE ( 'NONE', #691, #1947 ) ;
#3124 = FACE_OUTER_BOUND ( 'NONE', #1191, .T. ) ;
#3125 = ADVANCED_BREP_SHAPE_REPRESENTATION ( 'ST4SI3M004600HFW', ( #24, #3586 ), #149 ) ;
#3126 = EDGE_CURVE ( 'NONE', #3019, #3057, #1985, .T. ) ;
#3127 = ORIENTED_EDGE ( 'NONE', *, *, #1689, .T. ) ;
#3128 = EDGE_LOOP ( 'NONE', ( #107, #3155, #2982, #697 ) ) ;
#3129 = SURFACE_STYLE_FILL_AREA ( #1989 ) ;
#3130 = SURFACE_STYLE_USAGE ( .BOTH. , #641 ) ;
#3131 = FILL_AREA_STYLE ('',( #30 ) ) ;
#3132 = FILL_AREA_STYLE_COLOUR ( '', #3039 ) ;
#3133 = DIRECTION ( 'NONE',  ( 0.000000000000000000, 1.000000000000000000, 0.000000000000000000 ) ) ;
#3134 = ORIENTED_EDGE ( 'NONE', *, *, #2461, .F. ) ;
#3135 = DIRECTION ( 'NONE',  ( 1.000000000000000000, 0.000000000000000000, -0.000000000000000000 ) ) ;
#3136 = UNCERTAINTY_MEASURE_WITH_UNIT (LENGTH_MEASURE( 1.000000000000000082E-05 ), #1407, 'distance_accuracy_value', 'NONE');
#3137 = DIRECTION ( 'NONE',  ( 0.000000000000000000, -1.000000000000000000, 0.000000000000000000 ) ) ;
#3138 = SURFACE_STYLE_FILL_AREA ( #15 ) ;
#3139 = SURFACE_STYLE_FILL_AREA ( #36 ) ;
#3140 = UNCERTAINTY_MEASURE_WITH_UNIT (LENGTH_MEASURE( 1.000000000000000082E-05 ), #3037, 'distance_accuracy_value', 'NONE');
#3141 = SURFACE_SIDE_STYLE ('',( #2829 ) ) ;
#3142 = MECHANICAL_DESIGN_GEOMETRIC_PRESENTATION_REPRESENTATION (  '', ( #1655 ), #3333 ) ;
#3143 = STYLED_ITEM ( 'NONE', ( #1448 ), #3190 ) ;
#3144 = STYLED_ITEM ( 'NONE', ( #1288 ), #717 ) ;
#3145 = ORIENTED_EDGE ( 'NONE', *, *, #751, .T. ) ;
#3146 = ORIENTED_EDGE ( 'NONE', *, *, #1512, .F. ) ;
#3147 =( NAMED_UNIT ( * ) PLANE_ANGLE_UNIT ( ) SI_UNIT ( $, .RADIAN. ) );
#3148 = COLOUR_RGB ( '',0.6666666666666666297, 0.6980392156862744724, 0.7686274509803920907 ) ;
#3149 = CARTESIAN_POINT ( 'NONE',  ( -1.705000000000000515, 0.1800000000000000211, -3.016974666125778803 ) ) ;
#3150 = VECTOR ( 'NONE', #2727, 1000.000000000000000 ) ;
#3151 = DIRECTION ( 'NONE',  ( 0.000000000000000000, -1.000000000000000000, 0.000000000000000000 ) ) ;
#3152 = MECHANICAL_DESIGN_GEOMETRIC_PRESENTATION_REPRESENTATION (  '', ( #614 ), #2081 ) ;
#3153 = EDGE_CURVE ( 'NONE', #3295, #3328, #2521, .T. ) ;
#3154 = FILL_AREA_STYLE_COLOUR ( '', #2862 ) ;
#3155 = ORIENTED_EDGE ( 'NONE', *, *, #2317, .T. ) ;
#3156 = SURFACE_STYLE_FILL_AREA ( #2015 ) ;
#3157 = AXIS2_PLACEMENT_3D ( 'NONE', #1019, #1294, #3487 ) ;
#3158 = PRESENTATION_STYLE_ASSIGNMENT (( #632 ) ) ;
#3159 = DIRECTION ( 'NONE',  ( -1.000000000000000000, -0.000000000000000000, -0.000000000000000000 ) ) ;
#3160 =( NAMED_UNIT ( * ) SI_UNIT ( $, .STERADIAN. ) SOLID_ANGLE_UNIT ( ) );
#3161 = DIRECTION ( 'NONE',  ( 0.000000000000000000, -0.000000000000000000, -1.000000000000000000 ) ) ;
#3162 = DIRECTION ( 'NONE',  ( 0.000000000000000000, 0.000000000000000000, -1.000000000000000000 ) ) ;
#3163 = CARTESIAN_POINT ( 'NONE',  ( 0.8350000000000000755, -0.02000000000000000042, 3.016974666125779247 ) ) ;
#3164 = SURFACE_STYLE_FILL_AREA ( #2902 ) ;
#3165 = VECTOR ( 'NONE', #47, 1000.000000000000000 ) ;
#3166 = EDGE_CURVE ( 'NONE', #2201, #2965, #2231, .T. ) ;
#3167 = ORIENTED_EDGE ( 'NONE', *, *, #1527, .F. ) ;
#3168 = ORIENTED_EDGE ( 'NONE', *, *, #580, .F. ) ;
#3169 =( LENGTH_UNIT ( ) NAMED_UNIT ( * ) SI_UNIT ( .MILLI., .METRE. ) );
#3170 = CARTESIAN_POINT ( 'NONE',  ( -2.499999999999999112, 0.000000000000000000, 3.000000000000000888 ) ) ;
#3171 = ORIENTED_EDGE ( 'NONE', *, *, #398, .F. ) ;
#3172 = ORIENTED_EDGE ( 'NONE', *, *, #1316, .F. ) ;
#3173 = EDGE_CURVE ( 'NONE', #3112, #2124, #1427, .T. ) ;
#3174 = ORIENTED_EDGE ( 'NONE', *, *, #3676, .T. ) ;
#3175 = UNCERTAINTY_MEASURE_WITH_UNIT (LENGTH_MEASURE( 1.000000000000000082E-05 ), #257, 'distance_accuracy_value', 'NONE');
#3176 = FILL_AREA_STYLE_COLOUR ( '', #2137 ) ;
#3177 = LINE ( 'NONE', #1643, #3468 ) ;
#3178 = DIRECTION ( 'NONE',  ( -0.000000000000000000, -1.000000000000000000, -0.000000000000000000 ) ) ;
#3179 = EDGE_CURVE ( 'NONE', #2775, #2989, #617, .T. ) ;
#3180 = CARTESIAN_POINT ( 'NONE',  ( 0.4349999999999993872, -0.02000000000000000042, -3.016974666125779247 ) ) ;
#3181 = PLANE ( 'NONE',  #85 ) ;
#3182 = ORIENTED_EDGE ( 'NONE', *, *, #1673, .F. ) ;
#3183 = LINE ( 'NONE', #3509, #3643 ) ;
#3184 = DIRECTION ( 'NONE',  ( -0.000000000000000000, -0.000000000000000000, 1.000000000000000000 ) ) ;
#3185 = CARTESIAN_POINT ( 'NONE',  ( 2.399999999999999467, 0.1499999999999999944, 2.335300964934520884 ) ) ;
#3186 = FILL_AREA_STYLE ('',( #2430 ) ) ;
#3187 = ORIENTED_EDGE ( 'NONE', *, *, #622, .F. ) ;
#3188 = VERTEX_POINT ( 'NONE', #41 ) ;
#3189 = LINE ( 'NONE', #918, #1968 ) ;
#3190 = ADVANCED_FACE ( 'NONE', ( #2060 ), #1242, .T. ) ;
#3191 = SURFACE_STYLE_FILL_AREA ( #630 ) ;
#3192 = SURFACE_SIDE_STYLE ('',( #3484 ) ) ;
#3193 = SURFACE_STYLE_FILL_AREA ( #1224 ) ;
#3194 =( NAMED_UNIT ( * ) SI_UNIT ( $, .STERADIAN. ) SOLID_ANGLE_UNIT ( ) );
#3195 = CARTESIAN_POINT ( 'NONE',  ( -2.500000000000000000, 0.2500000000000000000, -2.335300964934519996 ) ) ;
#3196 = DIRECTION ( 'NONE',  ( 0.000000000000000000, 0.000000000000000000, -1.000000000000000000 ) ) ;
#3197 = DIRECTION ( 'NONE',  ( 2.797941090285175055E-16, 0.000000000000000000, -1.000000000000000000 ) ) ;
#3198 = PRESENTATION_LAYER_ASSIGNMENT (  '', '', ( #3271 ) ) ;
#3199 = EDGE_CURVE ( 'NONE', #1525, #2180, #3490, .T. ) ;
#3200 = VERTEX_POINT ( 'NONE', #2607 ) ;
#3201 = FILL_AREA_STYLE ('',( #1263 ) ) ;
#3202 = DIRECTION ( 'NONE',  ( -1.000000000000000000, -0.000000000000000000, 1.445602896647339163E-16 ) ) ;
#3203 = CARTESIAN_POINT ( 'NONE',  ( 1.704999999999999849, 0.1800000000000000211, -3.016974666125779247 ) ) ;
#3204 = ADVANCED_FACE ( 'NONE', ( #2042 ), #3181, .T. ) ;
#3205 = AXIS2_PLACEMENT_3D ( 'NONE', #1670, #263, #2152 ) ;
#3206 = VECTOR ( 'NONE', #3505, 1000.000000000000000 ) ;
#3207 = PRESENTATION_LAYER_ASSIGNMENT (  '', '', ( #1378 ) ) ;
#3208 =( NAMED_UNIT ( * ) SI_UNIT ( $, .STERADIAN. ) SOLID_ANGLE_UNIT ( ) );
#3209 = ORIENTED_EDGE ( 'NONE', *, *, #1270, .T. ) ;
#3210 = PRESENTATION_LAYER_ASSIGNMENT (  '', '', ( #845 ) ) ;
#3211 = EDGE_LOOP ( 'NONE', ( #1491, #728, #2535, #3554 ) ) ;
#3212 = VECTOR ( 'NONE', #1266, 1000.000000000000000 ) ;
#3213 = CARTESIAN_POINT ( 'NONE',  ( 1.904999999999999805, -0.02000000000000000042, -2.700000000000000622 ) ) ;
#3214 = FILL_AREA_STYLE_COLOUR ( '', #1390 ) ;
#3215 =( GEOMETRIC_REPRESENTATION_CONTEXT ( 3 ) GLOBAL_UNCERTAINTY_ASSIGNED_CONTEXT ( ( #74 ) ) GLOBAL_UNIT_ASSIGNED_CONTEXT ( ( #3613, #526, #3628 ) ) REPRESENTATION_CONTEXT ( 'NONE', 'WORKASPACE' ) );
#3216 = PRESENTATION_LAYER_ASSIGNMENT (  '', '', ( #2200 ) ) ;
#3217 = PLANE ( 'NONE',  #3522 ) ;
#3218 = FACE_OUTER_BOUND ( 'NONE', #3607, .T. ) ;
#3219 = UNCERTAINTY_MEASURE_WITH_UNIT (LENGTH_MEASURE( 1.000000000000000082E-05 ), #3301, 'distance_accuracy_value', 'NONE');
#3220 = FILL_AREA_STYLE ('',( #2117 ) ) ;
#3221 = AXIS2_PLACEMENT_3D ( 'NONE', #3605, #1881, #817 ) ;
#3222 = DIRECTION ( 'NONE',  ( -0.000000000000000000, -0.000000000000000000, -1.000000000000000000 ) ) ;
#3223 = EDGE_CURVE ( 'NONE', #913, #1269, #1749, .T. ) ;
#3224 = VECTOR ( 'NONE', #3615, 1000.000000000000000 ) ;
#3225 = LINE ( 'NONE', #692, #79 ) ;
#3226 = FACE_OUTER_BOUND ( 'NONE', #2219, .T. ) ;
#3227 = AXIS2_PLACEMENT_3D ( 'NONE', #1671, #2283, #2530 ) ;
#3228 = VERTEX_POINT ( 'NONE', #1209 ) ;
#3229 = ORIENTED_EDGE ( 'NONE', *, *, #3122, .F. ) ;
#3230 = DIRECTION ( 'NONE',  ( -1.000000000000000000, 0.000000000000000000, 0.000000000000000000 ) ) ;
#3231 = CARTESIAN_POINT ( 'NONE',  ( 2.399999999999999467, 0.1499999999999999944, 2.335300964934520884 ) ) ;
#3232 =( LENGTH_UNIT ( ) NAMED_UNIT ( * ) SI_UNIT ( .MILLI., .METRE. ) );
#3233 = CIRCLE ( 'NONE', #2095, 0.2000000000000000944 ) ;
#3234 = CARTESIAN_POINT ( 'NONE',  ( 2.400000000000000355, 0.2500000000000000000, -2.335300964934519996 ) ) ;
#3235 = VERTEX_POINT ( 'NONE', #2339 ) ;
#3236 = EDGE_CURVE ( 'NONE', #3228, #595, #3473, .T. ) ;
#3237 = ORIENTED_EDGE ( 'NONE', *, *, #2178, .F. ) ;
#3238 = LINE ( 'NONE', #94, #899 ) ;
#3239 =( NAMED_UNIT ( * ) SI_UNIT ( $, .STERADIAN. ) SOLID_ANGLE_UNIT ( ) );
#3240 = PLANE ( 'NONE',  #1388 ) ;
#3241 = SURFACE_STYLE_FILL_AREA ( #1518 ) ;
#3242 = CARTESIAN_POINT ( 'NONE',  ( 2.099999999999999645, -0.02000000000000000042, 1.549999999999998934 ) ) ;
#3243 =( NAMED_UNIT ( * ) SI_UNIT ( $, .STERADIAN. ) SOLID_ANGLE_UNIT ( ) );
#3244 = CARTESIAN_POINT ( 'NONE',  ( -1.705000000000000515, 0.1800000000000000211, -2.999999999999999112 ) ) ;
#3245 = FILL_AREA_STYLE ('',( #433 ) ) ;
#3246 = FILL_AREA_STYLE_COLOUR ( '', #968 ) ;
#3247 = ADVANCED_FACE ( 'NONE', ( #2956 ), #2998, .T. ) ;
#3248 = VERTEX_POINT ( 'NONE', #2977 ) ;
#3249 = ORIENTED_EDGE ( 'NONE', *, *, #3120, .T. ) ;
#3250 = ORIENTED_EDGE ( 'NONE', *, *, #864, .F. ) ;
#3251 = CARTESIAN_POINT ( 'NONE',  ( 0.8350000000000000755, 0.1800000000000000211, 3.016974666125779247 ) ) ;
#3252 = SURFACE_SIDE_STYLE ('',( #2107 ) ) ;
#3253 = LINE ( 'NONE', #1561, #311 ) ;
#3254 = DIRECTION ( 'NONE',  ( -6.840938966745610221E-16, 0.000000000000000000, 1.000000000000000000 ) ) ;
#3255 = VERTEX_POINT ( 'NONE', #3242 ) ;
#3256 = DIRECTION ( 'NONE',  ( -1.000000000000000000, -0.000000000000000000, -0.000000000000000000 ) ) ;
#3257 = PLANE ( 'NONE',  #1678 ) ;
#3258 = ADVANCED_FACE ( 'NONE', ( #958 ), #2154, .T. ) ;
#3259 = DIRECTION ( 'NONE',  ( 1.445602896647339163E-16, 0.000000000000000000, 1.000000000000000000 ) ) ;
#3260 = SURFACE_STYLE_USAGE ( .BOTH. , #3192 ) ;
#3261 = PRESENTATION_STYLE_ASSIGNMENT (( #2097 ) ) ;
#3262 = UNCERTAINTY_MEASURE_WITH_UNIT (LENGTH_MEASURE( 1.000000000000000082E-05 ), #1763, 'distance_accuracy_value', 'NONE');
#3263 = ADVANCED_FACE ( 'NONE', ( #3545 ), #2707, .F. ) ;
#3264 = PLANE ( 'NONE',  #393 ) ;
#3265 = CARTESIAN_POINT ( 'NONE',  ( 2.104999999999999094, 0.1800000000000000211, 2.700000000000000622 ) ) ;
#3266 = ORIENTED_EDGE ( 'NONE', *, *, #2325, .T. ) ;
#3267 = ORIENTED_EDGE ( 'NONE', *, *, #2605, .F. ) ;
#3268 = CARTESIAN_POINT ( 'NONE',  ( -1.705000000000000515, -0.02000000000000000042, 3.016974666125778803 ) ) ;
#3269 = PLANE ( 'NONE',  #2213 ) ;
#3270 = VECTOR ( 'NONE', #939, 1000.000000000000000 ) ;
#3271 = STYLED_ITEM ( 'NONE', ( #7 ), #2783 ) ;
#3272 = DIRECTION ( 'NONE',  ( 0.000000000000000000, -1.000000000000000000, 0.000000000000000000 ) ) ;
#3273 = ORIENTED_EDGE ( 'NONE', *, *, #1304, .T. ) ;
#3274 = ORIENTED_EDGE ( 'NONE', *, *, #1238, .T. ) ;
#3275 = EDGE_CURVE ( 'NONE', #1394, #2698, #3319, .T. ) ;
#3276 = AXIS2_PLACEMENT_3D ( 'NONE', #3558, #3502, #690 ) ;
#3277 = LINE ( 'NONE', #744, #1918 ) ;
#3278 = VECTOR ( 'NONE', #1029, 1000.000000000000000 ) ;
#3279 =( GEOMETRIC_REPRESENTATION_CONTEXT ( 3 ) GLOBAL_UNCERTAINTY_ASSIGNED_CONTEXT ( ( #1186 ) ) GLOBAL_UNIT_ASSIGNED_CONTEXT ( ( #743, #2644, #937 ) ) REPRESENTATION_CONTEXT ( 'NONE', 'WORKASPACE' ) );
#3280 = COLOUR_RGB ( '',0.6666666666666666297, 0.6980392156862744724, 0.7686274509803920907 ) ;
#3281 = MECHANICAL_DESIGN_GEOMETRIC_PRESENTATION_REPRESENTATION (  '', ( #677 ), #2321 ) ;
#3282 = CARTESIAN_POINT ( 'NONE',  ( -2.400000000000000355, 0.1499999999999999944, -2.335300964934519996 ) ) ;
#3283 = CARTESIAN_POINT ( 'NONE',  ( -0.8350000000000006306, 0.1800000000000000211, 3.016974666125778359 ) ) ;
#3284 = CIRCLE ( 'NONE', #967, 0.1999999999999996503 ) ;
#3285 =( NAMED_UNIT ( * ) SI_UNIT ( $, .STERADIAN. ) SOLID_ANGLE_UNIT ( ) );
#3286 = FACE_OUTER_BOUND ( 'NONE', #1428, .T. ) ;
#3287 = DIRECTION ( 'NONE',  ( -1.000000000000000000, -0.000000000000000000, 1.445602896647339163E-16 ) ) ;
#3288 = ORIENTED_EDGE ( 'NONE', *, *, #2391, .T. ) ;
#3289 = ORIENTED_EDGE ( 'NONE', *, *, #2465, .T. ) ;
#3290 = VECTOR ( 'NONE', #1072, 1000.000000000000000 ) ;
#3291 =( NAMED_UNIT ( * ) PLANE_ANGLE_UNIT ( ) SI_UNIT ( $, .RADIAN. ) );
#3292 = PLANE ( 'NONE',  #165 ) ;
#3293 = DIRECTION ( 'NONE',  ( -0.000000000000000000, 1.000000000000000000, -0.000000000000000000 ) ) ;
#3294 = CARTESIAN_POINT ( 'NONE',  ( 2.104999999999999094, -0.02000000000000000042, -3.016974666125779247 ) ) ;
#3295 = VERTEX_POINT ( 'NONE', #2772 ) ;
#3296 = ORIENTED_EDGE ( 'NONE', *, *, #2169, .F. ) ;
#3297 = DIRECTION ( 'NONE',  ( 0.000000000000000000, 1.000000000000000000, 0.000000000000000000 ) ) ;
#3298 = CARTESIAN_POINT ( 'NONE',  ( 2.499999999999999112, 0.1499999999999999944, 2.085300964934520884 ) ) ;
#3299 = EDGE_CURVE ( 'NONE', #2180, #1856, #2188, .T. ) ;
#3300 = MECHANICAL_DESIGN_GEOMETRIC_PRESENTATION_REPRESENTATION (  '', ( #1460 ), #106 ) ;
#3301 =( LENGTH_UNIT ( ) NAMED_UNIT ( * ) SI_UNIT ( .MILLI., .METRE. ) );
#3302 = DIRECTION ( 'NONE',  ( 0.000000000000000000, 1.000000000000000000, 0.000000000000000000 ) ) ;
#3303 = EDGE_CURVE ( 'NONE', #1136, #2138, #1367, .T. ) ;
#3304 =( NAMED_UNIT ( * ) PLANE_ANGLE_UNIT ( ) SI_UNIT ( $, .RADIAN. ) );
#3305 = FILL_AREA_STYLE_COLOUR ( '', #2199 ) ;
#3306 = ADVANCED_FACE ( 'NONE', ( #298 ), #2490, .T. ) ;
#3307 = ORIENTED_EDGE ( 'NONE', *, *, #1123, .T. ) ;
#3308 = LINE ( 'NONE', #1006, #2327 ) ;
#3309 = SURFACE_STYLE_FILL_AREA ( #2161 ) ;
#3310 =( LENGTH_UNIT ( ) NAMED_UNIT ( * ) SI_UNIT ( .MILLI., .METRE. ) );
#3311 = ORIENTED_EDGE ( 'NONE', *, *, #2068, .F. ) ;
#3312 = ORIENTED_EDGE ( 'NONE', *, *, #1767, .F. ) ;
#3313 = CARTESIAN_POINT ( 'NONE',  ( 1.800000000000000933, -0.02000000000000000042, -1.699999999999999956 ) ) ;
#3314 =( LENGTH_UNIT ( ) NAMED_UNIT ( * ) SI_UNIT ( .MILLI., .METRE. ) );
#3315 = PLANE ( 'NONE',  #1777 ) ;
#3316 = VERTEX_POINT ( 'NONE', #3640 ) ;
#3317 = DIRECTION ( 'NONE',  ( 0.000000000000000000, 1.000000000000000000, 0.000000000000000000 ) ) ;
#3318 = ADVANCED_FACE ( 'NONE', ( #1098 ), #1113, .T. ) ;
#3319 = LINE ( 'NONE', #3069, #1665 ) ;
#3320 = FACE_OUTER_BOUND ( 'NONE', #254, .T. ) ;
#3321 = CARTESIAN_POINT ( 'NONE',  ( -1.705000000000000515, -0.02000000000000000042, -2.700000000000000622 ) ) ;
#3322 = EDGE_CURVE ( 'NONE', #3328, #505, #1127, .T. ) ;
#3323 = ORIENTED_EDGE ( 'NONE', *, *, #2539, .F. ) ;
#3324 = EDGE_CURVE ( 'NONE', #1608, #3019, #1461, .T. ) ;
#3325 =( LENGTH_UNIT ( ) NAMED_UNIT ( * ) SI_UNIT ( .MILLI., .METRE. ) );
#3326 = CARTESIAN_POINT ( 'NONE',  ( -2.105000000000000426, -0.02000000000000000042, 3.016974666125778803 ) ) ;
#3327 = ORIENTED_EDGE ( 'NONE', *, *, #935, .F. ) ;
#3328 = VERTEX_POINT ( 'NONE', #2259 ) ;
#3329 = DIRECTION ( 'NONE',  ( 0.000000000000000000, 0.000000000000000000, -1.000000000000000000 ) ) ;
#3330 = FACE_OUTER_BOUND ( 'NONE', #2937, .T. ) ;
#3331 = LINE ( 'NONE', #3282, #1798 ) ;
#3332 = ORIENTED_EDGE ( 'NONE', *, *, #1167, .T. ) ;
#3333 =( GEOMETRIC_REPRESENTATION_CONTEXT ( 3 ) GLOBAL_UNCERTAINTY_ASSIGNED_CONTEXT ( ( #2995 ) ) GLOBAL_UNIT_ASSIGNED_CONTEXT ( ( #188, #748, #3194 ) ) REPRESENTATION_CONTEXT ( 'NONE', 'WORKASPACE' ) );
#3334 = COLOUR_RGB ( '',0.6666666666666666297, 0.6980392156862744724, 0.7686274509803920907 ) ;
#3335 = LINE ( 'NONE', #229, #3388 ) ;
#3336 = CARTESIAN_POINT ( 'NONE',  ( 1.949999999999998401, -0.02000000000000000042, 1.699999999999999956 ) ) ;
#3337 = VECTOR ( 'NONE', #829, 1000.000000000000000 ) ;
#3338 = COLOUR_RGB ( '',0.2980392156862745057, 0.2980392156862745057, 0.2980392156862745057 ) ;
#3339 = SURFACE_SIDE_STYLE ('',( #770 ) ) ;
#3340 =( GEOMETRIC_REPRESENTATION_CONTEXT ( 3 ) GLOBAL_UNCERTAINTY_ASSIGNED_CONTEXT ( ( #2057 ) ) GLOBAL_UNIT_ASSIGNED_CONTEXT ( ( #872, #1660, #2537 ) ) REPRESENTATION_CONTEXT ( 'NONE', 'WORKASPACE' ) );
#3341 = VECTOR ( 'NONE', #3287, 1000.000000000000000 ) ;
#3342 = ADVANCED_FACE ( 'NONE', ( #2545 ), #2600, .T. ) ;
#3343 = VERTEX_POINT ( 'NONE', #2881 ) ;
#3344 = VECTOR ( 'NONE', #3360, 1000.000000000000000 ) ;
#3345 = FACE_OUTER_BOUND ( 'NONE', #453, .T. ) ;
#3346 = DIRECTION ( 'NONE',  ( 0.000000000000000000, -1.000000000000000000, 0.000000000000000000 ) ) ;
#3347 = EDGE_CURVE ( 'NONE', #1950, #2349, #2586, .T. ) ;
#3348 = AXIS2_PLACEMENT_3D ( 'NONE', #1611, #1862, #2185 ) ;
#3349 = ORIENTED_EDGE ( 'NONE', *, *, #1241, .T. ) ;
#3350 = ORIENTED_EDGE ( 'NONE', *, *, #3347, .F. ) ;
#3351 =( NAMED_UNIT ( * ) PLANE_ANGLE_UNIT ( ) SI_UNIT ( $, .RADIAN. ) );
#3352 = CARTESIAN_POINT ( 'NONE',  ( 1.704999999999999849, 0.1800000000000000211, -3.016974666125779247 ) ) ;
#3353 = VECTOR ( 'NONE', #3302, 1000.000000000000000 ) ;
#3354 = ADVANCED_FACE ( 'NONE', ( #2019 ), #348, .T. ) ;
#3355 = LINE ( 'NONE', #1913, #3290 ) ;
#3356 = AXIS2_PLACEMENT_3D ( 'NONE', #1839, #2967, #1566 ) ;
#3357 = CARTESIAN_POINT ( 'NONE',  ( 2.400000000000000355, 0.1499999999999999944, -2.335300964934519996 ) ) ;
#3358 = AXIS2_PLACEMENT_3D ( 'NONE', #1160, #1121, #241 ) ;
#3359 = FILL_AREA_STYLE_COLOUR ( '', #440 ) ;
#3360 = DIRECTION ( 'NONE',  ( 1.000000000000000000, -0.000000000000000000, 1.445602896647339163E-16 ) ) ;
#3361 = CARTESIAN_POINT ( 'NONE',  ( -0.8350000000000006306, -0.02000000000000000042, -3.016974666125778359 ) ) ;
#3362 = PRESENTATION_LAYER_ASSIGNMENT (  '', '', ( #1340 ) ) ;
#3363 = VERTEX_POINT ( 'NONE', #34 ) ;
#3364 = CARTESIAN_POINT ( 'NONE',  ( 1.704999999999999849, 0.1800000000000000211, 3.016974666125779247 ) ) ;
#3365 = EDGE_CURVE ( 'NONE', #2125, #1193, #20, .T. ) ;
#3366 = ORIENTED_EDGE ( 'NONE', *, *, #1552, .T. ) ;
#3367 = ORIENTED_EDGE ( 'NONE', *, *, #2544, .T. ) ;
#3368 = PLANE ( 'NONE',  #972 ) ;
#3369 = CARTESIAN_POINT ( 'NONE',  ( 2.104999999999999094, 0.000000000000000000, 2.700000000000000622 ) ) ;
#3370 = DIRECTION ( 'NONE',  ( 0.000000000000000000, 1.000000000000000000, 0.000000000000000000 ) ) ;
#3371 = FILL_AREA_STYLE ('',( #3154 ) ) ;
#3372 = DIRECTION ( 'NONE',  ( 0.000000000000000000, 0.000000000000000000, 1.000000000000000000 ) ) ;
#3373 = CARTESIAN_POINT ( 'NONE',  ( 0.8350000000000000755, 0.000000000000000000, 0.000000000000000000 ) ) ;
#3374 = VERTEX_POINT ( 'NONE', #3437 ) ;
#3375 = ORIENTED_EDGE ( 'NONE', *, *, #649, .F. ) ;
#3376 = CARTESIAN_POINT ( 'NONE',  ( 0.4349999999999991651, 0.7800000000000000266, 3.000000000000000888 ) ) ;
#3377 =( LENGTH_UNIT ( ) NAMED_UNIT ( * ) SI_UNIT ( .MILLI., .METRE. ) );
#3378 = CARTESIAN_POINT ( 'NONE',  ( 2.499999999999999112, 0.1499999999999999944, 2.335300964934520884 ) ) ;
#3379 = EDGE_LOOP ( 'NONE', ( #3645, #308, #1799, #3596 ) ) ;
#3380 = LINE ( 'NONE', #2894, #1951 ) ;
#3381 = CARTESIAN_POINT ( 'NONE',  ( 1.949999999999999289, 0.1800000000000000211, -1.699999999999999956 ) ) ;
#3382 = APPLICATION_PROTOCOL_DEFINITION ( 'draft international standard', 'automotive_design', 1998, #3564 ) ;
#3383 =( GEOMETRIC_REPRESENTATION_CONTEXT ( 3 ) GLOBAL_UNCERTAINTY_ASSIGNED_CONTEXT ( ( #2289 ) ) GLOBAL_UNIT_ASSIGNED_CONTEXT ( ( #3582, #130, #3616 ) ) REPRESENTATION_CONTEXT ( 'NONE', 'WORKASPACE' ) );
#3384 =( GEOMETRIC_REPRESENTATION_CONTEXT ( 3 ) GLOBAL_UNCERTAINTY_ASSIGNED_CONTEXT ( ( #2771 ) ) GLOBAL_UNIT_ASSIGNED_CONTEXT ( ( #413, #2302, #607 ) ) REPRESENTATION_CONTEXT ( 'NONE', 'WORKASPACE' ) );
#3385 = PRESENTATION_LAYER_ASSIGNMENT (  '', '', ( #80 ) ) ;
#3386 = EDGE_CURVE ( 'NONE', #3009, #304, #892, .T. ) ;
#3387 = EDGE_CURVE ( 'NONE', #1800, #3460, #1290, .T. ) ;
#3388 = VECTOR ( 'NONE', #1632, 1000.000000000000000 ) ;
#3389 = VECTOR ( 'NONE', #1522, 1000.000000000000000 ) ;
#3390 = MECHANICAL_DESIGN_GEOMETRIC_PRESENTATION_REPRESENTATION (  '', ( #1206 ), #2252 ) ;
#3391 = AXIS2_PLACEMENT_3D ( 'NONE', #2263, #878, #284 ) ;
#3392 = ORIENTED_EDGE ( 'NONE', *, *, #2363, .T. ) ;
#3393 = DIRECTION ( 'NONE',  ( 0.000000000000000000, -1.000000000000000000, 0.000000000000000000 ) ) ;
#3394 = PRESENTATION_LAYER_ASSIGNMENT (  '', '', ( #1321 ) ) ;
#3395 = ORIENTED_EDGE ( 'NONE', *, *, #2544, .F. ) ;
#3396 = ORIENTED_EDGE ( 'NONE', *, *, #1238, .F. ) ;
#3397 = PLANE ( 'NONE',  #1667 ) ;
#3398 = SURFACE_STYLE_FILL_AREA ( #3131 ) ;
#3399 = STYLED_ITEM ( 'NONE', ( #3158 ), #1214 ) ;
#3400 = CARTESIAN_POINT ( 'NONE',  ( 0.6349999999999998979, -0.02000000000000000042, 2.700000000000000622 ) ) ;
#3401 = ORIENTED_EDGE ( 'NONE', *, *, #1648, .F. ) ;
#3402 = LINE ( 'NONE', #2585, #3578 ) ;
#3403 =( LENGTH_UNIT ( ) NAMED_UNIT ( * ) SI_UNIT ( .MILLI., .METRE. ) );
#3404 = CIRCLE ( 'NONE', #3227, 0.2000000000000000944 ) ;
#3405 = CARTESIAN_POINT ( 'NONE',  ( 1.704999999999999849, -0.02000000000000000042, -3.016974666125779247 ) ) ;
#3406 = SURFACE_SIDE_STYLE ('',( #1482 ) ) ;
#3407 = VECTOR ( 'NONE', #3063, 1000.000000000000000 ) ;
#3408 = PRESENTATION_STYLE_ASSIGNMENT (( #1424 ) ) ;
#3409 = DIRECTION ( 'NONE',  ( 0.000000000000000000, -1.000000000000000000, 0.000000000000000000 ) ) ;
#3410 = LINE ( 'NONE', #1922, #2739 ) ;
#3411 = ORIENTED_EDGE ( 'NONE', *, *, #1527, .T. ) ;
#3412 = ORIENTED_EDGE ( 'NONE', *, *, #2414, .F. ) ;
#3413 = FILL_AREA_STYLE_COLOUR ( '', #382 ) ;
#3414 = FILL_AREA_STYLE ('',( #1377 ) ) ;
#3415 = PRESENTATION_STYLE_ASSIGNMENT (( #1991 ) ) ;
#3416 = DIRECTION ( 'NONE',  ( 0.000000000000000000, -1.000000000000000000, 0.000000000000000000 ) ) ;
#3417 =( LENGTH_UNIT ( ) NAMED_UNIT ( * ) SI_UNIT ( .MILLI., .METRE. ) );
#3418 = ORIENTED_EDGE ( 'NONE', *, *, #1041, .T. ) ;
#3419 = CARTESIAN_POINT ( 'NONE',  ( -1.705000000000000515, -0.02000000000000000042, -3.016974666125778803 ) ) ;
#3420 = DIRECTION ( 'NONE',  ( 0.000000000000000000, 1.000000000000000000, 0.000000000000000000 ) ) ;
#3421 = DIRECTION ( 'NONE',  ( 0.000000000000000000, 0.000000000000000000, 1.000000000000000000 ) ) ;
#3422 = CARTESIAN_POINT ( 'NONE',  ( 0.8350000000000000755, 0.000000000000000000, 3.000000000000000888 ) ) ;
#3423 = SURFACE_STYLE_FILL_AREA ( #574 ) ;
#3424 =( LENGTH_UNIT ( ) NAMED_UNIT ( * ) SI_UNIT ( .MILLI., .METRE. ) );
#3425 = EDGE_CURVE ( 'NONE', #812, #2373, #1825, .T. ) ;
#3426 = DIRECTION ( 'NONE',  ( 0.000000000000000000, 0.000000000000000000, 1.000000000000000000 ) ) ;
#3427 = SURFACE_SIDE_STYLE ('',( #2356 ) ) ;
#3428 = ORIENTED_EDGE ( 'NONE', *, *, #1729, .F. ) ;
#3429 = EDGE_CURVE ( 'NONE', #2732, #404, #2969, .T. ) ;
#3430 = ORIENTED_EDGE ( 'NONE', *, *, #171, .F. ) ;
#3431 = CARTESIAN_POINT ( 'NONE',  ( 1.949999999999999289, -0.02000000000000000042, -1.699999999999999956 ) ) ;
#3432 = DIRECTION ( 'NONE',  ( -1.000000000000000000, 0.000000000000000000, -0.000000000000000000 ) ) ;
#3433 = CARTESIAN_POINT ( 'NONE',  ( 2.399999999999999467, 0.2500000000000000000, 2.085300964934520884 ) ) ;
#3434 = ORIENTED_EDGE ( 'NONE', *, *, #2178, .T. ) ;
#3435 = UNCERTAINTY_MEASURE_WITH_UNIT (LENGTH_MEASURE( 1.000000000000000082E-05 ), #23, 'distance_accuracy_value', 'NONE');
#3436 = FILL_AREA_STYLE ('',( #3214 ) ) ;
#3437 = CARTESIAN_POINT ( 'NONE',  ( -0.4350000000000002753, 0.000000000000000000, -2.700000000000001066 ) ) ;
#3438 = DIRECTION ( 'NONE',  ( 0.000000000000000000, -1.000000000000000000, 0.000000000000000000 ) ) ;
#3439 = FACE_OUTER_BOUND ( 'NONE', #2364, .T. ) ;
#3440 = PRESENTATION_STYLE_ASSIGNMENT (( #1982 ) ) ;
#3441 = UNCERTAINTY_MEASURE_WITH_UNIT (LENGTH_MEASURE( 1.000000000000000082E-05 ), #3424, 'distance_accuracy_value', 'NONE');
#3442 = EDGE_CURVE ( 'NONE', #1950, #3343, #2473, .T. ) ;
#3443 = VECTOR ( 'NONE', #2455, 1000.000000000000000 ) ;
#3444 = SURFACE_SIDE_STYLE ('',( #2335 ) ) ;
#3445 = CARTESIAN_POINT ( 'NONE',  ( -0.4350000000000000533, 0.1800000000000000211, -2.999999999999999112 ) ) ;
#3446 = VECTOR ( 'NONE', #2666, 1000.000000000000000 ) ;
#3447 = CARTESIAN_POINT ( 'NONE',  ( 0.4349999999999993872, 0.1800000000000000211, -2.700000000000000622 ) ) ;
#3448 = FILL_AREA_STYLE ('',( #1790 ) ) ;
#3449 = VECTOR ( 'NONE', #391, 1000.000000000000000 ) ;
#3450 = VECTOR ( 'NONE', #105, 1000.000000000000000 ) ;
#3451 = ORIENTED_EDGE ( 'NONE', *, *, #985, .F. ) ;
#3452 = ORIENTED_EDGE ( 'NONE', *, *, #602, .F. ) ;
#3453 = CARTESIAN_POINT ( 'NONE',  ( -0.4350000000000000533, 0.1800000000000000211, 3.016974666125778359 ) ) ;
#3454 = SURFACE_SIDE_STYLE ('',( #947 ) ) ;
#3455 = PRESENTATION_LAYER_ASSIGNMENT (  '', '', ( #1021 ) ) ;
#3456 = FACE_OUTER_BOUND ( 'NONE', #2485, .T. ) ;
#3457 = AXIS2_PLACEMENT_3D ( 'NONE', #2919, #3137, #1203 ) ;
#3458 = EDGE_CURVE ( 'NONE', #2752, #2913, #3284, .T. ) ;
#3459 = PRESENTATION_LAYER_ASSIGNMENT (  '', '', ( #1383 ) ) ;
#3460 = VERTEX_POINT ( 'NONE', #3656 ) ;
#3461 = ORIENTED_EDGE ( 'NONE', *, *, #430, .T. ) ;
#3462 = FACE_OUTER_BOUND ( 'NONE', #2636, .T. ) ;
#3463 = DIRECTION ( 'NONE',  ( 0.000000000000000000, 0.000000000000000000, 1.000000000000000000 ) ) ;
#3464 = VECTOR ( 'NONE', #2532, 1000.000000000000000 ) ;
#3465 = FILL_AREA_STYLE_COLOUR ( '', #3513 ) ;
#3466 = LINE ( 'NONE', #3521, #2694 ) ;
#3467 = FILL_AREA_STYLE_COLOUR ( '', #1779 ) ;
#3468 = VECTOR ( 'NONE', #2457, 1000.000000000000000 ) ;
#3469 = FILL_AREA_STYLE ('',( #2297 ) ) ;
#3470 = PRESENTATION_STYLE_ASSIGNMENT (( #2603 ) ) ;
#3471 =( LENGTH_UNIT ( ) NAMED_UNIT ( * ) SI_UNIT ( .MILLI., .METRE. ) );
#3472 = PLANE ( 'NONE',  #760 ) ;
#3473 = LINE ( 'NONE', #927, #3450 ) ;
#3474 = ORIENTED_EDGE ( 'NONE', *, *, #1841, .T. ) ;
#3475 =( NAMED_UNIT ( * ) PLANE_ANGLE_UNIT ( ) SI_UNIT ( $, .RADIAN. ) );
#3476 = EDGE_CURVE ( 'NONE', #3188, #2119, #1110, .T. ) ;
#3477 = CARTESIAN_POINT ( 'NONE',  ( 2.399999999999999467, 0.2500000000000000000, 2.335300964934520884 ) ) ;
#3478 = VECTOR ( 'NONE', #1502, 1000.000000000000000 ) ;
#3479 = FILL_AREA_STYLE ('',( #2596 ) ) ;
#3480 = VERTEX_POINT ( 'NONE', #1594 ) ;
#3481 = ORIENTED_EDGE ( 'NONE', *, *, #371, .T. ) ;
#3482 = DIRECTION ( 'NONE',  ( 1.445602896647339163E-16, 0.000000000000000000, 1.000000000000000000 ) ) ;
#3483 = DIRECTION ( 'NONE',  ( 0.000000000000000000, 0.000000000000000000, 1.000000000000000000 ) ) ;
#3484 = SURFACE_STYLE_FILL_AREA ( #1545 ) ;
#3485 = DIRECTION ( 'NONE',  ( 0.000000000000000000, 0.000000000000000000, -1.000000000000000000 ) ) ;
#3486 = EDGE_CURVE ( 'NONE', #1816, #1470, #1666, .T. ) ;
#3487 = DIRECTION ( 'NONE',  ( 0.000000000000000000, 0.000000000000000000, -1.000000000000000000 ) ) ;
#3488 = ADVANCED_FACE ( 'NONE', ( #2806 ), #643, .F. ) ;
#3489 = CARTESIAN_POINT ( 'NONE',  ( -0.8350000000000006306, 0.1800000000000000211, 3.000000000000000888 ) ) ;
#3490 = LINE ( 'NONE', #2575, #3579 ) ;
#3491 = EDGE_LOOP ( 'NONE', ( #3102, #3209, #1341, #50 ) ) ;
#3492 = ORIENTED_EDGE ( 'NONE', *, *, #1366, .T. ) ;
#3493 = CARTESIAN_POINT ( 'NONE',  ( -1.950000000000000844, 0.1800000000000000211, -1.699999999999999956 ) ) ;
#3494 = DIRECTION ( 'NONE',  ( 0.000000000000000000, 1.000000000000000000, 0.000000000000000000 ) ) ;
#3495 = DIRECTION ( 'NONE',  ( -1.445602896647339163E-16, 0.000000000000000000, 1.000000000000000000 ) ) ;
#3496 = ORIENTED_EDGE ( 'NONE', *, *, #2691, .F. ) ;
#3497 = ORIENTED_EDGE ( 'NONE', *, *, #3025, .F. ) ;
#3498 = DIRECTION ( 'NONE',  ( 0.000000000000000000, -0.000000000000000000, -1.000000000000000000 ) ) ;
#3499 = EDGE_CURVE ( 'NONE', #1413, #1199, #1164, .T. ) ;
#3500 = CARTESIAN_POINT ( 'NONE',  ( -0.8350000000000006306, 0.1800000000000000211, -3.016974666125778359 ) ) ;
#3501 = SURFACE_STYLE_USAGE ( .BOTH. , #2076 ) ;
#3502 = DIRECTION ( 'NONE',  ( -0.000000000000000000, 1.000000000000000000, 0.000000000000000000 ) ) ;
#3503 = SURFACE_SIDE_STYLE ('',( #118 ) ) ;
#3504 = SURFACE_STYLE_USAGE ( .BOTH. , #2336 ) ;
#3505 = DIRECTION ( 'NONE',  ( -0.000000000000000000, -0.000000000000000000, 1.000000000000000000 ) ) ;
#3506 = VECTOR ( 'NONE', #2589, 1000.000000000000000 ) ;
#3507 = STYLED_ITEM ( 'NONE', ( #1081 ), #3018 ) ;
#3508 = ORIENTED_EDGE ( 'NONE', *, *, #2260, .F. ) ;
#3509 = CARTESIAN_POINT ( 'NONE',  ( -2.499999999999999112, 0.7800000000000000266, 3.000000000000000888 ) ) ;
#3510 = DIRECTION ( 'NONE',  ( 0.000000000000000000, 0.000000000000000000, -1.000000000000000000 ) ) ;
#3511 =( NAMED_UNIT ( * ) PLANE_ANGLE_UNIT ( ) SI_UNIT ( $, .RADIAN. ) );
#3512 = PRESENTATION_LAYER_ASSIGNMENT (  '', '', ( #3144 ) ) ;
#3513 = COLOUR_RGB ( '',0.6666666666666666297, 0.6980392156862744724, 0.7686274509803920907 ) ;
#3514 = FACE_OUTER_BOUND ( 'NONE', #3573, .T. ) ;
#3515 = EDGE_LOOP ( 'NONE', ( #2120, #3061, #1949, #761 ) ) ;
#3516 =( GEOMETRIC_REPRESENTATION_CONTEXT ( 3 ) GLOBAL_UNCERTAINTY_ASSIGNED_CONTEXT ( ( #1043 ) ) GLOBAL_UNIT_ASSIGNED_CONTEXT ( ( #1592, #3351, #2780 ) ) REPRESENTATION_CONTEXT ( 'NONE', 'WORKASPACE' ) );
#3517 = ORIENTED_EDGE ( 'NONE', *, *, #2534, .T. ) ;
#3518 = VECTOR ( 'NONE', #3254, 1000.000000000000000 ) ;
#3519 = PRESENTATION_STYLE_ASSIGNMENT (( #2351 ) ) ;
#3520 = AXIS2_PLACEMENT_3D ( 'NONE', #589, #1253, #1521 ) ;
#3521 = CARTESIAN_POINT ( 'NONE',  ( -0.8350000000000006306, -0.02000000000000000042, 3.016974666125778359 ) ) ;
#3522 = AXIS2_PLACEMENT_3D ( 'NONE', #1781, #1806, #1250 ) ;
#3523 = UNCERTAINTY_MEASURE_WITH_UNIT (LENGTH_MEASURE( 1.000000000000000082E-05 ), #2261, 'distance_accuracy_value', 'NONE');
#3524 = SURFACE_STYLE_FILL_AREA ( #3220 ) ;
#3525 = VECTOR ( 'NONE', #312, 1000.000000000000000 ) ;
#3526 = LINE ( 'NONE', #2024, #671 ) ;
#3527 = VECTOR ( 'NONE', #815, 1000.000000000000000 ) ;
#3528 = DIRECTION ( 'NONE',  ( -1.000000000000000000, 0.000000000000000000, 1.445602896647339163E-16 ) ) ;
#3529 = AXIS2_PLACEMENT_3D ( 'NONE', #1201, #2324, #3463 ) ;
#3530 = ORIENTED_EDGE ( 'NONE', *, *, #3625, .F. ) ;
#3531 = EDGE_LOOP ( 'NONE', ( #3497, #905, #2847, #2888, #3547, #27 ) ) ;
#3532 = CARTESIAN_POINT ( 'NONE',  ( -1.950000000000000844, -0.02000000000000000042, -1.550000000000000044 ) ) ;
#3533 = PRESENTATION_STYLE_ASSIGNMENT (( #122 ) ) ;
#3534 = EDGE_CURVE ( 'NONE', #2672, #998, #1216, .T. ) ;
#3535 = DIRECTION ( 'NONE',  ( 0.000000000000000000, -1.000000000000000000, 0.000000000000000000 ) ) ;
#3536 = CARTESIAN_POINT ( 'NONE',  ( 2.104999999999999094, 0.000000000000000000, -2.999999999999999112 ) ) ;
#3537 = DIRECTION ( 'NONE',  ( 0.000000000000000000, 0.000000000000000000, 1.000000000000000000 ) ) ;
#3538 = ORIENTED_EDGE ( 'NONE', *, *, #1676, .T. ) ;
#3539 = STYLED_ITEM ( 'NONE', ( #2176 ), #2078 ) ;
#3540 = ORIENTED_EDGE ( 'NONE', *, *, #176, .F. ) ;
#3541 = SURFACE_STYLE_FILL_AREA ( #1544 ) ;
#3542 = CARTESIAN_POINT ( 'NONE',  ( 2.500000000000000000, 0.2500000000000000000, -2.085300964934519996 ) ) ;
#3543 = CARTESIAN_POINT ( 'NONE',  ( -2.105000000000000426, 0.1800000000000000211, 3.016974666125778803 ) ) ;
#3544 = CYLINDRICAL_SURFACE ( 'NONE', #670, 0.2000000000000000944 ) ;
#3545 = FACE_OUTER_BOUND ( 'NONE', #2931, .T. ) ;
#3546 = EDGE_CURVE ( 'NONE', #529, #836, #1474, .T. ) ;
#3547 = ORIENTED_EDGE ( 'NONE', *, *, #3126, .F. ) ;
#3548 = ORIENTED_EDGE ( 'NONE', *, *, #3429, .T. ) ;
#3549 = CARTESIAN_POINT ( 'NONE',  ( 1.800000000000000933, 0.1800000000000000211, -1.699999999999999956 ) ) ;
#3550 = CARTESIAN_POINT ( 'NONE',  ( 2.104999999999999094, 0.1800000000000000211, 3.016974666125779247 ) ) ;
#3551 = SURFACE_STYLE_FILL_AREA ( #1285 ) ;
#3552 = DIRECTION ( 'NONE',  ( 1.000000000000000000, -0.000000000000000000, 1.445602896647339163E-16 ) ) ;
#3553 = ADVANCED_FACE ( 'NONE', ( #2010 ), #2562, .T. ) ;
#3554 = ORIENTED_EDGE ( 'NONE', *, *, #303, .F. ) ;
#3555 = ORIENTED_EDGE ( 'NONE', *, *, #1252, .T. ) ;
#3556 = FILL_AREA_STYLE_COLOUR ( '', #2912 ) ;
#3557 = DIRECTION ( 'NONE',  ( 1.000000000000000000, 0.000000000000000000, 0.000000000000000000 ) ) ;
#3558 = CARTESIAN_POINT ( 'NONE',  ( 0.6349999999999998979, 0.1800000000000000211, -2.700000000000000622 ) ) ;
#3559 = UNCERTAINTY_MEASURE_WITH_UNIT (LENGTH_MEASURE( 1.000000000000000082E-05 ), #286, 'distance_accuracy_value', 'NONE');
#3560 = SURFACE_STYLE_USAGE ( .BOTH. , #131 ) ;
#3561 = PLANE ( 'NONE',  #96 ) ;
#3562 = PLANE ( 'NONE',  #552 ) ;
#3563 = ADVANCED_FACE ( 'NONE', ( #874 ), #1992, .T. ) ;
#3564 = APPLICATION_CONTEXT ( 'automotive_design' ) ;
#3565 = VERTEX_POINT ( 'NONE', #1562 ) ;
#3566 = ORIENTED_EDGE ( 'NONE', *, *, #386, .T. ) ;
#3567 = DIRECTION ( 'NONE',  ( -1.398970545142587527E-16, 0.000000000000000000, 1.000000000000000000 ) ) ;
#3568 = CARTESIAN_POINT ( 'NONE',  ( -0.4350000000000000533, 0.1800000000000000211, 3.016974666125778359 ) ) ;
#3569 = MECHANICAL_DESIGN_GEOMETRIC_PRESENTATION_REPRESENTATION (  '', ( #1021 ), #1957 ) ;
#3570 = STYLED_ITEM ( 'NONE', ( #2314 ), #2818 ) ;
#3571 = CARTESIAN_POINT ( 'NONE',  ( -0.4350000000000002753, 0.1800000000000000211, -2.700000000000001066 ) ) ;
#3572 = ORIENTED_EDGE ( 'NONE', *, *, #1167, .F. ) ;
#3573 = EDGE_LOOP ( 'NONE', ( #3096, #2599, #929, #2378 ) ) ;
#3574 = FACE_OUTER_BOUND ( 'NONE', #1883, .T. ) ;
#3575 = PRESENTATION_STYLE_ASSIGNMENT (( #2734 ) ) ;
#3576 = LINE ( 'NONE', #2755, #2240 ) ;
#3577 = VECTOR ( 'NONE', #1117, 1000.000000000000000 ) ;
#3578 = VECTOR ( 'NONE', #2878, 1000.000000000000000 ) ;
#3579 = VECTOR ( 'NONE', #2292, 1000.000000000000000 ) ;
#3580 = FILL_AREA_STYLE_COLOUR ( '', #1617 ) ;
#3581 = PRESENTATION_LAYER_ASSIGNMENT (  '', '', ( #2684 ) ) ;
#3582 =( LENGTH_UNIT ( ) NAMED_UNIT ( * ) SI_UNIT ( .MILLI., .METRE. ) );
#3583 = ADVANCED_FACE ( 'NONE', ( #3514 ), #1821, .T. ) ;
#3584 = CIRCLE ( 'NONE', #1956, 0.2000000000000000944 ) ;
#3585 =( GEOMETRIC_REPRESENTATION_CONTEXT ( 3 ) GLOBAL_UNCERTAINTY_ASSIGNED_CONTEXT ( ( #3262 ) ) GLOBAL_UNIT_ASSIGNED_CONTEXT ( ( #1763, #2264, #3160 ) ) REPRESENTATION_CONTEXT ( 'NONE', 'WORKASPACE' ) );
#3586 = AXIS2_PLACEMENT_3D ( 'NONE', #283, #1465, #2788 ) ;
#3587 = FILL_AREA_STYLE_COLOUR ( '', #2023 ) ;
#3588 = MECHANICAL_DESIGN_GEOMETRIC_PRESENTATION_REPRESENTATION (  '', ( #2568 ), #2628 ) ;
#3589 = CARTESIAN_POINT ( 'NONE',  ( -1.705000000000000515, -0.02000000000000000042, -3.016974666125778803 ) ) ;
#3590 = ORIENTED_EDGE ( 'NONE', *, *, #1633, .T. ) ;
#3591 = ORIENTED_EDGE ( 'NONE', *, *, #1692, .T. ) ;
#3592 = CARTESIAN_POINT ( 'NONE',  ( -2.105000000000000426, -0.02000000000000000042, -3.016974666125778803 ) ) ;
#3593 = FILL_AREA_STYLE_COLOUR ( '', #988 ) ;
#3594 = FACE_BOUND ( 'NONE', #2431, .T. ) ;
#3595 = ORIENTED_EDGE ( 'NONE', *, *, #3122, .T. ) ;
#3596 = ORIENTED_EDGE ( 'NONE', *, *, #1557, .T. ) ;
#3597 = DIRECTION ( 'NONE',  ( 0.000000000000000000, 0.000000000000000000, -1.000000000000000000 ) ) ;
#3598 = DIRECTION ( 'NONE',  ( 0.000000000000000000, 0.000000000000000000, 1.000000000000000000 ) ) ;
#3599 = LINE ( 'NONE', #244, #912 ) ;
#3600 = ORIENTED_EDGE ( 'NONE', *, *, #1284, .F. ) ;
#3601 = EDGE_CURVE ( 'NONE', #1269, #1429, #1511, .T. ) ;
#3602 = LINE ( 'NONE', #3033, #2134 ) ;
#3603 = UNCERTAINTY_MEASURE_WITH_UNIT (LENGTH_MEASURE( 1.000000000000000082E-05 ), #980, 'distance_accuracy_value', 'NONE');
#3604 = DIRECTION ( 'NONE',  ( 0.000000000000000000, -1.000000000000000000, 0.000000000000000000 ) ) ;
#3605 = CARTESIAN_POINT ( 'NONE',  ( -0.8350000000000006306, 0.1800000000000000211, -3.016974666125778359 ) ) ;
#3606 = EDGE_CURVE ( 'NONE', #1268, #2484, #2065, .T. ) ;
#3607 = EDGE_LOOP ( 'NONE', ( #1564, #835, #3611, #3266 ) ) ;
#3608 = CARTESIAN_POINT ( 'NONE',  ( 0.4349999999999993872, 0.000000000000000000, 0.000000000000000000 ) ) ;
#3609 = LINE ( 'NONE', #3550, #517 ) ;
#3610 = LINE ( 'NONE', #2162, #1550 ) ;
#3611 = ORIENTED_EDGE ( 'NONE', *, *, #1541, .T. ) ;
#3612 = ORIENTED_EDGE ( 'NONE', *, *, #427, .F. ) ;
#3613 =( LENGTH_UNIT ( ) NAMED_UNIT ( * ) SI_UNIT ( .MILLI., .METRE. ) );
#3614 = DIRECTION ( 'NONE',  ( -0.000000000000000000, -0.000000000000000000, 1.000000000000000000 ) ) ;
#3615 = DIRECTION ( 'NONE',  ( -1.000000000000000000, -0.000000000000000000, -0.000000000000000000 ) ) ;
#3616 =( NAMED_UNIT ( * ) SI_UNIT ( $, .STERADIAN. ) SOLID_ANGLE_UNIT ( ) );
#3617 =( NAMED_UNIT ( * ) SI_UNIT ( $, .STERADIAN. ) SOLID_ANGLE_UNIT ( ) );
#3618 = EDGE_CURVE ( 'NONE', #379, #822, #2697, .T. ) ;
#3619 = DIRECTION ( 'NONE',  ( -1.000000000000000000, 0.000000000000000000, 0.000000000000000000 ) ) ;
#3620 = FILL_AREA_STYLE ('',( #3587 ) ) ;
#3621 = ORIENTED_EDGE ( 'NONE', *, *, #43, .F. ) ;
#3622 = SURFACE_STYLE_FILL_AREA ( #2481 ) ;
#3623 = PLANE ( 'NONE',  #42 ) ;
#3624 = SURFACE_STYLE_FILL_AREA ( #1622 ) ;
#3625 = EDGE_CURVE ( 'NONE', #2769, #1218, #2123, .T. ) ;
#3626 = ORIENTED_EDGE ( 'NONE', *, *, #873, .T. ) ;
#3627 = ORIENTED_EDGE ( 'NONE', *, *, #380, .F. ) ;
#3628 =( NAMED_UNIT ( * ) SI_UNIT ( $, .STERADIAN. ) SOLID_ANGLE_UNIT ( ) );
#3629 = CARTESIAN_POINT ( 'NONE',  ( -2.499999999999999112, 0.1499999999999999944, 2.335300964934520884 ) ) ;
#3630 = SURFACE_SIDE_STYLE ('',( #3398 ) ) ;
#3631 =( GEOMETRIC_REPRESENTATION_CONTEXT ( 3 ) GLOBAL_UNCERTAINTY_ASSIGNED_CONTEXT ( ( #1688 ) ) GLOBAL_UNIT_ASSIGNED_CONTEXT ( ( #3232, #624, #111 ) ) REPRESENTATION_CONTEXT ( 'NONE', 'WORKASPACE' ) );
#3632 = DIRECTION ( 'NONE',  ( 1.000000000000000000, -0.000000000000000000, 1.445602896647339163E-16 ) ) ;
#3633 = EDGE_CURVE ( 'NONE', #3374, #1907, #2400, .T. ) ;
#3634 = ORIENTED_EDGE ( 'NONE', *, *, #1906, .F. ) ;
#3635 = MECHANICAL_DESIGN_GEOMETRIC_PRESENTATION_REPRESENTATION (  '', ( #373 ), #2494 ) ;
#3636 = DIRECTION ( 'NONE',  ( 0.000000000000000000, -1.000000000000000000, 0.000000000000000000 ) ) ;
#3637 = UNCERTAINTY_MEASURE_WITH_UNIT (LENGTH_MEASURE( 1.000000000000000082E-05 ), #1766, 'distance_accuracy_value', 'NONE');
#3638 = COLOUR_RGB ( '',0.6666666666666666297, 0.6980392156862744724, 0.7686274509803920907 ) ;
#3639 = VECTOR ( 'NONE', #2170, 1000.000000000000000 ) ;
#3640 = CARTESIAN_POINT ( 'NONE',  ( 2.104999999999999094, 0.1800000000000000211, -2.999999999999999112 ) ) ;
#3641 = EDGE_CURVE ( 'NONE', #2542, #1640, #2625, .T. ) ;
#3642 = LINE ( 'NONE', #3361, #2386 ) ;
#3643 = VECTOR ( 'NONE', #2087, 1000.000000000000000 ) ;
#3644 = STYLED_ITEM ( 'NONE', ( #682 ), #3668 ) ;
#3645 = ORIENTED_EDGE ( 'NONE', *, *, #1810, .F. ) ;
#3646 = EDGE_CURVE ( 'NONE', #2989, #1907, #738, .T. ) ;
#3647 =( GEOMETRIC_REPRESENTATION_CONTEXT ( 3 ) GLOBAL_UNCERTAINTY_ASSIGNED_CONTEXT ( ( #3140 ) ) GLOBAL_UNIT_ASSIGNED_CONTEXT ( ( #3037, #3304, #2228 ) ) REPRESENTATION_CONTEXT ( 'NONE', 'WORKASPACE' ) );
#3648 = FILL_AREA_STYLE ('',( #522 ) ) ;
#3649 = FACE_OUTER_BOUND ( 'NONE', #951, .T. ) ;
#3650 = STYLED_ITEM ( 'NONE', ( #9 ), #1638 ) ;
#3651 = ORIENTED_EDGE ( 'NONE', *, *, #2068, .T. ) ;
#3652 = EDGE_CURVE ( 'NONE', #403, #755, #166, .T. ) ;
#3653 = ORIENTED_EDGE ( 'NONE', *, *, #922, .T. ) ;
#3654 = CARTESIAN_POINT ( 'NONE',  ( -1.950000000000001288, -0.02000000000000000042, 1.550000000000000044 ) ) ;
#3655 = DIRECTION ( 'NONE',  ( 0.000000000000000000, 1.000000000000000000, 0.000000000000000000 ) ) ;
#3656 = CARTESIAN_POINT ( 'NONE',  ( 0.8350000000000000755, -0.02000000000000000042, -2.700000000000000622 ) ) ;
#3657 = ORIENTED_EDGE ( 'NONE', *, *, #1869, .F. ) ;
#3658 = VECTOR ( 'NONE', #1952, 1000.000000000000000 ) ;
#3659 = DIRECTION ( 'NONE',  ( 1.000000000000000000, 0.000000000000000000, 0.000000000000000000 ) ) ;
#3660 = DIRECTION ( 'NONE',  ( 0.000000000000000000, -1.000000000000000000, 0.000000000000000000 ) ) ;
#3661 = AXIS2_PLACEMENT_3D ( 'NONE', #2638, #973, #1706 ) ;
#3662 = DIRECTION ( 'NONE',  ( 0.000000000000000000, 1.000000000000000000, 0.000000000000000000 ) ) ;
#3663 = SURFACE_STYLE_USAGE ( .BOTH. , #1700 ) ;
#3664 = VECTOR ( 'NONE', #2867, 1000.000000000000000 ) ;
#3665 = SURFACE_SIDE_STYLE ('',( #2550 ) ) ;
#3666 = ORIENTED_EDGE ( 'NONE', *, *, #494, .T. ) ;
#3667 = CARTESIAN_POINT ( 'NONE',  ( 0.4349999999999993872, 0.1800000000000000211, -3.016974666125779247 ) ) ;
#3668 = ADVANCED_FACE ( 'NONE', ( #949 ), #657, .T. ) ;
#3669 = ORIENTED_EDGE ( 'NONE', *, *, #3606, .F. ) ;
#3670 = VERTEX_POINT ( 'NONE', #3294 ) ;
#3671 = FILL_AREA_STYLE_COLOUR ( '', #798 ) ;
#3672 = CARTESIAN_POINT ( 'NONE',  ( 0.8350000000000000755, 0.1800000000000000211, 2.700000000000000622 ) ) ;
#3673 = SURFACE_SIDE_STYLE ('',( #1398 ) ) ;
#3674 = EDGE_CURVE ( 'NONE', #3363, #1816, #2179, .T. ) ;
#3675 = ORIENTED_EDGE ( 'NONE', *, *, #3646, .T. ) ;
#3676 = EDGE_CURVE ( 'NONE', #1363, #1938, #124, .T. ) ;
#3677 = CARTESIAN_POINT ( 'NONE',  ( 0.8350000000000000755, 0.1800000000000000211, 3.016974666125779247 ) ) ;
#3678 = DIRECTION ( 'NONE',  ( 0.000000000000000000, 0.000000000000000000, -1.000000000000000000 ) ) ;
#3679 = CARTESIAN_POINT ( 'NONE',  ( 2.100000000000000089, 0.000000000000000000, 5.875676289598867320E-16 ) ) ;
#3680 = DIRECTION ( 'NONE',  ( -0.000000000000000000, 0.000000000000000000, 1.000000000000000000 ) ) ;
ENDSEC;
END-ISO-10303-21;
