ISO-10303-21;
HEADER;
FILE_DESCRIPTION (( 'STEP AP214' ),
    '1' );
FILE_NAME ('LQW03AW6N8J00D.STEP',
    '2022-07-08T11:15:14',
    ( '' ),
    ( '' ),
    'SwSTEP 2.0',
    'SolidWorks 2018',
    '' );
FILE_SCHEMA (( 'AUTOMOTIVE_DESIGN' ));
ENDSEC;

DATA;
#1 = CARTESIAN_POINT ( 'NONE',  ( -0.04537642273386433001, -0.1741174803918314473, -0.1596730156438414261 ) ) ;
#2 = DIRECTION ( 'NONE',  ( -0.8988292666643789008, -0.02740114883363692355, 0.4374415691611529544 ) ) ;
#3 = CARTESIAN_POINT ( 'NONE',  ( 0.05095421952804124466, -0.1604336320867412735, -0.2092166760525700497 ) ) ;
#4 = DIRECTION ( 'NONE',  ( -0.02362941044756347239, 0.0001591926594775460618, -0.9997207738261708609 ) ) ;
#5 = EDGE_CURVE ( 'NONE', #4416, #6024, #7920, .T. ) ;
#6 = CARTESIAN_POINT ( 'NONE',  ( 0.05484005648248613252, 0.06506813084378987311, -0.1093249933607184088 ) ) ;
#7 = CARTESIAN_POINT ( 'NONE',  ( 0.1189721423536472672, -0.1755639051897055214, 0.04327748798099100014 ) ) ;
#8 = CARTESIAN_POINT ( 'NONE',  ( 0.01370569272868719934, -0.1410162080382135752, 0.2073899248374324600 ) ) ;
#9 = CARTESIAN_POINT ( 'NONE',  ( -0.1235035104307885823, -0.1831086603269931889, -0.08065954179413400982 ) ) ;
#10 = SURFACE_SIDE_STYLE ('',( #1201 ) ) ;
#11 = FILL_AREA_STYLE_COLOUR ( '', #3309 ) ;
#12 = FILL_AREA_STYLE_COLOUR ( '', #6429 ) ;
#13 = CARTESIAN_POINT ( 'NONE',  ( -0.09481767416992330222, -0.1222797244707338887, 0.1976010736303302207 ) ) ;
#14 = CARTESIAN_POINT ( 'NONE',  ( 0.1181273583841139924, -0.2300000000000000655, 0.07407182481331291146 ) ) ;
#15 = CARTESIAN_POINT ( 'NONE',  ( 0.07157099500306539352, 0.08152233994041113707, -0.1059657400982781938 ) ) ;
#16 = CARTESIAN_POINT ( 'NONE',  ( -0.08125668331257390742, -0.1714784185965504693, 0.1391356869294486376 ) ) ;
#17 = CARTESIAN_POINT ( 'NONE',  ( 0.02289161554008265279, -0.1476049543709669065, 0.1602002308695293920 ) ) ;
#18 = EDGE_CURVE ( 'NONE', #6937, #4072, #3469, .T. ) ;
#19 = CARTESIAN_POINT ( 'NONE',  ( 0.04767293924885415701, -0.2800000000000000266, -0.04054869702127727321 ) ) ;
#20 = CARTESIAN_POINT ( 'NONE',  ( 0.02207025368785180477, 0.08446481330335606219, -0.1597072464127865798 ) ) ;
#21 = CARTESIAN_POINT ( 'NONE',  ( 0.004591931703304494988, 0.06532612052010032533, -0.1575000000000001399 ) ) ;
#22 = DIRECTION ( 'NONE',  ( -0.02052340527576259482, 0.0002562270569695206655, 0.9997893399029529338 ) ) ;
#23 = AXIS2_PLACEMENT_3D ( 'NONE', #7302, #4994, #3648 ) ;
#24 = CARTESIAN_POINT ( 'NONE',  ( -0.01178219831617157570, -0.01220030348005749811, -0.1595842180116832654 ) ) ;
#25 = B_SPLINE_CURVE_WITH_KNOTS ( 'NONE', 3,
 ( #5490, #7065, #2668, #6464, #7101, #2038 ),
 .UNSPECIFIED., .F., .F.,
 ( 4, 2, 4 ),
 ( 0.000000000000000000, 0.02211751165507405692, 0.04423417748022917539 ),
 .UNSPECIFIED. ) ;
#26 =( LENGTH_UNIT ( ) NAMED_UNIT ( * ) SI_UNIT ( .MILLI., .METRE. ) );
#27 = ORIENTED_EDGE ( 'NONE', *, *, #3820, .T. ) ;
#28 = CARTESIAN_POINT ( 'NONE',  ( -0.07044163217467079574, 0.07276502793229307209, 0.1380297873273175213 ) ) ;
#29 = CARTESIAN_POINT ( 'NONE',  ( 0.1655526671241021597, -0.1700000000000000122, 0.05290356562635827736 ) ) ;
#30 = CARTESIAN_POINT ( 'NONE',  ( 0.05418415813247701163, 0.06513254369536611299, -0.1074848242015889188 ) ) ;
#31 = EDGE_CURVE ( 'NONE', #3769, #2619, #4250, .T. ) ;
#32 = CARTESIAN_POINT ( 'NONE',  ( -0.1149999999999999911, -0.1700000000000000122, -0.08067978065948146205 ) ) ;
#33 =( LENGTH_UNIT ( ) NAMED_UNIT ( * ) SI_UNIT ( .MILLI., .METRE. ) );
#34 = CARTESIAN_POINT ( 'NONE',  ( 0.005379859782546312329, -0.03197494123061385418, -0.1472126337261365769 ) ) ;
#35 = CARTESIAN_POINT ( 'NONE',  ( 0.1212147030032194317, -0.1895099053498481567, 0.07568191366038914958 ) ) ;
#36 = CARTESIAN_POINT ( 'NONE',  ( 0.01660827184139029855, -0.06749653455280084369, 0.2073881559011671594 ) ) ;
#37 = AXIS2_PLACEMENT_3D ( 'NONE', #3189, #5395, #2425 ) ;
#38 = CIRCLE ( 'NONE', #2904, 0.01499999999999998904 ) ;
#39 = CARTESIAN_POINT ( 'NONE',  ( -0.02811727516756383494, -0.06772200186959062562, 0.1748111847824336818 ) ) ;
#40 = PRODUCT_DEFINITION_FORMATION_WITH_SPECIFIED_SOURCE ( 'ANY', '', #6049, .NOT_KNOWN. ) ;
#41 = ORIENTED_EDGE ( 'NONE', *, *, #7568, .F. ) ;
#42 = CARTESIAN_POINT ( 'NONE',  ( 0.03882841321154756331, 0.07849138835906371847, -0.05417481111629973006 ) ) ;
#43 = CARTESIAN_POINT ( 'NONE',  ( -0.03775210631404141842, -0.1243656946086430098, 0.1623989579184639820 ) ) ;
#44 = TOROIDAL_SURFACE ( 'NONE', #8207, 0.02002185241913492092, 0.01499999999999999598 ) ;
#45 = CARTESIAN_POINT ( 'NONE',  ( 0.1339912419873329763, -0.1700000000000000955, 0.09659493958315976125 ) ) ;
#46 = SURFACE_STYLE_USAGE ( .BOTH. , #6611 ) ;
#47 = CARTESIAN_POINT ( 'NONE',  ( 0.003758304794378743412, 0.06524918172361190982, 0.1879415220868950187 ) ) ;
#48 = SURFACE_STYLE_USAGE ( .BOTH. , #6683 ) ;
#49 = CARTESIAN_POINT ( 'NONE',  ( 0.04825575520690660730, -0.1536089390892373674, 0.05231071205901962479 ) ) ;
#50 = ORIENTED_EDGE ( 'NONE', *, *, #4038, .F. ) ;
#51 = PRESENTATION_LAYER_ASSIGNMENT (  '', '', ( #176 ) ) ;
#52 = DIRECTION ( 'NONE',  ( 0.03046773440284036155, 0.9995357508165269023, 0.000000000000000000 ) ) ;
#53 = PRESENTATION_LAYER_ASSIGNMENT (  '', '', ( #5278 ) ) ;
#54 = ADVANCED_FACE ( 'NONE', ( #3688 ), #9300, .F. ) ;
#55 = CARTESIAN_POINT ( 'NONE',  ( 0.03089486468929385568, 0.04865029810760185258, 0.1328705582164906862 ) ) ;
#56 = CARTESIAN_POINT ( 'NONE',  ( -0.07897292529976683573, 0.09903310933586984000, 0.02483132693722752554 ) ) ;
#57 = DIRECTION ( 'NONE',  ( -0.6478960474732828878, 0.000000000000000000, -0.7617287651575839202 ) ) ;
#58 = EDGE_CURVE ( 'NONE', #5947, #2619, #4845, .T. ) ;
#59 = CARTESIAN_POINT ( 'NONE',  ( 0.04379874731805850907, 0.05954351437568160960, -0.1792538179515145713 ) ) ;
#60 = LINE ( 'NONE', #3898, #4761 ) ;
#61 = DIRECTION ( 'NONE',  ( -0.03046991852340172682, 0.9995356842380251905, 8.679241799403619863E-19 ) ) ;
#62 = ORIENTED_EDGE ( 'NONE', *, *, #80, .F. ) ;
#63 = EDGE_LOOP ( 'NONE', ( #4405, #366, #5350, #8625, #5708, #9079 ) ) ;
#64 = ORIENTED_EDGE ( 'NONE', *, *, #3064, .T. ) ;
#65 = CARTESIAN_POINT ( 'NONE',  ( -0.05184640278434354127, -0.01390998239999764567, -0.1734383760420361853 ) ) ;
#66 = CARTESIAN_POINT ( 'NONE',  ( 0.07510621710436084231, -0.01275964122803228441, -0.2107090394589866689 ) ) ;
#67 = CARTESIAN_POINT ( 'NONE',  ( 0.05476744733509580215, 0.06507533777228903527, -0.1094295907030799070 ) ) ;
#68 = CARTESIAN_POINT ( 'NONE',  ( 0.1150000000000000050, -0.2300000000000000100, -0.2000000000000000666 ) ) ;
#69 = CARTESIAN_POINT ( 'NONE',  ( -0.1233596089891616926, -0.1837118335874651232, -0.08037784150486575185 ) ) ;
#70 = MECHANICAL_DESIGN_GEOMETRIC_PRESENTATION_REPRESENTATION (  '', ( #9425 ), #6325 ) ;
#71 = SURFACE_SIDE_STYLE ('',( #7864 ) ) ;
#72 = CARTESIAN_POINT ( 'NONE',  ( 0.1207521746263038182, -0.1874609156441732483, 0.04610791506241091603 ) ) ;
#73 = COLOUR_RGB ( '',1.000000000000000000, 1.000000000000000000, 0.5019607843137254832 ) ;
#74 = CARTESIAN_POINT ( 'NONE',  ( -0.07088710494496801295, 0.07275947084674067034, 0.1597285065621297240 ) ) ;
#75 = CARTESIAN_POINT ( 'NONE',  ( 0.05342229497477980760, -0.1799999763555376053, -0.1596455588350328691 ) ) ;
#76 = ORIENTED_EDGE ( 'NONE', *, *, #8643, .F. ) ;
#77 = PRODUCT_DEFINITION_SHAPE ( 'NONE', 'NONE',  #1900 ) ;
#78 = ORIENTED_EDGE ( 'NONE', *, *, #4668, .F. ) ;
#79 = CARTESIAN_POINT ( 'NONE',  ( 0.02732607901079321666, 0.07849128147365572183, 0.1596932913163382206 ) ) ;
#80 = EDGE_CURVE ( 'NONE', #4322, #1551, #3052, .T. ) ;
#81 = CARTESIAN_POINT ( 'NONE',  ( 0.005490444204159163240, 0.06540756259668138728, 0.1732328314653652501 ) ) ;
#82 = ORIENTED_EDGE ( 'NONE', *, *, #3028, .T. ) ;
#83 = VERTEX_POINT ( 'NONE', #7279 ) ;
#84 = CARTESIAN_POINT ( 'NONE',  ( 0.07569030293511386231, 0.05166067722841764104, -0.1596245279422424390 ) ) ;
#85 = CARTESIAN_POINT ( 'NONE',  ( -0.003353173424535848841, -0.1603685763994930902, 0.1851888070347412207 ) ) ;
#86 = EDGE_CURVE ( 'NONE', #4080, #7678, #3246, .T. ) ;
#87 = CARTESIAN_POINT ( 'NONE',  ( 0.01719709787858262826, 0.05582477284818525287, 0.1077304859532542819 ) ) ;
#88 = CARTESIAN_POINT ( 'NONE',  ( 0.1182695710930550675, -0.1653828843422816275, 0.06478591991480837919 ) ) ;
#89 = EDGE_LOOP ( 'NONE', ( #7834, #957, #7889, #3720, #2414 ) ) ;
#90 = ORIENTED_EDGE ( 'NONE', *, *, #6577, .T. ) ;
#91 = UNCERTAINTY_MEASURE_WITH_UNIT (LENGTH_MEASURE( 1.000000000000000082E-05 ), #2591, 'distance_accuracy_value', 'NONE');
#92 = CARTESIAN_POINT ( 'NONE',  ( -0.008563265159412197444, -0.08550276164161835224, -0.1595842342108567957 ) ) ;
#93 =( NAMED_UNIT ( * ) SI_UNIT ( $, .STERADIAN. ) SOLID_ANGLE_UNIT ( ) );
#94 = CARTESIAN_POINT ( 'NONE',  ( 0.07374769275694223469, 0.06045648562431841372, -0.1807461820484851378 ) ) ;
#95 = B_SPLINE_CURVE_WITH_KNOTS ( 'NONE', 3,
 ( #4175, #2770, #1265, #457, #1963, #2677, #6326, #4944, #6413, #553, #7836 ),
 .UNSPECIFIED., .F., .F.,
 ( 4, 1, 1, 1, 1, 1, 1, 1, 4 ),
 ( 0.000000000000000000, 0.1274639945884469550, 0.2621587074575456033, 0.4330378518549585221, 0.4971100557800189335, 0.5846169476978876345, 0.7491849293604234683, 0.8454087080526229148, 0.8937034522117610624 ),
 .UNSPECIFIED. ) ;
#96 = CARTESIAN_POINT ( 'NONE',  ( -0.06452373603752792341, 0.07275950614702159092, 0.02579026958041856499 ) ) ;
#97 =( GEOMETRIC_REPRESENTATION_CONTEXT ( 3 ) GLOBAL_UNCERTAINTY_ASSIGNED_CONTEXT ( ( #3089 ) ) GLOBAL_UNIT_ASSIGNED_CONTEXT ( ( #8724, #5122, #2122 ) ) REPRESENTATION_CONTEXT ( 'NONE', 'WORKASPACE' ) );
#98 = ORIENTED_EDGE ( 'NONE', *, *, #2884, .F. ) ;
#99 = CARTESIAN_POINT ( 'NONE',  ( 0.04879424513166005090, 0.06560507879383128960, -0.1660068140434251827 ) ) ;
#100 = ORIENTED_EDGE ( 'NONE', *, *, #1999, .F. ) ;
#101 = CARTESIAN_POINT ( 'NONE',  ( -0.006563973209576249440, 0.07553518669664388563, -0.1602927535872134823 ) ) ;
#102 = CARTESIAN_POINT ( 'NONE',  ( -0.1192768117612895418, -0.1930780044913864846, -0.06960235649730654728 ) ) ;
#103 = CARTESIAN_POINT ( 'NONE',  ( 0.1190197708305382879, -0.1916849310468176915, 0.04918090832093701542 ) ) ;
#104 = CARTESIAN_POINT ( 'NONE',  ( -0.03830758092707468865, 0.08724045140607317173, 0.02752750940696415891 ) ) ;
#105 = ADVANCED_FACE ( 'NONE', ( #2893 ), #5025, .F. ) ;
#106 = CIRCLE ( 'NONE', #552, 0.03502185467385547646 ) ;
#107 = CARTESIAN_POINT ( 'NONE',  ( 0.06652949777769212591, 0.05166075437463350101, 0.02783765417702608116 ) ) ;
#108 = CARTESIAN_POINT ( 'NONE',  ( -0.07279225769380755218, 0.02384145569598937128, 0.1720995550641016836 ) ) ;
#109 = PRESENTATION_LAYER_ASSIGNMENT (  '', '', ( #4527 ) ) ;
#110 = CARTESIAN_POINT ( 'NONE',  ( 0.05604756845165102114, 0.05954823933484843651, 0.1822671878751574437 ) ) ;
#111 = FILL_AREA_STYLE_COLOUR ( '', #2294 ) ;
#112 = CARTESIAN_POINT ( 'NONE',  ( 0.03210900769069089528, 0.04864350951518011529, 0.1060647230754792752 ) ) ;
#113 = DIRECTION ( 'NONE',  ( 0.9993255101729127121, 0.03046351156190941697, 0.02050607668387869481 ) ) ;
#114 = EDGE_CURVE ( 'NONE', #2014, #6329, #7137, .T. ) ;
#115 = SURFACE_STYLE_FILL_AREA ( #7235 ) ;
#116 = DIRECTION ( 'NONE',  ( 0.9993255319173289797, -0.03046132653440545082, 0.02050826282043631543 ) ) ;
#117 = SURFACE_STYLE_USAGE ( .BOTH. , #145 ) ;
#118 = CARTESIAN_POINT ( 'NONE',  ( 0.03373482484458720232, 0.07849132467248870482, 0.02568504823611458820 ) ) ;
#119 = CARTESIAN_POINT ( 'NONE',  ( 0.1237560734002910723, -0.1787996601295181731, 0.08113621918807946420 ) ) ;
#120 = CARTESIAN_POINT ( 'NONE',  ( 0.2650000000000000133, -0.2300000000000000100, -0.2000000000000000111 ) ) ;
#121 = CARTESIAN_POINT ( 'NONE',  ( 0.07832576655508126373, -0.08606969703510908287, -0.2107090557254026053 ) ) ;
#122 = CARTESIAN_POINT ( 'NONE',  ( -0.04359035616533349367, 0.1135140822534379812, -0.1600361679550032501 ) ) ;
#123 = VECTOR ( 'NONE', #9351, 1000.000000000000000 ) ;
#124 = MECHANICAL_DESIGN_GEOMETRIC_PRESENTATION_REPRESENTATION (  '', ( #9132 ), #3621 ) ;
#125 = CARTESIAN_POINT ( 'NONE',  ( 0.1181273583841139924, -0.1600000000000000311, 0.07407182481331291146 ) ) ;
#126 =( LENGTH_UNIT ( ) NAMED_UNIT ( * ) SI_UNIT ( .MILLI., .METRE. ) );
#127 = FILL_AREA_STYLE_COLOUR ( '', #3876 ) ;
#128 = DIRECTION ( 'NONE',  ( -1.000000000000000000, 0.000000000000000000, 0.000000000000000000 ) ) ;
#129 = CARTESIAN_POINT ( 'NONE',  ( -0.1190197708305382462, -0.1916849310468176082, -0.04918090832093708481 ) ) ;
#130 = EDGE_CURVE ( 'NONE', #5819, #7859, #4520, .T. ) ;
#131 = CARTESIAN_POINT ( 'NONE',  ( 0.02614545028248305841, -0.01271537659288296714, -0.1837293514062841582 ) ) ;
#132 = CARTESIAN_POINT ( 'NONE',  ( 0.1224553533780482484, -0.1866446418226942183, 0.07852396715685364126 ) ) ;
#133 = CARTESIAN_POINT ( 'NONE',  ( -0.1149999999999999772, 0.1710000000000000409, 0.1575000000000000011 ) ) ;
#134 = SURFACE_STYLE_FILL_AREA ( #6583 ) ;
#135 = FACE_OUTER_BOUND ( 'NONE', #7795, .T. ) ;
#136 = SURFACE_SIDE_STYLE ('',( #3936 ) ) ;
#137 = CARTESIAN_POINT ( 'NONE',  ( -0.05572443161902841668, 0.05990698340973509700, 0.1465979605848186373 ) ) ;
#138 = CARTESIAN_POINT ( 'NONE',  ( 0.01290053401576154307, -0.1769980456568087390, 0.05403062533482731050 ) ) ;
#139 = UNCERTAINTY_MEASURE_WITH_UNIT (LENGTH_MEASURE( 1.000000000000000082E-05 ), #8613, 'distance_accuracy_value', 'NONE');
#140 = CARTESIAN_POINT ( 'NONE',  ( 0.03626188585998864344, -0.2123950751053980679, 0.05289149633057709660 ) ) ;
#141 = ORIENTED_EDGE ( 'NONE', *, *, #8066, .T. ) ;
#142 = FACE_OUTER_BOUND ( 'NONE', #3827, .T. ) ;
#143 = VECTOR ( 'NONE', #4651, 1000.000000000000114 ) ;
#144 = SURFACE_STYLE_USAGE ( .BOTH. , #4571 ) ;
#145 = SURFACE_SIDE_STYLE ('',( #4066 ) ) ;
#146 = ADVANCED_FACE ( 'NONE', ( #6548 ), #7348, .T. ) ;
#147 = CARTESIAN_POINT ( 'NONE',  ( 0.06561048288363054148, 0.1113565750268369764, -0.05255964321304265607 ) ) ;
#148 = CARTESIAN_POINT ( 'NONE',  ( 0.002363622258348194085, 0.04689497528720031061, -0.1601021503777157462 ) ) ;
#149 = EDGE_CURVE ( 'NONE', #1572, #1565, #939, .T. ) ;
#150 = CARTESIAN_POINT ( 'NONE',  ( -0.05424407178639067267, 0.04433031392871654430, -0.1734384156922617604 ) ) ;
#151 = ORIENTED_EDGE ( 'NONE', *, *, #8298, .F. ) ;
#152 = CARTESIAN_POINT ( 'NONE',  ( 0.05393777435583411994, -0.1603498016463721088, -0.1492909605954574337 ) ) ;
#153 = B_SPLINE_CURVE_WITH_KNOTS ( 'NONE', 3,
 ( #4493, #2996, #2337, #6612, #6649, #5867, #4432, #8903 ),
 .UNSPECIFIED., .F., .F.,
 ( 4, 1, 1, 1, 1, 4 ),
 ( 0.000000000000000000, 0.1274639945884469550, 0.2621587074575456033, 0.4330378518549585221, 0.4971100557800189335, 0.5000000000000011102 ),
 .UNSPECIFIED. ) ;
#154 = CARTESIAN_POINT ( 'NONE',  ( -0.01870399914927206586, 0.06096691183954550119, -0.05161007736896324610 ) ) ;
#155 = COLOUR_RGB ( '',1.000000000000000000, 1.000000000000000000, 0.5019607843137254832 ) ;
#156 = FACE_OUTER_BOUND ( 'NONE', #5331, .T. ) ;
#157 = SURFACE_STYLE_FILL_AREA ( #7591 ) ;
#158 = CARTESIAN_POINT ( 'NONE',  ( 0.05562322728126058852, 0.06498949869411338454, -0.1613313883883735200 ) ) ;
#159 = CARTESIAN_POINT ( 'NONE',  ( 0.02276966758071962554, -0.1413188070460413281, 0.1480792356707434643 ) ) ;
#160 = CARTESIAN_POINT ( 'NONE',  ( -0.1149999999999999911, -0.2300000000000000100, -0.08067978065948146205 ) ) ;
#161 = ORIENTED_EDGE ( 'NONE', *, *, #2172, .T. ) ;
#162 = SURFACE_STYLE_USAGE ( .BOTH. , #862 ) ;
#163 = CARTESIAN_POINT ( 'NONE',  ( 0.03940242626836878981, -0.1594225447634489423, -0.1546713449399733931 ) ) ;
#164 = CARTESIAN_POINT ( 'NONE',  ( 0.1203907717378885078, -0.1884149016220270367, 0.04658117371216587838 ) ) ;
#165 = FACE_OUTER_BOUND ( 'NONE', #1932, .T. ) ;
#166 = DIRECTION ( 'NONE',  ( 0.9993255319173289797, -0.03046132653440713003, 0.02050826282043495541 ) ) ;
#167 =( GEOMETRIC_REPRESENTATION_CONTEXT ( 3 ) GLOBAL_UNCERTAINTY_ASSIGNED_CONTEXT ( ( #4198 ) ) GLOBAL_UNIT_ASSIGNED_CONTEXT ( ( #6918, #7645, #7774 ) ) REPRESENTATION_CONTEXT ( 'NONE', 'WORKASPACE' ) );
#168 = AXIS2_PLACEMENT_3D ( 'NONE', #9199, #5532, #4930 ) ;
#169 =( NAMED_UNIT ( * ) PLANE_ANGLE_UNIT ( ) SI_UNIT ( $, .RADIAN. ) );
#170 = CARTESIAN_POINT ( 'NONE',  ( -0.06959202642698679442, -0.1263082061307159720, 0.2134052885665921884 ) ) ;
#171 = EDGE_LOOP ( 'NONE', ( #4036, #7618, #3311, #7734, #7522, #3192 ) ) ;
#172 = ORIENTED_EDGE ( 'NONE', *, *, #3279, .T. ) ;
#173 = DIRECTION ( 'NONE',  ( 0.000000000000000000, 1.000000000000000000, 0.000000000000000000 ) ) ;
#174 = ORIENTED_EDGE ( 'NONE', *, *, #9218, .T. ) ;
#175 = DIRECTION ( 'NONE',  ( -0.03046991852340282317, 0.9995356842380251905, 0.000000000000000000 ) ) ;
#176 = STYLED_ITEM ( 'NONE', ( #2319 ), #3946 ) ;
#177 = TOROIDAL_SURFACE ( 'NONE', #1520, 0.02002113778643654224, 0.01499999999999999598 ) ;
#178 = VERTEX_POINT ( 'NONE', #2984 ) ;
#179 = VERTEX_POINT ( 'NONE', #827 ) ;
#180 = MECHANICAL_DESIGN_GEOMETRIC_PRESENTATION_REPRESENTATION (  '', ( #4469 ), #7244 ) ;
#181 = DIRECTION ( 'NONE',  ( 0.9993255101729127121, 0.03046351156190877860, 0.02050607668388119975 ) ) ;
#182 = EDGE_LOOP ( 'NONE', ( #2685, #5261, #279, #8121 ) ) ;
#183 = CARTESIAN_POINT ( 'NONE',  ( 0.07212993611574902708, 0.06280113713329533998, -0.1867622002724035613 ) ) ;
#184 = CARTESIAN_POINT ( 'NONE',  ( 0.2150475757587198278, -0.1599999999999999756, 0.1516348429493271366 ) ) ;
#185 = CARTESIAN_POINT ( 'NONE',  ( -0.2325630728473178921, 0.04653785154078909914, 0.2000000000000000666 ) ) ;
#186 = DIRECTION ( 'NONE',  ( -0.02052340527576554732, 0.0002562270569843368845, 0.9997893399029528227 ) ) ;
#187 = FACE_OUTER_BOUND ( 'NONE', #7036, .T. ) ;
#188 = LINE ( 'NONE', #1055, #3632 ) ;
#189 = ORIENTED_EDGE ( 'NONE', *, *, #687, .F. ) ;
#190 = CLOSED_SHELL ( 'NONE', ( #8713, #7747, #8363, #5567, #5482, #1653, #1794, #4522, #468, #3993, #1705, #7597, #7797, #247, #8317, #7076, #4765, #2473, #4131, #5245, #6748, #4428, #1607, #2212, #972 ) ) ;
#191 = DIRECTION ( 'NONE',  ( -0.8457699189191015821, 0.000000000000000000, -0.5335477900353224889 ) ) ;
#192 = DIRECTION ( 'NONE',  ( -0.5335477900353222669, 0.000000000000000000, 0.8457699189191014710 ) ) ;
#193 = DIRECTION ( 'NONE',  ( -0.000000000000000000, 1.000000000000000000, -0.000000000000000000 ) ) ;
#194 = CARTESIAN_POINT ( 'NONE',  ( 0.03093825987562316346, 0.06031353411047041257, 0.1480774679766233282 ) ) ;
#195 = CARTESIAN_POINT ( 'NONE',  ( 0.05227415593092466645, 0.06531099670940966606, 0.01720297836815007364 ) ) ;
#196 = CARTESIAN_POINT ( 'NONE',  ( 0.01164461956195433912, 0.06586966079298933741, -0.1199113077984157866 ) ) ;
#197 = MECHANICAL_DESIGN_GEOMETRIC_PRESENTATION_REPRESENTATION (  '', ( #8179 ), #8962 ) ;
#198 = CARTESIAN_POINT ( 'NONE',  ( -0.01778736372197772461, -0.1858825196081684838, -0.1603269843561585806 ) ) ;
#199 =( LENGTH_UNIT ( ) NAMED_UNIT ( * ) SI_UNIT ( .MILLI., .METRE. ) );
#200 = CARTESIAN_POINT ( 'NONE',  ( -0.1149999999999999911, -0.1822224746447238530, -0.04038093602253252368 ) ) ;
#201 = ADVANCED_FACE ( 'NONE', ( #3352 ), #4137, .T. ) ;
#202 = CARTESIAN_POINT ( 'NONE',  ( -0.01036332776209082651, -0.06848387265186192674, 0.2133367240540213761 ) ) ;
#203 = ORIENTED_EDGE ( 'NONE', *, *, #8313, .T. ) ;
#204 = VERTEX_POINT ( 'NONE', #7603 ) ;
#205 = DIRECTION ( 'NONE',  ( 0.9993792182221447051, 0.02614205897144400090, -0.02361717464957195992 ) ) ;
#206 = EDGE_CURVE ( 'NONE', #7309, #4627, #2886, .T. ) ;
#207 = CARTESIAN_POINT ( 'NONE',  ( -0.07519379774260888383, -0.03109362048599495151, 0.1720995094240694578 ) ) ;
#208 = CARTESIAN_POINT ( 'NONE',  ( 0.01603239993964471546, 0.05583156983628496245, 0.1341531717378988131 ) ) ;
#209 = CARTESIAN_POINT ( 'NONE',  ( 0.05890968464740115040, 0.08150869627554437058, 0.1073432767893481993 ) ) ;
#210 = CIRCLE ( 'NONE', #368, 0.01500000000000002894 ) ;
#211 = CARTESIAN_POINT ( 'NONE',  ( 0.01088728443811348701, -0.2063910933608565645, 0.1604933135467217220 ) ) ;
#212 = UNCERTAINTY_MEASURE_WITH_UNIT (LENGTH_MEASURE( 1.000000000000000082E-05 ), #3904, 'distance_accuracy_value', 'NONE');
#213 = EDGE_CURVE ( 'NONE', #4790, #6139, #1389, .T. ) ;
#214 = ORIENTED_EDGE ( 'NONE', *, *, #1937, .F. ) ;
#215 = SURFACE_SIDE_STYLE ('',( #1044 ) ) ;
#216 = CARTESIAN_POINT ( 'NONE',  ( 0.03674558562514866622, 0.04864344616665897819, 0.02588383246284679112 ) ) ;
#217 = CARTESIAN_POINT ( 'NONE',  ( 0.07028669849049926088, 0.06309519017448789180, -0.1895243291188601631 ) ) ;
#218 = CARTESIAN_POINT ( 'NONE',  ( 0.02989116684935663390, 0.05583841688660499264, -0.1056068211166397708 ) ) ;
#219 = CARTESIAN_POINT ( 'NONE',  ( 0.2176966577303005301, -0.2299999999999999822, 0.1480324711079107902 ) ) ;
#220 = ORIENTED_EDGE ( 'NONE', *, *, #4354, .F. ) ;
#221 = CARTESIAN_POINT ( 'NONE',  ( -0.07435170301095246626, -0.01276431064381375498, 0.1720995321723959026 ) ) ;
#222 = ORIENTED_EDGE ( 'NONE', *, *, #1362, .T. ) ;
#223 = CARTESIAN_POINT ( 'NONE',  ( -0.03293179473208237423, -0.1600107095439074201, -0.1949958160647512484 ) ) ;
#224 = EDGE_CURVE ( 'NONE', #2703, #8888, #5847, .T. ) ;
#225 =( GEOMETRIC_REPRESENTATION_CONTEXT ( 3 ) GLOBAL_UNCERTAINTY_ASSIGNED_CONTEXT ( ( #9284 ) ) GLOBAL_UNIT_ASSIGNED_CONTEXT ( ( #2941, #5754, #6527 ) ) REPRESENTATION_CONTEXT ( 'NONE', 'WORKASPACE' ) );
#226 = CARTESIAN_POINT ( 'NONE',  ( -0.06841810677207897651, -0.1800000000000001044, 0.1599999999999998646 ) ) ;
#227 = CARTESIAN_POINT ( 'NONE',  ( 0.04694471918631386298, 0.06573745081408303992, 0.1575000000000000289 ) ) ;
#228 = CARTESIAN_POINT ( 'NONE',  ( 0.04864179703812761268, -0.01380272983302840463, 0.2119225324975031188 ) ) ;
#229 =( NAMED_UNIT ( * ) PLANE_ANGLE_UNIT ( ) SI_UNIT ( $, .RADIAN. ) );
#230 = CARTESIAN_POINT ( 'NONE',  ( 0.01276080385278050532, 0.06593786264309642320, -0.1498914067943926676 ) ) ;
#231 = CARTESIAN_POINT ( 'NONE',  ( 0.001943122174736397478, -0.1238703825727191510, -0.1762741687276841163 ) ) ;
#232 = SURFACE_STYLE_USAGE ( .BOTH. , #6814 ) ;
#233 = DIRECTION ( 'NONE',  ( 0.9993792147296975958, -0.02614344219221959378, -0.02361579125490010159 ) ) ;
#234 = B_SPLINE_CURVE_WITH_KNOTS ( 'NONE', 3,
 ( #1904, #1339, #7760, #6459, #4835, #6967, #1132, #6247, #8411, #2655, #4997, #3405, #1155, #8503, #1837, #6998, #3340, #4028, #7027, #4126, #4062, #9231, #8480, #593, #5725, #2090, #7214, #5477, #9141, #3281, #371, #4782, #2599, #3998 ),
 .UNSPECIFIED., .F., .F.,
 ( 4, 3, 3, 3, 3, 3, 3, 3, 3, 3, 3, 4 ),
 ( 4.757926621176668746E-05, 4.830721955500750603E-05, 5.336571003970748530E-05, 5.850483217340259631E-05, 6.368934985638856263E-05, 6.884631158526790650E-05, 7.394230894619235037E-05, 7.901103267689717810E-05, 8.409130566650862963E-05, 8.918295083632784637E-05, 9.427500553532690449E-05, 9.513091217826260388E-05 ),
 .UNSPECIFIED. ) ;
#235 = LINE ( 'NONE', #7261, #2644 ) ;
#236 = CARTESIAN_POINT ( 'NONE',  ( -0.06139007982099284333, -0.1885249398376023233, 0.02605572541393458286 ) ) ;
#237 = CIRCLE ( 'NONE', #4280, 0.01499999999999998557 ) ;
#238 = CARTESIAN_POINT ( 'NONE',  ( 0.02180500106407205416, 0.05582470941180216195, 0.02819141153566027264 ) ) ;
#239 = CARTESIAN_POINT ( 'NONE',  ( 0.05581334824393231059, 0.06497069179266465322, 0.1839220723259821499 ) ) ;
#240 = VECTOR ( 'NONE', #6455, 1000.000000000000000 ) ;
#241 = STYLED_ITEM ( 'NONE', ( #3707 ), #6342 ) ;
#242 = CARTESIAN_POINT ( 'NONE',  ( 0.001672493885424673624, 0.06504484023433473872, 0.1672437177731444236 ) ) ;
#243 = EDGE_CURVE ( 'NONE', #6726, #4536, #5267, .T. ) ;
#244 = PRESENTATION_STYLE_ASSIGNMENT (( #6176 ) ) ;
#245 = DIRECTION ( 'NONE',  ( -1.000000000000000000, 0.000000000000000000, -0.000000000000000000 ) ) ;
#246 = CARTESIAN_POINT ( 'NONE',  ( 0.07163455147043171212, 0.05166081801831702569, -0.05220203172158747323 ) ) ;
#247 = ADVANCED_FACE ( 'NONE', ( #5058 ), #7126, .F. ) ;
#248 = CARTESIAN_POINT ( 'NONE',  ( 0.05878413987582704198, 0.1113564904296304031, 0.05403844077778863914 ) ) ;
#249 = CARTESIAN_POINT ( 'NONE',  ( 0.1244805217859632079, -0.1550000000000000266, 0.08245206481447017732 ) ) ;
#250 = CARTESIAN_POINT ( 'NONE',  ( 0.04379874731805850907, 0.05954351437568160960, -0.1792538179515145713 ) ) ;
#251 = CARTESIAN_POINT ( 'NONE',  ( -0.02709138546469052472, 0.03899149192842314704, -0.1865616786065135979 ) ) ;
#252 =( NAMED_UNIT ( * ) SI_UNIT ( $, .STERADIAN. ) SOLID_ANGLE_UNIT ( ) );
#253 = ORIENTED_EDGE ( 'NONE', *, *, #4369, .T. ) ;
#254 = CARTESIAN_POINT ( 'NONE',  ( -0.1177937218985426748, -0.1649220508390173978, -0.05999551108939390337 ) ) ;
#255 = DIRECTION ( 'NONE',  ( 1.000000000000000000, -5.892403111334263550E-17, 0.000000000000000000 ) ) ;
#256 = CARTESIAN_POINT ( 'NONE',  ( 0.001532786562456707035, 0.06503054854783382743, -0.004087293486400712765 ) ) ;
#257 = EDGE_CURVE ( 'NONE', #5947, #1214, #3916, .T. ) ;
#258 = FILL_AREA_STYLE_COLOUR ( '', #2142 ) ;
#259 = CARTESIAN_POINT ( 'NONE',  ( -0.1670089981913065458, 0.05777777251165053252, -0.2000000000000000111 ) ) ;
#260 = DIRECTION ( 'NONE',  ( 1.000000000000000000, 0.000000000000000000, 3.614007241618348278E-16 ) ) ;
#261 = UNCERTAINTY_MEASURE_WITH_UNIT (LENGTH_MEASURE( 1.000000000000000082E-05 ), #1807, 'distance_accuracy_value', 'NONE');
#262 = ORIENTED_EDGE ( 'NONE', *, *, #8381, .T. ) ;
#263 = STYLED_ITEM ( 'NONE', ( #7024 ), #4087 ) ;
#264 = FILL_AREA_STYLE ('',( #5487 ) ) ;
#265 = CARTESIAN_POINT ( 'NONE',  ( -0.008362798779528949483, 0.05998743945579443348, 0.1599823585076225185 ) ) ;
#266 = CARTESIAN_POINT ( 'NONE',  ( -0.1149999999999999911, -0.2300000000000000100, -0.2000000000000000666 ) ) ;
#267 = SURFACE_SIDE_STYLE ('',( #1472 ) ) ;
#268 = CARTESIAN_POINT ( 'NONE',  ( -0.07759558637517972868, -0.08612823792040319448, 0.1720994934069381421 ) ) ;
#269 = VERTEX_POINT ( 'NONE', #2454 ) ;
#270 = CARTESIAN_POINT ( 'NONE',  ( -0.1210718620247217547, -0.1700000000000000122, -0.04574611991424979568 ) ) ;
#271 = CARTESIAN_POINT ( 'NONE',  ( -0.2151529299272666451, -0.1600000000000000588, -0.1514657711333049772 ) ) ;
#272 = FILL_AREA_STYLE ('',( #9012 ) ) ;
#273 = PRESENTATION_LAYER_ASSIGNMENT (  '', '', ( #9099 ) ) ;
#274 = SURFACE_STYLE_USAGE ( .BOTH. , #4705 ) ;
#275 = FILL_AREA_STYLE_COLOUR ( '', #7956 ) ;
#276 = CIRCLE ( 'NONE', #913, 0.01500000000000000118 ) ;
#277 = CARTESIAN_POINT ( 'NONE',  ( -0.07044163217467079574, 0.07276502793229307209, 0.1380297873273175213 ) ) ;
#278 =( NAMED_UNIT ( * ) PLANE_ANGLE_UNIT ( ) SI_UNIT ( $, .RADIAN. ) );
#279 = ORIENTED_EDGE ( 'NONE', *, *, #3949, .F. ) ;
#280 =( NAMED_UNIT ( * ) SI_UNIT ( $, .STERADIAN. ) SOLID_ANGLE_UNIT ( ) );
#281 = SURFACE_SIDE_STYLE ('',( #3690 ) ) ;
#282 = CARTESIAN_POINT ( 'NONE',  ( 0.04787744661058222079, -0.1421506440901141033, 0.1822689546915618186 ) ) ;
#283 = CARTESIAN_POINT ( 'NONE',  ( 0.002248522496115911568, 0.06510296491966997834, -0.002767197953957454149 ) ) ;
#284 = CARTESIAN_POINT ( 'NONE',  ( 0.05890968464740115040, 0.08150869627554437058, 0.1073432767893481993 ) ) ;
#285 = CARTESIAN_POINT ( 'NONE',  ( -0.07435170301095246626, -0.01276431064381375498, 0.1720995321723959026 ) ) ;
#286 = CARTESIAN_POINT ( 'NONE',  ( 0.003125261053210068567, -0.1582856943436078689, 0.05206966383502262957 ) ) ;
#287 = B_SPLINE_CURVE_WITH_KNOTS ( 'NONE', 3,
 ( #9204, #8386, #4005, #347, #6227, #5631, #6422, #5752, #2694, #498, #7907, #1278, #8662, #4906, #9323, #6397, #532, #4218, #4278, #1305, #8597, #8623, #2784, #2031, #3560, #2724, #7148, #3468, #4963, #566, #4193, #2087, #1252, #5693, #3525, #9384, #6371, #589, #7822, #1975, #3444, #5027, #2751, #2000, #2061, #1337, #4247, #7179, #9293, #2815, #5662, #7878, #1369, #628, #3494, #9356, #4996, #6456, #5723, #8541, #4932, #7093, #4154, #9266, #7212, #7936, #7118 ),
 .UNSPECIFIED., .F., .F.,
 ( 4, 3, 3, 3, 3, 3, 3, 3, 3, 3, 3, 3, 3, 3, 3, 3, 3, 3, 3, 3, 3, 3, 4 ),
 ( 1.244316471090407559E-14, 7.159631154509169675E-07, 1.796546081870005594E-06, 6.793536488145113323E-06, 1.486525141404345781E-05, 2.064272149930259734E-05, 2.645740946575918215E-05, 3.177519105067638441E-05, 3.685526902017251775E-05, 4.187285855323538377E-05, 4.688751030400242390E-05, 5.191371952789885363E-05, 5.695272166668447953E-05, 6.200943813728838102E-05, 6.710698479805018654E-05, 7.230777811943096009E-05, 7.774592257339053478E-05, 8.516367388190055569E-05, 8.920437092837782465E-05, 9.104015045898760402E-05, 9.224925291295830749E-05, 9.298148933575072178E-05, 9.319565818924483759E-05 ),
 .UNSPECIFIED. ) ;
#288 = VERTEX_POINT ( 'NONE', #3188 ) ;
#289 = ORIENTED_EDGE ( 'NONE', *, *, #3168, .T. ) ;
#290 = AXIS2_PLACEMENT_3D ( 'NONE', #3951, #9061, #296 ) ;
#291 = ADVANCED_FACE ( 'NONE', ( #9272 ), #3118, .F. ) ;
#292 = ORIENTED_EDGE ( 'NONE', *, *, #2253, .T. ) ;
#293 = AXIS2_PLACEMENT_3D ( 'NONE', #1387, #2141, #8644 ) ;
#294 = CARTESIAN_POINT ( 'NONE',  ( -0.1210718620247217825, -0.1700000000000000122, -0.04574611991424980956 ) ) ;
#295 = CARTESIAN_POINT ( 'NONE',  ( -0.09097894025904687543, -0.03038616109700731718, 0.1976010580354682633 ) ) ;
#296 = DIRECTION ( 'NONE',  ( -0.9947187166712730955, -0.1005812350896081869, -0.02044724557745129095 ) ) ;
#297 = CARTESIAN_POINT ( 'NONE',  ( 0.04724306278790547931, 0.06571642204423130962, 0.1615229641245700953 ) ) ;
#298 = ORIENTED_EDGE ( 'NONE', *, *, #2700, .F. ) ;
#299 = ORIENTED_EDGE ( 'NONE', *, *, #5412, .F. ) ;
#300 = CARTESIAN_POINT ( 'NONE',  ( -0.03034207140520951348, -0.1228065206388667535, 0.1748112007711367377 ) ) ;
#301 = CIRCLE ( 'NONE', #9301, 0.01500000000000000118 ) ;
#302 = CARTESIAN_POINT ( 'NONE',  ( 0.1215191860415625602, -0.1849158550861008388, 0.04527722374503288100 ) ) ;
#303 = MECHANICAL_DESIGN_GEOMETRIC_PRESENTATION_REPRESENTATION (  '', ( #4602 ), #4733 ) ;
#304 = CARTESIAN_POINT ( 'NONE',  ( 0.03373482484458720232, 0.07849132467248870482, 0.02568504823611458820 ) ) ;
#305 = PRESENTATION_STYLE_ASSIGNMENT (( #1896 ) ) ;
#306 = VERTEX_POINT ( 'NONE', #3848 ) ;
#307 = VERTEX_POINT ( 'NONE', #7536 ) ;
#308 = DIRECTION ( 'NONE',  ( -0.9379416239734139626, 0.02457174936562032605, -0.3459215794818644718 ) ) ;
#309 = EDGE_CURVE ( 'NONE', #8196, #269, #6746, .T. ) ;
#310 =( BOUNDED_SURFACE ( )  B_SPLINE_SURFACE ( 3, 3, ( 
 ( #6135, #4758, #4635, #9064, #7615, #3233, #268, #3894, #3167, #8343 ),
 ( #6173, #3954, #1789, #2529, #2553, #7686, #7650, #6824, #3266, #9003 ),
 ( #4730, #3988, #360, #4886, #1886, #4799, #5580, #5545, #6985, #8549 ),
 ( #388, #4116, #1235, #2670, #6323, #4081, #2706, #422, #454, #6268 ),
 ( #4169, #4140, #7043, #6348, #1199, #2583, #9185, #1959, #7014, #5520 ),
 ( #7830, #7807, #3423, #4824, #1854, #8519, #1169, #9248, #2618, #8465 ),
 ( #5640, #7740, #479, #1982, #8435, #3453, #9275, #7778, #4915, #512 ) ),
 .UNSPECIFIED., .T., .F., .F. ) 
 B_SPLINE_SURFACE_WITH_KNOTS ( ( 4, 3, 4 ),
 ( 4, 2, 2, 2, 4 ),
 ( 0.000000000000000000, 0.5000000000000000000, 1.000000000000000000 ),
 ( 0.8862669857841730670, 0.9014713004687116005, 0.9166756151532500230, 0.9318798208180109066, 0.9470836837220865112 ),
 .UNSPECIFIED. ) 
 GEOMETRIC_REPRESENTATION_ITEM ( )  RATIONAL_B_SPLINE_SURFACE ( (
 ( 1.000000000000000000, 1.000000000000000000, 1.000000000000000000, 1.000000000000000000, 1.000000000000000000, 1.000000000000000000, 1.000000000000000000, 1.000000000000000000, 1.000000000000000000, 1.000000000000000000),
 ( 0.3333333333333333703, 0.3333333333333333703, 0.3333333333333333703, 0.3333333333333333703, 0.3333333333333333703, 0.3333333333333333703, 0.3333333333333333703, 0.3333333333333333703, 0.3333333333333333703, 0.3333333333333333703),
 ( 0.3333333333333333703, 0.3333333333333333703, 0.3333333333333333703, 0.3333333333333333703, 0.3333333333333333703, 0.3333333333333333703, 0.3333333333333333703, 0.3333333333333333703, 0.3333333333333333703, 0.3333333333333333703),
 ( 1.000000000000000000, 1.000000000000000000, 1.000000000000000000, 1.000000000000000000, 1.000000000000000000, 1.000000000000000000, 1.000000000000000000, 1.000000000000000000, 1.000000000000000000, 1.000000000000000000),
 ( 0.3333333333333333703, 0.3333333333333333703, 0.3333333333333333703, 0.3333333333333333703, 0.3333333333333333703, 0.3333333333333333703, 0.3333333333333333703, 0.3333333333333333703, 0.3333333333333333703, 0.3333333333333333703),
 ( 0.3333333333333333703, 0.3333333333333333703, 0.3333333333333333703, 0.3333333333333333703, 0.3333333333333333703, 0.3333333333333333703, 0.3333333333333333703, 0.3333333333333333703, 0.3333333333333333703, 0.3333333333333333703),
 ( 1.000000000000000000, 1.000000000000000000, 1.000000000000000000, 1.000000000000000000, 1.000000000000000000, 1.000000000000000000, 1.000000000000000000, 1.000000000000000000, 1.000000000000000000, 1.000000000000000000) ) ) 
 REPRESENTATION_ITEM ( '' )  SURFACE ( )  );
#311 = ORIENTED_EDGE ( 'NONE', *, *, #6971, .T. ) ;
#312 = ORIENTED_EDGE ( 'NONE', *, *, #2647, .T. ) ;
#313 = CARTESIAN_POINT ( 'NONE',  ( 0.03194634755137860938, -0.1596204022849642135, -0.1837293514539657946 ) ) ;
#314 = CARTESIAN_POINT ( 'NONE',  ( -0.1149999999999999911, -0.1822224746447238530, -0.04038093602253252368 ) ) ;
#315 = CARTESIAN_POINT ( 'NONE',  ( -0.1209235255321850777, -0.1698338979842799190, -0.07495077306659791994 ) ) ;
#316 = DIRECTION ( 'NONE',  ( 0.000000000000000000, 1.000000000000000000, 0.000000000000000000 ) ) ;
#317 = PRESENTATION_LAYER_ASSIGNMENT (  '', '', ( #263 ) ) ;
#318 = PRESENTATION_STYLE_ASSIGNMENT (( #2200 ) ) ;
#319 = CARTESIAN_POINT ( 'NONE',  ( 0.1727154805785203751, -0.2300000000000000100, 0.1472490126125821919 ) ) ;
#320 = CARTESIAN_POINT ( 'NONE',  ( -0.07196933971382124540, 0.04558415070908202610, 0.1720995463656873614 ) ) ;
#321 = CARTESIAN_POINT ( 'NONE',  ( -0.1210718620247219907, -0.1735372582328823243, -0.04574611991424954588 ) ) ;
#322 = SURFACE_STYLE_FILL_AREA ( #806 ) ;
#323 = CARTESIAN_POINT ( 'NONE',  ( -0.1229017327928497716, 0.06518394147448915155, 0.2000000000000000111 ) ) ;
#324 = ADVANCED_FACE ( 'NONE', ( #7585 ), #4371, .T. ) ;
#325 = VERTEX_POINT ( 'NONE', #1136 ) ;
#326 = CARTESIAN_POINT ( 'NONE',  ( 0.03210509325080170701, -0.1599857056563633306, 0.1599844460355385745 ) ) ;
#327 = CARTESIAN_POINT ( 'NONE',  ( 0.02765419093174746601, 0.06639438531431984813, 0.1725293121789912842 ) ) ;
#328 = CARTESIAN_POINT ( 'NONE',  ( -0.04186559702071569050, -0.1593627295079363404, 0.2029590790076271078 ) ) ;
#329 = DIRECTION ( 'NONE',  ( -0.9544742299142688902, -0.2976542202237386636, -0.01951690581423030230 ) ) ;
#330 = AXIS2_PLACEMENT_3D ( 'NONE', #1304, #496, #8564 ) ;
#331 = CIRCLE ( 'NONE', #8582, 0.01500000000000000985 ) ;
#332 = CARTESIAN_POINT ( 'NONE',  ( 0.000000000000000000, -0.1700000000000000122, 0.000000000000000000 ) ) ;
#333 = VERTEX_POINT ( 'NONE', #9201 ) ;
#334 = CARTESIAN_POINT ( 'NONE',  ( -0.04602836463077224910, 0.05961153189781323580, 0.1879004906933163244 ) ) ;
#335 = CARTESIAN_POINT ( 'NONE',  ( 0.02608141810279529169, 0.1083392664942441630, 0.1057715460922218353 ) ) ;
#336 = DIRECTION ( 'NONE',  ( -0.000000000000000000, 0.000000000000000000, -1.000000000000000000 ) ) ;
#337 = CARTESIAN_POINT ( 'NONE',  ( -0.1181273583841139785, -0.2300000000000000655, -0.07407182481331292534 ) ) ;
#338 = DIRECTION ( 'NONE',  ( 0.000000000000000000, -1.000000000000000000, 0.000000000000000000 ) ) ;
#339 = EDGE_CURVE ( 'NONE', #3286, #6978, #1506, .T. ) ;
#340 = AXIS2_PLACEMENT_3D ( 'NONE', #7938, #3564, #4281 ) ;
#341 = DIRECTION ( 'NONE',  ( 0.7493687470348626700, 0.000000000000000000, 0.6621529135837129765 ) ) ;
#342 = AXIS2_PLACEMENT_3D ( 'NONE', #4362, #9458, #8795 ) ;
#343 = DIRECTION ( 'NONE',  ( 0.9988445981121533146, 0.000000000000000000, -0.04805693313322132593 ) ) ;
#344 = DIRECTION ( 'NONE',  ( 0.02615073541497728998, 0.9996580110404037489, 0.000000000000000000 ) ) ;
#345 = CARTESIAN_POINT ( 'NONE',  ( 0.02113848844925341960, -0.06769075067954843927, 0.1777328117915815686 ) ) ;
#346 = CARTESIAN_POINT ( 'NONE',  ( 0.001287310664184644409, 0.06500525288284243752, -0.009148647038860806269 ) ) ;
#347 = CARTESIAN_POINT ( 'NONE',  ( 0.004493304268792881230, 0.06531715851702314668, -0.1607635366284341505 ) ) ;
#348 = SURFACE_SIDE_STYLE ('',( #6869 ) ) ;
#349 = DIRECTION ( 'NONE',  ( -0.02362941044756635897, 0.0001591926594850766048, -0.9997207738261707499 ) ) ;
#350 = CARTESIAN_POINT ( 'NONE',  ( 0.1150000000000000050, -0.2300000000000000100, 0.2000000000000000111 ) ) ;
#351 = MECHANICAL_DESIGN_GEOMETRIC_PRESENTATION_REPRESENTATION (  '', ( #4964 ), #5938 ) ;
#352 = DIRECTION ( 'NONE',  ( -0.02614935266313343776, 0.9996580472117949645, 0.000000000000000000 ) ) ;
#353 = CARTESIAN_POINT ( 'NONE',  ( 0.002248522496115911568, 0.06510296491966997834, -0.002767197953957454149 ) ) ;
#354 = CARTESIAN_POINT ( 'NONE',  ( 0.04330518653679828189, 0.06596798529384789722, 0.1943559962236673100 ) ) ;
#355 = ORIENTED_EDGE ( 'NONE', *, *, #8061, .T. ) ;
#356 = CARTESIAN_POINT ( 'NONE',  ( -0.08731171926942844774, 0.06086995279463838088, 0.1976010580285487150 ) ) ;
#357 = AXIS2_PLACEMENT_3D ( 'NONE', #5154, #2388, #192 ) ;
#358 = CIRCLE ( 'NONE', #1729, 0.03502185467385546952 ) ;
#359 = CARTESIAN_POINT ( 'NONE',  ( -0.02890812999619865944, -0.08607519669228200221, 0.1748111692315258425 ) ) ;
#360 = CARTESIAN_POINT ( 'NONE',  ( -0.03152323437381474025, 0.02217556418026029458, 0.1623989882032935983 ) ) ;
#361 = CARTESIAN_POINT ( 'NONE',  ( -0.003068596000674517557, 0.06451891242170999796, 0.1637222819347682878 ) ) ;
#362 = CIRCLE ( 'NONE', #700, 0.03502113720135016650 ) ;
#363 = FILL_AREA_STYLE_COLOUR ( '', #1866 ) ;
#364 = CARTESIAN_POINT ( 'NONE',  ( 0.05589588985345325667, 0.1113565747650763771, 0.1071966882977194169 ) ) ;
#365 = DIRECTION ( 'NONE',  ( -0.04805693313322025040, 0.000000000000000000, -0.9988445981121535366 ) ) ;
#366 = ORIENTED_EDGE ( 'NONE', *, *, #9202, .T. ) ;
#367 = CARTESIAN_POINT ( 'NONE',  ( 0.2016309254299941678, 0.06798944191067401999, 0.2000000000000000666 ) ) ;
#368 = AXIS2_PLACEMENT_3D ( 'NONE', #7154, #4166, #7829 ) ;
#369 = UNCERTAINTY_MEASURE_WITH_UNIT (LENGTH_MEASURE( 1.000000000000000082E-05 ), #6896, 'distance_accuracy_value', 'NONE');
#370 = SURFACE_STYLE_USAGE ( .BOTH. , #6934 ) ;
#371 = CARTESIAN_POINT ( 'NONE',  ( -0.07210358116481382917, 0.05549703941909012866, 0.1728420110873253590 ) ) ;
#372 = CARTESIAN_POINT ( 'NONE',  ( -0.04474264559673851033, -0.1741217486853661178, -0.1328600348769796713 ) ) ;
#373 = ORIENTED_EDGE ( 'NONE', *, *, #8857, .F. ) ;
#374 = CARTESIAN_POINT ( 'NONE',  ( 0.001848208808562954710, 0.06506270749068029935, -0.002531401774709076367 ) ) ;
#375 = CARTESIAN_POINT ( 'NONE',  ( -0.1332233852639164717, -0.1550000000000000266, -0.09549743043520018959 ) ) ;
#376 = EDGE_CURVE ( 'NONE', #4847, #3182, #2439, .T. ) ;
#377 = SURFACE_STYLE_USAGE ( .BOTH. , #1137 ) ;
#378 = CARTESIAN_POINT ( 'NONE',  ( -0.07088710494496802683, 0.07275947084674075360, 0.1597285065621297240 ) ) ;
#379 = CIRCLE ( 'NONE', #441, 0.005021854673855265933 ) ;
#380 = EDGE_CURVE ( 'NONE', #288, #6273, #6473, .T. ) ;
#381 = DIRECTION ( 'NONE',  ( 0.000000000000000000, 0.000000000000000000, -1.000000000000000000 ) ) ;
#382 = ORIENTED_EDGE ( 'NONE', *, *, #9416, .T. ) ;
#383 = CARTESIAN_POINT ( 'NONE',  ( -0.08732775770370936053, -0.1714750601623973580, 0.0005931195190617610455 ) ) ;
#384 = CARTESIAN_POINT ( 'NONE',  ( -0.02232645484785964612, -0.2800000000000000266, -0.1011377395782614708 ) ) ;
#385 = CARTESIAN_POINT ( 'NONE',  ( 0.03095800259705187157, 0.06638285207323657566, 0.1902708944648996148 ) ) ;
#386 = STYLED_ITEM ( 'NONE', ( #305 ), #9005 ) ;
#387 = CARTESIAN_POINT ( 'NONE',  ( -0.002875776339621803797, -0.1421217031622966642, 0.1851905820988625773 ) ) ;
#388 = CARTESIAN_POINT ( 'NONE',  ( -0.04602836463077222828, 0.05961153189781322886, 0.1879004906933163244 ) ) ;
#389 = LINE ( 'NONE', #2901, #1907 ) ;
#390 = COLOUR_RGB ( '',0.7921568627450980005, 0.8196078431372548767, 0.9333333333333333481 ) ;
#391 = EDGE_LOOP ( 'NONE', ( #2579, #9444, #5087, #2915 ) ) ;
#392 = EDGE_LOOP ( 'NONE', ( #98, #4310, #5340, #4537, #6255, #1110, #3871, #3368, #7743, #1605, #1419, #1009, #888, #5433, #2551, #2361 ) ) ;
#393 = CARTESIAN_POINT ( 'NONE',  ( 0.05415068218239384862, 0.1113565830165971771, 0.1602524148963088979 ) ) ;
#394 = ORIENTED_EDGE ( 'NONE', *, *, #1873, .F. ) ;
#395 = AXIS2_PLACEMENT_3D ( 'NONE', #6879, #9045, #4646 ) ;
#396 = CARTESIAN_POINT ( 'NONE',  ( -0.08983026888629135065, -0.1799999999999998546, -0.04204236359722136884 ) ) ;
#397 = SURFACE_SIDE_STYLE ('',( #7940 ) ) ;
#398 = CARTESIAN_POINT ( 'NONE',  ( -0.1212317971636562436, -0.2300000000000000655, -0.04556511883094790938 ) ) ;
#399 = CARTESIAN_POINT ( 'NONE',  ( -0.07759558637517972868, -0.08612823792040319448, 0.1720994934069381421 ) ) ;
#400 = PRESENTATION_LAYER_ASSIGNMENT (  '', '', ( #4024 ) ) ;
#401 = CARTESIAN_POINT ( 'NONE',  ( -0.1655526671241021874, -0.1550000000000000266, -0.05290356562635827736 ) ) ;
#402 = PRESENTATION_STYLE_ASSIGNMENT (( #6493 ) ) ;
#403 = ORIENTED_EDGE ( 'NONE', *, *, #590, .T. ) ;
#404 = EDGE_LOOP ( 'NONE', ( #8353, #8344, #1352, #7329, #3748, #6855 ) ) ;
#405 = ORIENTED_EDGE ( 'NONE', *, *, #8643, .T. ) ;
#406 = CARTESIAN_POINT ( 'NONE',  ( -0.05607951069852718656, -0.1885249513792336407, 0.1597097399175971821 ) ) ;
#407 = CARTESIAN_POINT ( 'NONE',  ( 0.009030426264184092389, -0.1769980033934721031, -0.02595043614767383530 ) ) ;
#408 =( LENGTH_UNIT ( ) NAMED_UNIT ( * ) SI_UNIT ( .MILLI., .METRE. ) );
#409 = CARTESIAN_POINT ( 'NONE',  ( -0.06841810677207897651, -0.1800000000000001044, 0.1599999999999998646 ) ) ;
#410 = CARTESIAN_POINT ( 'NONE',  ( 0.1339912417916209186, -0.2300000000000000100, 0.09659493930342559487 ) ) ;
#411 = CARTESIAN_POINT ( 'NONE',  ( -0.06917882806347422364, 0.07275956946719475127, 0.1060121954197597721 ) ) ;
#412 = B_SPLINE_CURVE_WITH_KNOTS ( 'NONE', 3,
 ( #7218, #6463, #1311, #1344, #9361, #2826 ),
 .UNSPECIFIED., .F., .F.,
 ( 4, 1, 1, 4 ),
 ( 0.2852254952169800961, 0.3656248629570439390, 0.4831154010945742372, 0.5094184486488250174 ),
 .UNSPECIFIED. ) ;
#413 = STYLED_ITEM ( 'NONE', ( #244 ), #2983 ) ;
#414 = CIRCLE ( 'NONE', #1074, 0.03502113778643668046 ) ;
#415 = PRESENTATION_LAYER_ASSIGNMENT (  '', '', ( #6682 ) ) ;
#416 = SURFACE_SIDE_STYLE ('',( #4079 ) ) ;
#417 = EDGE_CURVE ( 'NONE', #3957, #4882, #4939, .T. ) ;
#418 = DIRECTION ( 'NONE',  ( -0.000000000000000000, -1.000000000000000000, -0.000000000000000000 ) ) ;
#419 = FILL_AREA_STYLE ('',( #8960 ) ) ;
#420 = CARTESIAN_POINT ( 'NONE',  ( 0.01240349414439262388, 0.06591662770651164627, -0.1391002364304097794 ) ) ;
#421 = FILL_AREA_STYLE_COLOUR ( '', #8869 ) ;
#422 = CARTESIAN_POINT ( 'NONE',  ( -0.05354256937190649684, -0.1237879983408049778, 0.1879005065440109978 ) ) ;
#423 = ORIENTED_EDGE ( 'NONE', *, *, #3700, .F. ) ;
#424 = EDGE_LOOP ( 'NONE', ( #2371, #7220, #1815, #5990, #3320, #5248 ) ) ;
#425 = CIRCLE ( 'NONE', #4100, 0.01499999999999999944 ) ;
#426 = CARTESIAN_POINT ( 'NONE',  ( -0.006563973209576236430, 0.07553518669664388563, -0.1602927535872134823 ) ) ;
#427 = PRESENTATION_LAYER_ASSIGNMENT (  '', '', ( #7016 ) ) ;
#428 = UNCERTAINTY_MEASURE_WITH_UNIT (LENGTH_MEASURE( 1.000000000000000082E-05 ), #3342, 'distance_accuracy_value', 'NONE');
#429 = CARTESIAN_POINT ( 'NONE',  ( -0.1655526671241021874, -0.2300000000000000100, -0.05290356562635827736 ) ) ;
#430 = LINE ( 'NONE', #449, #6758 ) ;
#431 = PLANE ( 'NONE',  #4379 ) ;
#432 = CARTESIAN_POINT ( 'NONE',  ( -0.04887568674456060913, -0.01390659778293885755, 0.1879005137432496475 ) ) ;
#433 = ORIENTED_EDGE ( 'NONE', *, *, #5174, .F. ) ;
#434 = CARTESIAN_POINT ( 'NONE',  ( -0.07088710494496801295, 0.07275947084674067034, 0.1597285065621297240 ) ) ;
#435 = EDGE_CURVE ( 'NONE', #821, #3738, #7473, .T. ) ;
#436 = CARTESIAN_POINT ( 'NONE',  ( 0.02936489389588567422, -0.08602553033636910207, -0.1837293676684704780 ) ) ;
#437 = CARTESIAN_POINT ( 'NONE',  ( 0.1041660173029924641, 0.05593461077899949258, -0.1575000000000000289 ) ) ;
#438 = DIRECTION ( 'NONE',  ( 0.9993792147296975958, -0.02614344219221959378, -0.02361579125490145467 ) ) ;
#439 = CARTESIAN_POINT ( 'NONE',  ( -0.03618974801024662374, -0.1741175299307869129, 0.05398880098566725960 ) ) ;
#440 = FILL_AREA_STYLE_COLOUR ( '', #5790 ) ;
#441 = AXIS2_PLACEMENT_3D ( 'NONE', #1488, #7345, #2956 ) ;
#442 = CARTESIAN_POINT ( 'NONE',  ( 0.04283232809466361313, 0.07849142854761531618, -0.1603059037795810104 ) ) ;
#443 = CARTESIAN_POINT ( 'NONE',  ( 0.006563881463434945510, 0.08446495496867284514, 0.1602950706623608168 ) ) ;
#444 = CARTESIAN_POINT ( 'NONE',  ( -0.04468588224141916559, 0.1135277579884421406, -0.1066697453555295882 ) ) ;
#445 = EDGE_LOOP ( 'NONE', ( #262, #8889 ) ) ;
#446 = SURFACE_SIDE_STYLE ('',( #907 ) ) ;
#447 = FACE_OUTER_BOUND ( 'NONE', #5707, .T. ) ;
#448 = CARTESIAN_POINT ( 'NONE',  ( 0.2650000000000000133, 0.06000000000000000472, -0.2000000000000000111 ) ) ;
#449 = CARTESIAN_POINT ( 'NONE',  ( -0.03038445814635643699, -0.2300000000000000100, 0.03438656368245331107 ) ) ;
#450 = ORIENTED_EDGE ( 'NONE', *, *, #3515, .F. ) ;
#451 =( LENGTH_UNIT ( ) NAMED_UNIT ( * ) SI_UNIT ( .MILLI., .METRE. ) );
#452 = DIRECTION ( 'NONE',  ( -0.9378280814248962649, 0.02858595053343655421, -0.3459209926023541493 ) ) ;
#453 = CARTESIAN_POINT ( 'NONE',  ( 0.04690434431197809673, 0.06574027884409613942, -0.01979214917103883087 ) ) ;
#454 = CARTESIAN_POINT ( 'NONE',  ( -0.05409886421971344533, -0.1382782943188765601, 0.1879025851734620889 ) ) ;
#455 = PRESENTATION_LAYER_ASSIGNMENT (  '', '', ( #6177 ) ) ;
#456 = CARTESIAN_POINT ( 'NONE',  ( 0.02007692248893304734, 0.05582468839303730834, 0.05473169054330073724 ) ) ;
#457 = CARTESIAN_POINT ( 'NONE',  ( -0.1988062389287093279, -0.1700000000000000122, -0.08175643111878473646 ) ) ;
#458 = CARTESIAN_POINT ( 'NONE',  ( -0.03309052361965135469, -0.01461433208400175938, 0.1623989651354351416 ) ) ;
#459 = CARTESIAN_POINT ( 'NONE',  ( -0.07978607075600704923, -0.1450397118861447843, 0.1721009521212837068 ) ) ;
#460 = FILL_AREA_STYLE_COLOUR ( '', #2885 ) ;
#461 = DIRECTION ( 'NONE',  ( -0.9379416239734139626, 0.02457174936562032605, -0.3459215794818644718 ) ) ;
#462 = CARTESIAN_POINT ( 'NONE',  ( 0.03513828907946667940, -0.1700000000000000122, -0.05528563457853804403 ) ) ;
#463 = MECHANICAL_DESIGN_GEOMETRIC_PRESENTATION_REPRESENTATION (  '', ( #5561 ), #836 ) ;
#464 = CARTESIAN_POINT ( 'NONE',  ( -0.03196869319327874659, -0.1465207010573926494, -0.1065670586343592657 ) ) ;
#465 = DIRECTION ( 'NONE',  ( -0.02614935266313338225, 0.9996580472117948535, -1.213827394730788247E-18 ) ) ;
#466 = CARTESIAN_POINT ( 'NONE',  ( -0.1149999999999999911, -0.2300000000000000100, 0.2000000000000000111 ) ) ;
#467 = CARTESIAN_POINT ( 'NONE',  ( -0.08536525105373064803, 0.09903301060290360669, 0.1594380002202835933 ) ) ;
#468 = ADVANCED_FACE ( 'NONE', ( #3237 ), #6970, .T. ) ;
#469 = SURFACE_STYLE_FILL_AREA ( #1024 ) ;
#470 = VECTOR ( 'NONE', #4167, 1000.000000000000000 ) ;
#471 = B_SPLINE_SURFACE_WITH_KNOTS ( 'NONE', 3, 1, ( 
 ( #3208, #2534 ),
 ( #7659, #1763 ),
 ( #6832, #7563 ),
 ( #8349, #1798 ),
 ( #8258, #4676 ),
 ( #219, #923 ),
 ( #8286, #184 ),
 ( #5383, #7527 ) ),
 .UNSPECIFIED., .F., .F., .F.,
 ( 4, 1, 1, 1, 1, 4 ),
 ( 2, 2 ),
 ( 0.000000000000000000, 0.1274639945884469550, 0.2621587074575456033, 0.4330378518549585221, 0.4971100557800189335, 0.5030000000000011129 ),
 ( 0.000000000000000000, 1.000000000000000000 ),
 .UNSPECIFIED. ) ;
#472 = STYLED_ITEM ( 'NONE', ( #6201 ), #3704 ) ;
#473 = CARTESIAN_POINT ( 'NONE',  ( -0.05684075535698539239, -0.1885300823318092900, 0.1275008700129230954 ) ) ;
#474 = CARTESIAN_POINT ( 'NONE',  ( 0.04283232809466361313, 0.07849142854761531618, -0.1603059037795810104 ) ) ;
#475 = DIRECTION ( 'NONE',  ( 0.9993255319173289797, -0.03046132653440611349, 0.02050826282043630849 ) ) ;
#476 = UNCERTAINTY_MEASURE_WITH_UNIT (LENGTH_MEASURE( 1.000000000000000082E-05 ), #7719, 'distance_accuracy_value', 'NONE');
#477 = AXIS2_PLACEMENT_3D ( 'NONE', #1260, #4294, #7887 ) ;
#478 = CARTESIAN_POINT ( 'NONE',  ( -0.07499999999999998335, -0.1799999999999998546, -8.470329472543003391E-19 ) ) ;
#479 = CARTESIAN_POINT ( 'NONE',  ( -0.07279225769380755218, 0.02384145569598937128, 0.1720995550641016836 ) ) ;
#480 = COLOUR_RGB ( '',1.000000000000000000, 1.000000000000000000, 0.5019607843137254832 ) ;
#481 = CARTESIAN_POINT ( 'NONE',  ( 0.007753140239137775065, 0.07999999999999997391, -0.1600000000000000311 ) ) ;
#482 = VERTEX_POINT ( 'NONE', #8453 ) ;
#483 = DIRECTION ( 'NONE',  ( -0.02052558504614553775, -0.0002560480453883467664, 0.9997892952006998124 ) ) ;
#484 = EDGE_CURVE ( 'NONE', #4809, #7755, #3346, .T. ) ;
#485 = CARTESIAN_POINT ( 'NONE',  ( 0.001270463722378962525, 0.04690862146465878124, -0.1068510698661353508 ) ) ;
#486 = LINE ( 'NONE', #6477, #3816 ) ;
#487 = DIRECTION ( 'NONE',  ( 0.000000000000000000, 0.000000000000000000, -1.000000000000000000 ) ) ;
#488 = VECTOR ( 'NONE', #9245, 1000.000000000000000 ) ;
#489 =( BOUNDED_SURFACE ( )  B_SPLINE_SURFACE ( 3, 3, ( 
 ( #2758, #7828, #8630, #9329, #6346, #7943, #6431, #4164 ),
 ( #3565, #2792, #5034, #1231, #3449, #8546, #9269, #4448 ),
 ( #2198, #8071, #1448, #5155, #3653, #1375, #3625, #4389 ),
 ( #8698, #2859, #2260, #6597, #725, #766, #667, #1479 ),
 ( #1410, #8763, #5062, #8822, #66, #6531, #8046, #2979 ),
 ( #3, #5761, #5093, #635, #6502, #2131, #2226, #5127 ),
 ( #7274, #4418, #7982, #2170, #5853, #7367, #7338, #7312 ) ),
 .UNSPECIFIED., .T., .F., .T. ) 
 B_SPLINE_SURFACE_WITH_KNOTS ( ( 4, 3, 4 ),
 ( 4, 2, 2, 4 ),
 ( 0.000000000000000000, 0.5000000000000000000, 1.000000000000000000 ),
 ( 0.05291631629125233965, 0.08332439132964528095, 0.09852884505092862621, 0.1137329655242615284 ),
 .UNSPECIFIED. ) 
 GEOMETRIC_REPRESENTATION_ITEM ( )  RATIONAL_B_SPLINE_SURFACE ( (
 ( 1.000000000000000000, 1.000000000000000000, 1.000000000000000000, 1.000000000000000000, 1.000000000000000000, 1.000000000000000000, 1.000000000000000000, 1.000000000000000000),
 ( 0.3333333333333333703, 0.3333333333333333703, 0.3333333333333333703, 0.3333333333333333703, 0.3333333333333333703, 0.3333333333333333703, 0.3333333333333333703, 0.3333333333333333703),
 ( 0.3333333333333333703, 0.3333333333333333703, 0.3333333333333333703, 0.3333333333333333703, 0.3333333333333333703, 0.3333333333333333703, 0.3333333333333333703, 0.3333333333333333703),
 ( 1.000000000000000000, 1.000000000000000000, 1.000000000000000000, 1.000000000000000000, 1.000000000000000000, 1.000000000000000000, 1.000000000000000000, 1.000000000000000000),
 ( 0.3333333333333333703, 0.3333333333333333703, 0.3333333333333333703, 0.3333333333333333703, 0.3333333333333333703, 0.3333333333333333703, 0.3333333333333333703, 0.3333333333333333703),
 ( 0.3333333333333333703, 0.3333333333333333703, 0.3333333333333333703, 0.3333333333333333703, 0.3333333333333333703, 0.3333333333333333703, 0.3333333333333333703, 0.3333333333333333703),
 ( 1.000000000000000000, 1.000000000000000000, 1.000000000000000000, 1.000000000000000000, 1.000000000000000000, 1.000000000000000000, 1.000000000000000000, 1.000000000000000000) ) ) 
 REPRESENTATION_ITEM ( '' )  SURFACE ( )  );
#490 = CARTESIAN_POINT ( 'NONE',  ( -0.06429290854873367933, -0.1570098000743053723, 0.1465982487281535518 ) ) ;
#491 = CARTESIAN_POINT ( 'NONE',  ( -0.06538153098777178818, -0.1467910528291462569, 0.1064606320728168631 ) ) ;
#492 = ORIENTED_EDGE ( 'NONE', *, *, #4327, .T. ) ;
#493 = CARTESIAN_POINT ( 'NONE',  ( 0.1150000000000000050, -0.1700000000000000122, 0.2000000000000000111 ) ) ;
#494 = CARTESIAN_POINT ( 'NONE',  ( 0.01295046294508560639, 0.06594888417542087156, -0.1575000000000000289 ) ) ;
#495 = CARTESIAN_POINT ( 'NONE',  ( -0.002083083495998522532, -0.1582856444636741022, -0.05452405582285115709 ) ) ;
#496 = DIRECTION ( 'NONE',  ( -1.000000000000000000, 0.000000000000000000, 0.000000000000000000 ) ) ;
#497 = EDGE_CURVE ( 'NONE', #7281, #3957, #6674, .T. ) ;
#498 = CARTESIAN_POINT ( 'NONE',  ( 0.0004313204014430992595, 0.06491520827171760877, -0.1652439719103984406 ) ) ;
#499 = ORIENTED_EDGE ( 'NONE', *, *, #558, .T. ) ;
#500 = CARTESIAN_POINT ( 'NONE',  ( -0.02045109522346427039, -0.1465206760322854407, 0.1600427155867265028 ) ) ;
#501 = MECHANICAL_DESIGN_GEOMETRIC_PRESENTATION_REPRESENTATION (  '', ( #5546 ), #5121 ) ;
#502 = PRESENTATION_STYLE_ASSIGNMENT (( #6271 ) ) ;
#503 = SURFACE_STYLE_USAGE ( .BOTH. , #5542 ) ;
#504 = CARTESIAN_POINT ( 'NONE',  ( -0.08604467737574322816, -0.1714750601623973580, 0.02726104084680526507 ) ) ;
#505 = CARTESIAN_POINT ( 'NONE',  ( 0.001762043737434625329, 0.06505396251960178511, -0.002727905100665906687 ) ) ;
#506 = SURFACE_STYLE_FILL_AREA ( #9234 ) ;
#507 = ORIENTED_EDGE ( 'NONE', *, *, #692, .F. ) ;
#508 = EDGE_LOOP ( 'NONE', ( #5937, #3870, #76, #7879, #7866, #7435 ) ) ;
#509 = CARTESIAN_POINT ( 'NONE',  ( 0.05427223909081875519, 0.06512397363880462198, -0.1079843903589793874 ) ) ;
#510 = EDGE_LOOP ( 'NONE', ( #2772, #1101, #8195, #5815 ) ) ;
#511 = LINE ( 'NONE', #5192, #7173 ) ;
#512 = CARTESIAN_POINT ( 'NONE',  ( -0.08016871703130686033, -0.1596657669923492173, 0.1720995417108199532 ) ) ;
#513 = CARTESIAN_POINT ( 'NONE',  ( 0.02354677466976643277, -0.01266044815156360664, 0.1777328124504940765 ) ) ;
#514 = EDGE_CURVE ( 'NONE', #1582, #4117, #9377, .T. ) ;
#515 = CARTESIAN_POINT ( 'NONE',  ( 0.003984261681737179955, 0.1131050346108560672, 0.02701373789098636055 ) ) ;
#516 = DIRECTION ( 'NONE',  ( -0.8497608738607280721, 0.02228220051005870561, -0.5266972192786679718 ) ) ;
#517 = EDGE_LOOP ( 'NONE', ( #4968, #2153, #8001, #394 ) ) ;
#518 = CLOSED_SHELL ( 'NONE', ( #2662, #1553, #5397, #7706, #6840, #2375, #3704, #4035, #9157, #4625, #6301, #915, #8272, #7607, #105, #1119, #8123, #3032, #8916, #5343, #3087, #3794, #2429, #8495 ) ) ;
#519 = AXIS2_PLACEMENT_3D ( 'NONE', #4413, #1371, #1475 ) ;
#520 = CARTESIAN_POINT ( 'NONE',  ( 0.03130478124286706354, 0.04249595403114227871, -0.1546713924784019478 ) ) ;
#521 = CARTESIAN_POINT ( 'NONE',  ( -0.01568352880647135017, 0.07553508554169061084, 0.02571827680933060079 ) ) ;
#522 = CARTESIAN_POINT ( 'NONE',  ( -0.06101779060190365422, -0.06845593025453661218, 0.1465979604048991691 ) ) ;
#523 = CARTESIAN_POINT ( 'NONE',  ( 0.002898260295413431289, -0.1603795977150363206, -0.1762706485460339978 ) ) ;
#524 = CARTESIAN_POINT ( 'NONE',  ( -0.06007537388594515193, -0.1885249088013418450, 0.05273990297923224213 ) ) ;
#525 = PRESENTATION_STYLE_ASSIGNMENT (( #4519 ) ) ;
#526 = ORIENTED_EDGE ( 'NONE', *, *, #8901, .F. ) ;
#527 = ORIENTED_EDGE ( 'NONE', *, *, #7680, .F. ) ;
#528 = CARTESIAN_POINT ( 'NONE',  ( 0.2151529299272666174, -0.1600000000000000311, 0.1514657711333050050 ) ) ;
#529 = CARTESIAN_POINT ( 'NONE',  ( -0.02151754748105509651, 0.07554193604853857991, 0.1327892651147117298 ) ) ;
#530 = DIRECTION ( 'NONE',  ( -0.9794962159215321318, 0.2001317422725611694, 0.02311814720837845200 ) ) ;
#531 = SURFACE_STYLE_USAGE ( .BOTH. , #565 ) ;
#532 = CARTESIAN_POINT ( 'NONE',  ( -0.006474960448012314837, 0.06408409568168661752, -0.1789666823915180283 ) ) ;
#533 = B_SPLINE_CURVE_WITH_KNOTS ( 'NONE', 3,
 ( #6223, #2513, #2481, #2567, #9051, #8356, #1034, #3250, #4746, #5478, #315, #964, #7630, #6844, #3974, #1745, #254, #5447, #1091, #3218, #7570, #6085, #3186, #5391, #1809, #7702, #6936, #8412, #4029, #9142, #8295 ),
 .UNSPECIFIED., .F., .F.,
 ( 4, 3, 3, 3, 3, 3, 3, 3, 3, 3, 4 ),
 ( 5.361292778058567585E-05, 5.540185534348740401E-05, 5.850549349487401042E-05, 6.347923163841872577E-05, 7.187494080234253487E-05, 8.053925027439087488E-05, 8.643638418514717982E-05, 9.110800423244010484E-05, 9.582200235127214980E-05, 9.997618870867263665E-05, 0.0001006536442539721245 ),
 .UNSPECIFIED. ) ;
#534 = AXIS2_PLACEMENT_3D ( 'NONE', #1533, #6763, #7484 ) ;
#535 = STYLED_ITEM ( 'NONE', ( #3825 ), #6301 ) ;
#536 = COLOUR_RGB ( '',1.000000000000000000, 1.000000000000000000, 0.5019607843137254832 ) ;
#537 = ORIENTED_EDGE ( 'NONE', *, *, #2578, .F. ) ;
#538 = EDGE_CURVE ( 'NONE', #8975, #4561, #5849, .T. ) ;
#539 = CARTESIAN_POINT ( 'NONE',  ( -0.005974900027687927474, -0.1593020867264446916, -0.1595842178831575753 ) ) ;
#540 = SURFACE_SIDE_STYLE ('',( #6435 ) ) ;
#541 = CARTESIAN_POINT ( 'NONE',  ( 0.001969326904507871789, 0.06507495318001114970, -0.002426711917798672364 ) ) ;
#542 = CARTESIAN_POINT ( 'NONE',  ( 0.04612467338366318947, 0.06579483179143540139, -0.009822820267121116361 ) ) ;
#543 = CARTESIAN_POINT ( 'NONE',  ( 0.03647290321224045534, 0.06626719978541642520, 0.1482933126496880361 ) ) ;
#544 = CARTESIAN_POINT ( 'NONE',  ( -0.06917882806347422364, 0.07275956946719475127, 0.1060121954197597721 ) ) ;
#545 = CARTESIAN_POINT ( 'NONE',  ( 0.04997844404437348786, -0.08726769168672271482, 0.1822671722099970526 ) ) ;
#547 =( BOUNDED_SURFACE ( )  B_SPLINE_SURFACE ( 3, 3, ( 
 ( #5007, #9303, #2764, #5767, #2010, #544, #7949, #2103 ),
 ( #3596, #3502, #572, #4230, #8639, #4257, #9335, #7247 ),
 ( #7129, #9429, #8702, #5675, #1382, #2735, #3475, #8580 ),
 ( #7223, #6508, #5704, #1318, #2070, #3570, #7191, #4204 ),
 ( #1288, #6410, #2795, #4332, #7916, #9366, #1348, #6471 ),
 ( #2830, #732, #5228, #6536, #5793, #6640, #5162, #8142 ),
 ( #5101, #7373, #2203, #3685, #3017, #2265, #7342, #5925 ) ),
 .UNSPECIFIED., .T., .F., .F. ) 
 B_SPLINE_SURFACE_WITH_KNOTS ( ( 4, 3, 4 ),
 ( 4, 2, 2, 4 ),
 ( 0.000000000000000000, 0.5000000000000000000, 1.000000000000000000 ),
 ( 0.7890819539983995323, 0.8333321516436658083, 0.8554603693797637742, 0.8775845940005594370 ),
 .UNSPECIFIED. ) 
 GEOMETRIC_REPRESENTATION_ITEM ( )  RATIONAL_B_SPLINE_SURFACE ( (
 ( 1.000000000000000000, 1.000000000000000000, 1.000000000000000000, 1.000000000000000000, 1.000000000000000000, 1.000000000000000000, 1.000000000000000000, 1.000000000000000000),
 ( 0.3333333333333333703, 0.3333333333333333703, 0.3333333333333333703, 0.3333333333333333703, 0.3333333333333333703, 0.3333333333333333703, 0.3333333333333333703, 0.3333333333333333703),
 ( 0.3333333333333333703, 0.3333333333333333703, 0.3333333333333333703, 0.3333333333333333703, 0.3333333333333333703, 0.3333333333333333703, 0.3333333333333333703, 0.3333333333333333703),
 ( 1.000000000000000000, 1.000000000000000000, 1.000000000000000000, 1.000000000000000000, 1.000000000000000000, 1.000000000000000000, 1.000000000000000000, 1.000000000000000000),
 ( 0.3333333333333333703, 0.3333333333333333703, 0.3333333333333333703, 0.3333333333333333703, 0.3333333333333333703, 0.3333333333333333703, 0.3333333333333333703, 0.3333333333333333703),
 ( 0.3333333333333333703, 0.3333333333333333703, 0.3333333333333333703, 0.3333333333333333703, 0.3333333333333333703, 0.3333333333333333703, 0.3333333333333333703, 0.3333333333333333703),
 ( 1.000000000000000000, 1.000000000000000000, 1.000000000000000000, 1.000000000000000000, 1.000000000000000000, 1.000000000000000000, 1.000000000000000000, 1.000000000000000000) ) ) 
 REPRESENTATION_ITEM ( '' )  SURFACE ( )  );
#546 = CARTESIAN_POINT ( 'NONE',  ( 0.05342229497477980760, -0.1799999763555376053, -0.1596455588350328691 ) ) ;
#548 = VECTOR ( 'NONE', #2467, 1000.000000000000000 ) ;
#549 = VERTEX_POINT ( 'NONE', #7178 ) ;
#550 = EDGE_LOOP ( 'NONE', ( #2842, #8866, #1317, #4387, #9290, #3287, #7384 ) ) ;
#551 = DIRECTION ( 'NONE',  ( -5.892403111334263550E-17, -1.000000000000000000, -0.000000000000000000 ) ) ;
#552 = AXIS2_PLACEMENT_3D ( 'NONE', #4025, #5555, #6997 ) ;
#553 = CARTESIAN_POINT ( 'NONE',  ( -0.1249087701522724331, -0.1700000000000000122, -0.08369358674891526351 ) ) ;
#554 = CARTESIAN_POINT ( 'NONE',  ( -0.004557818421576741337, -0.1605774552365515917, -0.2053286550600264548 ) ) ;
#555 =( NAMED_UNIT ( * ) SI_UNIT ( $, .STERADIAN. ) SOLID_ANGLE_UNIT ( ) );
#556 = CARTESIAN_POINT ( 'NONE',  ( -0.07680421981838510270, -0.06777777249568327222, 0.1720995089880098250 ) ) ;
#557 = CARTESIAN_POINT ( 'NONE',  ( -0.1332233863607316104, -0.1550000000000000266, -0.09549743200289455280 ) ) ;
#558 = EDGE_CURVE ( 'NONE', #2520, #4800, #5628, .T. ) ;
#559 = ORIENTED_EDGE ( 'NONE', *, *, #3630, .F. ) ;
#560 = VECTOR ( 'NONE', #1633, 1000.000000000000000 ) ;
#561 = CARTESIAN_POINT ( 'NONE',  ( -0.006563973209576236430, 0.07553518669664388563, -0.1602927535872134823 ) ) ;
#562 = CARTESIAN_POINT ( 'NONE',  ( -0.01778736372197770726, -0.1858825196081684838, -0.1603269843561585528 ) ) ;
#563 = CARTESIAN_POINT ( 'NONE',  ( -0.06985858275620630831, 0.09903328481367332237, -0.1605716838549241521 ) ) ;
#564 = EDGE_CURVE ( 'NONE', #7851, #5309, #8712, .T. ) ;
#565 = SURFACE_SIDE_STYLE ('',( #7713 ) ) ;
#566 = CARTESIAN_POINT ( 'NONE',  ( 0.007072117501205391586, 0.06554441703160485133, -0.1945653543751268144 ) ) ;
#567 = MECHANICAL_DESIGN_GEOMETRIC_PRESENTATION_REPRESENTATION (  '', ( #7939 ), #5175 ) ;
#568 = DIRECTION ( 'NONE',  ( 0.03046773440284203729, 0.9995357508165267912, 1.240023949330540363E-19 ) ) ;
#569 = CARTESIAN_POINT ( 'NONE',  ( 0.05820991783769672440, 0.06500696229970465145, -0.1599867809615748149 ) ) ;
#570 = CARTESIAN_POINT ( 'NONE',  ( 0.04184044750494803760, 0.04864350985480373618, -0.05399600537057213517 ) ) ;
#571 = DIRECTION ( 'NONE',  ( -0.02615162913723481988, 0.9996579830122664934, -9.640184558589760810E-05 ) ) ;
#572 = CARTESIAN_POINT ( 'NONE',  ( -0.04492967602188336490, 0.04648596662705563320, -0.05319930092437843983 ) ) ;
#573 = CARTESIAN_POINT ( 'NONE',  ( 0.04787744661058222079, -0.1421506440901141033, 0.1822689546915618186 ) ) ;
#574 = SURFACE_STYLE_FILL_AREA ( #2158 ) ;
#575 = CARTESIAN_POINT ( 'NONE',  ( 0.08507385888791421658, -0.1800000262116592253, -0.1072464406680612575 ) ) ;
#576 = PRESENTATION_LAYER_ASSIGNMENT (  '', '', ( #3902 ) ) ;
#577 = VECTOR ( 'NONE', #1022, 1000.000000000000000 ) ;
#578 = CARTESIAN_POINT ( 'NONE',  ( -0.01187191243580622106, 0.02243094091669619802, -0.2053286550602113070 ) ) ;
#579 = VERTEX_POINT ( 'NONE', #442 ) ;
#580 = CARTESIAN_POINT ( 'NONE',  ( -0.08125668331257390742, -0.1714784185965504693, 0.1391356869294486376 ) ) ;
#581 =( GEOMETRIC_REPRESENTATION_CONTEXT ( 3 ) GLOBAL_UNCERTAINTY_ASSIGNED_CONTEXT ( ( #1568 ) ) GLOBAL_UNIT_ASSIGNED_CONTEXT ( ( #6319, #7062, #1162 ) ) REPRESENTATION_CONTEXT ( 'NONE', 'WORKASPACE' ) );
#582 = VECTOR ( 'NONE', #3938, 1000.000000000000000 ) ;
#583 = CARTESIAN_POINT ( 'NONE',  ( 0.2650000000000000133, 0.06000000000000000472, 0.2000000000000000111 ) ) ;
#584 = STYLED_ITEM ( 'NONE', ( #4871 ), #5958 ) ;
#585 = CARTESIAN_POINT ( 'NONE',  ( -0.1149999999999999911, -0.1799999999999998546, -0.04018518524012758275 ) ) ;
#586 = EDGE_LOOP ( 'NONE', ( #8988, #289, #979, #3163, #2386, #3170 ) ) ;
#587 = CARTESIAN_POINT ( 'NONE',  ( 0.1150000000000000050, -0.1700000000000000122, 0.2000000000000000111 ) ) ;
#588 = FILL_AREA_STYLE ('',( #5084 ) ) ;
#589 = CARTESIAN_POINT ( 'NONE',  ( 0.01929151855201411206, 0.06624519507645844352, -0.1900556083483663228 ) ) ;
#590 = EDGE_CURVE ( 'NONE', #731, #9336, #8205, .T. ) ;
#591 = TOROIDAL_SURFACE ( 'NONE', #6475, 0.03000000000000000583, 0.01500000000000003414 ) ;
#592 = FILL_AREA_STYLE ('',( #7305 ) ) ;
#593 = CARTESIAN_POINT ( 'NONE',  ( -0.07338836940862999980, 0.05553592661223097360, 0.1842950985167800537 ) ) ;
#594 = CARTESIAN_POINT ( 'NONE',  ( -0.04224685976086223899, 0.08000000000000004330, -0.1599999999999999756 ) ) ;
#595 = UNCERTAINTY_MEASURE_WITH_UNIT (LENGTH_MEASURE( 1.000000000000000082E-05 ), #1676, 'distance_accuracy_value', 'NONE');
#596 = CARTESIAN_POINT ( 'NONE',  ( -0.01764745208497562820, -0.2134878314221675677, 0.1065487052436605159 ) ) ;
#597 = FACE_OUTER_BOUND ( 'NONE', #5581, .T. ) ;
#598 = FACE_OUTER_BOUND ( 'NONE', #8607, .T. ) ;
#599 = VERTEX_POINT ( 'NONE', #6311 ) ;
#600 = CARTESIAN_POINT ( 'NONE',  ( 0.002017831011961797750, 0.06507984145892869998, -0.002433316573481774693 ) ) ;
#601 = FACE_OUTER_BOUND ( 'NONE', #6947, .T. ) ;
#602 = FILL_AREA_STYLE_COLOUR ( '', #2821 ) ;
#603 = CARTESIAN_POINT ( 'NONE',  ( 0.03501462215012049461, 0.04864342527200556793, 0.05258687341438896684 ) ) ;
#604 = CARTESIAN_POINT ( 'NONE',  ( 0.05471284307048920881, 0.06508074516058352799, -0.1094413104681244281 ) ) ;
#605 = FACE_OUTER_BOUND ( 'NONE', #2806, .T. ) ;
#606 = MANIFOLD_SOLID_BREP ( 'Cut-Extrude7[1]', #5365 ) ;
#607 = CARTESIAN_POINT ( 'NONE',  ( -0.1149999999999999911, -0.2300000000000000100, -0.04038093602253250286 ) ) ;
#608 = EDGE_CURVE ( 'NONE', #8867, #5643, #8935, .T. ) ;
#609 =( NAMED_UNIT ( * ) SI_UNIT ( $, .STERADIAN. ) SOLID_ANGLE_UNIT ( ) );
#610 = CARTESIAN_POINT ( 'NONE',  ( 0.02461437279680911416, 0.02392168496679097228, -0.1837293522473246177 ) ) ;
#611 = SURFACE_STYLE_USAGE ( .BOTH. , #9343 ) ;
#612 = B_SPLINE_SURFACE_WITH_KNOTS ( 'NONE', 3, 1, ( 
 ( #2888, #5885 ),
 ( #6633, #3718 ),
 ( #8017, #5821 ),
 ( #6561, #9456 ),
 ( #5288, #5317 ),
 ( #6667, #7500 ),
 ( #5918, #7534 ),
 ( #8166, #8890 ),
 ( #3112, #3779 ),
 ( #4515, #3045 ),
 ( #4479, #8200 ) ),
 .UNSPECIFIED., .F., .F., .F.,
 ( 4, 1, 1, 1, 1, 1, 1, 1, 4 ),
 ( 2, 2 ),
 ( 0.000000000000000000, 0.1274639945884469550, 0.2621587074575456033, 0.4330378518549585221, 0.4971100557800189335, 0.5846169476978876345, 0.7491849293604234683, 0.8454087080526229148, 0.8813923682364567247 ),
 ( 0.000000000000000000, 1.000000000000000000 ),
 .UNSPECIFIED. ) ;
#613 = DIRECTION ( 'NONE',  ( -0.000000000000000000, 0.000000000000000000, -1.000000000000000000 ) ) ;
#614 = CARTESIAN_POINT ( 'NONE',  ( -0.04071710783438655529, -0.1638409421511899944, 0.1054733497470981551 ) ) ;
#615 = FACE_OUTER_BOUND ( 'NONE', #4195, .T. ) ;
#616 = AXIS2_PLACEMENT_3D ( 'NONE', #2834, #1984, #1321 ) ;
#617 = VERTEX_POINT ( 'NONE', #4962 ) ;
#618 = EDGE_LOOP ( 'NONE', ( #1204, #763, #1996, #9222 ) ) ;
#619 = ORIENTED_EDGE ( 'NONE', *, *, #1367, .T. ) ;
#620 = SURFACE_STYLE_FILL_AREA ( #4973 ) ;
#621 = AXIS2_PLACEMENT_3D ( 'NONE', #4727, #6951, #9153 ) ;
#622 =( NAMED_UNIT ( * ) SI_UNIT ( $, .STERADIAN. ) SOLID_ANGLE_UNIT ( ) );
#623 = CARTESIAN_POINT ( 'NONE',  ( -0.05877322003750033025, 0.05999999999999998390, 0.1800000000000000211 ) ) ;
#624 = DIRECTION ( 'NONE',  ( -0.02614935266312552048, 0.9996580472117949645, 0.000000000000000000 ) ) ;
#625 = CARTESIAN_POINT ( 'NONE',  ( -0.04468588224141916559, 0.1135277579884421406, -0.1066697453555295882 ) ) ;
#626 =( NAMED_UNIT ( * ) PLANE_ANGLE_UNIT ( ) SI_UNIT ( $, .RADIAN. ) );
#627 = DIRECTION ( 'NONE',  ( 1.000000000000000000, 0.000000000000000000, 0.000000000000000000 ) ) ;
#628 = CARTESIAN_POINT ( 'NONE',  ( 0.01616235296088694776, 0.06611836241572255357, -0.1640862244083788613 ) ) ;
#629 = VECTOR ( 'NONE', #8753, 1000.000000000000000 ) ;
#630 = CARTESIAN_POINT ( 'NONE',  ( 0.05836284255224575418, 0.05998743853633667356, -0.1599823553555815292 ) ) ;
#631 = CARTESIAN_POINT ( 'NONE',  ( -0.02790486575502421074, -0.2134793513443307700, -0.1067246010323190802 ) ) ;
#632 = VERTEX_POINT ( 'NONE', #4931 ) ;
#633 = MECHANICAL_DESIGN_GEOMETRIC_PRESENTATION_REPRESENTATION (  '', ( #4251 ), #5727 ) ;
#634 = CARTESIAN_POINT ( 'NONE',  ( -0.03478518046427853116, -0.08663842701669530189, -0.2135390445609176846 ) ) ;
#635 = CARTESIAN_POINT ( 'NONE',  ( 0.04598525082655238738, -0.03238866091713595019, -0.2092166677767156313 ) ) ;
#636 = CARTESIAN_POINT ( 'NONE',  ( 0.05456327070529200240, 0.06509550084734729014, -0.1092203142926264775 ) ) ;
#637 = CIRCLE ( 'NONE', #7052, 0.01500000000000000465 ) ;
#638 = CARTESIAN_POINT ( 'NONE',  ( 0.06072634792644873020, 0.05166760948578333346, 0.1339747659758602216 ) ) ;
#639 = CARTESIAN_POINT ( 'NONE',  ( 0.05454946834211735207, 0.06509685814606572252, -0.1091829189434317809 ) ) ;
#640 = CARTESIAN_POINT ( 'NONE',  ( -0.006144650912119914953, 0.06413016420191097744, 0.1629726041952116733 ) ) ;
#641 = CARTESIAN_POINT ( 'NONE',  ( 0.04864179703812761268, -0.01380272983302840463, 0.2119225324975031188 ) ) ;
#642 = B_SPLINE_CURVE_WITH_KNOTS ( 'NONE', 3,
 ( #657, #7935, #2193, #4384, #1336, #6523 ),
 .UNSPECIFIED., .F., .F.,
 ( 4, 2, 4 ),
 ( 0.000000000000000000, 0.02211751165507405692, 0.04423417748022917539 ),
 .UNSPECIFIED. ) ;
#643 = VERTEX_POINT ( 'NONE', #1220 ) ;
#644 = ORIENTED_EDGE ( 'NONE', *, *, #1203, .T. ) ;
#645 = CARTESIAN_POINT ( 'NONE',  ( 0.05742038853032824242, -0.1499999738058110377, -0.05261328258936751739 ) ) ;
#646 = FILL_AREA_STYLE ('',( #4047 ) ) ;
#647 = CARTESIAN_POINT ( 'NONE',  ( 0.02732607901079321666, 0.07849128147365572183, 0.1596932913163382206 ) ) ;
#648 = CARTESIAN_POINT ( 'NONE',  ( 0.1525014675670199049, -0.1550000000000001377, 0.1230518830271274400 ) ) ;
#649 = CARTESIAN_POINT ( 'NONE',  ( -0.03099834140870788568, 0.1041751681020532672, 0.1595289694026111316 ) ) ;
#650 = VERTEX_POINT ( 'NONE', #4128 ) ;
#651 = AXIS2_PLACEMENT_3D ( 'NONE', #4328, #728, #7278 ) ;
#652 =( LENGTH_UNIT ( ) NAMED_UNIT ( * ) SI_UNIT ( .MILLI., .METRE. ) );
#653 = CARTESIAN_POINT ( 'NONE',  ( 0.2151529299272666174, -0.2299999999999999822, 0.1514657711333050050 ) ) ;
#654 = CARTESIAN_POINT ( 'NONE',  ( -0.01742357537140429291, 0.07553506467072447494, 0.05243358991517151069 ) ) ;
#655 = CARTESIAN_POINT ( 'NONE',  ( -0.01638511832069360422, -0.2134793239677144905, 0.1599572844132734206 ) ) ;
#656 = CARTESIAN_POINT ( 'NONE',  ( -0.05647067506860625058, 0.07277320431515266197, -0.1071850233187526952 ) ) ;
#657 = CARTESIAN_POINT ( 'NONE',  ( 0.06001733102831775107, -0.1800000000000000488, 0.0007208539969983214979 ) ) ;
#658 = CARTESIAN_POINT ( 'NONE',  ( 0.001270463722378962525, 0.04690862146465878124, -0.1068510698661353508 ) ) ;
#659 = ORIENTED_EDGE ( 'NONE', *, *, #7641, .F. ) ;
#660 = STYLED_ITEM ( 'NONE', ( #1887 ), #3392 ) ;
#661 = DIRECTION ( 'NONE',  ( -0.03046778570332113467, -0.9995357492496586005, 2.502094345226656559E-06 ) ) ;
#662 = AXIS2_PLACEMENT_3D ( 'NONE', #5384, #5283, #8971 ) ;
#663 = CARTESIAN_POINT ( 'NONE',  ( -0.04007926135285547892, -0.1741174881557715493, -0.02598927859092788409 ) ) ;
#664 = UNCERTAINTY_MEASURE_WITH_UNIT (LENGTH_MEASURE( 1.000000000000000082E-05 ), #1089, 'distance_accuracy_value', 'NONE');
#665 = CARTESIAN_POINT ( 'NONE',  ( -0.01909359012575352621, -0.1596478807837577174, -0.1865616231805697356 ) ) ;
#666 = CARTESIAN_POINT ( 'NONE',  ( 0.1525014675670199049, -0.1700000000000000122, 0.1230518830271274400 ) ) ;
#667 = CARTESIAN_POINT ( 'NONE',  ( 0.07430336292429100264, 0.04222976660089600848, -0.1807462291666992182 ) ) ;
#668 = CARTESIAN_POINT ( 'NONE',  ( 0.05460079260539926760, 0.06509180694446156656, -0.1093070047350977320 ) ) ;
#669 = VERTEX_POINT ( 'NONE', #8539 ) ;
#670 = CARTESIAN_POINT ( 'NONE',  ( 0.07506623819638651163, 0.02394009659612244753, -0.1807461824690028418 ) ) ;
#671 = CARTESIAN_POINT ( 'NONE',  ( 0.05415068218239384862, 0.1113565830165971771, 0.1602524148963088979 ) ) ;
#672 = CARTESIAN_POINT ( 'NONE',  ( 0.05501215288762940220, 0.06505096986585291730, -0.05879243921706305692 ) ) ;
#673 = DIRECTION ( 'NONE',  ( 0.04805693313322302596, 0.000000000000000000, 0.9988445981121533146 ) ) ;
#674 = CARTESIAN_POINT ( 'NONE',  ( 0.08404099653656033064, -0.1800042467859684914, -0.1338250554085056998 ) ) ;
#675 = CARTESIAN_POINT ( 'NONE',  ( 0.08404100612610818088, -0.1500042461533030724, -0.1338266485135868322 ) ) ;
#676 = VECTOR ( 'NONE', #6776, 1000.000000000000114 ) ;
#677 = PRESENTATION_STYLE_ASSIGNMENT (( #734 ) ) ;
#678 = CARTESIAN_POINT ( 'NONE',  ( 0.1150000000000000050, -0.1200000000000000094, 0.08484943922164064900 ) ) ;
#679 = MECHANICAL_DESIGN_GEOMETRIC_PRESENTATION_REPRESENTATION (  '', ( #8486 ), #5104 ) ;
#680 = CARTESIAN_POINT ( 'NONE',  ( 0.1150000000000000050, -0.1700000000000000122, 0.03860745626545005610 ) ) ;
#681 = EDGE_LOOP ( 'NONE', ( #1474, #3424, #5450, #7070, #5780, #6151 ) ) ;
#682 = CARTESIAN_POINT ( 'NONE',  ( 0.01289463137290461706, 0.08446487201132911460, 0.02760257471332332180 ) ) ;
#683 = DIRECTION ( 'NONE',  ( 0.000000000000000000, 0.000000000000000000, 1.000000000000000000 ) ) ;
#684 = CARTESIAN_POINT ( 'NONE',  ( -0.07279225769380755218, 0.02384145569598937128, 0.1720995550641016836 ) ) ;
#685 = CARTESIAN_POINT ( 'NONE',  ( 0.1215473488111016159, -0.1849781086796375706, 0.04520800420136617676 ) ) ;
#686 = CARTESIAN_POINT ( 'NONE',  ( 0.03707307476327377505, -0.1830019563044494590, -0.05400954762272686810 ) ) ;
#687 = EDGE_CURVE ( 'NONE', #7104, #2945, #7131, .T. ) ;
#688 = PLANE ( 'NONE',  #7735 ) ;
#689 = CARTESIAN_POINT ( 'NONE',  ( 0.02096756751788050877, 0.08447857841192439599, -0.1059920774311447905 ) ) ;
#690 = SURFACE_STYLE_USAGE ( .BOTH. , #1435 ) ;
#691 = CARTESIAN_POINT ( 'NONE',  ( 0.07374769275694223469, 0.06045648562431840678, -0.1807461820484851378 ) ) ;
#692 = EDGE_CURVE ( 'NONE', #5870, #4800, #3348, .T. ) ;
#693 = CARTESIAN_POINT ( 'NONE',  ( 0.02787913665942245989, 0.07849817793620419981, 0.1327563563108895006 ) ) ;
#694 = CARTESIAN_POINT ( 'NONE',  ( -0.01056712906464392018, 0.07553514922935447573, -0.05414117792360108317 ) ) ;
#695 = EDGE_CURVE ( 'NONE', #8856, #7977, #6211, .T. ) ;
#696 = CARTESIAN_POINT ( 'NONE',  ( -0.1231150272156673331, -0.1847801023021584110, -0.07990096185121295380 ) ) ;
#697 = CARTESIAN_POINT ( 'NONE',  ( 0.05456327070529200240, 0.06509550084734729014, -0.1092203142926264775 ) ) ;
#698 = CARTESIAN_POINT ( 'NONE',  ( 0.05729636264057889200, 0.09499303770029535188, -0.1600132190384252195 ) ) ;
#699 = CARTESIAN_POINT ( 'NONE',  ( 0.05509757177214161250, -0.1500000261931872803, -0.1060491890435216050 ) ) ;
#700 = AXIS2_PLACEMENT_3D ( 'NONE', #2222, #9450, #8069 ) ;
#701 = ORIENTED_EDGE ( 'NONE', *, *, #6804, .F. ) ;
#702 = SURFACE_SIDE_STYLE ('',( #3562 ) ) ;
#703 = CARTESIAN_POINT ( 'NONE',  ( 0.008362842552245730587, 0.05998743853633663886, -0.1599823553555815014 ) ) ;
#704 = FILL_AREA_STYLE ('',( #6539 ) ) ;
#705 = LINE ( 'NONE', #5123, #8283 ) ;
#706 = SURFACE_SIDE_STYLE ('',( #2840 ) ) ;
#707 = CARTESIAN_POINT ( 'NONE',  ( 0.02096756751788050877, 0.08447857841192439599, -0.1059920774311447905 ) ) ;
#708 = CARTESIAN_POINT ( 'NONE',  ( -0.08858042090499682053, 0.02447876613782671087, 0.1976011036045372815 ) ) ;
#709 = SURFACE_SIDE_STYLE ('',( #2276 ) ) ;
#710 = CARTESIAN_POINT ( 'NONE',  ( 0.07163455147043171212, 0.05166081801831702569, -0.05220203172158747323 ) ) ;
#711 = CARTESIAN_POINT ( 'NONE',  ( -0.08182705203576150221, -0.1799999999999998546, -0.05472891238100792421 ) ) ;
#712 = ORIENTED_EDGE ( 'NONE', *, *, #4141, .T. ) ;
#713 = UNCERTAINTY_MEASURE_WITH_UNIT (LENGTH_MEASURE( 1.000000000000000082E-05 ), #8558, 'distance_accuracy_value', 'NONE');
#714 = DIRECTION ( 'NONE',  ( 0.000000000000000000, 1.000000000000000000, 0.000000000000000000 ) ) ;
#715 = MECHANICAL_DESIGN_GEOMETRIC_PRESENTATION_REPRESENTATION (  '', ( #535 ), #9360 ) ;
#716 = CARTESIAN_POINT ( 'NONE',  ( 0.01603239993964471546, 0.05583156983628496245, 0.1341531717378988131 ) ) ;
#717 = CARTESIAN_POINT ( 'NONE',  ( 0.04184044750494803760, 0.04864350985480373618, -0.05399600537057213517 ) ) ;
#718 = DIRECTION ( 'NONE',  ( -0.000000000000000000, 1.000000000000000000, 0.000000000000000000 ) ) ;
#719 = CARTESIAN_POINT ( 'NONE',  ( -0.05337968955480298927, 0.02277780862093585143, -0.1734383768830768391 ) ) ;
#720 = EDGE_CURVE ( 'NONE', #5029, #325, #1628, .T. ) ;
#721 = ORIENTED_EDGE ( 'NONE', *, *, #8540, .F. ) ;
#722 = CARTESIAN_POINT ( 'NONE',  ( -0.1149999999999999911, -0.1700000000000000122, 0.2000000000000000111 ) ) ;
#723 = CARTESIAN_POINT ( 'NONE',  ( -0.05538097305629864631, 0.07275960128011772776, -0.1602677579499604543 ) ) ;
#724 = CARTESIAN_POINT ( 'NONE',  ( 0.1150000000000000050, -0.1550000000000000266, 0.03860745626545011161 ) ) ;
#725 = CARTESIAN_POINT ( 'NONE',  ( 0.07659722545628695756, -0.01269603075454551165, -0.1807461816279632150 ) ) ;
#726 = CARTESIAN_POINT ( 'NONE',  ( 0.05451771903772177630, 0.06509997830562523624, -0.1090900574408971979 ) ) ;
#727 = ORIENTED_EDGE ( 'NONE', *, *, #4819, .F. ) ;
#728 = DIRECTION ( 'NONE',  ( 0.9993255101729127121, 0.03046351156190880982, 0.02050607668387986748 ) ) ;
#729 = MECHANICAL_DESIGN_GEOMETRIC_PRESENTATION_REPRESENTATION (  '', ( #7016 ), #1239 ) ;
#730 = CARTESIAN_POINT ( 'NONE',  ( 0.04999157067087438289, 0.06550715307458247760, 0.06784779524784853577 ) ) ;
#731 = VERTEX_POINT ( 'NONE', #5722 ) ;
#732 = CARTESIAN_POINT ( 'NONE',  ( -0.07094166848795648017, 0.09904680525754663845, -0.1078112296835935791 ) ) ;
#733 = CARTESIAN_POINT ( 'NONE',  ( 0.02529310571693026144, 0.02394346736818656063, 0.1777329034994873935 ) ) ;
#734 = SURFACE_STYLE_USAGE ( .BOTH. , #702 ) ;
#735 = CARTESIAN_POINT ( 'NONE',  ( -0.1229128403551352083, -0.1853755395425552011, -0.07949291708819997138 ) ) ;
#736 = EDGE_CURVE ( 'NONE', #4627, #8779, #642, .T. ) ;
#737 = CARTESIAN_POINT ( 'NONE',  ( -0.06323674805419310374, -0.1234351170064101333, 0.1465979763792362167 ) ) ;
#738 = ORIENTED_EDGE ( 'NONE', *, *, #4690, .T. ) ;
#739 = FILL_AREA_STYLE_COLOUR ( '', #3585 ) ;
#740 = CARTESIAN_POINT ( 'NONE',  ( -0.09527923296328040526, -0.1330696236979842240, 0.1976036555144137785 ) ) ;
#741 = B_SPLINE_SURFACE_WITH_KNOTS ( 'NONE', 3, 1, ( 
 ( #1212, #4810 ),
 ( #4741, #8406 ),
 ( #1086, #401 ),
 ( #3514, #9375 ),
 ( #1271, #1993 ),
 ( #1361, #7113 ),
 ( #1297, #2778 ),
 ( #2023, #2053 ),
 ( #4240, #557 ),
 ( #9286, #9348 ),
 ( #3436, #4212 ) ),
 .UNSPECIFIED., .F., .F., .F.,
 ( 4, 1, 1, 1, 1, 1, 1, 1, 4 ),
 ( 2, 2 ),
 ( 2.470540327870196506E-09, 0.1274639945884469550, 0.2621587074575456033, 0.4330378518549585221, 0.4971100557800189335, 0.5846169476978876345, 0.7491849293604234683, 0.8454087080526229148, 0.8937034346264665086 ),
 ( 0.000000000000000000, 1.000000000000000000 ),
 .UNSPECIFIED. ) ;
#742 = EDGE_LOOP ( 'NONE', ( #3980, #4728, #4569, #7958, #1147, #7662, #6152, #5319 ) ) ;
#743 = FACE_OUTER_BOUND ( 'NONE', #1077, .T. ) ;
#744 = CARTESIAN_POINT ( 'NONE',  ( -0.008962937483841132771, 0.06373860611055295888, 0.1947975668099073687 ) ) ;
#745 = CARTESIAN_POINT ( 'NONE',  ( 0.03373482484458720232, 0.07849132467248870482, 0.02568504823611458820 ) ) ;
#746 = CARTESIAN_POINT ( 'NONE',  ( 0.04075839941560747276, -0.1536089414649296769, -0.1074711697731055293 ) ) ;
#747 = AXIS2_PLACEMENT_3D ( 'NONE', #4538, #7356, #6687 ) ;
#748 = PRESENTATION_STYLE_ASSIGNMENT (( #162 ) ) ;
#749 = ORIENTED_EDGE ( 'NONE', *, *, #1752, .F. ) ;
#750 = ORIENTED_EDGE ( 'NONE', *, *, #3589, .T. ) ;
#751 = AXIS2_PLACEMENT_3D ( 'NONE', #4622, #6886, #1723 ) ;
#752 = SURFACE_SIDE_STYLE ('',( #4589 ) ) ;
#753 = CARTESIAN_POINT ( 'NONE',  ( 0.01289463137290461706, 0.08446487201132911460, 0.02760257471332332180 ) ) ;
#754 = CARTESIAN_POINT ( 'NONE',  ( 0.03373482484458720232, 0.07849132467248870482, 0.02568504823611458820 ) ) ;
#755 = DIRECTION ( 'NONE',  ( -0.8756075530290937659, -0.4826932479921549612, -0.01785052999736495838 ) ) ;
#756 = CARTESIAN_POINT ( 'NONE',  ( -0.03551531230705820552, -0.08667222465158980205, -0.1464609872813439073 ) ) ;
#757 = CARTESIAN_POINT ( 'NONE',  ( -0.03149142875212727899, -0.1596314237473651365, 0.1748111775806479584 ) ) ;
#758 = CARTESIAN_POINT ( 'NONE',  ( 0.04585259899092345576, 0.04114877391244763094, -0.1492910072385299491 ) ) ;
#759 = DIRECTION ( 'NONE',  ( 0.000000000000000000, -0.000000000000000000, 1.000000000000000000 ) ) ;
#760 = EDGE_CURVE ( 'NONE', #4649, #1237, #7811, .T. ) ;
#761 = LINE ( 'NONE', #5987, #7995 ) ;
#762 = ORIENTED_EDGE ( 'NONE', *, *, #2382, .T. ) ;
#763 = ORIENTED_EDGE ( 'NONE', *, *, #2108, .T. ) ;
#764 =( GEOMETRIC_REPRESENTATION_CONTEXT ( 3 ) GLOBAL_UNCERTAINTY_ASSIGNED_CONTEXT ( ( #8706 ) ) GLOBAL_UNIT_ASSIGNED_CONTEXT ( ( #8584, #2048, #555 ) ) REPRESENTATION_CONTEXT ( 'NONE', 'WORKASPACE' ) );
#765 = CARTESIAN_POINT ( 'NONE',  ( -0.02327012985930237976, 0.06137086486604983321, 0.1840526836116895548 ) ) ;
#766 = CARTESIAN_POINT ( 'NONE',  ( 0.07506623819638651163, 0.02394009659612244753, -0.1807461824690028418 ) ) ;
#767 = CARTESIAN_POINT ( 'NONE',  ( 0.05450083578007320489, 0.06510163560476017741, -0.1090341743592215668 ) ) ;
#768 = CARTESIAN_POINT ( 'NONE',  ( 0.01584023418695398172, 0.06021551604187715817, -0.2127873582932065244 ) ) ;
#769 = CARTESIAN_POINT ( 'NONE',  ( 0.1231150272156673331, -0.1847801023021584943, 0.07990096185121293992 ) ) ;
#770 = DIRECTION ( 'NONE',  ( -0.03046778570332113467, -0.9995357492496586005, 2.502094345226656559E-06 ) ) ;
#771 = CARTESIAN_POINT ( 'NONE',  ( 0.04286737101959040008, -0.1602722764029111124, 0.2119225383565922216 ) ) ;
#772 = ADVANCED_FACE ( 'NONE', ( #3792 ), #8704, .T. ) ;
#773 = DIRECTION ( 'NONE',  ( -0.9681504581799913467, -0.02951385928972328695, 0.2486234551197842035 ) ) ;
#774 = CARTESIAN_POINT ( 'NONE',  ( -0.03860570201244008237, -0.1502483825070371759, 0.1623998817803319339 ) ) ;
#775 = STYLED_ITEM ( 'NONE', ( #5100 ), #2375 ) ;
#776 = CARTESIAN_POINT ( 'NONE',  ( 0.1263304367321258781, -0.1550000000000001377, 0.08571248796691878502 ) ) ;
#777 = CARTESIAN_POINT ( 'NONE',  ( -0.01056712906464392018, 0.07553514922935447573, -0.05414117792360108317 ) ) ;
#778 = CARTESIAN_POINT ( 'NONE',  ( -0.2491252820972974513, 0.07515281250366884214, 0.2000000000000000111 ) ) ;
#779 = CARTESIAN_POINT ( 'NONE',  ( 0.006311378693254631952, 0.06547629935385074207, 0.1771751387376030440 ) ) ;
#780 = MECHANICAL_DESIGN_GEOMETRIC_PRESENTATION_REPRESENTATION (  '', ( #6682 ), #5203 ) ;
#781 = CARTESIAN_POINT ( 'NONE',  ( -0.07978607075600704923, -0.1450397118861447843, 0.1721009521212837068 ) ) ;
#782 = CARTESIAN_POINT ( 'NONE',  ( 0.02289161554008265279, -0.1476049543709669065, 0.1602002308695293920 ) ) ;
#783 = ORIENTED_EDGE ( 'NONE', *, *, #7697, .T. ) ;
#784 = CARTESIAN_POINT ( 'NONE',  ( 0.04627433646674403156, -0.1830019761340885287, 0.1596532277918742138 ) ) ;
#785 = ORIENTED_EDGE ( 'NONE', *, *, #695, .F. ) ;
#786 = CARTESIAN_POINT ( 'NONE',  ( 0.1221691108118792973, -0.1800000000072704831, 0.04470776666783285447 ) ) ;
#787 = CARTESIAN_POINT ( 'NONE',  ( -0.02207016194171037074, 0.07553504503132692227, 0.1597049293376392176 ) ) ;
#788 = CARTESIAN_POINT ( 'NONE',  ( -0.03021488882206823517, 0.08725415704604817801, -0.1060435389906886766 ) ) ;
#789 = CARTESIAN_POINT ( 'NONE',  ( 0.1235769495700907716, -0.1772088798463654080, 0.08079817340749581578 ) ) ;
#790 = UNCERTAINTY_MEASURE_WITH_UNIT (LENGTH_MEASURE( 1.000000000000000082E-05 ), #8451, 'distance_accuracy_value', 'NONE');
#791 = CARTESIAN_POINT ( 'NONE',  ( -0.1221691108686362021, -0.1816637412643979099, -0.04470776659532121888 ) ) ;
#792 = CARTESIAN_POINT ( 'NONE',  ( -0.07094166848795648017, 0.09904680525754663845, -0.1078112296835935791 ) ) ;
#793 = ORIENTED_EDGE ( 'NONE', *, *, #2733, .F. ) ;
#794 = CARTESIAN_POINT ( 'NONE',  ( -0.05424407178639067267, 0.04433031392871654430, -0.1734384156922617604 ) ) ;
#795 = CARTESIAN_POINT ( 'NONE',  ( 0.04802824854129689180, 0.06566079570427812984, 0.1154718027189285817 ) ) ;
#796 = COLOUR_RGB ( '',1.000000000000000000, 1.000000000000000000, 1.000000000000000000 ) ;
#797 = DIRECTION ( 'NONE',  ( 1.000000000000000000, 0.000000000000000000, 3.614007241618348278E-16 ) ) ;
#798 = EDGE_CURVE ( 'NONE', #579, #8430, #1383, .T. ) ;
#799 = CARTESIAN_POINT ( 'NONE',  ( 0.001943122174736397478, -0.1238703825727191510, -0.1762741687276841163 ) ) ;
#800 = CARTESIAN_POINT ( 'NONE',  ( 0.1192768117612895279, -0.1930780044913865401, 0.06960235649730645013 ) ) ;
#801 = CARTESIAN_POINT ( 'NONE',  ( 0.08738758080858789745, -0.1499999737842905578, -0.05401973146214837651 ) ) ;
#802 =( GEOMETRIC_REPRESENTATION_CONTEXT ( 3 ) GLOBAL_UNCERTAINTY_ASSIGNED_CONTEXT ( ( #3840 ) ) GLOBAL_UNIT_ASSIGNED_CONTEXT ( ( #9251, #8436, #1117 ) ) REPRESENTATION_CONTEXT ( 'NONE', 'WORKASPACE' ) );
#803 = CARTESIAN_POINT ( 'NONE',  ( 0.06050797621656925362, 0.1113565113862929751, 0.02744008572356169268 ) ) ;
#804 = CARTESIAN_POINT ( 'NONE',  ( 0.1214394895286329407, -0.1746851175884087948, 0.04533007021106252171 ) ) ;
#805 = CARTESIAN_POINT ( 'NONE',  ( -0.2650000000000000133, -0.1700000000000000122, 0.2000000000000000111 ) ) ;
#806 = FILL_AREA_STYLE ('',( #111 ) ) ;
#807 = CARTESIAN_POINT ( 'NONE',  ( 0.06480801263504055998, 0.05166073338746193094, 0.05439996602138243154 ) ) ;
#808 = CARTESIAN_POINT ( 'NONE',  ( 0.04500661027396412467, -0.1830105199180756814, 0.1060165558887594811 ) ) ;
#809 = CIRCLE ( 'NONE', #2293, 0.01500000000000000291 ) ;
#810 = VERTEX_POINT ( 'NONE', #9383 ) ;
#811 = CARTESIAN_POINT ( 'NONE',  ( 0.1244805217859632079, -0.1550000000000000266, 0.08245206481447017732 ) ) ;
#812 = ADVANCED_FACE ( 'NONE', ( #927 ), #1500, .T. ) ;
#813 = CARTESIAN_POINT ( 'NONE',  ( 0.06192347944134903026, 0.05166081778601237101, 0.1074898652809770094 ) ) ;
#814 = CARTESIAN_POINT ( 'NONE',  ( 0.1179870007452142738, -0.1651092306620489669, 0.06194126344862663919 ) ) ;
#815 = AXIS2_PLACEMENT_3D ( 'NONE', #6396, #7091, #2692 ) ;
#816 = CARTESIAN_POINT ( 'NONE',  ( -0.06698692643010095704, 0.03165195734996600896, -0.2004158523652946333 ) ) ;
#817 = CARTESIAN_POINT ( 'NONE',  ( 0.009080667193575182525, 0.06000941081423376289, -0.1949968459244866559 ) ) ;
#818 = VECTOR ( 'NONE', #1744, 1000.000000000000114 ) ;
#819 = CARTESIAN_POINT ( 'NONE',  ( -0.05809114783018897582, 0.1135266205047741339, 0.1109708466314109354 ) ) ;
#820 = COLOUR_RGB ( '',1.000000000000000000, 1.000000000000000000, 0.5019607843137254832 ) ;
#821 = VERTEX_POINT ( 'NONE', #8689 ) ;
#822 = CARTESIAN_POINT ( 'NONE',  ( -0.02380919542553081372, 0.06127362866166227023, 0.1807939591083104758 ) ) ;
#823 = CARTESIAN_POINT ( 'NONE',  ( 0.008773220037500379515, 0.06000000000000001166, -0.1799999999999997713 ) ) ;
#824 = SURFACE_STYLE_USAGE ( .BOTH. , #8137 ) ;
#825 = EDGE_CURVE ( 'NONE', #895, #3882, #2138, .T. ) ;
#826 = CARTESIAN_POINT ( 'NONE',  ( -0.01056712906464392018, 0.07553514922935447573, -0.05414117792360108317 ) ) ;
#827 = CARTESIAN_POINT ( 'NONE',  ( -0.1149999999999999772, 0.06074636187499602574, -0.1575000000000000011 ) ) ;
#828 = CARTESIAN_POINT ( 'NONE',  ( 0.02695837221674585518, -0.03102747712014244583, -0.1837293439057604560 ) ) ;
#829 = CARTESIAN_POINT ( 'NONE',  ( 0.1531995974443899899, 0.04830536981035640082, -0.2000000000000000111 ) ) ;
#830 = PRESENTATION_STYLE_ASSIGNMENT (( #8425 ) ) ;
#831 = CARTESIAN_POINT ( 'NONE',  ( -0.1149999999999999911, -0.1814864406225879800, -0.04025055592038555285 ) ) ;
#832 = CARTESIAN_POINT ( 'NONE',  ( 0.05873526738759400623, -0.2100000000000000477, -0.02592593678564418525 ) ) ;
#833 = STYLED_ITEM ( 'NONE', ( #4954 ), #1559 ) ;
#834 =( NAMED_UNIT ( * ) SI_UNIT ( $, .STERADIAN. ) SOLID_ANGLE_UNIT ( ) );
#835 = LINE ( 'NONE', #2237, #8397 ) ;
#836 =( GEOMETRIC_REPRESENTATION_CONTEXT ( 3 ) GLOBAL_UNCERTAINTY_ASSIGNED_CONTEXT ( ( #3143 ) ) GLOBAL_UNIT_ASSIGNED_CONTEXT ( ( #3781, #4554, #8858 ) ) REPRESENTATION_CONTEXT ( 'NONE', 'WORKASPACE' ) );
#837 = ORIENTED_EDGE ( 'NONE', *, *, #1571, .T. ) ;
#838 = CARTESIAN_POINT ( 'NONE',  ( 0.06179607625543379751, 0.08150861190854616356, 0.05421920339958552493 ) ) ;
#839 = CARTESIAN_POINT ( 'NONE',  ( -0.03553972741607113600, -0.06955040043462333565, 0.1623989420156493335 ) ) ;
#840 = CARTESIAN_POINT ( 'NONE',  ( 0.004600953988934830367, 0.06532693846551800021, 0.1714529371234432553 ) ) ;
#841 = UNCERTAINTY_MEASURE_WITH_UNIT (LENGTH_MEASURE( 1.000000000000000082E-05 ), #7458, 'distance_accuracy_value', 'NONE');
#842 = CARTESIAN_POINT ( 'NONE',  ( -0.07759558637517972868, -0.08612823792040319448, 0.1720994934069381421 ) ) ;
#843 = CARTESIAN_POINT ( 'NONE',  ( 0.009030426264184092389, -0.1769980033934721031, -0.02595043614767383530 ) ) ;
#844 = EDGE_LOOP ( 'NONE', ( #3767, #2306 ) ) ;
#845 = COLOUR_RGB ( '',1.000000000000000000, 1.000000000000000000, 1.000000000000000000 ) ;
#846 = CARTESIAN_POINT ( 'NONE',  ( 0.007296362640578859735, 0.09499303770029532412, -0.1600132190384252751 ) ) ;
#847 = PRESENTATION_LAYER_ASSIGNMENT (  '', '', ( #7910 ) ) ;
#848 = CARTESIAN_POINT ( 'NONE',  ( 0.04174343265777232664, 0.07850502150267235635, -0.1072625030480235664 ) ) ;
#849 = CARTESIAN_POINT ( 'NONE',  ( 0.02430912068225565825, 0.1083391459639089643, 0.1596389975289853325 ) ) ;
#850 = CARTESIAN_POINT ( 'NONE',  ( -0.07088710494496802683, 0.07275947084674075360, 0.1597285065621297240 ) ) ;
#851 = CARTESIAN_POINT ( 'NONE',  ( -0.03221228022381912581, -0.1599936748410707155, -0.2135390284779819237 ) ) ;
#852 = CARTESIAN_POINT ( 'NONE',  ( 0.04767293924885415701, -0.2800000000000000266, -0.04054869702127727321 ) ) ;
#853 = FACE_OUTER_BOUND ( 'NONE', #5770, .T. ) ;
#854 = CIRCLE ( 'NONE', #8619, 0.01500000000000000985 ) ;
#855 = CARTESIAN_POINT ( 'NONE',  ( -0.06452373603752792341, 0.07275950614702159092, 0.02579026958041856499 ) ) ;
#856 = VERTEX_POINT ( 'NONE', #2502 ) ;
#857 = EDGE_LOOP ( 'NONE', ( #7530, #1227, #3443, #8848, #5387, #3531, #6174 ) ) ;
#858 = ORIENTED_EDGE ( 'NONE', *, *, #8732, .F. ) ;
#859 = CARTESIAN_POINT ( 'NONE',  ( -0.02113521036331756503, 0.06175308270263137056, 0.1713363231959655342 ) ) ;
#860 = CARTESIAN_POINT ( 'NONE',  ( 0.04586981604474344582, 0.06581496033584674499, -0.1699103929411403535 ) ) ;
#861 = CARTESIAN_POINT ( 'NONE',  ( 0.05477856561768410654, 0.06507423563584993631, -0.1094215215924441292 ) ) ;
#862 = SURFACE_SIDE_STYLE ('',( #2707 ) ) ;
#863 = FACE_OUTER_BOUND ( 'NONE', #9019, .T. ) ;
#864 = CARTESIAN_POINT ( 'NONE',  ( 0.06179607625543379751, 0.08150861190854616356, 0.05421920339958552493 ) ) ;
#865 = AXIS2_PLACEMENT_3D ( 'NONE', #7612, #3922, #3264 ) ;
#866 = CARTESIAN_POINT ( 'NONE',  ( 0.02461437279680911416, 0.02392168496679097228, -0.1837293522473246177 ) ) ;
#867 = CARTESIAN_POINT ( 'NONE',  ( 0.1235511052073629268, -0.1828754285849018280, 0.08075121622084288631 ) ) ;
#868 = SURFACE_STYLE_USAGE ( .BOTH. , #7472 ) ;
#869 = CARTESIAN_POINT ( 'NONE',  ( 0.08738744555112057388, -0.2099999737903862629, -0.05402285287130204755 ) ) ;
#870 = ORIENTED_EDGE ( 'NONE', *, *, #4491, .F. ) ;
#871 = ADVANCED_FACE ( 'NONE', ( #3337 ), #471, .F. ) ;
#872 = ORIENTED_EDGE ( 'NONE', *, *, #380, .F. ) ;
#873 = CARTESIAN_POINT ( 'NONE',  ( 0.005294201183873126042, 0.05957121074199848293, 0.1851888148890352970 ) ) ;
#874 = CARTESIAN_POINT ( 'NONE',  ( 0.05878413987582704198, 0.1113564904296304031, 0.05403844077778863914 ) ) ;
#875 = EDGE_CURVE ( 'NONE', #1144, #7844, #7012, .T. ) ;
#876 = CARTESIAN_POINT ( 'NONE',  ( -0.07435170301095246626, -0.01276431064381375498, 0.1720995321723959026 ) ) ;
#877 = CARTESIAN_POINT ( 'NONE',  ( 0.2119781053466708032, -0.1600000000000000311, 0.1558400203457860900 ) ) ;
#878 = EDGE_LOOP ( 'NONE', ( #5860, #5152, #1121, #2486, #9238, #712, #5803, #5215, #5603, #499, #507, #8439 ) ) ;
#879 = ORIENTED_EDGE ( 'NONE', *, *, #4059, .F. ) ;
#880 = CARTESIAN_POINT ( 'NONE',  ( -0.02284064125887374716, 0.06042878925800158202, 0.1748111851109646619 ) ) ;
#881 = CARTESIAN_POINT ( 'NONE',  ( 0.02876002364252917137, -0.2123950759986359682, -0.1069904885111728071 ) ) ;
#882 = EDGE_CURVE ( 'NONE', #2376, #6977, #8370, .T. ) ;
#883 =( GEOMETRIC_REPRESENTATION_CONTEXT ( 3 ) GLOBAL_UNCERTAINTY_ASSIGNED_CONTEXT ( ( #5710 ) ) GLOBAL_UNIT_ASSIGNED_CONTEXT ( ( #8077, #2174, #4424 ) ) REPRESENTATION_CONTEXT ( 'NONE', 'WORKASPACE' ) );
#884 = DIRECTION ( 'NONE',  ( 0.9993255319173289797, -0.03046132653440545082, 0.02050826282043631543 ) ) ;
#885 = CARTESIAN_POINT ( 'NONE',  ( 0.06351873699713068977, 0.08150863288046322763, 0.02763886995029388519 ) ) ;
#886 = CARTESIAN_POINT ( 'NONE',  ( 0.02608141810279529169, 0.1083392664942441630, 0.1057715460922218353 ) ) ;
#887 = FILL_AREA_STYLE_COLOUR ( '', #5455 ) ;
#888 = ORIENTED_EDGE ( 'NONE', *, *, #2220, .F. ) ;
#889 = VERTEX_POINT ( 'NONE', #6800 ) ;
#890 = CARTESIAN_POINT ( 'NONE',  ( -0.006942765477351306967, -0.1223064179578495919, -0.1595877849603208054 ) ) ;
#891 = B_SPLINE_CURVE_WITH_KNOTS ( 'NONE', 3,
 ( #8568, #7909, #4357, #9451, #6590, #5818, #3526, #1441 ),
 .UNSPECIFIED., .F., .F.,
 ( 4, 2, 2, 4 ),
 ( 0.7195829134847867570, 0.7499909750257768293, 0.7651954247257339858, 0.7803995624815461829 ),
 .UNSPECIFIED. ) ;
#892 = CARTESIAN_POINT ( 'NONE',  ( -0.06917882806347422364, 0.07275956946719475127, 0.1060121954197597721 ) ) ;
#893 = EDGE_CURVE ( 'NONE', #8213, #4647, #4709, .T. ) ;
#894 = STYLED_ITEM ( 'NONE', ( #5745 ), #1545 ) ;
#895 = VERTEX_POINT ( 'NONE', #1672 ) ;
#896 = CARTESIAN_POINT ( 'NONE',  ( -0.1149999999999999911, -0.1785135593774117013, -0.04025055592038555285 ) ) ;
#897 = CARTESIAN_POINT ( 'NONE',  ( 0.05328947105781640936, 0.06521916861121283826, -0.1623805912839931809 ) ) ;
#898 = CARTESIAN_POINT ( 'NONE',  ( 0.02228802113361772613, -0.1597277235970885334, 0.1480774616434079316 ) ) ;
#899 = CARTESIAN_POINT ( 'NONE',  ( 0.05474606974566413597, 0.06507745605175178916, -0.1094406685747991853 ) ) ;
#900 = VERTEX_POINT ( 'NONE', #2411 ) ;
#901 = CARTESIAN_POINT ( 'NONE',  ( -0.04461917553330744385, 0.08724052915325926361, 0.1602714934378702549 ) ) ;
#902 = CARTESIAN_POINT ( 'NONE',  ( 0.06789493444100580533, -0.1599857055168055764, -0.1599844472747599666 ) ) ;
#903 = CARTESIAN_POINT ( 'NONE',  ( -0.005749036835199468516, 0.05955729211065416417, -0.1762706481732030095 ) ) ;
#904 = CARTESIAN_POINT ( 'NONE',  ( 0.1237796388041193241, -0.1806949510154454985, 0.08118003440755544586 ) ) ;
#905 = DIRECTION ( 'NONE',  ( -5.892403111334263550E-17, -1.000000000000000000, -0.000000000000000000 ) ) ;
#906 = UNCERTAINTY_MEASURE_WITH_UNIT (LENGTH_MEASURE( 1.000000000000000082E-05 ), #3660, 'distance_accuracy_value', 'NONE');
#907 = SURFACE_STYLE_FILL_AREA ( #4933 ) ;
#908 = CARTESIAN_POINT ( 'NONE',  ( 0.06018459883946897931, 0.05166085403609065041, 0.1603610024710146464 ) ) ;
#909 = CARTESIAN_POINT ( 'NONE',  ( -0.07902721111205819604, -0.1228574207385720318, 0.1720995250047832048 ) ) ;
#910 = PRESENTATION_LAYER_ASSIGNMENT (  '', '', ( #1913 ) ) ;
#911 = CARTESIAN_POINT ( 'NONE',  ( 0.04787744661058222079, -0.1421506440901141033, 0.1822689546915618186 ) ) ;
#912 = CARTESIAN_POINT ( 'NONE',  ( 0.05105272329489415201, 0.06542180813720062382, 0.1660576100519640941 ) ) ;
#913 = AXIS2_PLACEMENT_3D ( 'NONE', #6858, #4692, #1040 ) ;
#914 = DIRECTION ( 'NONE',  ( -0.03046778570332068711, -0.9995357492496584895, 2.502094356048728541E-06 ) ) ;
#915 = ADVANCED_FACE ( 'NONE', ( #1372 ), #9071, .F. ) ;
#916 = CARTESIAN_POINT ( 'NONE',  ( -0.06909224297605624787, 0.05545914841720021859, 0.1688479313599327569 ) ) ;
#917 = EDGE_CURVE ( 'NONE', #307, #7512, #1621, .T. ) ;
#918 = CARTESIAN_POINT ( 'NONE',  ( 0.1216892608405587828, -0.1756567062607638507, 0.04511133124623028373 ) ) ;
#919 = DIRECTION ( 'NONE',  ( -0.9947187166712730955, -0.1005812350896081869, -0.02044724557745129095 ) ) ;
#920 = ADVANCED_FACE ( 'NONE', ( #7452 ), #2476, .F. ) ;
#921 = CARTESIAN_POINT ( 'NONE',  ( 0.07364203142848660399, 0.06254945295680761075, -0.1820113219587198572 ) ) ;
#922 = SURFACE_SIDE_STYLE ('',( #9325 ) ) ;
#923 = CARTESIAN_POINT ( 'NONE',  ( 0.2176966577303005301, -0.1599999999999999478, 0.1480324711079107902 ) ) ;
#924 = CARTESIAN_POINT ( 'NONE',  ( -0.02846794172079217602, 0.06096691168326798943, 0.1079221127433932781 ) ) ;
#925 = CARTESIAN_POINT ( 'NONE',  ( 0.05893351473869588852, 0.06463032169529817073, -0.1946903987176683004 ) ) ;
#926 = AXIS2_PLACEMENT_3D ( 'NONE', #5959, #2206, #6643 ) ;
#927 = FACE_OUTER_BOUND ( 'NONE', #4777, .T. ) ;
#928 = CARTESIAN_POINT ( 'NONE',  ( 0.05825408993245752981, 0.06470726648547334148, -0.1616942027239448021 ) ) ;
#929 = CARTESIAN_POINT ( 'NONE',  ( 0.02529310571693026144, 0.02394346736818656063, 0.1777329034994873935 ) ) ;
#930 = CARTESIAN_POINT ( 'NONE',  ( 0.05240943403659813205, -0.1423019435940283406, 0.1526136101082171959 ) ) ;
#931 = CARTESIAN_POINT ( 'NONE',  ( 0.05541199960488392418, 0.06501067809893619487, -0.09999007261635899091 ) ) ;
#932 = CARTESIAN_POINT ( 'NONE',  ( 0.009586752817038430435, 0.06573288395695457698, -0.07996195145682656602 ) ) ;
#933 = FILL_AREA_STYLE ('',( #5321 ) ) ;
#934 = EDGE_CURVE ( 'NONE', #333, #2523, #6783, .T. ) ;
#935 = DIRECTION ( 'NONE',  ( -0.9196390447885495201, 0.3921661825221552933, 0.02167285367467037399 ) ) ;
#936 =( NAMED_UNIT ( * ) PLANE_ANGLE_UNIT ( ) SI_UNIT ( $, .RADIAN. ) );
#937 = LINE ( 'NONE', #3927, #577 ) ;
#938 = DIRECTION ( 'NONE',  ( 0.9988445981121533146, 0.000000000000000000, -0.04805693313322140225 ) ) ;
#939 = LINE ( 'NONE', #4654, #5405 ) ;
#940 = CARTESIAN_POINT ( 'NONE',  ( -0.007953443359676388644, -0.01350296728999452259, 0.2133367246640376080 ) ) ;
#941 = MECHANICAL_DESIGN_GEOMETRIC_PRESENTATION_REPRESENTATION (  '', ( #6856 ), #7328 ) ;
#942 = DIRECTION ( 'NONE',  ( -0.02614935266312528109, 0.9996580472117950755, 9.996225603671056969E-19 ) ) ;
#943 =( NAMED_UNIT ( * ) PLANE_ANGLE_UNIT ( ) SI_UNIT ( $, .RADIAN. ) );
#944 = CARTESIAN_POINT ( 'NONE',  ( -0.01742357537140429291, 0.07553506467072447494, 0.05243358991517151069 ) ) ;
#945 = CARTESIAN_POINT ( 'NONE',  ( 0.05637004509066324831, 0.06491173039577219361, 0.1802049186418459015 ) ) ;
#946 = ORIENTED_EDGE ( 'NONE', *, *, #6448, .F. ) ;
#947 = CARTESIAN_POINT ( 'NONE',  ( -0.02811727516756383494, -0.06772200186959062562, 0.1748111847824336818 ) ) ;
#948 = CARTESIAN_POINT ( 'NONE',  ( 0.02710807535867232679, -0.2123950630913020443, -0.1602105546831351368 ) ) ;
#949 = ORIENTED_EDGE ( 'NONE', *, *, #7075, .T. ) ;
#950 = CARTESIAN_POINT ( 'NONE',  ( 0.02773688939759600541, -0.2123992979402443970, -0.1336076282458188436 ) ) ;
#951 = FACE_OUTER_BOUND ( 'NONE', #63, .T. ) ;
#952 = FACE_BOUND ( 'NONE', #1298, .T. ) ;
#953 = CARTESIAN_POINT ( 'NONE',  ( 0.03373482484458720232, 0.07849132467248870482, 0.02568504823611458820 ) ) ;
#954 = CARTESIAN_POINT ( 'NONE',  ( 0.02909521289674309522, 0.07849138800471212873, 0.1059181345838505622 ) ) ;
#955 = CARTESIAN_POINT ( 'NONE',  ( 0.1237912600538252500, -0.1799999999999776223, 0.08120172720662248433 ) ) ;
#956 = STYLED_ITEM ( 'NONE', ( #9179 ), #1159 ) ;
#957 = ORIENTED_EDGE ( 'NONE', *, *, #6565, .T. ) ;
#958 = DIRECTION ( 'NONE',  ( 0.02615073541497735243, 0.9996580110404037489, 0.000000000000000000 ) ) ;
#959 = B_SPLINE_CURVE_WITH_KNOTS ( 'NONE', 3,
 ( #9016, #3212, #6932, #8227, #1151, #4831, #4058, #434 ),
 .UNSPECIFIED., .F., .F.,
 ( 4, 2, 2, 4 ),
 ( 0.7890819539983995323, 0.8333321516436658083, 0.8554603693797637742, 0.8775845940005594370 ),
 .UNSPECIFIED. ) ;
#960 = SURFACE_SIDE_STYLE ('',( #2896 ) ) ;
#961 = CARTESIAN_POINT ( 'NONE',  ( -0.04602836463077224910, 0.05961153189781323580, 0.1879004906933163244 ) ) ;
#962 = CIRCLE ( 'NONE', #4531, 0.01499999999999996995 ) ;
#963 = DIRECTION ( 'NONE',  ( -0.03046997120607363232, 0.9995356826287380425, 2.569782767650185671E-06 ) ) ;
#964 = CARTESIAN_POINT ( 'NONE',  ( -0.1201203798002905554, -0.1683764070215438557, -0.07262356931514767078 ) ) ;
#965 = DIRECTION ( 'NONE',  ( 0.000000000000000000, -1.000000000000000000, 0.000000000000000000 ) ) ;
#966 = ORIENTED_EDGE ( 'NONE', *, *, #3561, .F. ) ;
#967 = CARTESIAN_POINT ( 'NONE',  ( 0.01243496487821274012, 0.06591857543709586653, -0.1398960064815431004 ) ) ;
#968 = CARTESIAN_POINT ( 'NONE',  ( -0.05836279877952892797, 0.05998743945579414899, 0.1599823585076222132 ) ) ;
#969 =( NAMED_UNIT ( * ) SI_UNIT ( $, .STERADIAN. ) SOLID_ANGLE_UNIT ( ) );
#970 = DIRECTION ( 'NONE',  ( -5.892403111334263550E-17, -1.000000000000000000, -0.000000000000000000 ) ) ;
#971 = STYLED_ITEM ( 'NONE', ( #8741 ), #2662 ) ;
#972 = ADVANCED_FACE ( 'NONE', ( #3098 ), #4048, .T. ) ;
#973 = CARTESIAN_POINT ( 'NONE',  ( -0.0007841585506423768247, -0.08723758113057611396, 0.1851887992188993304 ) ) ;
#974 = UNCERTAINTY_MEASURE_WITH_UNIT (LENGTH_MEASURE( 1.000000000000000082E-05 ), #1004, 'distance_accuracy_value', 'NONE');
#975 =( GEOMETRIC_REPRESENTATION_CONTEXT ( 3 ) GLOBAL_UNCERTAINTY_ASSIGNED_CONTEXT ( ( #2557 ) ) GLOBAL_UNIT_ASSIGNED_CONTEXT ( ( #2299, #8019, #6532 ) ) REPRESENTATION_CONTEXT ( 'NONE', 'WORKASPACE' ) );
#976 = SURFACE_STYLE_FILL_AREA ( #6168 ) ;
#977 = CARTESIAN_POINT ( 'NONE',  ( 0.03838939257931776178, -0.1830019702289861216, -0.02736589006765825088 ) ) ;
#978 = CARTESIAN_POINT ( 'NONE',  ( -0.05132615663255261224, -0.06887224267577003733, 0.1879004905987600171 ) ) ;
#979 = ORIENTED_EDGE ( 'NONE', *, *, #7092, .T. ) ;
#980 = EDGE_LOOP ( 'NONE', ( #3665, #5216, #8908, #7277, #8534 ) ) ;
#981 = CARTESIAN_POINT ( 'NONE',  ( 0.006563881463434948979, 0.08446495496867284514, 0.1602950706623608168 ) ) ;
#982 = VECTOR ( 'NONE', #7849, 1000.000000000000000 ) ;
#983 = DIRECTION ( 'NONE',  ( -0.000000000000000000, 1.000000000000000000, -0.000000000000000000 ) ) ;
#984 = CARTESIAN_POINT ( 'NONE',  ( 0.02909521289674309522, 0.07849138800471212873, 0.1059181345838505622 ) ) ;
#985 =( NAMED_UNIT ( * ) SI_UNIT ( $, .STERADIAN. ) SOLID_ANGLE_UNIT ( ) );
#986 = CARTESIAN_POINT ( 'NONE',  ( 0.009030426264184092389, -0.1769980033934721031, -0.02595043614767383530 ) ) ;
#987 = FILL_AREA_STYLE_COLOUR ( '', #5235 ) ;
#988 = AXIS2_PLACEMENT_3D ( 'NONE', #5314, #5390, #8264 ) ;
#989 = VECTOR ( 'NONE', #1221, 1000.000000000000000 ) ;
#990 = ORIENTED_EDGE ( 'NONE', *, *, #4742, .F. ) ;
#991 = ORIENTED_EDGE ( 'NONE', *, *, #4129, .T. ) ;
#992 = SURFACE_STYLE_USAGE ( .BOTH. , #4670 ) ;
#993 = AXIS2_PLACEMENT_3D ( 'NONE', #4624, #166, #5266 ) ;
#994 = ORIENTED_EDGE ( 'NONE', *, *, #6298, .F. ) ;
#995 = CARTESIAN_POINT ( 'NONE',  ( 0.06179607625543379751, 0.08150861190854616356, 0.05421920339958552493 ) ) ;
#996 = VECTOR ( 'NONE', #8836, 1000.000000000000000 ) ;
#997 = DIRECTION ( 'NONE',  ( -0.02052340527576413873, 0.0002562270569816748971, 0.9997893399029527117 ) ) ;
#998 = CARTESIAN_POINT ( 'NONE',  ( -0.06789490674919831936, -0.1599857056563633306, 0.1599844460355385745 ) ) ;
#999 = CIRCLE ( 'NONE', #6245, 0.01500000000000000985 ) ;
#1000 = EDGE_CURVE ( 'NONE', #5451, #3224, #4631, .T. ) ;
#1001 = ORIENTED_EDGE ( 'NONE', *, *, #6512, .F. ) ;
#1002 = ORIENTED_EDGE ( 'NONE', *, *, #8589, .T. ) ;
#1003 = FILL_AREA_STYLE ('',( #3145 ) ) ;
#1004 =( LENGTH_UNIT ( ) NAMED_UNIT ( * ) SI_UNIT ( .MILLI., .METRE. ) );
#1005 =( LENGTH_UNIT ( ) NAMED_UNIT ( * ) SI_UNIT ( .MILLI., .METRE. ) );
#1006 = CARTESIAN_POINT ( 'NONE',  ( 0.04334545918456631647, -0.1419993445861998105, 0.2119242992749064691 ) ) ;
#1007 = CARTESIAN_POINT ( 'NONE',  ( 0.001146709603562300929, 0.06499069707851898303, -0.01589575510282307744 ) ) ;
#1008 = ORIENTED_EDGE ( 'NONE', *, *, #3467, .T. ) ;
#1009 = ORIENTED_EDGE ( 'NONE', *, *, #7617, .F. ) ;
#1010 = CARTESIAN_POINT ( 'NONE',  ( 0.03373778724202080442, -0.1830062300829545796, -0.1338102927549473520 ) ) ;
#1011 = EDGE_CURVE ( 'NONE', #3286, #5582, #3592, .T. ) ;
#1012 = CARTESIAN_POINT ( 'NONE',  ( -0.08812203382909156169, 0.03428651878970197936, 0.1976011245737025745 ) ) ;
#1013 = CARTESIAN_POINT ( 'NONE',  ( 0.2415971205140184652, 0.07078765774638730301, 0.2000000000000000111 ) ) ;
#1014 = CARTESIAN_POINT ( 'NONE',  ( 0.01549206093043245872, 0.05582483189794655576, 0.1604710305973889306 ) ) ;
#1015 = DIRECTION ( 'NONE',  ( 0.8457699189191014710, 0.000000000000000000, 0.5335477900353224889 ) ) ;
#1016 = FILL_AREA_STYLE_COLOUR ( '', #1445 ) ;
#1017 = DIRECTION ( 'NONE',  ( -0.9984204654305550708, -0.02611445777044348396, 0.04974544506574812841 ) ) ;
#1018 = CARTESIAN_POINT ( 'NONE',  ( 0.007712424457248946014, -0.1769979912919411869, -0.05262528563575717688 ) ) ;
#1019 = EDGE_CURVE ( 'NONE', #7968, #1142, #5762, .T. ) ;
#1020 = CARTESIAN_POINT ( 'NONE',  ( -0.04122677996249966142, 0.06000000000000001860, -0.1799999999999998546 ) ) ;
#1021 = ADVANCED_FACE ( 'NONE', ( #601 ), #5992, .T. ) ;
#1022 = DIRECTION ( 'NONE',  ( -1.000000000000000000, 0.000000000000000000, 0.000000000000000000 ) ) ;
#1023 = DIRECTION ( 'NONE',  ( -0.02615301167375779293, -0.9996579468436915805, -9.639838069358359842E-05 ) ) ;
#1024 = FILL_AREA_STYLE ('',( #7133 ) ) ;
#1025 = CARTESIAN_POINT ( 'NONE',  ( -0.04007926135285547892, -0.1741174881557715493, -0.02598927859092788409 ) ) ;
#1026 = CIRCLE ( 'NONE', #4621, 0.005021854673855265933 ) ;
#1027 = DIRECTION ( 'NONE',  ( -0.9794942761024153510, 0.2001337104721970239, 0.02318320545645399799 ) ) ;
#1028 = ORIENTED_EDGE ( 'NONE', *, *, #2359, .T. ) ;
#1029 = EDGE_CURVE ( 'NONE', #6937, #4046, #2867, .T. ) ;
#1030 =( BOUNDED_SURFACE ( )  B_SPLINE_SURFACE ( 3, 3, ( 
 ( #3223, #6125, #2699, #7825, #7122, #8570, #9267, #1750 ),
 ( #500, #2484, #6161, #2727, #7852, #3471, #7606, #8334 ),
 ( #3945, #4688, #286, #5420, #7636, #2517, #1813, #1038 ),
 ( #1777, #3255, #6942, #7672, #8387, #4006, #5002, #8014 ),
 ( #4283, #596, #8627, #5032, #8726, #631, #6497, #1341 ),
 ( #5696, #2858, #3588, #5059, #9420, #6400, #4967, #4321 ),
 ( #3528, #5726, #2064, #663, #2093, #2036, #1405, #3496 ) ),
 .UNSPECIFIED., .T., .F., .F. ) 
 B_SPLINE_SURFACE_WITH_KNOTS ( ( 4, 3, 4 ),
 ( 4, 2, 2, 4 ),
 ( 0.000000000000000000, 0.5000000000000000000, 1.000000000000000000 ),
 ( 0.6224322218176134847, 0.6666664318583197524, 0.6887839592742276418, 0.7109007746737637801 ),
 .UNSPECIFIED. ) 
 GEOMETRIC_REPRESENTATION_ITEM ( )  RATIONAL_B_SPLINE_SURFACE ( (
 ( 1.000000000000000000, 1.000000000000000000, 1.000000000000000000, 1.000000000000000000, 1.000000000000000000, 1.000000000000000000, 1.000000000000000000, 1.000000000000000000),
 ( 0.3333333333333333703, 0.3333333333333333703, 0.3333333333333333703, 0.3333333333333333703, 0.3333333333333333703, 0.3333333333333333703, 0.3333333333333333703, 0.3333333333333333703),
 ( 0.3333333333333333703, 0.3333333333333333703, 0.3333333333333333703, 0.3333333333333333703, 0.3333333333333333703, 0.3333333333333333703, 0.3333333333333333703, 0.3333333333333333703),
 ( 1.000000000000000000, 1.000000000000000000, 1.000000000000000000, 1.000000000000000000, 1.000000000000000000, 1.000000000000000000, 1.000000000000000000, 1.000000000000000000),
 ( 0.3333333333333333703, 0.3333333333333333703, 0.3333333333333333703, 0.3333333333333333703, 0.3333333333333333703, 0.3333333333333333703, 0.3333333333333333703, 0.3333333333333333703),
 ( 0.3333333333333333703, 0.3333333333333333703, 0.3333333333333333703, 0.3333333333333333703, 0.3333333333333333703, 0.3333333333333333703, 0.3333333333333333703, 0.3333333333333333703),
 ( 1.000000000000000000, 1.000000000000000000, 1.000000000000000000, 1.000000000000000000, 1.000000000000000000, 1.000000000000000000, 1.000000000000000000, 1.000000000000000000) ) ) 
 REPRESENTATION_ITEM ( '' )  SURFACE ( )  );
#1031 = MECHANICAL_DESIGN_GEOMETRIC_PRESENTATION_REPRESENTATION (  '', ( #833 ), #7108 ) ;
#1032 = CARTESIAN_POINT ( 'NONE',  ( -0.2650000000000000133, -0.2300000000000000100, -0.2000000000000000111 ) ) ;
#1033 = CARTESIAN_POINT ( 'NONE',  ( -0.08125668331257390742, -0.1714784185965504693, 0.1391356869294486376 ) ) ;
#1034 = CARTESIAN_POINT ( 'NONE',  ( -0.1231231236020817188, -0.1753616338506908678, -0.07991101417151134922 ) ) ;
#1035 = CARTESIAN_POINT ( 'NONE',  ( 0.002272206517258029083, 0.06510532599845607338, -0.002827282316629497767 ) ) ;
#1036 = CARTESIAN_POINT ( 'NONE',  ( -0.1278671797069859395, -0.1550000000000000266, -0.03805575324395597120 ) ) ;
#1037 = CARTESIAN_POINT ( 'NONE',  ( 0.1160626654612614550, -0.2299999999999999545, 0.05141510554491868917 ) ) ;
#1038 = CARTESIAN_POINT ( 'NONE',  ( -0.006025505505507488743, -0.1582857112885460715, -0.1606005933210563064 ) ) ;
#1039 = ORIENTED_EDGE ( 'NONE', *, *, #3456, .F. ) ;
#1040 = DIRECTION ( 'NONE',  ( -0.8756075530290937659, -0.4826932479921549612, -0.01785052999736495838 ) ) ;
#1041 = MECHANICAL_DESIGN_GEOMETRIC_PRESENTATION_REPRESENTATION (  '', ( #176 ), #8652 ) ;
#1042 = DIRECTION ( 'NONE',  ( 0.9993255319173289797, -0.03046132653440713003, 0.02050826282043495541 ) ) ;
#1044 = SURFACE_STYLE_FILL_AREA ( #7620 ) ;
#1043 = B_SPLINE_SURFACE_WITH_KNOTS ( 'NONE', 3, 1, ( 
 ( #6167, #294 ),
 ( #9030, #8365 ),
 ( #4010, #8391 ),
 ( #8995, #3948 ),
 ( #7577, #3918 ),
 ( #1105, #3194 ),
 ( #5366, #4628 ),
 ( #4660, #5453 ),
 ( #2487, #3226 ),
 ( #1816, #7609 ),
 ( #8337, #6094 ) ),
 .UNSPECIFIED., .F., .F., .F.,
 ( 4, 1, 1, 1, 1, 1, 1, 1, 4 ),
 ( 2, 2 ),
 ( 0.000000000000000000, 0.1274639945884469550, 0.2621587074575456033, 0.4330378518549585221, 0.4971100557800189335, 0.5846169476978876345, 0.7491849293604234683, 0.8454087080526229148, 0.8990656729593771157 ),
 ( 0.000000000000000000, 1.000000000000000000 ),
 .UNSPECIFIED. ) ;
#1045 = CARTESIAN_POINT ( 'NONE',  ( -0.01549156867750067258, 0.1041753981060875023, -0.1604833567967112462 ) ) ;
#1046 = CARTESIAN_POINT ( 'NONE',  ( -0.2650000000000000133, -0.2300000000000000100, 0.2000000000000000111 ) ) ;
#1047 = AXIS2_PLACEMENT_3D ( 'NONE', #6430, #2065, #8016 ) ;
#1048 = CARTESIAN_POINT ( 'NONE',  ( -0.04071269965469451885, -0.1224246697470450368, 0.2029591100247911950 ) ) ;
#1049 = DIRECTION ( 'NONE',  ( -0.02052340527576554732, 0.0002562270569843368845, 0.9997893399029528227 ) ) ;
#1050 = EDGE_CURVE ( 'NONE', #6262, #7681, #3372, .T. ) ;
#1051 = CARTESIAN_POINT ( 'NONE',  ( -0.007753140239137710880, 0.07999999999999989064, 0.1600000000000000033 ) ) ;
#1052 =( NAMED_UNIT ( * ) SI_UNIT ( $, .STERADIAN. ) SOLID_ANGLE_UNIT ( ) );
#1053 = CARTESIAN_POINT ( 'NONE',  ( -0.06548259484139132280, 0.05113395340750395701, 0.1574999999999999456 ) ) ;
#1054 = CARTESIAN_POINT ( 'NONE',  ( 0.02707834823998813908, -0.2800000000000000266, 0.1070825106204835592 ) ) ;
#1055 = CARTESIAN_POINT ( 'NONE',  ( 0.2650000000000000133, -0.1700000000000000122, -0.2000000000000000111 ) ) ;
#1056 = DIRECTION ( 'NONE',  ( 0.000000000000000000, 0.000000000000000000, -1.000000000000000000 ) ) ;
#1057 = CARTESIAN_POINT ( 'NONE',  ( -0.0004507495551352280055, 0.06481943094357084378, 0.1999999999999999833 ) ) ;
#1058 = AXIS2_PLACEMENT_3D ( 'NONE', #6306, #9162, #461 ) ;
#1059 = VECTOR ( 'NONE', #9289, 1000.000000000000000 ) ;
#1060 = CARTESIAN_POINT ( 'NONE',  ( 0.1150000000000000050, -0.1700000000000000122, 0.03860745626545011161 ) ) ;
#1061 = CARTESIAN_POINT ( 'NONE',  ( 0.02076242174296215326, 0.02413366725349099656, 0.2073882475176571372 ) ) ;
#1062 = CARTESIAN_POINT ( 'NONE',  ( 0.2174977118581830626, -0.2299999999999999545, 0.1476558756124145555 ) ) ;
#1063 = EDGE_CURVE ( 'NONE', #8214, #7859, #6820, .T. ) ;
#1064 = CARTESIAN_POINT ( 'NONE',  ( -0.2151529299272666451, -0.1600000000000000588, -0.1514657711333049772 ) ) ;
#1065 = CARTESIAN_POINT ( 'NONE',  ( 0.1525014675670199049, -0.2299999999999999545, 0.1230518830271274400 ) ) ;
#1066 = DIRECTION ( 'NONE',  ( -0.02614935266312523598, 0.9996580472117950755, 0.000000000000000000 ) ) ;
#1067 = ADVANCED_FACE ( 'NONE', ( #3822 ), #2905, .T. ) ;
#1068 = EDGE_CURVE ( 'NONE', #8328, #8638, #3140, .T. ) ;
#1069 = CARTESIAN_POINT ( 'NONE',  ( -0.2491252820972974513, 0.07515281250366884214, 0.2000000000000000111 ) ) ;
#1070 = B_SPLINE_SURFACE_WITH_KNOTS ( 'NONE', 3, 1, ( 
 ( #7996, #5864 ),
 ( #5106, #2958 ),
 ( #1422, #6648 ),
 ( #5898, #2181 ),
 ( #2837, #1490 ),
 ( #6610, #8083 ),
 ( #7290, #2898 ),
 ( #4430, #648 ),
 ( #45, #5166 ),
 ( #7960, #776 ),
 ( #3574, #8678 ) ),
 .UNSPECIFIED., .F., .F., .F.,
 ( 4, 1, 1, 1, 1, 1, 1, 1, 4 ),
 ( 2, 2 ),
 ( 2.470540327870196506E-09, 0.1274639945884469550, 0.2621587074575456033, 0.4330378518549585221, 0.4971100557800189335, 0.5846169476978876345, 0.7491849293604234683, 0.8454087080526229148, 0.8813923650985950875 ),
 ( 0.000000000000000000, 1.000000000000000000 ),
 .UNSPECIFIED. ) ;
#1071 = SURFACE_STYLE_FILL_AREA ( #264 ) ;
#1072 = CARTESIAN_POINT ( 'NONE',  ( 0.004928757212443532140, 0.06535979889619608629, -0.02012764763547558733 ) ) ;
#1073 = CARTESIAN_POINT ( 'NONE',  ( 0.03581257956581565538, 0.06628674347418690715, 0.1612206938006847112 ) ) ;
#1074 = AXIS2_PLACEMENT_3D ( 'NONE', #998, #6048, #958 ) ;
#1075 = CARTESIAN_POINT ( 'NONE',  ( 0.01566701099379017026, 0.05925495694578165884, 0.1570409055495538553 ) ) ;
#1076 = LINE ( 'NONE', #805, #6444 ) ;
#1077 = EDGE_LOOP ( 'NONE', ( #78, #991, #4396, #2428, #8917 ) ) ;
#1078 = PLANE ( 'NONE',  #5090 ) ;
#1079 = CARTESIAN_POINT ( 'NONE',  ( 0.2016309254299941678, 0.06798944191067401999, -0.2000000000000000111 ) ) ;
#1080 = FILL_AREA_STYLE ('',( #9096 ) ) ;
#1081 = AXIS2_PLACEMENT_3D ( 'NONE', #7718, #6239, #9225 ) ;
#1082 = CARTESIAN_POINT ( 'NONE',  ( -0.2017251974013796190, -0.2300000000000000100, -0.1177992224742518967 ) ) ;
#1083 =( LENGTH_UNIT ( ) NAMED_UNIT ( * ) SI_UNIT ( .MILLI., .METRE. ) );
#1084 = CIRCLE ( 'NONE', #4241, 0.01499999999999999424 ) ;
#1085 = CARTESIAN_POINT ( 'NONE',  ( -0.1212317971636562436, -0.1600000000000000866, -0.04556511883094790938 ) ) ;
#1086 = CARTESIAN_POINT ( 'NONE',  ( -0.1655526671241021874, -0.1700000000000000122, -0.05290356562635827736 ) ) ;
#1087 = EDGE_LOOP ( 'NONE', ( #5094, #9217, #8868, #7858, #2041, #1926 ) ) ;
#1088 = UNCERTAINTY_MEASURE_WITH_UNIT (LENGTH_MEASURE( 1.000000000000000082E-05 ), #7574, 'distance_accuracy_value', 'NONE');
#1089 =( LENGTH_UNIT ( ) NAMED_UNIT ( * ) SI_UNIT ( .MILLI., .METRE. ) );
#1090 = DIRECTION ( 'NONE',  ( 0.9993792182221449272, 0.02614205897144670707, -0.02361717464956112830 ) ) ;
#1091 = CARTESIAN_POINT ( 'NONE',  ( -0.1178068834861335928, -0.1653186633679593620, -0.05605494007199311735 ) ) ;
#1092 = CARTESIAN_POINT ( 'NONE',  ( 0.001901484138013606346, 0.06506810094767540020, -0.002461888313877984118 ) ) ;
#1093 = PRESENTATION_STYLE_ASSIGNMENT (( #2895 ) ) ;
#1094 = SURFACE_SIDE_STYLE ('',( #9387 ) ) ;
#1095 = CARTESIAN_POINT ( 'NONE',  ( 0.000000000000000000, 0.000000000000000000, 0.000000000000000000 ) ) ;
#1096 = CARTESIAN_POINT ( 'NONE',  ( -0.04761343119214226510, 0.1135141182547868416, -0.05335612357712406217 ) ) ;
#1097 =( NAMED_UNIT ( * ) PLANE_ANGLE_UNIT ( ) SI_UNIT ( $, .RADIAN. ) );
#1098 = ORIENTED_EDGE ( 'NONE', *, *, #5303, .T. ) ;
#1099 = ORIENTED_EDGE ( 'NONE', *, *, #8114, .T. ) ;
#1100 = AXIS2_PLACEMENT_3D ( 'NONE', #1359, #1424, #7962 ) ;
#1101 = ORIENTED_EDGE ( 'NONE', *, *, #1985, .T. ) ;
#1102 = FACE_OUTER_BOUND ( 'NONE', #2587, .T. ) ;
#1103 = ADVANCED_FACE ( 'NONE', ( #6698 ), #3755, .F. ) ;
#1104 = MECHANICAL_DESIGN_GEOMETRIC_PRESENTATION_REPRESENTATION (  '', ( #2083 ), #2880 ) ;
#1105 = CARTESIAN_POINT ( 'NONE',  ( -0.2231091093434084127, -0.2300000000000000655, -0.1582779960609690673 ) ) ;
#1106 = EDGE_CURVE ( 'NONE', #4323, #6673, #9401, .T. ) ;
#1107 = FACE_OUTER_BOUND ( 'NONE', #1888, .T. ) ;
#1108 = FILL_AREA_STYLE_COLOUR ( '', #8515 ) ;
#1109 = CARTESIAN_POINT ( 'NONE',  ( 0.05505816723952268454, 0.06504636301307582802, 0.1856165190888019179 ) ) ;
#1110 = ORIENTED_EDGE ( 'NONE', *, *, #893, .F. ) ;
#1111 = ORIENTED_EDGE ( 'NONE', *, *, #2186, .T. ) ;
#1112 = CARTESIAN_POINT ( 'NONE',  ( -0.03321345106879080439, 0.06074504305421840611, 0.2029590944504461314 ) ) ;
#1113 = ORIENTED_EDGE ( 'NONE', *, *, #1029, .T. ) ;
#1114 = LINE ( 'NONE', #6214, #3512 ) ;
#1115 = DIRECTION ( 'NONE',  ( -0.02615162913724264349, 0.9996579830122662713, -9.640184557387467337E-05 ) ) ;
#1116 = CIRCLE ( 'NONE', #1154, 0.03502113778643654168 ) ;
#1117 =( NAMED_UNIT ( * ) SI_UNIT ( $, .STERADIAN. ) SOLID_ANGLE_UNIT ( ) );
#1118 = CARTESIAN_POINT ( 'NONE',  ( 0.02732607901079321666, 0.07849128147365572183, 0.1596932913163382206 ) ) ;
#1119 = ADVANCED_FACE ( 'NONE', ( #142 ), #5494, .F. ) ;
#1120 = ORIENTED_EDGE ( 'NONE', *, *, #590, .F. ) ;
#1121 = ORIENTED_EDGE ( 'NONE', *, *, #6868, .F. ) ;
#1122 = DIRECTION ( 'NONE',  ( -0.9988445981121533146, 0.000000000000000000, 0.04805693313322027121 ) ) ;
#1123 = CARTESIAN_POINT ( 'NONE',  ( -0.1149999999999999911, -0.2300000000000000100, 0.2000000000000000111 ) ) ;
#1124 = CARTESIAN_POINT ( 'NONE',  ( 0.07514967769977067003, 0.06630592832535872616, 0.2000000000000000666 ) ) ;
#1125 = CARTESIAN_POINT ( 'NONE',  ( -0.05132615663255261224, -0.06887224267577003733, 0.1879004905987600171 ) ) ;
#1126 = CARTESIAN_POINT ( 'NONE',  ( -0.05775314023913770412, 0.07999999999999993228, 0.1599999999999999756 ) ) ;
#1127 = EDGE_CURVE ( 'NONE', #1565, #7726, #8840, .T. ) ;
#1128 = ORIENTED_EDGE ( 'NONE', *, *, #4629, .T. ) ;
#1129 = ORIENTED_EDGE ( 'NONE', *, *, #7974, .T. ) ;
#1130 = CARTESIAN_POINT ( 'NONE',  ( 0.03098215336968641875, -0.1227650543533660155, -0.1837329050037636857 ) ) ;
#1131 = CARTESIAN_POINT ( 'NONE',  ( -0.1180708908888131875, -0.1748810353834243381, -0.04309441901387849050 ) ) ;
#1132 = CARTESIAN_POINT ( 'NONE',  ( -0.04996904482761289207, 0.05687214665951772358, 0.1920771734338860004 ) ) ;
#1133 = CARTESIAN_POINT ( 'NONE',  ( 0.1150000000000000050, 0.05382126775608768454, 0.1575000000000000011 ) ) ;
#1134 = CARTESIAN_POINT ( 'NONE',  ( 0.004402771273554371631, 0.06530899694634029196, -0.1434780253173405518 ) ) ;
#1135 = MECHANICAL_DESIGN_GEOMETRIC_PRESENTATION_REPRESENTATION (  '', ( #3408 ), #6710 ) ;
#1136 = CARTESIAN_POINT ( 'NONE',  ( 0.1210718620247217964, -0.1600000000000000311, 0.04574611991424980956 ) ) ;
#1137 = SURFACE_SIDE_STYLE ('',( #8986 ) ) ;
#1138 = CARTESIAN_POINT ( 'NONE',  ( -0.02911274646542583167, 0.08724039871988237271, -0.1597322420500395523 ) ) ;
#1139 = CARTESIAN_POINT ( 'NONE',  ( -0.04186559702071569050, -0.1593627295079363404, 0.2029590790076271078 ) ) ;
#1140 = AXIS2_PLACEMENT_3D ( 'NONE', #4553, #3780, #8823 ) ;
#1141 = COLOUR_RGB ( '',1.000000000000000000, 1.000000000000000000, 0.5019607843137254832 ) ;
#1142 = VERTEX_POINT ( 'NONE', #3667 ) ;
#1143 = CARTESIAN_POINT ( 'NONE',  ( 0.1150000000000000050, -0.2300000000000000100, 0.2000000000000000111 ) ) ;
#1144 = VERTEX_POINT ( 'NONE', #1491 ) ;
#1145 = DIRECTION ( 'NONE',  ( -0.000000000000000000, -0.000000000000000000, 1.000000000000000000 ) ) ;
#1146 = CARTESIAN_POINT ( 'NONE',  ( -0.1226720531819162768, -0.2800000000000000266, -0.07898615225063329581 ) ) ;
#1147 = ORIENTED_EDGE ( 'NONE', *, *, #149, .T. ) ;
#1148 = CARTESIAN_POINT ( 'NONE',  ( 0.02909521289674309522, 0.07849138800471212873, 0.1059181345838505622 ) ) ;
#1149 =( BOUNDED_SURFACE ( )  B_SPLINE_SURFACE ( 3, 3, ( 
 ( #6291, #9151, #7682, #6229, #4039, #383 ),
 ( #5608, #4113, #1920, #7009, #5516, #2612 ),
 ( #4849, #7038, #1817, #2639, #7773, #7800 ),
 ( #5573, #473, #1194, #6320, #3290, #1955 ),
 ( #7063, #2666, #6949, #9242, #4878, #8629 ),
 ( #3448, #4163, #3472, #2730, #4936, #7099 ),
 ( #4910, #5700, #5033, #1977, #504, #7184 ) ),
 .UNSPECIFIED., .T., .F., .F. ) 
 B_SPLINE_SURFACE_WITH_KNOTS ( ( 4, 3, 4 ),
 ( 4, 2, 4 ),
 ( 0.000000000000000000, 0.5000000000000000000, 1.000000000000000000 ),
 ( 0.9557658224638853062, 0.9778824883449259708, 1.000000000000000000 ),
 .UNSPECIFIED. ) 
 GEOMETRIC_REPRESENTATION_ITEM ( )  RATIONAL_B_SPLINE_SURFACE ( (
 ( 1.000000000000000000, 1.000000000000000000, 1.000000000000000000, 1.000000000000000000, 1.000000000000000000, 1.000000000000000000),
 ( 0.3333333333333333703, 0.3333333333333333703, 0.3333333333333333703, 0.3333333333333333703, 0.3333333333333333703, 0.3333333333333333703),
 ( 0.3333333333333333703, 0.3333333333333333703, 0.3333333333333333703, 0.3333333333333333703, 0.3333333333333333703, 0.3333333333333333703),
 ( 1.000000000000000000, 1.000000000000000000, 1.000000000000000000, 1.000000000000000000, 1.000000000000000000, 1.000000000000000000),
 ( 0.3333333333333333703, 0.3333333333333333703, 0.3333333333333333703, 0.3333333333333333703, 0.3333333333333333703, 0.3333333333333333703),
 ( 0.3333333333333333703, 0.3333333333333333703, 0.3333333333333333703, 0.3333333333333333703, 0.3333333333333333703, 0.3333333333333333703),
 ( 1.000000000000000000, 1.000000000000000000, 1.000000000000000000, 1.000000000000000000, 1.000000000000000000, 1.000000000000000000) ) ) 
 REPRESENTATION_ITEM ( '' )  SURFACE ( )  );
#1150 = CARTESIAN_POINT ( 'NONE',  ( -0.1213981180467327975, -0.2300000000000000655, -0.04539237682713895966 ) ) ;
#1151 = CARTESIAN_POINT ( 'NONE',  ( -0.06627140969980210849, 0.07275948528167891505, 0.05249772287053580677 ) ) ;
#1152 = LINE ( 'NONE', #3438, #9258 ) ;
#1153 = COLOUR_RGB ( '',0.7529411764705882248, 1.000000000000000000, 1.000000000000000000 ) ;
#1154 = AXIS2_PLACEMENT_3D ( 'NONE', #4246, #5750, #5083 ) ;
#1155 = CARTESIAN_POINT ( 'NONE',  ( -0.05955322006381261885, 0.05585894888548609272, 0.1949858359229068860 ) ) ;
#1156 = CARTESIAN_POINT ( 'NONE',  ( -0.1226720531819162768, -0.1550000000000000266, -0.07898615225063329581 ) ) ;
#1157 = CARTESIAN_POINT ( 'NONE',  ( -0.04293327318355420058, 0.08724051481300287847, 0.1072416323611428829 ) ) ;
#1158 = CARTESIAN_POINT ( 'NONE',  ( -0.04004714622731387480, 0.08724043042291151906, 0.05411908608107289520 ) ) ;
#1159 = ADVANCED_FACE ( 'NONE', ( #4740 ), #591, .T. ) ;
#1160 = CARTESIAN_POINT ( 'NONE',  ( 0.2151529299272666174, -0.1600000000000000311, 0.1514657711333050050 ) ) ;
#1161 = AXIS2_PLACEMENT_3D ( 'NONE', #3642, #2906, #8750 ) ;
#1162 =( NAMED_UNIT ( * ) SI_UNIT ( $, .STERADIAN. ) SOLID_ANGLE_UNIT ( ) );
#1163 =( LENGTH_UNIT ( ) NAMED_UNIT ( * ) SI_UNIT ( .MILLI., .METRE. ) );
#1164 = CARTESIAN_POINT ( 'NONE',  ( 0.04174343265777232664, 0.07850502150267235635, -0.1072625030480235664 ) ) ;
#1165 = CARTESIAN_POINT ( 'NONE',  ( 0.1221691108782663043, -0.1799999999998389832, 0.04470776659476568410 ) ) ;
#1166 = SURFACE_STYLE_USAGE ( .BOTH. , #3353 ) ;
#1167 =( GEOMETRIC_REPRESENTATION_CONTEXT ( 3 ) GLOBAL_UNCERTAINTY_ASSIGNED_CONTEXT ( ( #8936 ) ) GLOBAL_UNIT_ASSIGNED_CONTEXT ( ( #5500, #7694, #9101 ) ) REPRESENTATION_CONTEXT ( 'NONE', 'WORKASPACE' ) );
#1168 = CARTESIAN_POINT ( 'NONE',  ( -0.007953443359676388644, -0.01350296728999452259, 0.2133367246640376080 ) ) ;
#1169 = CARTESIAN_POINT ( 'NONE',  ( -0.09338311914420192872, -0.08547538304201571235, 0.1976010419758998937 ) ) ;
#1170 = COLOUR_RGB ( '',1.000000000000000000, 1.000000000000000000, 1.000000000000000000 ) ;
#1171 = CARTESIAN_POINT ( 'NONE',  ( -0.01259245371102965701, 0.04690177450077820387, 0.1331154924618501989 ) ) ;
#1172 = ORIENTED_EDGE ( 'NONE', *, *, #8261, .F. ) ;
#1173 = DIRECTION ( 'NONE',  ( -0.8457699189191014710, 0.000000000000000000, -0.5335477900353223779 ) ) ;
#1174 = ORIENTED_EDGE ( 'NONE', *, *, #4848, .F. ) ;
#1175 = FILL_AREA_STYLE_COLOUR ( '', #8769 ) ;
#1176 = CARTESIAN_POINT ( 'NONE',  ( -0.03152323437381474025, 0.02217556418026029458, 0.1623989882032935983 ) ) ;
#1177 = DIRECTION ( 'NONE',  ( -0.9544681135048440623, -0.2976636645781976509, -0.01967137749071950006 ) ) ;
#1178 =( GEOMETRIC_REPRESENTATION_CONTEXT ( 3 ) GLOBAL_UNCERTAINTY_ASSIGNED_CONTEXT ( ( #2725 ) ) GLOBAL_UNIT_ASSIGNED_CONTEXT ( ( #8921, #5952, #7434 ) ) REPRESENTATION_CONTEXT ( 'NONE', 'WORKASPACE' ) );
#1179 = TOROIDAL_SURFACE ( 'NONE', #2678, 0.02002185241913501806, 0.01499999999999999598 ) ;
#1180 = FACE_BOUND ( 'NONE', #7880, .T. ) ;
#1181 = FACE_OUTER_BOUND ( 'NONE', #4988, .T. ) ;
#1182 = DIRECTION ( 'NONE',  ( -0.02362802936328305126, -0.0001592579951429050616, -0.9997208064581326603 ) ) ;
#1183 = CARTESIAN_POINT ( 'NONE',  ( 0.08182705203576161324, -0.1800000000000000488, 0.05472891238100794503 ) ) ;
#1184 = CARTESIAN_POINT ( 'NONE',  ( -0.02443868858482713124, -0.1465207014509893602, 0.05341638434907072103 ) ) ;
#1185 = ORIENTED_EDGE ( 'NONE', *, *, #1758, .F. ) ;
#1186 = CARTESIAN_POINT ( 'NONE',  ( -0.1218835744629671036, -0.1767704189424721684, -0.04494358866177605022 ) ) ;
#1187 = CARTESIAN_POINT ( 'NONE',  ( -0.01614907080835655331, -0.1858825241331697742, -0.1071918697355455086 ) ) ;
#1188 = EDGE_CURVE ( 'NONE', #8899, #1954, #8282, .T. ) ;
#1189 = CARTESIAN_POINT ( 'NONE',  ( -0.03315871517070716895, 0.08724051504716617833, -0.05248310047304365067 ) ) ;
#1190 = DIRECTION ( 'NONE',  ( 0.9993255319173289797, -0.03046132653440713003, 0.02050826282043495541 ) ) ;
#1191 = COLOUR_RGB ( '',1.000000000000000000, 1.000000000000000000, 0.5019607843137254832 ) ;
#1192 = EDGE_CURVE ( 'NONE', #5681, #1572, #4731, .T. ) ;
#1193 = ORIENTED_EDGE ( 'NONE', *, *, #2088, .T. ) ;
#1194 = CARTESIAN_POINT ( 'NONE',  ( -0.05775353733764598818, -0.1885249708726764450, 0.1061533933985962797 ) ) ;
#1195 = CARTESIAN_POINT ( 'NONE',  ( -0.02774434096253404480, 0.06041101723250457550, -0.1865616235374172871 ) ) ;
#1196 =( NAMED_UNIT ( * ) PLANE_ANGLE_UNIT ( ) SI_UNIT ( $, .RADIAN. ) );
#1197 = CARTESIAN_POINT ( 'NONE',  ( -0.1226720531819162768, -0.2800000000000000266, -0.07898615225063329581 ) ) ;
#1198 = CARTESIAN_POINT ( 'NONE',  ( 0.05367279078643773932, 0.06518163397124758507, -0.1034003154085006426 ) ) ;
#1199 = CARTESIAN_POINT ( 'NONE',  ( -0.06550295566255305568, -0.03152796863415534973, 0.2134020396005623932 ) ) ;
#1200 = CARTESIAN_POINT ( 'NONE',  ( -0.07499999999999999722, -0.1799999999999998546, 1.694065894508600678E-18 ) ) ;
#1201 = SURFACE_STYLE_FILL_AREA ( #8115 ) ;
#1202 = ORIENTED_EDGE ( 'NONE', *, *, #5709, .F. ) ;
#1203 = EDGE_CURVE ( 'NONE', #1912, #9398, #4334, .T. ) ;
#1204 = ORIENTED_EDGE ( 'NONE', *, *, #558, .F. ) ;
#1205 = CARTESIAN_POINT ( 'NONE',  ( 0.01549206093043245872, 0.05582483189794655576, 0.1604710305973889306 ) ) ;
#1206 = ADVANCED_FACE ( 'NONE', ( #8053 ), #3906, .F. ) ;
#1207 = ORIENTED_EDGE ( 'NONE', *, *, #9433, .T. ) ;
#1208 = PRESENTATION_LAYER_ASSIGNMENT (  '', '', ( #894 ) ) ;
#1209 = CARTESIAN_POINT ( 'NONE',  ( -0.08998266897168230583, -0.1799999999999998546, 0.0007208539969983045843 ) ) ;
#1210 = CARTESIAN_POINT ( 'NONE',  ( -0.1725477609992104588, -0.2300000000000000655, -0.1470482443439423414 ) ) ;
#1211 =( BOUNDED_SURFACE ( )  B_SPLINE_SURFACE ( 3, 3, ( 
 ( #8010, #5085, #694, #3615, #6494, #2855, #7973, #5055 ),
 ( #4318, #658, #1402, #6524, #2159, #7267, #9448, #2400 ),
 ( #4726, #8277, #7548, #238, #7516, #8961, #208, #1014 ),
 ( #6788, #4594, #2490, #5368, #3263, #5332, #3921, #981 ),
 ( #8307, #8368, #5400, #3198, #6860, #9033, #6068, #6130 ),
 ( #1045, #5426, #1754, #6032, #6097, #3122, #2465, #6822 ),
 ( #6894, #6169, #1660, #8245, #944, #7611, #4694, #8997 ) ),
 .UNSPECIFIED., .T., .F., .T. ) 
 B_SPLINE_SURFACE_WITH_KNOTS ( ( 4, 3, 4 ),
 ( 4, 2, 2, 4 ),
 ( 0.000000000000000000, 0.5000000000000000000, 1.000000000000000000 ),
 ( 0.4557485375414591089, 0.4999987791610235321, 0.5221270836600493404, 0.5442510124641972702 ),
 .UNSPECIFIED. ) 
 GEOMETRIC_REPRESENTATION_ITEM ( )  RATIONAL_B_SPLINE_SURFACE ( (
 ( 1.000000000000000000, 1.000000000000000000, 1.000000000000000000, 1.000000000000000000, 1.000000000000000000, 1.000000000000000000, 1.000000000000000000, 1.000000000000000000),
 ( 0.3333333333333333703, 0.3333333333333333703, 0.3333333333333333703, 0.3333333333333333703, 0.3333333333333333703, 0.3333333333333333703, 0.3333333333333333703, 0.3333333333333333703),
 ( 0.3333333333333333703, 0.3333333333333333703, 0.3333333333333333703, 0.3333333333333333703, 0.3333333333333333703, 0.3333333333333333703, 0.3333333333333333703, 0.3333333333333333703),
 ( 1.000000000000000000, 1.000000000000000000, 1.000000000000000000, 1.000000000000000000, 1.000000000000000000, 1.000000000000000000, 1.000000000000000000, 1.000000000000000000),
 ( 0.3333333333333333703, 0.3333333333333333703, 0.3333333333333333703, 0.3333333333333333703, 0.3333333333333333703, 0.3333333333333333703, 0.3333333333333333703, 0.3333333333333333703),
 ( 0.3333333333333333703, 0.3333333333333333703, 0.3333333333333333703, 0.3333333333333333703, 0.3333333333333333703, 0.3333333333333333703, 0.3333333333333333703, 0.3333333333333333703),
 ( 1.000000000000000000, 1.000000000000000000, 1.000000000000000000, 1.000000000000000000, 1.000000000000000000, 1.000000000000000000, 1.000000000000000000, 1.000000000000000000) ) ) 
 REPRESENTATION_ITEM ( '' )  SURFACE ( )  );
#1212 = CARTESIAN_POINT ( 'NONE',  ( -0.1210718620247217825, -0.1700000000000000122, -0.04574611991424980956 ) ) ;
#1213 = SURFACE_STYLE_FILL_AREA ( #1080 ) ;
#1214 = VERTEX_POINT ( 'NONE', #6542 ) ;
#1215 = ORIENTED_EDGE ( 'NONE', *, *, #6318, .T. ) ;
#1216 = VERTEX_POINT ( 'NONE', #1060 ) ;
#1217 = CARTESIAN_POINT ( 'NONE',  ( 0.1210718620247217964, -0.1600000000000000311, 0.04574611991424980956 ) ) ;
#1218 = SURFACE_STYLE_USAGE ( .BOTH. , #3406 ) ;
#1219 = CARTESIAN_POINT ( 'NONE',  ( -0.1221691108778173579, -0.1789164186488889086, -0.04470776659520526997 ) ) ;
#1220 = CARTESIAN_POINT ( 'NONE',  ( -0.06706822602519385557, -0.1600107094390359197, 0.1949958165549568467 ) ) ;
#1221 = DIRECTION ( 'NONE',  ( -0.000000000000000000, 1.000000000000000000, -0.000000000000000000 ) ) ;
#1222 = CARTESIAN_POINT ( 'NONE',  ( -0.05647067506860625058, 0.07277320431515266197, -0.1071850233187526952 ) ) ;
#1223 = B_SPLINE_CURVE_WITH_KNOTS ( 'NONE', 3,
 ( #1830, #8352, #4678, #3139, #3874, #6080, #251, #7592 ),
 .UNSPECIFIED., .F., .F.,
 ( 4, 2, 2, 4 ),
 ( 0.7195829134847867570, 0.7499909750257768293, 0.7651954247257339858, 0.7803995624815461829 ),
 .UNSPECIFIED. ) ;
#1224 = MECHANICAL_DESIGN_GEOMETRIC_PRESENTATION_REPRESENTATION (  '', ( #3551 ), #3059 ) ;
#1225 = CIRCLE ( 'NONE', #5839, 0.02500000000000001180 ) ;
#1226 = ORIENTED_EDGE ( 'NONE', *, *, #7483, .F. ) ;
#1227 = ORIENTED_EDGE ( 'NONE', *, *, #7075, .F. ) ;
#1228 = PRESENTATION_LAYER_ASSIGNMENT (  '', '', ( #535 ) ) ;
#1229 = EDGE_CURVE ( 'NONE', #3979, #8214, #1638, .T. ) ;
#1230 = CARTESIAN_POINT ( 'NONE',  ( -0.03390255156787162077, -0.1233327002998684113, -0.1464645075532773899 ) ) ;
#1231 = CARTESIAN_POINT ( 'NONE',  ( 0.04896706109471880147, -0.03225670225499559923, -0.1492909521220822378 ) ) ;
#1232 = DIRECTION ( 'NONE',  ( -0.8496570271152052989, 0.02589787347911665441, -0.5266993795544201440 ) ) ;
#1233 = CARTESIAN_POINT ( 'NONE',  ( -0.03442874369384443800, 0.06020718865303133216, -0.1630656412081939455 ) ) ;
#1234 = CARTESIAN_POINT ( 'NONE',  ( 0.04303767628064031348, 0.06598736978106121975, 0.03005763730627386554 ) ) ;
#1235 = CARTESIAN_POINT ( 'NONE',  ( -0.04731139758500389758, 0.02281287462209763417, 0.1879005367437291407 ) ) ;
#1236 = ORIENTED_EDGE ( 'NONE', *, *, #309, .F. ) ;
#1237 = VERTEX_POINT ( 'NONE', #2417 ) ;
#1238 = DIRECTION ( 'NONE',  ( -0.02615162913723481988, 0.9996579830122664934, -9.640184558589760810E-05 ) ) ;
#1239 =( GEOMETRIC_REPRESENTATION_CONTEXT ( 3 ) GLOBAL_UNCERTAINTY_ASSIGNED_CONTEXT ( ( #7135 ) ) GLOBAL_UNIT_ASSIGNED_CONTEXT ( ( #6616, #2963, #8683 ) ) REPRESENTATION_CONTEXT ( 'NONE', 'WORKASPACE' ) );
#1240 = DIRECTION ( 'NONE',  ( -0.8755976470553532565, -0.4827019435506179623, -0.01809956252468488888 ) ) ;
#1241 = CARTESIAN_POINT ( 'NONE',  ( 0.06088869567230426050, -0.1800000000000000488, 0.01883182802064335692 ) ) ;
#1242 = CARTESIAN_POINT ( 'NONE',  ( 0.02693488586067447829, 0.05582477304465111034, -0.05187860480028192584 ) ) ;
#1243 = PRESENTATION_STYLE_ASSIGNMENT (( #824 ) ) ;
#1244 = CARTESIAN_POINT ( 'NONE',  ( 0.1150000000000000050, -0.2300000000000000100, 0.2000000000000000111 ) ) ;
#1245 = CARTESIAN_POINT ( 'NONE',  ( -0.03023472080557222663, 0.05913004720536158693, 0.1623989419714512716 ) ) ;
#1246 = CARTESIAN_POINT ( 'NONE',  ( 0.05149099006641463805, -0.1238875184769430565, -0.1792573380220374157 ) ) ;
#1247 = SURFACE_SIDE_STYLE ('',( #8572 ) ) ;
#1248 = EDGE_CURVE ( 'NONE', #6073, #5207, #4717, .T. ) ;
#1249 = DIRECTION ( 'NONE',  ( 0.000000000000000000, -0.000000000000000000, 1.000000000000000000 ) ) ;
#1250 = EDGE_CURVE ( 'NONE', #2106, #307, #1778, .T. ) ;
#1251 =( NAMED_UNIT ( * ) PLANE_ANGLE_UNIT ( ) SI_UNIT ( $, .RADIAN. ) );
#1252 = CARTESIAN_POINT ( 'NONE',  ( 0.01208062187342827387, 0.06590134488655619016, -0.1941951756246678984 ) ) ;
#1253 = VERTEX_POINT ( 'NONE', #314 ) ;
#1254 = MECHANICAL_DESIGN_GEOMETRIC_PRESENTATION_REPRESENTATION (  '', ( #2373 ), #4196 ) ;
#1255 =( NAMED_UNIT ( * ) PLANE_ANGLE_UNIT ( ) SI_UNIT ( $, .RADIAN. ) );
#1256 = DIRECTION ( 'NONE',  ( -0.9544742299142688902, -0.2976542202237386636, -0.01951690581423030230 ) ) ;
#1257 =( LENGTH_UNIT ( ) NAMED_UNIT ( * ) SI_UNIT ( .MILLI., .METRE. ) );
#1258 = VERTEX_POINT ( 'NONE', #3185 ) ;
#1259 = CARTESIAN_POINT ( 'NONE',  ( 0.1244805217859632079, -0.2800000000000000266, 0.08245206481447017732 ) ) ;
#1260 = CARTESIAN_POINT ( 'NONE',  ( 0.05775314023913778738, 0.07999999999999998779, -0.1600000000000000033 ) ) ;
#1261 = CARTESIAN_POINT ( 'NONE',  ( 0.02276966758071962554, -0.1413188070460413281, 0.1480792356707434643 ) ) ;
#1262 = UNCERTAINTY_MEASURE_WITH_UNIT (LENGTH_MEASURE( 1.000000000000000082E-05 ), #8685, 'distance_accuracy_value', 'NONE');
#1263 = MECHANICAL_DESIGN_GEOMETRIC_PRESENTATION_REPRESENTATION (  '', ( #956 ), #3042 ) ;
#1264 = CARTESIAN_POINT ( 'NONE',  ( 0.008277217653604023243, 0.08446493541337594946, 0.1073057284990673044 ) ) ;
#1265 = CARTESIAN_POINT ( 'NONE',  ( -0.1655526671241021874, -0.1700000000000000122, -0.05290356562635827736 ) ) ;
#1266 = CARTESIAN_POINT ( 'NONE',  ( 0.02191315761285178576, -0.08634786290214073456, -0.2127873741749276570 ) ) ;
#1267 = CARTESIAN_POINT ( 'NONE',  ( -0.006773159115303868834, 0.04689492294216365820, 0.02630711363166755509 ) ) ;
#1268 = CARTESIAN_POINT ( 'NONE',  ( 0.03311052091361532668, -0.1830020056570831333, -0.1603477480818468193 ) ) ;
#1269 = CARTESIAN_POINT ( 'NONE',  ( -0.06550295566255305568, -0.03152796863415534973, 0.2134020396005623932 ) ) ;
#1270 = CARTESIAN_POINT ( 'NONE',  ( -0.04153422711857442107, 0.05999058918576647553, -0.1650031540755131643 ) ) ;
#1271 = CARTESIAN_POINT ( 'NONE',  ( -0.2017251974013796190, -0.1700000000000000122, -0.1177992224742518967 ) ) ;
#1272 = FACE_OUTER_BOUND ( 'NONE', #6437, .T. ) ;
#1273 = VECTOR ( 'NONE', #2632, 1000.000000000000114 ) ;
#1274 = DIRECTION ( 'NONE',  ( 0.000000000000000000, 0.000000000000000000, 1.000000000000000000 ) ) ;
#1275 = PRESENTATION_LAYER_ASSIGNMENT (  '', '', ( #584 ) ) ;
#1276 = CARTESIAN_POINT ( 'NONE',  ( 0.002363622258348194085, 0.04689497528720031061, -0.1601021503777157462 ) ) ;
#1277 = CARTESIAN_POINT ( 'NONE',  ( -0.02891883632031909401, -0.2134835733770026611, -0.1333838692268036752 ) ) ;
#1278 = CARTESIAN_POINT ( 'NONE',  ( -0.003190362018013330817, 0.06450548147175257097, -0.1692309148831164511 ) ) ;
#1279 = COLOUR_RGB ( '',1.000000000000000000, 1.000000000000000000, 0.5019607843137254832 ) ;
#1280 = PRESENTATION_STYLE_ASSIGNMENT (( #8047 ) ) ;
#1281 = SURFACE_STYLE_FILL_AREA ( #8481 ) ;
#1282 = VECTOR ( 'NONE', #4601, 1000.000000000000000 ) ;
#1283 = FILL_AREA_STYLE ('',( #1108 ) ) ;
#1284 = CARTESIAN_POINT ( 'NONE',  ( 0.05820991783769672440, 0.06500696229970465145, -0.1599867809615748149 ) ) ;
#1285 = CARTESIAN_POINT ( 'NONE',  ( 0.05771061989657728930, 0.08151548931438569456, 0.1338605640702588695 ) ) ;
#1286 = AXIS2_PLACEMENT_3D ( 'NONE', #6118, #2565, #1836 ) ;
#1287 = CARTESIAN_POINT ( 'NONE',  ( 0.04998922983197386788, 0.06551146314513617286, -0.05967207563598558168 ) ) ;
#1288 = CARTESIAN_POINT ( 'NONE',  ( -0.04359035616533349367, 0.1135140822534379812, -0.1600361679550032501 ) ) ;
#1289 = ORIENTED_EDGE ( 'NONE', *, *, #6166, .F. ) ;
#1290 = DIRECTION ( 'NONE',  ( -0.9682695751988397159, -0.02530651433573688838, 0.2486234302643932359 ) ) ;
#1291 = EDGE_CURVE ( 'NONE', #4875, #2243, #9170, .T. ) ;
#1292 = DIRECTION ( 'NONE',  ( -0.02615162913723788340, 0.9996579830122664934, -9.640184560099837596E-05 ) ) ;
#1293 = CARTESIAN_POINT ( 'NONE',  ( 0.002266917901683574398, 0.04139243589432348158, -0.1472126888247425047 ) ) ;
#1294 = CARTESIAN_POINT ( 'NONE',  ( 0.03099784915577624006, 0.05582460189391248717, -0.1595166432032888437 ) ) ;
#1295 = CARTESIAN_POINT ( 'NONE',  ( 0.004359783777142589752, -0.1770022647352252065, -0.1328260867731301809 ) ) ;
#1296 = CARTESIAN_POINT ( 'NONE',  ( -0.06429290854873367933, -0.1570098000743053723, 0.1465982487281535518 ) ) ;
#1297 = CARTESIAN_POINT ( 'NONE',  ( -0.1727154805785204583, -0.1700000000000000122, -0.1472490126125821919 ) ) ;
#1298 = EDGE_LOOP ( 'NONE', ( #5376, #2462 ) ) ;
#1299 =( GEOMETRIC_REPRESENTATION_CONTEXT ( 3 ) GLOBAL_UNCERTAINTY_ASSIGNED_CONTEXT ( ( #3553 ) ) GLOBAL_UNIT_ASSIGNED_CONTEXT ( ( #5829, #8707, #1420 ) ) REPRESENTATION_CONTEXT ( 'NONE', 'WORKASPACE' ) );
#1300 = DIRECTION ( 'NONE',  ( -0.6478960474732828878, 0.000000000000000000, -0.7617287651575839202 ) ) ;
#1301 = CARTESIAN_POINT ( 'NONE',  ( -0.04522460358324704305, -0.2017227649519346966, 0.1077074098107655281 ) ) ;
#1302 = CARTESIAN_POINT ( 'NONE',  ( -0.07383910806475374455, 0.09903317304229697360, -0.05494534713253924202 ) ) ;
#1303 = VECTOR ( 'NONE', #418, 1000.000000000000000 ) ;
#1304 = CARTESIAN_POINT ( 'NONE',  ( -0.2650000000000000133, 0.1700000000000000122, -0.2000000000000000111 ) ) ;
#1305 = CARTESIAN_POINT ( 'NONE',  ( -0.005621909506417892451, 0.06419701873972112616, -0.1845544613023305247 ) ) ;
#1306 = EDGE_LOOP ( 'NONE', ( #5389, #5811, #5541, #5590, #6578, #1596 ) ) ;
#1307 =( LENGTH_UNIT ( ) NAMED_UNIT ( * ) SI_UNIT ( .MILLI., .METRE. ) );
#1308 = STYLED_ITEM ( 'NONE', ( #6092 ), #324 ) ;
#1309 = CIRCLE ( 'NONE', #7352, 0.01500000000000000985 ) ;
#1310 = CARTESIAN_POINT ( 'NONE',  ( -0.006942765477351306967, -0.1223064179578495919, -0.1595877849603208054 ) ) ;
#1311 = CARTESIAN_POINT ( 'NONE',  ( -0.06548259666340798535, 0.05113395291503869400, -0.1575000000000000289 ) ) ;
#1312 = DIRECTION ( 'NONE',  ( -0.7493687470348626700, 0.000000000000000000, -0.6621529135837129765 ) ) ;
#1313 = EDGE_LOOP ( 'NONE', ( #6704, #4184, #5832, #659, #4211, #1477 ) ) ;
#1314 = VERTEX_POINT ( 'NONE', #227 ) ;
#1315 = CARTESIAN_POINT ( 'NONE',  ( 0.06561048288363054148, 0.1113565750268369764, -0.05255964321304265607 ) ) ;
#1316 = CARTESIAN_POINT ( 'NONE',  ( -0.02151754748105509651, 0.07554193604853857991, 0.1327892651147117298 ) ) ;
#1317 = ORIENTED_EDGE ( 'NONE', *, *, #7197, .T. ) ;
#1318 = CARTESIAN_POINT ( 'NONE',  ( -0.03830758092707468865, 0.08724045140607317173, 0.02752750940696415891 ) ) ;
#1319 = EDGE_CURVE ( 'NONE', #599, #5697, #3586, .T. ) ;
#1320 = LINE ( 'NONE', #3005, #629 ) ;
#1321 = DIRECTION ( 'NONE',  ( -0.9378280814248962649, 0.02858595053343655421, -0.3459209926023541493 ) ) ;
#1322 = VECTOR ( 'NONE', #4178, 1000.000000000000000 ) ;
#1323 = VERTEX_POINT ( 'NONE', #7599 ) ;
#1324 = CARTESIAN_POINT ( 'NONE',  ( 0.001943122174736397478, -0.1238703825727191510, -0.1762741687276841163 ) ) ;
#1325 = CARTESIAN_POINT ( 'NONE',  ( -0.2147773133390572520, -0.1599999999999999756, -0.1519035544740385268 ) ) ;
#1326 = CARTESIAN_POINT ( 'NONE',  ( -0.03860570201244008237, -0.1502483825070371759, 0.1623998817803319339 ) ) ;
#1327 = AXIS2_PLACEMENT_3D ( 'NONE', #8268, #3883, #8952 ) ;
#1328 =( NAMED_UNIT ( * ) PLANE_ANGLE_UNIT ( ) SI_UNIT ( $, .RADIAN. ) );
#1329 = FILL_AREA_STYLE_COLOUR ( '', #6180 ) ;
#1330 = COLOUR_RGB ( '',0.7921568627450980005, 0.8196078431372548767, 0.9333333333333333481 ) ;
#1331 = CIRCLE ( 'NONE', #1951, 0.01500000000000000985 ) ;
#1332 = ORIENTED_EDGE ( 'NONE', *, *, #1695, .T. ) ;
#1333 = ORIENTED_EDGE ( 'NONE', *, *, #2544, .T. ) ;
#1334 = DIRECTION ( 'NONE',  ( -0.8496570271152052989, 0.02589787347911665441, -0.5266993795544201440 ) ) ;
#1335 = CARTESIAN_POINT ( 'NONE',  ( -0.04090336335639098431, 0.04648591774656209846, -0.1599638320449967566 ) ) ;
#1336 = CARTESIAN_POINT ( 'NONE',  ( 0.05405657511183244168, -0.1800042480035775605, -0.1328115040018194304 ) ) ;
#1337 = CARTESIAN_POINT ( 'NONE',  ( 0.02347960624709802616, 0.06635128800092753021, -0.1774292096192256751 ) ) ;
#1338 = AXIS2_PLACEMENT_3D ( 'NONE', #4901, #7874, #6335 ) ;
#1339 = CARTESIAN_POINT ( 'NONE',  ( -0.04622372491601100392, 0.05739538750493969332, 0.1881057732081280742 ) ) ;
#1340 = MECHANICAL_DESIGN_GEOMETRIC_PRESENTATION_REPRESENTATION (  '', ( #7910 ), #9183 ) ;
#1341 = CARTESIAN_POINT ( 'NONE',  ( -0.02954922193844792752, -0.2134793279277908129, -0.1600533753912608270 ) ) ;
#1342 = VERTEX_POINT ( 'NONE', #8980 ) ;
#1343 = EDGE_LOOP ( 'NONE', ( #3852, #6713, #1877, #2485, #8991, #9194, #2298, #4299, #2133 ) ) ;
#1344 = CARTESIAN_POINT ( 'NONE',  ( -0.02575049464726116705, 0.06187297664687711751, -0.1575000000000000289 ) ) ;
#1345 = DIRECTION ( 'NONE',  ( -0.03046991852340176499, 0.9995356842380251905, 0.000000000000000000 ) ) ;
#1346 = CARTESIAN_POINT ( 'NONE',  ( 0.06480801263504055998, 0.05166073338746193094, 0.05439996602138243154 ) ) ;
#1347 = CARTESIAN_POINT ( 'NONE',  ( 0.05337790590106902128, 0.06520991583130160418, -0.008121500700585744179 ) ) ;
#1348 = CARTESIAN_POINT ( 'NONE',  ( -0.05809114783018897582, 0.1135266205047741339, 0.1109708466314109354 ) ) ;
#1349 = CARTESIAN_POINT ( 'NONE',  ( 0.01891225521023444378, -0.1227761479094068436, 0.1777328277816520308 ) ) ;
#1350 = CARTESIAN_POINT ( 'NONE',  ( 0.08998266897168233358, -0.1500000000000000222, -0.0007208539969983173779 ) ) ;
#1351 = LINE ( 'NONE', #5401, #7552 ) ;
#1352 = ORIENTED_EDGE ( 'NONE', *, *, #2769, .T. ) ;
#1353 = ORIENTED_EDGE ( 'NONE', *, *, #9031, .F. ) ;
#1354 = MECHANICAL_DESIGN_GEOMETRIC_PRESENTATION_REPRESENTATION (  '', ( #7253 ), #1864 ) ;
#1355 = CARTESIAN_POINT ( 'NONE',  ( 0.1058367025873511308, -0.1800000000000000488, 0.01666926602964840035 ) ) ;
#1356 = CARTESIAN_POINT ( 'NONE',  ( -0.005186615136144056420, 0.04110915473220588812, -0.1762706952914081526 ) ) ;
#1357 =( NAMED_UNIT ( * ) SI_UNIT ( $, .STERADIAN. ) SOLID_ANGLE_UNIT ( ) );
#1358 = CARTESIAN_POINT ( 'NONE',  ( -0.09013686613586162355, -0.01205657634275084968, 0.1976010807802103530 ) ) ;
#1359 = CARTESIAN_POINT ( 'NONE',  ( 0.05836284255224575418, 0.05998743853633667356, -0.1599823553555815292 ) ) ;
#1360 = CIRCLE ( 'NONE', #3507, 0.01500000000000002894 ) ;
#1361 = CARTESIAN_POINT ( 'NONE',  ( -0.2231091093434084127, -0.1700000000000000122, -0.1582779960609690673 ) ) ;
#1362 = EDGE_CURVE ( 'NONE', #482, #3550, #7730, .T. ) ;
#1363 = ORIENTED_EDGE ( 'NONE', *, *, #3865, .F. ) ;
#1364 = SURFACE_STYLE_USAGE ( .BOTH. , #5052 ) ;
#1365 = CARTESIAN_POINT ( 'NONE',  ( 0.1150000000000000050, -0.2300000000000000100, -0.2000000000000000666 ) ) ;
#1366 = CARTESIAN_POINT ( 'NONE',  ( -0.04461917553330741609, 0.08724052915325927748, 0.1602714934378702549 ) ) ;
#1367 = EDGE_CURVE ( 'NONE', #4800, #1795, #3129, .T. ) ;
#1368 = DIRECTION ( 'NONE',  ( 0.04805693313322132593, 0.000000000000000000, 0.9988445981121534256 ) ) ;
#1369 = CARTESIAN_POINT ( 'NONE',  ( 0.01713314034538563485, 0.06616106218199369060, -0.1650282645217802102 ) ) ;
#1370 = LINE ( 'NONE', #462, #7008 ) ;
#1371 = DIRECTION ( 'NONE',  ( -0.02615301167375779293, -0.9996579468436915805, -9.639838069358359842E-05 ) ) ;
#1372 = FACE_OUTER_BOUND ( 'NONE', #4205, .T. ) ;
#1373 = DIRECTION ( 'NONE',  ( -0.02052340527576259482, 0.0002562270569695206655, 0.9997893399029529338 ) ) ;
#1374 = UNCERTAINTY_MEASURE_WITH_UNIT (LENGTH_MEASURE( 1.000000000000000082E-05 ), #6294, 'distance_accuracy_value', 'NONE');
#1375 = CARTESIAN_POINT ( 'NONE',  ( 0.07655735818486288091, 0.02400103712875895426, -0.1507833246379816083 ) ) ;
#1376 = CARTESIAN_POINT ( 'NONE',  ( 0.05448503377529694686, 0.06510318553325900037, -0.1089780208059840383 ) ) ;
#1377 = EDGE_CURVE ( 'NONE', #6726, #900, #5305, .T. ) ;
#1378 = CARTESIAN_POINT ( 'NONE',  ( 0.1150000000000000050, -0.1200000000000000094, -0.2000000000000000666 ) ) ;
#1379 = CARTESIAN_POINT ( 'NONE',  ( 0.05716764051093140703, 0.08150871852634393455, 0.1603067086836617861 ) ) ;
#1380 = SURFACE_STYLE_FILL_AREA ( #3554 ) ;
#1381 = CARTESIAN_POINT ( 'NONE',  ( 0.05458937524939083685, 0.06509293135676554043, -0.1092821397597932426 ) ) ;
#1382 = CARTESIAN_POINT ( 'NONE',  ( -0.02559324032509149860, 0.06096682716242207006, 0.05500985068603686523 ) ) ;
#1383 = B_SPLINE_CURVE_WITH_KNOTS ( 'NONE', 3,
 ( #7334, #3583, #8009, #5783, #2910, #5843, #693, #9475 ),
 .UNSPECIFIED., .F., .F.,
 ( 4, 2, 2, 4 ),
 ( 0.1224153570411147529, 0.1666656434494600547, 0.1887940325006644271, 0.2109176686151477131 ),
 .UNSPECIFIED. ) ;
#1384 = STYLED_ITEM ( 'NONE', ( #4778 ), #1844 ) ;
#1385 =( NAMED_UNIT ( * ) SI_UNIT ( $, .STERADIAN. ) SOLID_ANGLE_UNIT ( ) );
#1386 = CARTESIAN_POINT ( 'NONE',  ( 0.04584867864616552074, 0.04864353432364824925, -0.1602363355014044255 ) ) ;
#1387 = CARTESIAN_POINT ( 'NONE',  ( -0.01841810677207893904, -0.1799999999999999378, 0.1599999999999999478 ) ) ;
#1388 = SURFACE_STYLE_USAGE ( .BOTH. , #9403 ) ;
#1389 = CIRCLE ( 'NONE', #2127, 0.01499999999999999598 ) ;
#1390 = DIRECTION ( 'NONE',  ( -0.000000000000000000, 1.000000000000000000, -0.000000000000000000 ) ) ;
#1391 = CARTESIAN_POINT ( 'NONE',  ( -0.03888031455147173548, -0.1607450170962140545, 0.1623988695755267941 ) ) ;
#1392 = CARTESIAN_POINT ( 'NONE',  ( 0.02707834823998813908, -0.2800000000000000266, 0.1070825106204835592 ) ) ;
#1393 = CARTESIAN_POINT ( 'NONE',  ( -0.1017636297402409601, -0.1961590808291256427, 0.05469683525704768096 ) ) ;
#1394 = MECHANICAL_DESIGN_GEOMETRIC_PRESENTATION_REPRESENTATION (  '', ( #1913 ), #4662 ) ;
#1395 = FACE_OUTER_BOUND ( 'NONE', #9345, .T. ) ;
#1396 = CARTESIAN_POINT ( 'NONE',  ( -0.08983026888629133677, -0.1799999999999998546, -0.04204236359722136884 ) ) ;
#1397 = AXIS2_PLACEMENT_3D ( 'NONE', #8966, #6106, #919 ) ;
#1398 = CARTESIAN_POINT ( 'NONE',  ( -0.1226720531771727241, -0.1739443014778757901, -0.07898615224064993445 ) ) ;
#1399 = EDGE_LOOP ( 'NONE', ( #5467, #2404, #6874, #6489, #4516, #8650 ) ) ;
#1400 = CARTESIAN_POINT ( 'NONE',  ( -0.04004714622731387480, 0.08724043042291151906, 0.05411908608107289520 ) ) ;
#1401 = DIRECTION ( 'NONE',  ( -0.9947208096316116910, -0.1005714301589786391, -0.02039358530539940248 ) ) ;
#1402 = CARTESIAN_POINT ( 'NONE',  ( -0.001653360100437788064, 0.04689498662161671605, -0.05360542268861757248 ) ) ;
#1403 = EDGE_CURVE ( 'NONE', #2124, #9398, #234, .T. ) ;
#1404 = CARTESIAN_POINT ( 'NONE',  ( -0.04066508880182995861, 0.05915268293128794069, -0.1950880025614974700 ) ) ;
#1405 = CARTESIAN_POINT ( 'NONE',  ( -0.04474264559673851033, -0.1741217486853661178, -0.1328600348769796713 ) ) ;
#1406 = LINE ( 'NONE', #266, #5978 ) ;
#1407 = ORIENTED_EDGE ( 'NONE', *, *, #435, .T. ) ;
#1408 = CARTESIAN_POINT ( 'NONE',  ( -0.01331246135426633267, 0.02441517609070101638, -0.1595842188527249461 ) ) ;
#1409 = DIRECTION ( 'NONE',  ( 0.02615073541497720325, 0.9996580110404036379, 2.070525407828582941E-18 ) ) ;
#1410 = CARTESIAN_POINT ( 'NONE',  ( 0.08090683349095786903, -0.1596501983536279812, -0.2107090394045425252 ) ) ;
#1411 = CARTESIAN_POINT ( 'NONE',  ( 0.05461363252952779884, 0.06509054144515676044, -0.1093310933736756363 ) ) ;
#1412 = CARTESIAN_POINT ( 'NONE',  ( 0.07741013768030087505, -0.03100753393674132025, -0.1807461741290302959 ) ) ;
#1413 = CARTESIAN_POINT ( 'NONE',  ( 0.04283232809466361313, 0.07849142854761528842, -0.1603059037795810104 ) ) ;
#1414 = AXIS2_PLACEMENT_3D ( 'NONE', #1057, #8290, #6803 ) ;
#1415 = CARTESIAN_POINT ( 'NONE',  ( 0.05492631680798979593, 0.06505955195610788055, -0.1090976100677452515 ) ) ;
#1416 = CARTESIAN_POINT ( 'NONE',  ( 0.04544787058728585322, -0.08708183211207425056, 0.2119225163263919742 ) ) ;
#1417 =( LENGTH_UNIT ( ) NAMED_UNIT ( * ) SI_UNIT ( .MILLI., .METRE. ) );
#1418 = LINE ( 'NONE', #120, #7841 ) ;
#1419 = ORIENTED_EDGE ( 'NONE', *, *, #2507, .F. ) ;
#1420 =( NAMED_UNIT ( * ) SI_UNIT ( $, .STERADIAN. ) SOLID_ANGLE_UNIT ( ) );
#1421 = EDGE_CURVE ( 'NONE', #4673, #1824, #5755, .T. ) ;
#1422 = CARTESIAN_POINT ( 'NONE',  ( 0.1655526671241021597, -0.1700000000000000955, 0.05290356562635827736 ) ) ;
#1423 = CARTESIAN_POINT ( 'NONE',  ( 0.01289463137290461706, 0.08446487201132911460, 0.02760257471332332180 ) ) ;
#1424 = DIRECTION ( 'NONE',  ( 0.9993255101729127121, 0.03046351156190880982, 0.02050607668387986748 ) ) ;
#1425 = CARTESIAN_POINT ( 'NONE',  ( 0.03311052091361532668, -0.1830020056570831333, -0.1603477480818468193 ) ) ;
#1426 = PRESENTATION_STYLE_ASSIGNMENT (( #5352 ) ) ;
#1427 = AXIS2_PLACEMENT_3D ( 'NONE', #703, #6570, #5800 ) ;
#1428 = ORIENTED_EDGE ( 'NONE', *, *, #6577, .F. ) ;
#1429 = ORIENTED_EDGE ( 'NONE', *, *, #4848, .T. ) ;
#1430 = EDGE_LOOP ( 'NONE', ( #6827, #2663, #382, #253, #5795, #2568 ) ) ;
#1431 = UNCERTAINTY_MEASURE_WITH_UNIT (LENGTH_MEASURE( 1.000000000000000082E-05 ), #7646, 'distance_accuracy_value', 'NONE');
#1432 = PRESENTATION_LAYER_ASSIGNMENT (  '', '', ( #5969 ) ) ;
#1433 =( NAMED_UNIT ( * ) PLANE_ANGLE_UNIT ( ) SI_UNIT ( $, .RADIAN. ) );
#1434 = CARTESIAN_POINT ( 'NONE',  ( 0.03099784915577624006, 0.05582460189391248717, -0.1595166432032888437 ) ) ;
#1435 = SURFACE_SIDE_STYLE ('',( #2775 ) ) ;
#1436 = CARTESIAN_POINT ( 'NONE',  ( -0.02911274646542583167, 0.08724039871988237271, -0.1597322420500395523 ) ) ;
#1437 = CARTESIAN_POINT ( 'NONE',  ( -0.05184640278434354127, -0.01390998239999764567, -0.1734383760420361853 ) ) ;
#1438 = TOROIDAL_SURFACE ( 'NONE', #1100, 0.02002185467385547354, 0.01499999999999999598 ) ;
#1439 = B_SPLINE_CURVE_WITH_KNOTS ( 'NONE', 3,
 ( #6946, #5423, #9122, #2521, #236, #4691 ),
 .UNSPECIFIED., .F., .F.,
 ( 4, 2, 4 ),
 ( 0.9557658224638853062, 0.9778824883449259708, 1.000000000000000000 ),
 .UNSPECIFIED. ) ;
#1440 = FACE_OUTER_BOUND ( 'NONE', #7941, .T. ) ;
#1441 = CARTESIAN_POINT ( 'NONE',  ( -0.05470921896246534050, 0.05958898276749546863, -0.1734383764625825608 ) ) ;
#1442 = ORIENTED_EDGE ( 'NONE', *, *, #3236, .F. ) ;
#1443 = ORIENTED_EDGE ( 'NONE', *, *, #6318, .F. ) ;
#1444 = ORIENTED_EDGE ( 'NONE', *, *, #2949, .T. ) ;
#1445 = COLOUR_RGB ( '',1.000000000000000000, 1.000000000000000000, 0.5019607843137254832 ) ;
#1446 = CARTESIAN_POINT ( 'NONE',  ( -0.06414256393805957412, -0.03283347537935408372, -0.2004157735357628978 ) ) ;
#1447 = CARTESIAN_POINT ( 'NONE',  ( 0.2231091093434084682, -0.1700000000000000122, 0.1582779960609690673 ) ) ;
#1448 = CARTESIAN_POINT ( 'NONE',  ( 0.08130777291573872134, -0.08594223098482420276, -0.1507833400485351361 ) ) ;
#1449 = CARTESIAN_POINT ( 'NONE',  ( 0.05465584381772091438, 0.06508637781909387687, -0.1093969749836251615 ) ) ;
#1450 = CARTESIAN_POINT ( 'NONE',  ( 0.07374769275694223469, 0.06045648562431840678, -0.1807461820484851378 ) ) ;
#1451 = CARTESIAN_POINT ( 'NONE',  ( -0.1237796388041194351, -0.1806949510154453042, -0.08118003440755547362 ) ) ;
#1452 = CARTESIAN_POINT ( 'NONE',  ( 0.05470664501148736480, 0.06508135817062128681, -0.1094388463116271748 ) ) ;
#1453 = CARTESIAN_POINT ( 'NONE',  ( 0.008362842552245728853, 0.05998743853633663886, -0.1599823553555815014 ) ) ;
#1454 = CARTESIAN_POINT ( 'NONE',  ( 0.06001733102831773720, -0.1500000000000000222, 0.0007208539969983218231 ) ) ;
#1455 = DIRECTION ( 'NONE',  ( -0.02615301167375811559, -0.9996579468436914695, -9.639838070536060899E-05 ) ) ;
#1456 = CARTESIAN_POINT ( 'NONE',  ( -0.01997144315572450465, -0.1231883715306884702, 0.1466632915174823359 ) ) ;
#1457 = SURFACE_STYLE_USAGE ( .BOTH. , #4340 ) ;
#1458 = DIRECTION ( 'NONE',  ( -0.02615301167375805313, -0.9996579468436914695, -9.639838070798351088E-05 ) ) ;
#1459 = LINE ( 'NONE', #133, #5362 ) ;
#1460 =( GEOMETRIC_REPRESENTATION_CONTEXT ( 3 ) GLOBAL_UNCERTAINTY_ASSIGNED_CONTEXT ( ( #9165 ) ) GLOBAL_UNIT_ASSIGNED_CONTEXT ( ( #199, #936, #6059 ) ) REPRESENTATION_CONTEXT ( 'NONE', 'WORKASPACE' ) );
#1461 = SURFACE_STYLE_USAGE ( .BOTH. , #706 ) ;
#1462 = CARTESIAN_POINT ( 'NONE',  ( -0.01568352880647135017, 0.07553508554169061084, 0.02571827680933060079 ) ) ;
#1463 =( LENGTH_UNIT ( ) NAMED_UNIT ( * ) SI_UNIT ( .MILLI., .METRE. ) );
#1464 = VERTEX_POINT ( 'NONE', #6282 ) ;
#1465 = ORIENTED_EDGE ( 'NONE', *, *, #564, .T. ) ;
#1466 = PRESENTATION_LAYER_ASSIGNMENT (  '', '', ( #2804 ) ) ;
#1467 = CARTESIAN_POINT ( 'NONE',  ( 0.06652949777769212591, 0.05166075437463350101, 0.02783765417702608116 ) ) ;
#1468 = CARTESIAN_POINT ( 'NONE',  ( -0.09780175292888063088, -0.1961590676026912228, 0.1606970457255678386 ) ) ;
#1469 = CARTESIAN_POINT ( 'NONE',  ( -0.1149999999999999911, -0.1700000000000000122, -0.2000000000000000666 ) ) ;
#1470 = CARTESIAN_POINT ( 'NONE',  ( -0.03044264125108054470, 0.1041820975962990115, 0.1324630377675732329 ) ) ;
#1471 = CARTESIAN_POINT ( 'NONE',  ( 0.03210900769069089528, 0.04864350951518011529, 0.1060647230754792752 ) ) ;
#1472 = SURFACE_STYLE_FILL_AREA ( #6131 ) ;
#1473 = DIRECTION ( 'NONE',  ( -0.02052340527576413873, 0.0002562270569816748971, 0.9997893399029527117 ) ) ;
#1474 = ORIENTED_EDGE ( 'NONE', *, *, #5224, .T. ) ;
#1475 = DIRECTION ( 'NONE',  ( -0.9881728765356639910, 0.02586711497997949694, -0.1511464800842014788 ) ) ;
#1476 = STYLED_ITEM ( 'NONE', ( #3124 ), #6928 ) ;
#1477 = ORIENTED_EDGE ( 'NONE', *, *, #3692, .F. ) ;
#1478 = CARTESIAN_POINT ( 'NONE',  ( -0.04862626995949131947, -0.08724005733912827687, -0.1734383924563743795 ) ) ;
#1479 = CARTESIAN_POINT ( 'NONE',  ( 0.07374769275694223469, 0.06045648562431841372, -0.1807461820484851378 ) ) ;
#1480 = ORIENTED_EDGE ( 'NONE', *, *, #9085, .T. ) ;
#1481 = CARTESIAN_POINT ( 'NONE',  ( 0.05775314023913778738, 0.07999999999999998779, -0.1600000000000000033 ) ) ;
#1482 = DIRECTION ( 'NONE',  ( 0.9993792147296974848, -0.02614344219221960072, -0.02361579125490281816 ) ) ;
#1483 = EDGE_CURVE ( 'NONE', #9097, #1954, #5071, .T. ) ;
#1484 = CARTESIAN_POINT ( 'NONE',  ( 0.05474606974566413597, 0.06507745605175178916, -0.1094406685747991853 ) ) ;
#1485 = CARTESIAN_POINT ( 'NONE',  ( 0.08998266897168233358, -0.1800000000000000488, -0.0007208539969983174863 ) ) ;
#1486 = CARTESIAN_POINT ( 'NONE',  ( 0.05342213485019592367, -0.2099999759753657658, -0.1596503321639455297 ) ) ;
#1487 = CIRCLE ( 'NONE', #2045, 0.01499999999999999771 ) ;
#1488 = CARTESIAN_POINT ( 'NONE',  ( -0.04163715744775425831, 0.05998743853633690948, -0.1599823553555817512 ) ) ;
#1489 = CARTESIAN_POINT ( 'NONE',  ( -0.03152323437381474025, 0.02217556418026029458, 0.1623989882032935983 ) ) ;
#1490 = CARTESIAN_POINT ( 'NONE',  ( 0.2017251974013795635, -0.1550000000000001377, 0.1177992224742518967 ) ) ;
#1491 = CARTESIAN_POINT ( 'NONE',  ( -0.01909359012575353315, -0.1596478807837577174, -0.1865616231805697356 ) ) ;
#1492 = CARTESIAN_POINT ( 'NONE',  ( 0.0001198256963017128607, 0.06488173211613811053, 0.1917800263494006396 ) ) ;
#1493 = TOROIDAL_SURFACE ( 'NONE', #342, 0.02002185467385525844, 0.01499999999999999598 ) ;
#1494 = CARTESIAN_POINT ( 'NONE',  ( 0.03674558562514866622, 0.04864344616665897819, 0.02588383246284679112 ) ) ;
#1495 = CARTESIAN_POINT ( 'NONE',  ( 0.2650000000000000133, 0.05999999999999999778, -0.2000000000000000111 ) ) ;
#1496 = EDGE_CURVE ( 'NONE', #2106, #8448, #7722, .T. ) ;
#1497 =( NAMED_UNIT ( * ) SI_UNIT ( $, .STERADIAN. ) SOLID_ANGLE_UNIT ( ) );
#1498 = CARTESIAN_POINT ( 'NONE',  ( 0.04584867864616552074, 0.04864353432364824925, -0.1602363355014044255 ) ) ;
#1499 = CARTESIAN_POINT ( 'NONE',  ( -0.06627140969980210849, 0.07275948528167891505, 0.05249772287053580677 ) ) ;
#1500 =( BOUNDED_SURFACE ( )  B_SPLINE_SURFACE ( 3, 3, ( 
 ( #2814, #7266, #4352, #5812, #1437, #719, #2219, #2940 ),
 ( #8067, #3006, #756, #8126, #2289, #5974, #3708, #7427 ),
 ( #3104, #890, #92, #8159, #24, #8846, #4410, #5147 ),
 ( #5251, #3773, #3742, #1539, #8189, #6625, #5912, #2316 ),
 ( #851, #5943, #4544, #2344, #8098, #7389, #4474, #7459 ),
 ( #5282, #3035, #4442, #3071, #5211, #2379, #816, #8882 ),
 ( #1578, #5877, #6694, #5181, #8815, #4506, #150, #6658 ) ),
 .UNSPECIFIED., .T., .F., .F. ) 
 B_SPLINE_SURFACE_WITH_KNOTS ( ( 4, 3, 4 ),
 ( 4, 2, 2, 4 ),
 ( 0.000000000000000000, 0.5000000000000000000, 1.000000000000000000 ),
 ( 0.7195829134847867570, 0.7499909750257768293, 0.7651954247257339858, 0.7803995624815461829 ),
 .UNSPECIFIED. ) 
 GEOMETRIC_REPRESENTATION_ITEM ( )  RATIONAL_B_SPLINE_SURFACE ( (
 ( 1.000000000000000000, 1.000000000000000000, 1.000000000000000000, 1.000000000000000000, 1.000000000000000000, 1.000000000000000000, 1.000000000000000000, 1.000000000000000000),
 ( 0.3333333333333333703, 0.3333333333333333703, 0.3333333333333333703, 0.3333333333333333703, 0.3333333333333333703, 0.3333333333333333703, 0.3333333333333333703, 0.3333333333333333703),
 ( 0.3333333333333333703, 0.3333333333333333703, 0.3333333333333333703, 0.3333333333333333703, 0.3333333333333333703, 0.3333333333333333703, 0.3333333333333333703, 0.3333333333333333703),
 ( 1.000000000000000000, 1.000000000000000000, 1.000000000000000000, 1.000000000000000000, 1.000000000000000000, 1.000000000000000000, 1.000000000000000000, 1.000000000000000000),
 ( 0.3333333333333333703, 0.3333333333333333703, 0.3333333333333333703, 0.3333333333333333703, 0.3333333333333333703, 0.3333333333333333703, 0.3333333333333333703, 0.3333333333333333703),
 ( 0.3333333333333333703, 0.3333333333333333703, 0.3333333333333333703, 0.3333333333333333703, 0.3333333333333333703, 0.3333333333333333703, 0.3333333333333333703, 0.3333333333333333703),
 ( 1.000000000000000000, 1.000000000000000000, 1.000000000000000000, 1.000000000000000000, 1.000000000000000000, 1.000000000000000000, 1.000000000000000000, 1.000000000000000000) ) ) 
 REPRESENTATION_ITEM ( '' )  SURFACE ( )  );
#1501 = STYLED_ITEM ( 'NONE', ( #1280 ), #146 ) ;
#1502 = CARTESIAN_POINT ( 'NONE',  ( 0.1525014675670199049, -0.1550000000000000266, 0.1230518830271274400 ) ) ;
#1503 = DIRECTION ( 'NONE',  ( -1.000000000000000000, 0.000000000000000000, 0.000000000000000000 ) ) ;
#1504 = CARTESIAN_POINT ( 'NONE',  ( 0.04529042083059239138, 0.05958890970446145685, -0.1492909601205910930 ) ) ;
#1505 = B_SPLINE_CURVE_WITH_KNOTS ( 'NONE', 3,
 ( #4752, #7679, #2577, #977, #5399, #1753, #1010, #1782 ),
 .UNSPECIFIED., .F., .F.,
 ( 4, 2, 2, 4 ),
 ( 0.2890988593904340043, 0.3333330976862661776, 0.3554506181633211304, 0.3775673580739546398 ),
 .UNSPECIFIED. ) ;
#1506 = LINE ( 'NONE', #7728, #6914 ) ;
#1507 = CARTESIAN_POINT ( 'NONE',  ( -0.04606180202745432939, -0.1603521192162432607, -0.1734383768194297792 ) ) ;
#1508 = DIRECTION ( 'NONE',  ( 0.9993792147296975958, -0.02614344219221959378, -0.02361579125490145467 ) ) ;
#1509 = DIRECTION ( 'NONE',  ( -0.02362802936328045264, -0.0001592579951470475812, -0.9997208064581327713 ) ) ;
#1510 = CARTESIAN_POINT ( 'NONE',  ( 0.05457875369994356907, 0.06509397684413988083, -0.1092569838997971415 ) ) ;
#1511 = EDGE_CURVE ( 'NONE', #5135, #5374, #3364, .T. ) ;
#1512 = DIRECTION ( 'NONE',  ( -0.9947187166712730955, -0.1005812350896081869, -0.02044724557745129095 ) ) ;
#1513 = CARTESIAN_POINT ( 'NONE',  ( -0.1179510200773703915, -0.1949925203155282172, -0.06228244775007487494 ) ) ;
#1514 = CARTESIAN_POINT ( 'NONE',  ( 0.2415971205140184652, 0.07078765774638730301, -0.2000000000000000111 ) ) ;
#1515 = CARTESIAN_POINT ( 'NONE',  ( -0.1986224171725970711, 0.05749131291816581696, 0.2000000000000000111 ) ) ;
#1516 = CARTESIAN_POINT ( 'NONE',  ( 0.04334545918456631647, -0.1419993445861998105, 0.2119242992749064691 ) ) ;
#1517 = CIRCLE ( 'NONE', #8518, 0.01500000000000000465 ) ;
#1518 = PRESENTATION_LAYER_ASSIGNMENT (  '', '', ( #7595 ) ) ;
#1519 = PRESENTATION_STYLE_ASSIGNMENT (( #6336 ) ) ;
#1520 = AXIS2_PLACEMENT_3D ( 'NONE', #3344, #7001, #3370 ) ;
#1521 = CARTESIAN_POINT ( 'NONE',  ( -0.1237230528029565346, -0.1814658766932313871, -0.08107380808645020531 ) ) ;
#1522 = CARTESIAN_POINT ( 'NONE',  ( -0.04669513410276944498, 0.03773728313358827580, 0.1879005454501715966 ) ) ;
#1523 = CARTESIAN_POINT ( 'NONE',  ( 0.006563881463434945510, 0.08446495496867284514, 0.1602950706623608168 ) ) ;
#1524 =( NAMED_UNIT ( * ) SI_UNIT ( $, .STERADIAN. ) SOLID_ANGLE_UNIT ( ) );
#1525 = CARTESIAN_POINT ( 'NONE',  ( -0.1986224171725970711, 0.05749131291816581696, 0.2000000000000000111 ) ) ;
#1526 = CARTESIAN_POINT ( 'NONE',  ( 0.006412875911727603309, 0.06548520968737990555, 0.1810613677599413884 ) ) ;
#1527 = VECTOR ( 'NONE', #6530, 1000.000000000000000 ) ;
#1528 = CARTESIAN_POINT ( 'NONE',  ( -0.07279225769380755218, 0.02384145569598937128, 0.1720995550641016836 ) ) ;
#1529 = CARTESIAN_POINT ( 'NONE',  ( -0.07710654297899700860, -0.2132089508571229641, 0.05354050567630755375 ) ) ;
#1530 = VERTEX_POINT ( 'NONE', #3617 ) ;
#1531 = CARTESIAN_POINT ( 'NONE',  ( 0.03900692187856252824, -0.2124035727209253321, 0.1062678972846845676 ) ) ;
#1532 = AXIS2_PLACEMENT_3D ( 'NONE', #2082, #5718, #7207 ) ;
#1533 = CARTESIAN_POINT ( 'NONE',  ( 0.05836284255224575418, 0.05998743853633667356, -0.1599823553555815292 ) ) ;
#1534 =( GEOMETRIC_REPRESENTATION_CONTEXT ( 3 ) GLOBAL_UNCERTAINTY_ASSIGNED_CONTEXT ( ( #9058 ) ) GLOBAL_UNIT_ASSIGNED_CONTEXT ( ( #2259, #6596, #8105 ) ) REPRESENTATION_CONTEXT ( 'NONE', 'WORKASPACE' ) );
#1535 = CARTESIAN_POINT ( 'NONE',  ( 0.02180500106407205416, 0.05582470941180216195, 0.02819141153566027264 ) ) ;
#1536 = DIRECTION ( 'NONE',  ( -1.000000000000000000, 0.000000000000000000, 0.000000000000000000 ) ) ;
#1537 = CARTESIAN_POINT ( 'NONE',  ( 0.1209235255321850638, -0.1698338979842799745, 0.07495077306659808647 ) ) ;
#1538 = COLOUR_RGB ( '',1.000000000000000000, 1.000000000000000000, 0.5019607843137254832 ) ;
#1539 = CARTESIAN_POINT ( 'NONE',  ( -0.02408056380045869860, -0.03107321858625704952, -0.1865616156129960568 ) ) ;
#1540 = DIRECTION ( 'NONE',  ( -0.000000000000000000, 1.000000000000000000, -0.000000000000000000 ) ) ;
#1541 = EDGE_CURVE ( 'NONE', #2114, #9097, #2109, .T. ) ;
#1542 = CARTESIAN_POINT ( 'NONE',  ( 0.06001733102831773720, -0.1800000000000000488, 0.0007208539969983217147 ) ) ;
#1543 = VERTEX_POINT ( 'NONE', #6222 ) ;
#1544 = CARTESIAN_POINT ( 'NONE',  ( -0.03014102942454478448, 0.06096698939709645215, 0.1605619997797164134 ) ) ;
#1545 = ADVANCED_FACE ( 'NONE', ( #4837 ), #3121, .T. ) ;
#1546 = FACE_OUTER_BOUND ( 'NONE', #2977, .T. ) ;
#1547 = CARTESIAN_POINT ( 'NONE',  ( -0.04701725506040087960, -0.1238308671010242140, -0.1734418981614820054 ) ) ;
#1548 = CARTESIAN_POINT ( 'NONE',  ( 0.05243226404536605045, 0.06529673602681292099, -0.1629861716543719030 ) ) ;
#1549 = CARTESIAN_POINT ( 'NONE',  ( 0.05317149098954745273, -0.01400888410304170460, 0.1822671883759724165 ) ) ;
#1550 = FILL_AREA_STYLE ('',( #127 ) ) ;
#1551 = VERTEX_POINT ( 'NONE', #1404 ) ;
#1552 = DIRECTION ( 'NONE',  ( -0.02052340527576413873, 0.0002562270569816748971, 0.9997893399029527117 ) ) ;
#1553 = ADVANCED_FACE ( 'NONE', ( #4608 ), #4355, .F. ) ;
#1554 = AXIS2_PLACEMENT_3D ( 'NONE', #5496, #5583, #7741 ) ;
#1555 = CARTESIAN_POINT ( 'NONE',  ( 0.03440986775352493365, -0.03069963764001210765, -0.1546713374592306733 ) ) ;
#1556 = DIRECTION ( 'NONE',  ( -0.000000000000000000, -0.000000000000000000, 1.000000000000000000 ) ) ;
#1557 = CARTESIAN_POINT ( 'NONE',  ( 0.1150000000000021699, 0.05382126585984049055, -0.1999999999999999833 ) ) ;
#1558 = CARTESIAN_POINT ( 'NONE',  ( 0.08404100612610818088, -0.1500042461533030724, -0.1338266485135868322 ) ) ;
#1559 = ADVANCED_FACE ( 'NONE', ( #5637 ), #1179, .T. ) ;
#1560 = DIRECTION ( 'NONE',  ( -0.03046997120607363232, 0.9995356826287380425, 2.569782767650185671E-06 ) ) ;
#1561 = FACE_OUTER_BOUND ( 'NONE', #6837, .T. ) ;
#1562 = FILL_AREA_STYLE ('',( #4523 ) ) ;
#1563 = EDGE_CURVE ( 'NONE', #5080, #7844, #362, .T. ) ;
#1564 = DIRECTION ( 'NONE',  ( 0.000000000000000000, 0.000000000000000000, 1.000000000000000000 ) ) ;
#1565 = VERTEX_POINT ( 'NONE', #722 ) ;
#1566 = ORIENTED_EDGE ( 'NONE', *, *, #6598, .F. ) ;
#1567 =( NAMED_UNIT ( * ) SI_UNIT ( $, .STERADIAN. ) SOLID_ANGLE_UNIT ( ) );
#1568 = UNCERTAINTY_MEASURE_WITH_UNIT (LENGTH_MEASURE( 1.000000000000000082E-05 ), #6319, 'distance_accuracy_value', 'NONE');
#1569 = CARTESIAN_POINT ( 'NONE',  ( 0.06192347944134903026, 0.05166081778601237101, 0.1074898652809770094 ) ) ;
#1570 = CARTESIAN_POINT ( 'NONE',  ( -0.05492046477252222197, 0.05627479341298055604, 0.1654375900018398848 ) ) ;
#1571 = EDGE_CURVE ( 'NONE', #7066, #2911, #5977, .T. ) ;
#1572 = VERTEX_POINT ( 'NONE', #3679 ) ;
#1573 = ORIENTED_EDGE ( 'NONE', *, *, #3456, .T. ) ;
#1574 =( GEOMETRIC_REPRESENTATION_CONTEXT ( 3 ) GLOBAL_UNCERTAINTY_ASSIGNED_CONTEXT ( ( #476 ) ) GLOBAL_UNIT_ASSIGNED_CONTEXT ( ( #7719, #8379, #9102 ) ) REPRESENTATION_CONTEXT ( 'NONE', 'WORKASPACE' ) );
#1575 = SURFACE_STYLE_USAGE ( .BOTH. , #3099 ) ;
#1576 = CARTESIAN_POINT ( 'NONE',  ( -0.03830758092707468865, 0.08724045140607317173, 0.02752750940696415891 ) ) ;
#1577 = CARTESIAN_POINT ( 'NONE',  ( 0.1186565012621831339, -0.1674889070933008595, 0.05028563447320065494 ) ) ;
#1578 = CARTESIAN_POINT ( 'NONE',  ( -0.04606180202745432939, -0.1603521192162432607, -0.1734383768194297792 ) ) ;
#1579 = CARTESIAN_POINT ( 'NONE',  ( -0.1212330454626180248, -0.1859594717032644062, -0.04556370613731127589 ) ) ;
#1580 = CARTESIAN_POINT ( 'NONE',  ( -0.04293327318355420058, 0.08724051481300287847, 0.1072416323611428829 ) ) ;
#1581 = FACE_OUTER_BOUND ( 'NONE', #7780, .T. ) ;
#1582 = VERTEX_POINT ( 'NONE', #5056 ) ;
#1583 = ORIENTED_EDGE ( 'NONE', *, *, #6412, .F. ) ;
#1584 = MECHANICAL_DESIGN_GEOMETRIC_PRESENTATION_REPRESENTATION (  '', ( #6177 ), #764 ) ;
#1585 = CARTESIAN_POINT ( 'NONE',  ( -0.06917882806347422364, 0.07275956946719475127, 0.1060121954197597721 ) ) ;
#1586 = CARTESIAN_POINT ( 'NONE',  ( 0.04469794921934266280, 0.06588630165923915760, -0.1722694971787228913 ) ) ;
#1587 = DIRECTION ( 'NONE',  ( -0.9997207864866128890, 1.576297494586496692E-06, 0.02362941099781006374 ) ) ;
#1588 = CARTESIAN_POINT ( 'NONE',  ( 0.05510990446988725533, 0.06504120138668592621, -0.1079151292597953782 ) ) ;
#1589 = FILL_AREA_STYLE ('',( #8235 ) ) ;
#1590 =( NAMED_UNIT ( * ) PLANE_ANGLE_UNIT ( ) SI_UNIT ( $, .RADIAN. ) );
#1591 = CARTESIAN_POINT ( 'NONE',  ( 0.007785934076855757432, -0.08696277876480618119, -0.1472126576673427056 ) ) ;
#1592 = CARTESIAN_POINT ( 'NONE',  ( -0.1149999999999999911, -0.1822224746447238530, -0.04038093602253252368 ) ) ;
#1593 = DIRECTION ( 'NONE',  ( 0.04805693313322132593, 0.000000000000000000, 0.9988445981121534256 ) ) ;
#1594 = CARTESIAN_POINT ( 'NONE',  ( -0.01742230392339596048, -0.1600000000000000311, 0.1799999999999999378 ) ) ;
#1595 = ORIENTED_EDGE ( 'NONE', *, *, #5585, .T. ) ;
#1596 = ORIENTED_EDGE ( 'NONE', *, *, #6454, .T. ) ;
#1597 = CARTESIAN_POINT ( 'NONE',  ( 0.03581637891814706820, 0.1083392668633236799, -0.05435361686202731801 ) ) ;
#1598 = MECHANICAL_DESIGN_GEOMETRIC_PRESENTATION_REPRESENTATION (  '', ( #7796 ), #2080 ) ;
#1599 = CARTESIAN_POINT ( 'NONE',  ( -0.07759558637517972868, -0.08612823792040319448, 0.1720994934069381421 ) ) ;
#1600 = CARTESIAN_POINT ( 'NONE',  ( 0.001531735866627222022, 0.06503432703322027664, 0.1907282192011310884 ) ) ;
#1601 = CARTESIAN_POINT ( 'NONE',  ( 0.06862251717703113374, 0.08150869652257698716, -0.05238083746731506812 ) ) ;
#1602 = FACE_OUTER_BOUND ( 'NONE', #424, .T. ) ;
#1603 = EDGE_LOOP ( 'NONE', ( #3861, #4560, #8511, #3728, #2944, #5218 ) ) ;
#1604 = EDGE_CURVE ( 'NONE', #7531, #269, #705, .T. ) ;
#1605 = ORIENTED_EDGE ( 'NONE', *, *, #2488, .T. ) ;
#1606 = CARTESIAN_POINT ( 'NONE',  ( 0.07157099500306539352, 0.08152233994041113707, -0.1059657400982781938 ) ) ;
#1607 = ADVANCED_FACE ( 'NONE', ( #7927 ), #4850, .F. ) ;
#1608 = CARTESIAN_POINT ( 'NONE',  ( 0.04988206788176324791, -0.08730465724467480204, -0.1792538339553005899 ) ) ;
#1609 = CARTESIAN_POINT ( 'NONE',  ( -0.05450105212953626488, 0.1135140336834009611, 0.05322832147610892517 ) ) ;
#1610 = EDGE_LOOP ( 'NONE', ( #9073, #4508, #4287, #4774 ) ) ;
#1611 = PRESENTATION_LAYER_ASSIGNMENT (  '', '', ( #4602 ) ) ;
#1612 = CARTESIAN_POINT ( 'NONE',  ( 0.05325183841152383857, 0.06522133043596020641, -0.1935827228276969236 ) ) ;
#1613 = FILL_AREA_STYLE_COLOUR ( '', #3828 ) ;
#1614 = CARTESIAN_POINT ( 'NONE',  ( 0.04943940080900096484, 0.06555144131473200630, 0.08050992320392542922 ) ) ;
#1615 = CARTESIAN_POINT ( 'NONE',  ( -0.02151754748105509651, 0.07554193604853857991, 0.1327892651147117298 ) ) ;
#1616 =( NAMED_UNIT ( * ) SI_UNIT ( $, .STERADIAN. ) SOLID_ANGLE_UNIT ( ) );
#1617 = EDGE_CURVE ( 'NONE', #8727, #2856, #6104, .T. ) ;
#1618 = CARTESIAN_POINT ( 'NONE',  ( 0.02352829506468221907, -0.1230477787203245466, -0.2127909033363001856 ) ) ;
#1619 = CARTESIAN_POINT ( 'NONE',  ( 0.2016309254299941678, 0.06798944191067401999, -0.2000000000000000111 ) ) ;
#1620 = CARTESIAN_POINT ( 'NONE',  ( 0.05509770702443633067, -0.2100000261870918206, -0.1060460677537383850 ) ) ;
#1621 = CIRCLE ( 'NONE', #5186, 0.01499999999999998904 ) ;
#1622 =( BOUNDED_SURFACE ( )  B_SPLINE_SURFACE ( 3, 3, ( 
 ( #4521, #2380, #1608, #3105, #3072, #8191, #5150, #59 ),
 ( #152, #6769, #8161, #8225, #2317, #2346, #758, #1504 ),
 ( #2291, #7391, #8128, #6628, #7362, #2973, #8884, #4411 ),
 ( #3711, #5253, #8849, #7492, #8817, #7428, #4475, #94 ),
 ( #4443, #5183, #121, #5213, #7461, #3804, #4545, #5284 ),
 ( #3968, #8323, #3833, #8288, #5310, #8972, #6904, #5410 ),
 ( #4609, #9015, #2504, #9044, #4645, #4576, #6181, #250 ) ),
 .UNSPECIFIED., .T., .F., .F. ) 
 B_SPLINE_SURFACE_WITH_KNOTS ( ( 4, 3, 4 ),
 ( 4, 2, 2, 4 ),
 ( 0.000000000000000000, 0.5000000000000000000, 1.000000000000000000 ),
 ( 0.05291631629125233965, 0.08332439132964528095, 0.09852884505092862621, 0.1137329655242615284 ),
 .UNSPECIFIED. ) 
 GEOMETRIC_REPRESENTATION_ITEM ( )  RATIONAL_B_SPLINE_SURFACE ( (
 ( 1.000000000000000000, 1.000000000000000000, 1.000000000000000000, 1.000000000000000000, 1.000000000000000000, 1.000000000000000000, 1.000000000000000000, 1.000000000000000000),
 ( 0.3333333333333333703, 0.3333333333333333703, 0.3333333333333333703, 0.3333333333333333703, 0.3333333333333333703, 0.3333333333333333703, 0.3333333333333333703, 0.3333333333333333703),
 ( 0.3333333333333333703, 0.3333333333333333703, 0.3333333333333333703, 0.3333333333333333703, 0.3333333333333333703, 0.3333333333333333703, 0.3333333333333333703, 0.3333333333333333703),
 ( 1.000000000000000000, 1.000000000000000000, 1.000000000000000000, 1.000000000000000000, 1.000000000000000000, 1.000000000000000000, 1.000000000000000000, 1.000000000000000000),
 ( 0.3333333333333333703, 0.3333333333333333703, 0.3333333333333333703, 0.3333333333333333703, 0.3333333333333333703, 0.3333333333333333703, 0.3333333333333333703, 0.3333333333333333703),
 ( 0.3333333333333333703, 0.3333333333333333703, 0.3333333333333333703, 0.3333333333333333703, 0.3333333333333333703, 0.3333333333333333703, 0.3333333333333333703, 0.3333333333333333703),
 ( 1.000000000000000000, 1.000000000000000000, 1.000000000000000000, 1.000000000000000000, 1.000000000000000000, 1.000000000000000000, 1.000000000000000000, 1.000000000000000000) ) ) 
 REPRESENTATION_ITEM ( '' )  SURFACE ( )  );
#1623 = AXIS2_PLACEMENT_3D ( 'NONE', #4701, #9067, #3992 ) ;
#1624 = SURFACE_STYLE_USAGE ( .BOTH. , #136 ) ;
#1625 = CARTESIAN_POINT ( 'NONE',  ( -0.06101779060190365422, -0.06845593025453661218, 0.1465979604048991691 ) ) ;
#1626 = DIRECTION ( 'NONE',  ( -0.02052340527576259482, 0.0002562270569695206655, 0.9997893399029529338 ) ) ;
#1627 = CARTESIAN_POINT ( 'NONE',  ( 0.006084410954213519997, 0.06545723201511864653, 0.1751967962384538835 ) ) ;
#1628 = LINE ( 'NONE', #9414, #240 ) ;
#1629 = PRESENTATION_LAYER_ASSIGNMENT (  '', '', ( #8486 ) ) ;
#1630 = CARTESIAN_POINT ( 'NONE',  ( -0.02570527695740475529, -0.01269288039901280037, 0.1748111854397168541 ) ) ;
#1631 = CARTESIAN_POINT ( 'NONE',  ( -0.0006099944394367446841, -0.2063911109368306573, -0.1058216727426067039 ) ) ;
#1632 = UNCERTAINTY_MEASURE_WITH_UNIT (LENGTH_MEASURE( 1.000000000000000082E-05 ), #33, 'distance_accuracy_value', 'NONE');
#1633 = DIRECTION ( 'NONE',  ( 0.000000000000000000, 1.000000000000000000, 0.000000000000000000 ) ) ;
#1634 = CARTESIAN_POINT ( 'NONE',  ( 0.02899074939090677885, 0.1083391823141740123, 0.05222534817079499403 ) ) ;
#1635 =( NAMED_UNIT ( * ) PLANE_ANGLE_UNIT ( ) SI_UNIT ( $, .RADIAN. ) );
#1636 = MECHANICAL_DESIGN_GEOMETRIC_PRESENTATION_REPRESENTATION (  '', ( #1501 ), #3297 ) ;
#1637 = CARTESIAN_POINT ( 'NONE',  ( 0.1278671797069859672, -0.1550000000000000266, 0.03805575324395597814 ) ) ;
#1638 = CIRCLE ( 'NONE', #3242, 0.04500000000000003997 ) ;
#1639 = B_SPLINE_CURVE_WITH_KNOTS ( 'NONE', 3,
 ( #3604, #5102, #5827, #3633 ),
 .UNSPECIFIED., .F., .F.,
 ( 4, 4 ),
 ( 0.000000000000000000, 1.000000000000000000 ),
 .UNSPECIFIED. ) ;
#1640 = CARTESIAN_POINT ( 'NONE',  ( -0.08536525105373064803, 0.09903301060290360669, 0.1594380002202835933 ) ) ;
#1641 = PRESENTATION_STYLE_ASSIGNMENT (( #8427 ) ) ;
#1642 = ORIENTED_EDGE ( 'NONE', *, *, #1050, .T. ) ;
#1643 = CARTESIAN_POINT ( 'NONE',  ( 0.008773220037500379515, 0.06000000000000001166, -0.1799999999999997713 ) ) ;
#1644 = CARTESIAN_POINT ( 'NONE',  ( 0.05483604762049792969, 0.06507317090864550568, -0.1942250719831044303 ) ) ;
#1645 = CARTESIAN_POINT ( 'NONE',  ( 0.05770118494096728584, -0.01421503837305498896, 0.1526118442544417420 ) ) ;
#1646 = VECTOR ( 'NONE', #1989, 1000.000000000000000 ) ;
#1647 = FILL_AREA_STYLE ('',( #8138 ) ) ;
#1648 =( NAMED_UNIT ( * ) PLANE_ANGLE_UNIT ( ) SI_UNIT ( $, .RADIAN. ) );
#1649 = CARTESIAN_POINT ( 'NONE',  ( 0.03098215336968641875, -0.1227650543533660155, -0.1837329050037636857 ) ) ;
#1650 = CARTESIAN_POINT ( 'NONE',  ( 0.1183026054910963076, -0.1945617947990927188, 0.06481081346928961595 ) ) ;
#1651 = VECTOR ( 'NONE', #3939, 1000.000000000000000 ) ;
#1652 = AXIS2_PLACEMENT_3D ( 'NONE', #7115, #5596, #6309 ) ;
#1653 = ADVANCED_FACE ( 'NONE', ( #4033 ), #6012, .F. ) ;
#1654 = CARTESIAN_POINT ( 'NONE',  ( 4.763757880476105065E-06, -0.06892881686731527902, 0.1851888148043358828 ) ) ;
#1655 = CIRCLE ( 'NONE', #5633, 0.03502185241913491343 ) ;
#1656 = AXIS2_PLACEMENT_3D ( 'NONE', #3558, #7301, #5781 ) ;
#1657 = ORIENTED_EDGE ( 'NONE', *, *, #8424, .T. ) ;
#1658 = CARTESIAN_POINT ( 'NONE',  ( 0.04174343265777232664, 0.07850502150267235635, -0.1072625030480235664 ) ) ;
#1659 = VECTOR ( 'NONE', #3304, 1000.000000000000000 ) ;
#1660 = CARTESIAN_POINT ( 'NONE',  ( -0.01056712906464392018, 0.07553514922935447573, -0.05414117792360108317 ) ) ;
#1661 = CARTESIAN_POINT ( 'NONE',  ( 0.1215706202752425968, -0.2300000000000000655, 0.04522770759022987086 ) ) ;
#1662 = CARTESIAN_POINT ( 'NONE',  ( 0.05415068218239384862, 0.1113565830165971771, 0.1602524148963088979 ) ) ;
#1663 = CARTESIAN_POINT ( 'NONE',  ( 0.03107566235005798649, -0.2123950235875937398, -0.05372838473772532930 ) ) ;
#1664 = CARTESIAN_POINT ( 'NONE',  ( -0.0006099944394367446841, -0.2063911109368306573, -0.1058216727426067039 ) ) ;
#1665 = ORIENTED_EDGE ( 'NONE', *, *, #1748, .F. ) ;
#1666 = AXIS2_PLACEMENT_3D ( 'NONE', #8292, #191, #6013 ) ;
#1667 = VECTOR ( 'NONE', #4360, 1000.000000000000000 ) ;
#1668 = CARTESIAN_POINT ( 'NONE',  ( -0.1324539786586064749, -0.2299999999999999545, -0.09439770601777114356 ) ) ;
#1669 = PRESENTATION_LAYER_ASSIGNMENT (  '', '', ( #4050 ) ) ;
#1670 = CARTESIAN_POINT ( 'NONE',  ( 0.03501462215012049461, 0.04864342527200556793, 0.05258687341438896684 ) ) ;
#1671 = CARTESIAN_POINT ( 'NONE',  ( 0.07310954473864908487, 0.06263905003213209033, -0.1753947275540900519 ) ) ;
#1672 = CARTESIAN_POINT ( 'NONE',  ( 0.1210718620247217964, -0.1550000000000000266, 0.04574611991424980956 ) ) ;
#1673 = DIRECTION ( 'NONE',  ( 0.000000000000000000, 0.000000000000000000, 1.000000000000000000 ) ) ;
#1674 = SURFACE_STYLE_FILL_AREA ( #7204 ) ;
#1675 = DIRECTION ( 'NONE',  ( 0.000000000000000000, 1.000000000000000000, 0.000000000000000000 ) ) ;
#1676 =( LENGTH_UNIT ( ) NAMED_UNIT ( * ) SI_UNIT ( .MILLI., .METRE. ) );
#1677 = ORIENTED_EDGE ( 'NONE', *, *, #3826, .F. ) ;
#1678 = ORIENTED_EDGE ( 'NONE', *, *, #8298, .T. ) ;
#1679 = ORIENTED_EDGE ( 'NONE', *, *, #3573, .F. ) ;
#1680 = CARTESIAN_POINT ( 'NONE',  ( 0.1160626654612614550, -0.1600000000000000311, 0.05141510554491868917 ) ) ;
#1681 =( NAMED_UNIT ( * ) PLANE_ANGLE_UNIT ( ) SI_UNIT ( $, .RADIAN. ) );
#1682 = FILL_AREA_STYLE ('',( #12 ) ) ;
#1683 = FILL_AREA_STYLE ('',( #1613 ) ) ;
#1684 = CARTESIAN_POINT ( 'NONE',  ( 0.04892825714993721126, 0.06559105135830174682, 0.09317371819758685225 ) ) ;
#1685 = CARTESIAN_POINT ( 'NONE',  ( 0.006612478297979231326, 0.06550141886842324179, -0.04006646266711358373 ) ) ;
#1686 = DIRECTION ( 'NONE',  ( -0.9947187166712730955, -0.1005812350896081869, -0.02044724557745129095 ) ) ;
#1687 = PLANE ( 'NONE',  #7188 ) ;
#1688 = CARTESIAN_POINT ( 'NONE',  ( 0.08404098694701248040, -0.2100042474186338548, -0.1338234623034245674 ) ) ;
#1689 = ORIENTED_EDGE ( 'NONE', *, *, #1571, .F. ) ;
#1690 = VERTEX_POINT ( 'NONE', #7661 ) ;
#1691 = VERTEX_POINT ( 'NONE', #5471 ) ;
#1692 = CARTESIAN_POINT ( 'NONE',  ( -0.03927697341162659367, -0.08564764504292067537, 0.2029590784956438188 ) ) ;
#1693 = UNCERTAINTY_MEASURE_WITH_UNIT (LENGTH_MEASURE( 1.000000000000000082E-05 ), #126, 'distance_accuracy_value', 'NONE');
#1694 = CARTESIAN_POINT ( 'NONE',  ( 0.02608141810279529169, 0.1083392664942441630, 0.1057715460922218353 ) ) ;
#1695 = EDGE_CURVE ( 'NONE', #3550, #599, #6815, .T. ) ;
#1696 = CARTESIAN_POINT ( 'NONE',  ( -0.07279225769380755218, 0.02384145569598937128, 0.1720995550641016836 ) ) ;
#1697 = LINE ( 'NONE', #6741, #7529 ) ;
#1698 = FILL_AREA_STYLE_COLOUR ( '', #5809 ) ;
#1699 = EDGE_LOOP ( 'NONE', ( #2705, #8174, #7779, #8335, #8252, #3835 ) ) ;
#1700 = CARTESIAN_POINT ( 'NONE',  ( 0.02486340862955106409, 0.1083460577648065332, 0.1326421544052882873 ) ) ;
#1701 = EDGE_CURVE ( 'NONE', #5309, #669, #8500, .T. ) ;
#1702 = TOROIDAL_SURFACE ( 'NONE', #6209, 0.02002113778643654224, 0.01499999999999999598 ) ;
#1703 = FILL_AREA_STYLE_COLOUR ( '', #1741 ) ;
#1704 = CARTESIAN_POINT ( 'NONE',  ( 0.06652949777769212591, 0.05166075437463350101, 0.02783765417702608116 ) ) ;
#1705 = ADVANCED_FACE ( 'NONE', ( #951 ), #5440, .T. ) ;
#1706 = CARTESIAN_POINT ( 'NONE',  ( 0.05771061989657728930, 0.08151548931438569456, 0.1338605640702588695 ) ) ;
#1707 = CARTESIAN_POINT ( 'NONE',  ( 0.02180500106407205416, 0.05582470941180216195, 0.02819141153566027264 ) ) ;
#1708 = ORIENTED_EDGE ( 'NONE', *, *, #825, .F. ) ;
#1709 = ORIENTED_EDGE ( 'NONE', *, *, #6792, .F. ) ;
#1710 = SURFACE_STYLE_USAGE ( .BOTH. , #9042 ) ;
#1711 = B_SPLINE_CURVE_WITH_KNOTS ( 'NONE', 3,
 ( #4271, #5212, #8099, #3552, #8127, #8883, #8816, #757 ),
 .UNSPECIFIED., .F., .F.,
 ( 4, 2, 2, 4 ),
 ( 0.5529334042478109001, 0.5833420381817321365, 0.5985462493099465986, 0.6137500830758146897 ),
 .UNSPECIFIED. ) ;
#1712 = CARTESIAN_POINT ( 'NONE',  ( -0.008209885095429272223, 0.06500696130013454421, 0.1599867833215367907 ) ) ;
#1713 = CARTESIAN_POINT ( 'NONE',  ( -0.04669513410276944498, 0.03773728313358827580, 0.1879005454501715966 ) ) ;
#1714 = EDGE_CURVE ( 'NONE', #5451, #5207, #2931, .T. ) ;
#1715 = TOROIDAL_SURFACE ( 'NONE', #4074, 0.02002113778643676428, 0.01499999999999999598 ) ;
#1716 = ORIENTED_EDGE ( 'NONE', *, *, #2242, .T. ) ;
#1717 = CARTESIAN_POINT ( 'NONE',  ( -0.1149999999999999911, -0.1777775253552758283, -0.04038093602253252368 ) ) ;
#1718 = CARTESIAN_POINT ( 'NONE',  ( -0.08604467737574322816, -0.1714750601623973580, 0.02726104084680526507 ) ) ;
#1719 = CARTESIAN_POINT ( 'NONE',  ( 0.04544787058728585322, -0.08708183211207425056, 0.2119225163263919742 ) ) ;
#1720 = CARTESIAN_POINT ( 'NONE',  ( -0.1149999999999999911, -0.1199999999999999956, 0.1575000000000000011 ) ) ;
#1721 = VERTEX_POINT ( 'NONE', #1801 ) ;
#1722 = CARTESIAN_POINT ( 'NONE',  ( 0.01064909139456900189, 0.06580432328179465495, -0.09993550355904773363 ) ) ;
#1723 = DIRECTION ( 'NONE',  ( -0.8225730715701192741, 0.5683300919489029379, 0.01935067216018016706 ) ) ;
#1724 = DIRECTION ( 'NONE',  ( 0.000000000000000000, 0.000000000000000000, 1.000000000000000000 ) ) ;
#1725 = CARTESIAN_POINT ( 'NONE',  ( -0.01372734830151326434, -0.1600998819889049574, 0.2133367263920830370 ) ) ;
#1726 = CARTESIAN_POINT ( 'NONE',  ( -0.1670089981913065458, 0.05777777251165053252, 0.2000000000000000111 ) ) ;
#1727 = CARTESIAN_POINT ( 'NONE',  ( -0.06309956079619305491, 0.02345018506393498070, 0.2134020852841647109 ) ) ;
#1728 = ORIENTED_EDGE ( 'NONE', *, *, #7505, .F. ) ;
#1729 = AXIS2_PLACEMENT_3D ( 'NONE', #4381, #5179, #2313 ) ;
#1730 = FILL_AREA_STYLE ('',( #4632 ) ) ;
#1731 = CARTESIAN_POINT ( 'NONE',  ( 0.03882841321154756331, 0.07849138835906371847, -0.05417481111629973006 ) ) ;
#1732 = CARTESIAN_POINT ( 'NONE',  ( -0.04386284037477365672, 0.05775395234675232553, 0.1790909031555154018 ) ) ;
#1733 = EDGE_CURVE ( 'NONE', #3138, #6591, #7524, .T. ) ;
#1734 = DIRECTION ( 'NONE',  ( -0.02052558504614403201, -0.0002560480453828502408, 0.9997892952006997014 ) ) ;
#1735 = CARTESIAN_POINT ( 'NONE',  ( 0.02909521289674309522, 0.07849138800471212873, 0.1059181345838505622 ) ) ;
#1736 = CARTESIAN_POINT ( 'NONE',  ( 0.07378352558433703967, 0.06252531860527349439, -0.1803268690288890863 ) ) ;
#1737 = SURFACE_STYLE_USAGE ( .BOTH. , #7589 ) ;
#1738 = CARTESIAN_POINT ( 'NONE',  ( 0.03257769607660405270, -0.1599999999999998368, 0.1800000000000000766 ) ) ;
#1739 = CARTESIAN_POINT ( 'NONE',  ( -0.05211581234927879780, -0.08718367367537752100, 0.1879004750435559756 ) ) ;
#1740 = AXIS2_PLACEMENT_3D ( 'NONE', #594, #1373, #2126 ) ;
#1741 = COLOUR_RGB ( '',0.7529411764705882248, 1.000000000000000000, 1.000000000000000000 ) ;
#1742 =( NAMED_UNIT ( * ) SI_UNIT ( $, .STERADIAN. ) SOLID_ANGLE_UNIT ( ) );
#1743 =( NAMED_UNIT ( * ) PLANE_ANGLE_UNIT ( ) SI_UNIT ( $, .RADIAN. ) );
#1744 = DIRECTION ( 'NONE',  ( 0.7493687470348626700, -0.000000000000000000, 0.6621529135837129765 ) ) ;
#1745 = CARTESIAN_POINT ( 'NONE',  ( -0.1179870007452142600, -0.1651092306620489669, -0.06194126344862666694 ) ) ;
#1746 = CARTESIAN_POINT ( 'NONE',  ( 0.002166058648370089174, 0.06509472360581046446, -0.002595520775623974801 ) ) ;
#1747 = DIRECTION ( 'NONE',  ( 0.000000000000000000, 0.000000000000000000, 1.000000000000000000 ) ) ;
#1748 = EDGE_CURVE ( 'NONE', #1144, #8638, #1223, .T. ) ;
#1749 = PLANE ( 'NONE',  #6305 ) ;
#1750 = CARTESIAN_POINT ( 'NONE',  ( -0.04537642273386433001, -0.1741174803918314196, -0.1596730156438414261 ) ) ;
#1751 = CARTESIAN_POINT ( 'NONE',  ( -0.03432290171633532727, 0.02434944363895433922, 0.2029591855431084613 ) ) ;
#1752 = EDGE_CURVE ( 'NONE', #9249, #4656, #4304, .T. ) ;
#1753 = CARTESIAN_POINT ( 'NONE',  ( 0.03475921152906832207, -0.1830020087317828503, -0.1072308291421391752 ) ) ;
#1754 = CARTESIAN_POINT ( 'NONE',  ( -0.01948089802885005078, 0.1041753118370922632, -0.05467693315858458691 ) ) ;
#1755 = PRESENTATION_LAYER_ASSIGNMENT (  '', '', ( #7939 ) ) ;
#1756 = CARTESIAN_POINT ( 'NONE',  ( 0.06841810677207900426, -0.1800000000000000211, -0.1600000000000000033 ) ) ;
#1757 = DIRECTION ( 'NONE',  ( -0.9544681135048440623, -0.2976636645781976509, -0.01967137749071950006 ) ) ;
#1758 = EDGE_CURVE ( 'NONE', #6361, #8615, #1114, .T. ) ;
#1759 = CARTESIAN_POINT ( 'NONE',  ( 0.1221691108686362021, -0.1816637412643981042, 0.04470776659532124664 ) ) ;
#1760 = CARTESIAN_POINT ( 'NONE',  ( 0.03200268577051364194, 0.07849130379308980054, 0.05240611079259199084 ) ) ;
#1761 = FILL_AREA_STYLE_COLOUR ( '', #9163 ) ;
#1762 = PRESENTATION_LAYER_ASSIGNMENT (  '', '', ( #8918 ) ) ;
#1763 = CARTESIAN_POINT ( 'NONE',  ( 0.1278671797069859672, -0.1599999999999999756, 0.03805575324395597814 ) ) ;
#1764 = CARTESIAN_POINT ( 'NONE',  ( -0.04372448813994637973, -0.1741175282685538395, -0.1060997899311329484 ) ) ;
#1765 = VERTEX_POINT ( 'NONE', #8289 ) ;
#1766 = FILL_AREA_STYLE_COLOUR ( '', #8055 ) ;
#1767 = CARTESIAN_POINT ( 'NONE',  ( -0.05354256937190649684, -0.1237879983408049778, 0.1879005065440109978 ) ) ;
#1768 = FACE_OUTER_BOUND ( 'NONE', #6008, .T. ) ;
#1769 = CARTESIAN_POINT ( 'NONE',  ( 0.03158189322792104292, -0.1800000000000001321, 0.1599999999999998646 ) ) ;
#1770 = CARTESIAN_POINT ( 'NONE',  ( 0.02354677466976643277, -0.01266044815156360664, 0.1777328124504940765 ) ) ;
#1771 = ORIENTED_EDGE ( 'NONE', *, *, #4825, .F. ) ;
#1772 = DIRECTION ( 'NONE',  ( 0.000000000000000000, 0.000000000000000000, 1.000000000000000000 ) ) ;
#1773 =( NAMED_UNIT ( * ) PLANE_ANGLE_UNIT ( ) SI_UNIT ( $, .RADIAN. ) );
#1774 = CARTESIAN_POINT ( 'NONE',  ( -0.002071635754232756602, -0.03230278071074418195, -0.1762706401726663874 ) ) ;
#1775 = FILL_AREA_STYLE_COLOUR ( '', #2365 ) ;
#1776 = SURFACE_STYLE_FILL_AREA ( #5564 ) ;
#1777 = CARTESIAN_POINT ( 'NONE',  ( -0.004623521100250689055, -0.1858824927378322500, 0.1596749071948798948 ) ) ;
#1778 = B_SPLINE_CURVE_WITH_KNOTS ( 'NONE', 3,
 ( #6186, #929, #6883, #6054, #3147, #2450, #8294, #8265 ),
 .UNSPECIFIED., .F., .F.,
 ( 4, 2, 2, 4 ),
 ( 0.2196000603987613153, 0.2500086994425866349, 0.2652129161892203268, 0.2804167206486350983 ),
 .UNSPECIFIED. ) ;
#1779 = PRESENTATION_LAYER_ASSIGNMENT (  '', '', ( #4775 ) ) ;
#1780 = AXIS2_PLACEMENT_3D ( 'NONE', #1355, #6609, #1564 ) ;
#1781 = FACE_OUTER_BOUND ( 'NONE', #1911, .T. ) ;
#1782 = CARTESIAN_POINT ( 'NONE',  ( 0.03311052091361531974, -0.1830020056570831333, -0.1603477480818468193 ) ) ;
#1783 = SURFACE_SIDE_STYLE ('',( #976 ) ) ;
#1784 = VERTEX_POINT ( 'NONE', #1712 ) ;
#1785 = DIRECTION ( 'NONE',  ( -0.000000000000000000, 1.000000000000000000, -0.000000000000000000 ) ) ;
#1786 = FACE_OUTER_BOUND ( 'NONE', #7289, .T. ) ;
#1787 = CARTESIAN_POINT ( 'NONE',  ( 0.1210718620247217547, -0.1700000000000000122, 0.04574611991424980956 ) ) ;
#1788 = CARTESIAN_POINT ( 'NONE',  ( -0.03100910114337037879, -0.1411963759059665646, 0.1748129528537775979 ) ) ;
#1789 = CARTESIAN_POINT ( 'NONE',  ( -0.05700409448261830464, 0.02320414525415202822, 0.1465980065236661412 ) ) ;
#1790 = ORIENTED_EDGE ( 'NONE', *, *, #2088, .F. ) ;
#1791 = EDGE_LOOP ( 'NONE', ( #2608, #1226, #1914, #644, #4874 ) ) ;
#1792 = CARTESIAN_POINT ( 'NONE',  ( -0.007753140239137710880, 0.07999999999999989064, 0.1600000000000000033 ) ) ;
#1793 = AXIS2_PLACEMENT_3D ( 'NONE', #4744, #1090, #3339 ) ;
#1794 = ADVANCED_FACE ( 'NONE', ( #743 ), #8423, .F. ) ;
#1795 = VERTEX_POINT ( 'NONE', #3732 ) ;
#1796 = CARTESIAN_POINT ( 'NONE',  ( 0.03625062116120636446, 0.06627390000955109273, 0.1574999999999999456 ) ) ;
#1797 = SURFACE_STYLE_FILL_AREA ( #3115 ) ;
#1798 = CARTESIAN_POINT ( 'NONE',  ( 0.1988062389287093279, -0.1599999999999999478, 0.08175643111878472258 ) ) ;
#1799 = CARTESIAN_POINT ( 'NONE',  ( 0.05509763939828897505, -0.1800000261901395782, -0.1060476283986299950 ) ) ;
#1800 = CARTESIAN_POINT ( 'NONE',  ( -0.2650000000000000133, 0.05000000000000002359, -0.2000000000000000111 ) ) ;
#1801 = CARTESIAN_POINT ( 'NONE',  ( -0.2650000000000000133, -0.1700000000000000122, -0.2000000000000000111 ) ) ;
#1802 = DIRECTION ( 'NONE',  ( -0.8496570271152052989, 0.02589787347911665441, -0.5266993795544201440 ) ) ;
#1803 = EDGE_CURVE ( 'NONE', #4416, #1565, #5230, .T. ) ;
#1804 = ORIENTED_EDGE ( 'NONE', *, *, #6216, .F. ) ;
#1805 = ORIENTED_EDGE ( 'NONE', *, *, #2546, .F. ) ;
#1806 = UNCERTAINTY_MEASURE_WITH_UNIT (LENGTH_MEASURE( 1.000000000000000082E-05 ), #6018, 'distance_accuracy_value', 'NONE');
#1807 =( LENGTH_UNIT ( ) NAMED_UNIT ( * ) SI_UNIT ( .MILLI., .METRE. ) );
#1808 = SURFACE_STYLE_USAGE ( .BOTH. , #6907 ) ;
#1809 = CARTESIAN_POINT ( 'NONE',  ( -0.1195603069353873837, -0.1695631328116675163, -0.04805905147194879101 ) ) ;
#1810 = CARTESIAN_POINT ( 'NONE',  ( 0.001994274832587880023, 0.06507746872914214886, -0.002426560445510534628 ) ) ;
#1811 = CARTESIAN_POINT ( 'NONE',  ( 0.1988062389287093279, -0.2300000000000000100, 0.08175643111878472258 ) ) ;
#1812 = FILL_AREA_STYLE ('',( #1775 ) ) ;
#1813 = CARTESIAN_POINT ( 'NONE',  ( -0.005400731005333538927, -0.1582899189469940127, -0.1341684534113032345 ) ) ;
#1814 = SURFACE_STYLE_FILL_AREA ( #592 ) ;
#1815 = ORIENTED_EDGE ( 'NONE', *, *, #1188, .F. ) ;
#1816 = CARTESIAN_POINT ( 'NONE',  ( -0.1242927211209382127, -0.2300000000000000655, -0.08281913265243875943 ) ) ;
#1817 = CARTESIAN_POINT ( 'NONE',  ( -0.04071710783438655529, -0.1638409421511899944, 0.1054733497470981551 ) ) ;
#1818 = CARTESIAN_POINT ( 'NONE',  ( 0.002272206517258029083, 0.06510532599845607338, -0.002827282316629497767 ) ) ;
#1819 = CARTESIAN_POINT ( 'NONE',  ( 0.02848338273238522692, 0.06639640333404264738, 0.1707768266526332734 ) ) ;
#1820 = CARTESIAN_POINT ( 'NONE',  ( -0.02063685530088710945, -0.1415385552075586195, 0.1466650430708530961 ) ) ;
#1821 = PRESENTATION_STYLE_ASSIGNMENT (( #7343 ) ) ;
#1822 =( LENGTH_UNIT ( ) NAMED_UNIT ( * ) SI_UNIT ( .MILLI., .METRE. ) );
#1823 = EDGE_LOOP ( 'NONE', ( #4525, #793, #2935, #433 ) ) ;
#1824 = VERTEX_POINT ( 'NONE', #3765 ) ;
#1825 = CARTESIAN_POINT ( 'NONE',  ( 0.004359783777142589752, -0.1770022647352252065, -0.1328260867731301809 ) ) ;
#1826 = SURFACE_STYLE_FILL_AREA ( #6563 ) ;
#1827 = CARTESIAN_POINT ( 'NONE',  ( -0.006773159115303868834, 0.04689492294216365820, 0.02630711363166755509 ) ) ;
#1828 = CARTESIAN_POINT ( 'NONE',  ( -0.1988062389287093279, -0.2300000000000000100, -0.08175643111878473646 ) ) ;
#1829 =( NAMED_UNIT ( * ) PLANE_ANGLE_UNIT ( ) SI_UNIT ( $, .RADIAN. ) );
#1830 = CARTESIAN_POINT ( 'NONE',  ( -0.01909359012575353315, -0.1596478807837577174, -0.1865616231805697356 ) ) ;
#1831 = ORIENTED_EDGE ( 'NONE', *, *, #5694, .T. ) ;
#1832 = DIRECTION ( 'NONE',  ( -0.02362941044756347239, 0.0001591926594775460618, -0.9997207738261708609 ) ) ;
#1833 = EDGE_CURVE ( 'NONE', #2955, #8888, #4155, .T. ) ;
#1834 = AXIS2_PLACEMENT_3D ( 'NONE', #8324, #6931, #5411 ) ;
#1835 = MECHANICAL_DESIGN_GEOMETRIC_PRESENTATION_REPRESENTATION (  '', ( #3439 ), #5446 ) ;
#1836 = DIRECTION ( 'NONE',  ( 0.000000000000000000, -0.000000000000000000, -1.000000000000000000 ) ) ;
#1837 = CARTESIAN_POINT ( 'NONE',  ( -0.06295356349125795503, 0.05562891619927117642, 0.1945439888341394807 ) ) ;
#1838 = CARTESIAN_POINT ( 'NONE',  ( 0.04740028922463900701, -0.1603880067246995222, 0.1822671972012630537 ) ) ;
#1839 = SURFACE_STYLE_FILL_AREA ( #6148 ) ;
#1840 = CARTESIAN_POINT ( 'NONE',  ( 0.001938744080955993919, 0.06507186648192529732, -0.002435652071110011498 ) ) ;
#1841 = CARTESIAN_POINT ( 'NONE',  ( -0.02232645484785964612, -0.1700000000000000122, -0.1011377395782614708 ) ) ;
#1842 = CARTESIAN_POINT ( 'NONE',  ( -0.02385839166483573470, 0.06096684821722492265, 0.02848645205015520182 ) ) ;
#1843 = ORIENTED_EDGE ( 'NONE', *, *, #3589, .F. ) ;
#1844 = ADVANCED_FACE ( 'NONE', ( #8434 ), #8024, .T. ) ;
#1845 = CARTESIAN_POINT ( 'NONE',  ( -0.1219477670648685674, -0.1771608101452069595, -0.04488872978464245739 ) ) ;
#1846 = CARTESIAN_POINT ( 'NONE',  ( -0.2491252820972974513, 0.07515281250366884214, -0.2000000000000000111 ) ) ;
#1847 = FACE_OUTER_BOUND ( 'NONE', #8875, .T. ) ;
#1848 = PRESENTATION_LAYER_ASSIGNMENT (  '', '', ( #5571 ) ) ;
#1849 = FACE_OUTER_BOUND ( 'NONE', #618, .T. ) ;
#1850 = CARTESIAN_POINT ( 'NONE',  ( -0.008362798779528949483, 0.05998743945579443348, 0.1599823585076225185 ) ) ;
#1851 = CARTESIAN_POINT ( 'NONE',  ( 0.02681266006211241448, 0.06639125065879146470, 0.1830117214315636065 ) ) ;
#1852 = CARTESIAN_POINT ( 'NONE',  ( -0.08812203382909156169, 0.03428651878970197936, 0.1976011245737025745 ) ) ;
#1853 = CARTESIAN_POINT ( 'NONE',  ( -0.02890812999619865944, -0.08607519669228200221, 0.1748111692315258425 ) ) ;
#1854 = CARTESIAN_POINT ( 'NONE',  ( -0.09097894025904687543, -0.03038616109700731718, 0.1976010580354682633 ) ) ;
#1855 =( NAMED_UNIT ( * ) PLANE_ANGLE_UNIT ( ) SI_UNIT ( $, .RADIAN. ) );
#1856 = CARTESIAN_POINT ( 'NONE',  ( -0.2325630728473178921, 0.04653785154078909914, -0.2000000000000000111 ) ) ;
#1857 = DIRECTION ( 'NONE',  ( -0.9947208096316116910, -0.1005714301589786391, -0.02039358530539940248 ) ) ;
#1858 = UNCERTAINTY_MEASURE_WITH_UNIT (LENGTH_MEASURE( 1.000000000000000082E-05 ), #4272, 'distance_accuracy_value', 'NONE');
#1859 = SURFACE_STYLE_USAGE ( .BOTH. , #5525 ) ;
#1860 = SURFACE_STYLE_USAGE ( .BOTH. , #397 ) ;
#1861 = FILL_AREA_STYLE ('',( #2536 ) ) ;
#1862 =( NAMED_UNIT ( * ) PLANE_ANGLE_UNIT ( ) SI_UNIT ( $, .RADIAN. ) );
#1863 = CARTESIAN_POINT ( 'NONE',  ( -0.05572443161902841668, 0.05990698340973509700, 0.1465979605848186373 ) ) ;
#1864 =( GEOMETRIC_REPRESENTATION_CONTEXT ( 3 ) GLOBAL_UNCERTAINTY_ASSIGNED_CONTEXT ( ( #5428 ) ) GLOBAL_UNIT_ASSIGNED_CONTEXT ( ( #3636, #5833, #6573 ) ) REPRESENTATION_CONTEXT ( 'NONE', 'WORKASPACE' ) );
#1865 = VECTOR ( 'NONE', #4408, 1000.000000000000000 ) ;
#1866 = COLOUR_RGB ( '',1.000000000000000000, 1.000000000000000000, 0.5019607843137254832 ) ;
#1867 = DIRECTION ( 'NONE',  ( -0.9794942761024153510, 0.2001337104721970239, 0.02318320545645399799 ) ) ;
#1868 = CARTESIAN_POINT ( 'NONE',  ( 0.07008317610841481582, 0.06477226275592974647, -0.1575000000000000289 ) ) ;
#1869 = DIRECTION ( 'NONE',  ( -0.02052340527576413873, 0.0002562270569816748971, 0.9997893399029527117 ) ) ;
#1870 = CARTESIAN_POINT ( 'NONE',  ( -0.02171133038437426249, -0.1465291693457231592, 0.1067229207155261511 ) ) ;
#1871 = CARTESIAN_POINT ( 'NONE',  ( 0.003613976647808877368, 0.06523558700746828753, -0.01021390877395064213 ) ) ;
#1872 = DIRECTION ( 'NONE',  ( -0.5335477900353222669, 0.000000000000000000, 0.8457699189191015821 ) ) ;
#1873 = EDGE_CURVE ( 'NONE', #7977, #5670, #3403, .T. ) ;
#1874 = FILL_AREA_STYLE_COLOUR ( '', #8533 ) ;
#1875 = CARTESIAN_POINT ( 'NONE',  ( -0.05450105212953626488, 0.1135140336834009611, 0.05322832147610892517 ) ) ;
#1876 = FACE_OUTER_BOUND ( 'NONE', #2789, .T. ) ;
#1877 = ORIENTED_EDGE ( 'NONE', *, *, #4191, .F. ) ;
#1878 = EDGE_CURVE ( 'NONE', #6361, #856, #6736, .T. ) ;
#1879 = DIRECTION ( 'NONE',  ( 0.000000000000000000, 0.000000000000000000, -1.000000000000000000 ) ) ;
#1880 = COLOUR_RGB ( '',1.000000000000000000, 1.000000000000000000, 0.5019607843137254832 ) ;
#1881 = CARTESIAN_POINT ( 'NONE',  ( -0.01706822602519392218, -0.1600107094390357809, 0.1949958165549568190 ) ) ;
#1882 = DIRECTION ( 'NONE',  ( -0.03046778570332113467, -0.9995357492496586005, 2.502094345226656559E-06 ) ) ;
#1883 = PRESENTATION_LAYER_ASSIGNMENT (  '', '', ( #3701 ) ) ;
#1884 = DIRECTION ( 'NONE',  ( -0.03046778570332212693, -0.9995357492496584895, 2.502094344221383881E-06 ) ) ;
#1885 = CARTESIAN_POINT ( 'NONE',  ( -0.01358460083295291547, 0.02347686290907035830, 0.1466633674648662178 ) ) ;
#1886 = CARTESIAN_POINT ( 'NONE',  ( -0.03393267062967709330, -0.03294288741213062532, 0.1623989423777648655 ) ) ;
#1887 = PRESENTATION_STYLE_ASSIGNMENT (( #370 ) ) ;
#1888 = EDGE_LOOP ( 'NONE', ( #8550, #4152, #90, #8633 ) ) ;
#1889 = EDGE_CURVE ( 'NONE', #1912, #4098, #8992, .T. ) ;
#1890 = CARTESIAN_POINT ( 'NONE',  ( -0.02207016194171037074, 0.07553504503132692227, 0.1597049293376392176 ) ) ;
#1891 =( LENGTH_UNIT ( ) NAMED_UNIT ( * ) SI_UNIT ( .MILLI., .METRE. ) );
#1892 = ADVANCED_FACE ( 'NONE', ( #5463 ), #7320, .T. ) ;
#1893 = PRESENTATION_LAYER_ASSIGNMENT (  '', '', ( #9047 ) ) ;
#1894 = DIRECTION ( 'NONE',  ( 0.2451568404033317161, -0.000000000000000000, 0.9694834313197185915 ) ) ;
#1895 = DIRECTION ( 'NONE',  ( -0.9196390447885495201, 0.3921661825221552933, 0.02167285367467037399 ) ) ;
#1896 = SURFACE_STYLE_USAGE ( .BOTH. , #3276 ) ;
#1897 = CARTESIAN_POINT ( 'NONE',  ( -0.0001203060224233287745, 0.06880045316905487873, -0.2000000000000000111 ) ) ;
#1898 = PRESENTATION_STYLE_ASSIGNMENT (( #4723 ) ) ;
#1899 = CARTESIAN_POINT ( 'NONE',  ( -0.07902721111205819604, -0.1228574207385720318, 0.1720995250047832048 ) ) ;
#1900 = PRODUCT_DEFINITION ( 'UNKNOWN', '', #40, #8496 ) ;
#1901 = DIRECTION ( 'NONE',  ( -0.02052558504614403201, -0.0002560480453828502408, 0.9997892952006997014 ) ) ;
#1902 = ORIENTED_EDGE ( 'NONE', *, *, #7143, .T. ) ;
#1903 = FILL_AREA_STYLE_COLOUR ( '', #3156 ) ;
#1904 = CARTESIAN_POINT ( 'NONE',  ( -0.04609589079712019671, 0.05741430388443003602, 0.1879004960365207866 ) ) ;
#1905 = SURFACE_SIDE_STYLE ('',( #1281 ) ) ;
#1906 =( LENGTH_UNIT ( ) NAMED_UNIT ( * ) SI_UNIT ( .MILLI., .METRE. ) );
#1907 = VECTOR ( 'NONE', #7232, 1000.000000000000114 ) ;
#1908 = DIRECTION ( 'NONE',  ( -0.8457699189191015821, 0.000000000000000000, -0.5335477900353224889 ) ) ;
#1909 =( NAMED_UNIT ( * ) PLANE_ANGLE_UNIT ( ) SI_UNIT ( $, .RADIAN. ) );
#1910 = CARTESIAN_POINT ( 'NONE',  ( -0.06452373603752792341, 0.07275950614702159092, 0.02579026958041856499 ) ) ;
#1911 = EDGE_LOOP ( 'NONE', ( #7059, #2695, #7297, #5257, #8407, #4976 ) ) ;
#1912 = VERTEX_POINT ( 'NONE', #2617 ) ;
#1913 = STYLED_ITEM ( 'NONE', ( #4984 ), #3133 ) ;
#1914 = ORIENTED_EDGE ( 'NONE', *, *, #1889, .F. ) ;
#1915 = AXIS2_PLACEMENT_3D ( 'NONE', #3273, #8437, #4803 ) ;
#1916 = CARTESIAN_POINT ( 'NONE',  ( 0.1428768623825077411, 0.04410987343059650373, -0.2000000000000000111 ) ) ;
#1917 = EDGE_CURVE ( 'NONE', #4570, #6760, #2137, .T. ) ;
#1918 = PRESENTATION_STYLE_ASSIGNMENT (( #6831 ) ) ;
#1919 = CARTESIAN_POINT ( 'NONE',  ( 0.04122677996249967530, 0.05999999999999996309, 0.1800000000000000211 ) ) ;
#1920 = CARTESIAN_POINT ( 'NONE',  ( -0.06538153098777178818, -0.1467910528291462569, 0.1064606320728168631 ) ) ;
#1921 = CARTESIAN_POINT ( 'NONE',  ( 0.02712398661180075859, 0.06639211152542538741, 0.1743544436357147009 ) ) ;
#1922 = ORIENTED_EDGE ( 'NONE', *, *, #736, .T. ) ;
#1923 = ORIENTED_EDGE ( 'NONE', *, *, #5338, .T. ) ;
#1924 = UNCERTAINTY_MEASURE_WITH_UNIT (LENGTH_MEASURE( 1.000000000000000082E-05 ), #1822, 'distance_accuracy_value', 'NONE');
#1925 = CARTESIAN_POINT ( 'NONE',  ( 0.008157580219873830293, -0.1242213814153302898, 0.1570409215240005374 ) ) ;
#1926 = ORIENTED_EDGE ( 'NONE', *, *, #4202, .T. ) ;
#1927 = CARTESIAN_POINT ( 'NONE',  ( 0.03625062116120636446, 0.06627390000955109273, 0.1574999999999999456 ) ) ;
#1928 = PRESENTATION_STYLE_ASSIGNMENT (( #5659 ) ) ;
#1929 = CARTESIAN_POINT ( 'NONE',  ( 0.02180500106407205416, 0.05582470941180216195, 0.02819141153566027264 ) ) ;
#1930 =( GEOMETRIC_REPRESENTATION_CONTEXT ( 3 ) GLOBAL_UNCERTAINTY_ASSIGNED_CONTEXT ( ( #906 ) ) GLOBAL_UNIT_ASSIGNED_CONTEXT ( ( #3660, #8862, #834 ) ) REPRESENTATION_CONTEXT ( 'NONE', 'WORKASPACE' ) );
#1931 = ORIENTED_EDGE ( 'NONE', *, *, #8251, .F. ) ;
#1932 = EDGE_LOOP ( 'NONE', ( #8505, #5134, #1363, #4613, #3620, #2025, #1236 ) ) ;
#1933 = DIRECTION ( 'NONE',  ( -0.02615162913724264349, 0.9996579830122662713, -9.640184557387467337E-05 ) ) ;
#1934 = DIRECTION ( 'NONE',  ( -0.02362802936328045264, -0.0001592579951470475812, -0.9997208064581327713 ) ) ;
#1935 = CARTESIAN_POINT ( 'NONE',  ( 0.1428768623825077411, 0.04410987343059650373, -0.2000000000000000111 ) ) ;
#1936 = UNCERTAINTY_MEASURE_WITH_UNIT (LENGTH_MEASURE( 1.000000000000000082E-05 ), #3360, 'distance_accuracy_value', 'NONE');
#1937 = EDGE_CURVE ( 'NONE', #8727, #4947, #6194, .T. ) ;
#1938 = LINE ( 'NONE', #1557, #3516 ) ;
#1939 = EDGE_LOOP ( 'NONE', ( #721, #1480, #2831, #4885, #4747, #5229 ) ) ;
#1940 = ORIENTED_EDGE ( 'NONE', *, *, #2186, .F. ) ;
#1941 = DIRECTION ( 'NONE',  ( -0.8225730715701192741, 0.5683300919489029379, 0.01935067216018016706 ) ) ;
#1942 = CARTESIAN_POINT ( 'NONE',  ( -0.03149142875212727899, -0.1596314237473651365, 0.1748111775806479584 ) ) ;
#1943 = CARTESIAN_POINT ( 'NONE',  ( 0.05775314023913778738, 0.07999999999999998779, -0.1600000000000000033 ) ) ;
#1944 = SURFACE_SIDE_STYLE ('',( #4308 ) ) ;
#1945 = AXIS2_PLACEMENT_3D ( 'NONE', #9363, #2862, #1345 ) ;
#1946 = FILL_AREA_STYLE_COLOUR ( '', #4832 ) ;
#1947 =( LENGTH_UNIT ( ) NAMED_UNIT ( * ) SI_UNIT ( .MILLI., .METRE. ) );
#1948 = CARTESIAN_POINT ( 'NONE',  ( -0.06627140969980210849, 0.07275948528167891505, 0.05249772287053580677 ) ) ;
#1949 = ADVANCED_FACE ( 'NONE', ( #6256 ), #8422, .T. ) ;
#1950 = FILL_AREA_STYLE_COLOUR ( '', #7441 ) ;
#1951 = AXIS2_PLACEMENT_3D ( 'NONE', #2043, #8640, #7157 ) ;
#1952 = VECTOR ( 'NONE', #3384, 1000.000000000000000 ) ;
#1953 = CARTESIAN_POINT ( 'NONE',  ( 0.2415971205140184652, 0.07078765774638730301, -0.2000000000000000111 ) ) ;
#1954 = VERTEX_POINT ( 'NONE', #7102 ) ;
#1955 = CARTESIAN_POINT ( 'NONE',  ( -0.06267224229629062004, -0.1885249398376023233, -0.0005931195190617559497 ) ) ;
#1956 = CARTESIAN_POINT ( 'NONE',  ( 0.01064909139456900189, 0.06580432328179465495, -0.09993550355904773363 ) ) ;
#1957 = CARTESIAN_POINT ( 'NONE',  ( 0.02648797156661761992, 0.06638862186302775525, 0.1812958384289221903 ) ) ;
#1958 = CARTESIAN_POINT ( 'NONE',  ( 0.04612467338366318947, 0.06579483179143540139, -0.009822820267121116361 ) ) ;
#1959 = CARTESIAN_POINT ( 'NONE',  ( -0.06933303242977158221, -0.1232103020729669457, 0.2134020551695579859 ) ) ;
#1960 = PRESENTATION_LAYER_ASSIGNMENT (  '', '', ( #9455 ) ) ;
#1961 = CIRCLE ( 'NONE', #9195, 0.01499999999999999944 ) ;
#1962 = ORIENTED_EDGE ( 'NONE', *, *, #5486, .T. ) ;
#1963 = CARTESIAN_POINT ( 'NONE',  ( -0.2017251974013796190, -0.1700000000000000122, -0.1177992224742518967 ) ) ;
#1964 = FILL_AREA_STYLE ('',( #4020 ) ) ;
#1965 = CARTESIAN_POINT ( 'NONE',  ( 0.1428768623825077411, 0.04410987343059650373, 0.2000000000000000666 ) ) ;
#1966 = CARTESIAN_POINT ( 'NONE',  ( 0.08983026888629146167, -0.1800000000000000488, 0.04204236359722142435 ) ) ;
#1967 = SURFACE_STYLE_FILL_AREA ( #3355 ) ;
#1968 = VERTEX_POINT ( 'NONE', #2040 ) ;
#1969 =( GEOMETRIC_REPRESENTATION_CONTEXT ( 3 ) GLOBAL_UNCERTAINTY_ASSIGNED_CONTEXT ( ( #790 ) ) GLOBAL_UNIT_ASSIGNED_CONTEXT ( ( #8451, #9169, #3367 ) ) REPRESENTATION_CONTEXT ( 'NONE', 'WORKASPACE' ) );
#1970 = AXIS2_PLACEMENT_3D ( 'NONE', #4419, #3721, #7368 ) ;
#1971 =( NAMED_UNIT ( * ) SI_UNIT ( $, .STERADIAN. ) SOLID_ANGLE_UNIT ( ) );
#1972 = CARTESIAN_POINT ( 'NONE',  ( -0.1220678006666754412, -0.1778263153682093645, -0.04478455411159262128 ) ) ;
#1973 = DIRECTION ( 'NONE',  ( -1.000000000000000000, 0.000000000000000000, 0.000000000000000000 ) ) ;
#1974 = SURFACE_STYLE_USAGE ( .BOTH. , #2660 ) ;
#1975 = CARTESIAN_POINT ( 'NONE',  ( 0.02129695089232648206, 0.06630266492433295467, -0.1873181561991858757 ) ) ;
#1976 = CARTESIAN_POINT ( 'NONE',  ( -0.03551531230705820552, -0.08667222465158980205, -0.1464609872813439073 ) ) ;
#1977 = CARTESIAN_POINT ( 'NONE',  ( -0.08473246064718908954, -0.1714750387733445236, 0.05389623255997228607 ) ) ;
#1978 = CARTESIAN_POINT ( 'NONE',  ( 0.001146709603562300929, 0.06499069707851898303, -0.01589575510282307744 ) ) ;
#1979 = CARTESIAN_POINT ( 'NONE',  ( -0.1215473488111016159, -0.1849781086796374874, -0.04520800420136616288 ) ) ;
#1980 = PRESENTATION_LAYER_ASSIGNMENT (  '', '', ( #1476 ) ) ;
#1981 = SURFACE_SIDE_STYLE ('',( #620 ) ) ;
#1982 = CARTESIAN_POINT ( 'NONE',  ( -0.07435170301095246626, -0.01276431064381375498, 0.1720995321723959026 ) ) ;
#1983 = UNCERTAINTY_MEASURE_WITH_UNIT (LENGTH_MEASURE( 1.000000000000000082E-05 ), #4781, 'distance_accuracy_value', 'NONE');
#1984 = DIRECTION ( 'NONE',  ( -0.03046778570332212693, -0.9995357492496584895, 2.502094344221383881E-06 ) ) ;
#1985 = EDGE_CURVE ( 'NONE', #6593, #7426, #9098, .T. ) ;
#1986 = CARTESIAN_POINT ( 'NONE',  ( 0.1988062389287093279, -0.1700000000000000122, 0.08175643111878472258 ) ) ;
#1987 = CARTESIAN_POINT ( 'NONE',  ( -0.02870959695935510619, 0.06038159660576739723, -0.1882567859180343528 ) ) ;
#1988 = PRESENTATION_STYLE_ASSIGNMENT (( #1166 ) ) ;
#1989 = DIRECTION ( 'NONE',  ( 0.000000000000000000, -1.000000000000000000, 0.000000000000000000 ) ) ;
#1990 = CARTESIAN_POINT ( 'NONE',  ( -0.05581664559855094299, 0.05688178262846207284, 0.1465979681576721760 ) ) ;
#1991 =( NAMED_UNIT ( * ) SI_UNIT ( $, .STERADIAN. ) SOLID_ANGLE_UNIT ( ) );
#1992 = DIRECTION ( 'NONE',  ( -0.02615162913724264349, 0.9996579830122662713, -9.640184557387467337E-05 ) ) ;
#1993 = CARTESIAN_POINT ( 'NONE',  ( -0.2017251974013796190, -0.1550000000000000266, -0.1177992224742518967 ) ) ;
#1994 = COLOUR_RGB ( '',1.000000000000000000, 1.000000000000000000, 1.000000000000000000 ) ;
#1995 = DIRECTION ( 'NONE',  ( -0.000000000000000000, 1.000000000000000000, -0.000000000000000000 ) ) ;
#1996 = ORIENTED_EDGE ( 'NONE', *, *, #9139, .F. ) ;
#1997 = CARTESIAN_POINT ( 'NONE',  ( -0.1214013837137326440, -0.1745661381440984095, -0.04537319514815314064 ) ) ;
#1998 = CARTESIAN_POINT ( 'NONE',  ( -0.1149999999999999911, -0.2300000000000000100, -0.04038093602253250286 ) ) ;
#1999 = EDGE_CURVE ( 'NONE', #4808, #1721, #8197, .T. ) ;
#2000 = CARTESIAN_POINT ( 'NONE',  ( 0.02356553352099101037, 0.06635309710767613167, -0.1809181677055059501 ) ) ;
#2001 = DIRECTION ( 'NONE',  ( 0.000000000000000000, 0.000000000000000000, -1.000000000000000000 ) ) ;
#2002 = DIRECTION ( 'NONE',  ( 0.9993792182221449272, 0.02614205897144400784, -0.02361717464957196685 ) ) ;
#2003 = EDGE_CURVE ( 'NONE', #2911, #6519, #7640, .T. ) ;
#2004 = ORIENTED_EDGE ( 'NONE', *, *, #9123, .F. ) ;
#2005 = CARTESIAN_POINT ( 'NONE',  ( 0.001880246044335271045, 0.06506595306029443193, -0.002481883982724373064 ) ) ;
#2006 = FACE_OUTER_BOUND ( 'NONE', #5117, .T. ) ;
#2007 = CARTESIAN_POINT ( 'NONE',  ( 0.05836284255224575418, 0.05998743853633667356, -0.1599823553555815292 ) ) ;
#2008 = DIRECTION ( 'NONE',  ( 0.03046773440284204770, 0.9995357508165266802, 0.000000000000000000 ) ) ;
#2009 = CARTESIAN_POINT ( 'NONE',  ( -0.02033162852806202903, 0.07553514886684735419, 0.1059518483957106738 ) ) ;
#2010 = CARTESIAN_POINT ( 'NONE',  ( -0.06627140969980210849, 0.07275948528167891505, 0.05249772287053580677 ) ) ;
#2011 = CARTESIAN_POINT ( 'NONE',  ( 0.05240943403659813205, -0.1423019435940283406, 0.1526136101082171959 ) ) ;
#2012 = LINE ( 'NONE', #2269, #3489 ) ;
#2013 = COLOUR_RGB ( '',1.000000000000000000, 1.000000000000000000, 0.5019607843137254832 ) ;
#2014 = VERTEX_POINT ( 'NONE', #3386 ) ;
#2015 = EDGE_CURVE ( 'NONE', #2243, #3882, #2256, .T. ) ;
#2016 = CARTESIAN_POINT ( 'NONE',  ( 0.08983026888629146167, -0.1800000000000000488, 0.04204236359722141048 ) ) ;
#2017 = MECHANICAL_DESIGN_GEOMETRIC_PRESENTATION_REPRESENTATION (  '', ( #1384 ), #5927 ) ;
#2018 = CARTESIAN_POINT ( 'NONE',  ( 0.02329547691020024749, 0.06044270788934585914, -0.1837293518267965331 ) ) ;
#2019 = CARTESIAN_POINT ( 'NONE',  ( -0.01141174830308344483, 0.04689498630165666454, 0.1063766058498976375 ) ) ;
#2020 = CARTESIAN_POINT ( 'NONE',  ( 0.01138838133364146639, -0.1476049764031243383, -0.1063023540045394399 ) ) ;
#2021 = CARTESIAN_POINT ( 'NONE',  ( -0.06180805360615754251, -0.08678109279879070437, 0.1465979448379764183 ) ) ;
#2022 = AXIS2_PLACEMENT_3D ( 'NONE', #4106, #4004, #9146 ) ;
#2023 = CARTESIAN_POINT ( 'NONE',  ( -0.1525014675670198216, -0.1700000000000000122, -0.1230518830271274400 ) ) ;
#2024 = ORIENTED_EDGE ( 'NONE', *, *, #3865, .T. ) ;
#2025 = ORIENTED_EDGE ( 'NONE', *, *, #8424, .F. ) ;
#2026 = ORIENTED_EDGE ( 'NONE', *, *, #2894, .T. ) ;
#2027 = SURFACE_STYLE_FILL_AREA ( #1812 ) ;
#2028 = CARTESIAN_POINT ( 'NONE',  ( -0.002071635754232756602, -0.03230278071074418195, -0.1762706401726663874 ) ) ;
#2029 = CARTESIAN_POINT ( 'NONE',  ( 0.008277217653604023243, 0.08446493541337594946, 0.1073057284990673044 ) ) ;
#2030 = SURFACE_STYLE_USAGE ( .BOTH. , #4785 ) ;
#2031 = CARTESIAN_POINT ( 'NONE',  ( -0.001908574398791633951, 0.06465791908982543301, -0.1904104014359107311 ) ) ;
#2032 = AXIS2_PLACEMENT_3D ( 'NONE', #5177, #8218, #8184 ) ;
#2033 = CARTESIAN_POINT ( 'NONE',  ( -0.1149999999999999772, 0.06074636187499602574, 0.2000000000000000111 ) ) ;
#2034 = ADVANCED_BREP_SHAPE_REPRESENTATION ( 'LQW03AW6N8J00D', ( #9005, #606, #5197, #5893, #6316, #2682 ), #7285 ) ;
#2035 = PRESENTATION_LAYER_ASSIGNMENT (  '', '', ( #5461 ) ) ;
#2036 = CARTESIAN_POINT ( 'NONE',  ( -0.04372448813994637973, -0.1741175282685538395, -0.1060997899311329484 ) ) ;
#2037 = CARTESIAN_POINT ( 'NONE',  ( 0.001948349799474555612, 0.06507283655063379746, -0.002431107655872046403 ) ) ;
#2038 = CARTESIAN_POINT ( 'NONE',  ( 0.08341391853588525640, -0.1800009492845988379, -0.1603544413115717826 ) ) ;
#2039 = CARTESIAN_POINT ( 'NONE',  ( 0.05469489186670584147, 0.1113633691429880279, 0.1337463621646574896 ) ) ;
#2040 = CARTESIAN_POINT ( 'NONE',  ( 0.1150000000000000050, -0.1200000000000000094, -0.1575000000000000011 ) ) ;
#2041 = ORIENTED_EDGE ( 'NONE', *, *, #8723, .F. ) ;
#2042 = EDGE_LOOP ( 'NONE', ( #3329, #6252, #6987, #2698, #9214, #3389, #7991 ) ) ;
#2043 = CARTESIAN_POINT ( 'NONE',  ( -0.05775314023913770412, 0.07999999999999993228, 0.1599999999999999756 ) ) ;
#2044 = DIRECTION ( 'NONE',  ( 0.000000000000000000, 1.000000000000000000, 0.000000000000000000 ) ) ;
#2045 = AXIS2_PLACEMENT_3D ( 'NONE', #3335, #1832, #6963 ) ;
#2046 = CARTESIAN_POINT ( 'NONE',  ( -0.1149999944237603128, 0.06074636187408656574, -0.2000000000000000389 ) ) ;
#2047 = CARTESIAN_POINT ( 'NONE',  ( 0.01869352601914535394, -0.01303337963052507605, -0.2127873578727912385 ) ) ;
#2048 =( NAMED_UNIT ( * ) PLANE_ANGLE_UNIT ( ) SI_UNIT ( $, .RADIAN. ) );
#2049 = CARTESIAN_POINT ( 'NONE',  ( -0.03393267062967709330, -0.03294288741213062532, 0.1623989423777648655 ) ) ;
#2050 = ORIENTED_EDGE ( 'NONE', *, *, #8826, .T. ) ;
#2051 = ORIENTED_EDGE ( 'NONE', *, *, #2965, .F. ) ;
#2052 = CARTESIAN_POINT ( 'NONE',  ( 0.1221413777586197735, -0.1811493689518909322, 0.04472940631072865741 ) ) ;
#2053 = CARTESIAN_POINT ( 'NONE',  ( -0.1525014675670198216, -0.1550000000000000266, -0.1230518830271274400 ) ) ;
#2054 = EDGE_CURVE ( 'NONE', #9094, #1314, #7539, .T. ) ;
#2055 = CARTESIAN_POINT ( 'NONE',  ( -0.005749036835199473720, 0.05955729211065416417, -0.1762706481732030095 ) ) ;
#2056 = CARTESIAN_POINT ( 'NONE',  ( -0.08998266897168230583, -0.1799999999999998546, 0.0007208539969983223652 ) ) ;
#2057 = CARTESIAN_POINT ( 'NONE',  ( -0.04397428966435009551, -0.2017143384920498939, 0.1606074700235135544 ) ) ;
#2058 = FILL_AREA_STYLE ('',( #5024 ) ) ;
#2059 = EDGE_CURVE ( 'NONE', #8838, #5109, #8086, .T. ) ;
#2060 = DIRECTION ( 'NONE',  ( -0.03046778570332068711, -0.9995357492496584895, 2.502094356048728541E-06 ) ) ;
#2061 = CARTESIAN_POINT ( 'NONE',  ( 0.02365810661460024736, 0.06635452304139101420, -0.1791479716794942834 ) ) ;
#2062 = VERTEX_POINT ( 'NONE', #8603 ) ;
#2063 = MECHANICAL_DESIGN_GEOMETRIC_PRESENTATION_REPRESENTATION (  '', ( #3701 ), #2550 ) ;
#2064 = CARTESIAN_POINT ( 'NONE',  ( -0.03618974801024662374, -0.1741175299307869129, 0.05398880098566725960 ) ) ;
#2065 = DIRECTION ( 'NONE',  ( -0.02362802936328170164, -0.0001592579951429536338, -0.9997208064581326603 ) ) ;
#2066 = CARTESIAN_POINT ( 'NONE',  ( 0.001733850345795873811, 0.06505109281616358596, -0.002831069135719027890 ) ) ;
#2067 = CARTESIAN_POINT ( 'NONE',  ( -0.04270363735942115518, 0.09499303770029539351, -0.1600132190384250253 ) ) ;
#2068 = CARTESIAN_POINT ( 'NONE',  ( -0.04066508880182995861, 0.05915268293128794069, -0.1950880025614974700 ) ) ;
#2069 =( NAMED_UNIT ( * ) PLANE_ANGLE_UNIT ( ) SI_UNIT ( $, .RADIAN. ) );
#2070 = CARTESIAN_POINT ( 'NONE',  ( -0.04004714622731387480, 0.08724043042291151906, 0.05411908608107289520 ) ) ;
#2071 = CARTESIAN_POINT ( 'NONE',  ( 0.05076663320341168184, -0.06896086507194341964, 0.1822671877951881070 ) ) ;
#2072 = CARTESIAN_POINT ( 'NONE',  ( 0.08738744555112057388, -0.2099999737903862629, -0.05402285287130204755 ) ) ;
#2073 = AXIS2_PLACEMENT_3D ( 'NONE', #1054, #1894, #3395 ) ;
#2074 =( NAMED_UNIT ( * ) SI_UNIT ( $, .STERADIAN. ) SOLID_ANGLE_UNIT ( ) );
#2075 = CARTESIAN_POINT ( 'NONE',  ( -0.03044264125108054470, 0.1041820975962990115, 0.1324630377675732329 ) ) ;
#2076 = CARTESIAN_POINT ( 'NONE',  ( 0.02385124820503943185, 0.04221267286902459503, -0.1837293989450675680 ) ) ;
#2077 = CARTESIAN_POINT ( 'NONE',  ( -0.2650000000000000133, 0.1700000000000000122, -0.2000000000000000111 ) ) ;
#2078 = CARTESIAN_POINT ( 'NONE',  ( 0.04825575520690660730, -0.1536089390892373674, 0.05231071205901962479 ) ) ;
#2079 = DIRECTION ( 'NONE',  ( 0.000000000000000000, 1.000000000000000000, -0.000000000000000000 ) ) ;
#2080 =( GEOMETRIC_REPRESENTATION_CONTEXT ( 3 ) GLOBAL_UNCERTAINTY_ASSIGNED_CONTEXT ( ( #139 ) ) GLOBAL_UNIT_ASSIGNED_CONTEXT ( ( #8613, #1328, #7257 ) ) REPRESENTATION_CONTEXT ( 'NONE', 'WORKASPACE' ) );
#2081 = DIRECTION ( 'NONE',  ( 0.000000000000000000, 0.000000000000000000, -1.000000000000000000 ) ) ;
#2082 = CARTESIAN_POINT ( 'NONE',  ( 0.000000000000000000, 0.000000000000000000, 0.2000000000000000111 ) ) ;
#2083 = STYLED_ITEM ( 'NONE', ( #3608 ), #6003 ) ;
#2084 = CARTESIAN_POINT ( 'NONE',  ( -0.001817787600405873852, 0.1131118929318057492, 0.1335007170436218471 ) ) ;
#2085 = CARTESIAN_POINT ( 'NONE',  ( -0.02954922193844792752, -0.2134793279277908129, -0.1600533753912608270 ) ) ;
#2086 = DIRECTION ( 'NONE',  ( 0.9993255101729127121, 0.03046351156190877860, 0.02050607668388119975 ) ) ;
#2087 = CARTESIAN_POINT ( 'NONE',  ( 0.01039698831629455242, 0.06579259466519653266, -0.1945103304979832748 ) ) ;
#2088 = EDGE_CURVE ( 'NONE', #1253, #83, #5604, .T. ) ;
#2089 =( LENGTH_UNIT ( ) NAMED_UNIT ( * ) SI_UNIT ( .MILLI., .METRE. ) );
#2090 = CARTESIAN_POINT ( 'NONE',  ( -0.07398006006670543311, 0.05555903638915006548, 0.1809936157866052220 ) ) ;
#2091 = VECTOR ( 'NONE', #8415, 1000.000000000000000 ) ;
#2092 = COLOUR_RGB ( '',1.000000000000000000, 1.000000000000000000, 0.5019607843137254832 ) ;
#2093 = CARTESIAN_POINT ( 'NONE',  ( -0.04140122888186806294, -0.1741174758925110866, -0.05266419409108981375 ) ) ;
#2094 = VECTOR ( 'NONE', #2783, 1000.000000000000000 ) ;
#2095 =( BOUNDED_CURVE ( )  B_SPLINE_CURVE ( 3, ( #2780, #7903, #2850, #1398 ),
 .UNSPECIFIED., .F., .T. ) 
 B_SPLINE_CURVE_WITH_KNOTS ( ( 4, 4 ),
 ( 2.726020737773845237, 3.557164570024982986 ),
 .UNSPECIFIED. ) 
 CURVE ( )  GEOMETRIC_REPRESENTATION_ITEM ( )  RATIONAL_B_SPLINE_CURVE ( ( 1.000000000000000000, 0.9432570533483621844, 0.9432570533483621844, 1.000000000000000000 ) ) 
 REPRESENTATION_ITEM ( '' )  );
#2096 = CARTESIAN_POINT ( 'NONE',  ( -0.02167422281184537211, -0.08607059432915681318, -0.1865616393858872679 ) ) ;
#2097 = CARTESIAN_POINT ( 'NONE',  ( 0.004591931703304494988, 0.06532612052010032533, -0.1575000000000001399 ) ) ;
#2098 = CARTESIAN_POINT ( 'NONE',  ( 0.03674305077058692692, 0.06625889880150731548, 0.1398786247108069480 ) ) ;
#2099 = CARTESIAN_POINT ( 'NONE',  ( 0.1428768623825077411, 0.04410987343059650373, 0.2000000000000000111 ) ) ;
#2100 = CARTESIAN_POINT ( 'NONE',  ( 0.06179607625543379751, 0.08150861190854616356, 0.05421920339958552493 ) ) ;
#2101 = AXIS2_PLACEMENT_3D ( 'NONE', #7584, #3270, #6954 ) ;
#2102 = CARTESIAN_POINT ( 'NONE',  ( 0.04732296407982835434, 0.06571092856029170370, 0.1360510102988636005 ) ) ;
#2103 = CARTESIAN_POINT ( 'NONE',  ( -0.07088710494496802683, 0.07275947084674075360, 0.1597285065621297240 ) ) ;
#2104 = CARTESIAN_POINT ( 'NONE',  ( 0.06057983685392584472, 0.05941001278016737330, 0.1526118437269382011 ) ) ;
#2105 = CARTESIAN_POINT ( 'NONE',  ( 0.05405657511183244168, -0.1800042480035775605, -0.1328115040018194304 ) ) ;
#2106 = VERTEX_POINT ( 'NONE', #8141 ) ;
#2107 = CARTESIAN_POINT ( 'NONE',  ( -0.01568352880647135017, 0.07553508554169061084, 0.02571827680933060079 ) ) ;
#2108 = EDGE_CURVE ( 'NONE', #2520, #8213, #2518, .T. ) ;
#2109 = CIRCLE ( 'NONE', #519, 0.01499999999999998904 ) ;
#2110 = CARTESIAN_POINT ( 'NONE',  ( 0.02352829506468221907, -0.1230477787203245466, -0.2127909033363001856 ) ) ;
#2111 = CARTESIAN_POINT ( 'NONE',  ( -0.1278671797069859395, -0.2300000000000000933, -0.03805575324395597120 ) ) ;
#2112 = PRESENTATION_STYLE_ASSIGNMENT (( #9211 ) ) ;
#2113 = CARTESIAN_POINT ( 'NONE',  ( -0.07970242250833131648, -0.2132089752261086268, 0.0002262454084190390667 ) ) ;
#2114 = VERTEX_POINT ( 'NONE', #7406 ) ;
#2115 = AXIS2_PLACEMENT_3D ( 'NONE', #5327, #205, #942 ) ;
#2116 = VECTOR ( 'NONE', #2559, 1000.000000000000000 ) ;
#2117 = AXIS2_PLACEMENT_3D ( 'NONE', #4667, #7553, #6100 ) ;
#2118 = SURFACE_SIDE_STYLE ('',( #1380 ) ) ;
#2119 = CARTESIAN_POINT ( 'NONE',  ( -0.01056712906464392018, 0.07553514922935447573, -0.05414117792360108317 ) ) ;
#2120 = CARTESIAN_POINT ( 'NONE',  ( -0.008625798372209426967, -0.1858825228234054494, 0.05264208047161916815 ) ) ;
#2121 =( LENGTH_UNIT ( ) NAMED_UNIT ( * ) SI_UNIT ( .MILLI., .METRE. ) );
#2122 =( NAMED_UNIT ( * ) SI_UNIT ( $, .STERADIAN. ) SOLID_ANGLE_UNIT ( ) );
#2123 =( NAMED_UNIT ( * ) SI_UNIT ( $, .STERADIAN. ) SOLID_ANGLE_UNIT ( ) );
#2124 = VERTEX_POINT ( 'NONE', #8204 ) ;
#2125 = LINE ( 'NONE', #9243, #5089 ) ;
#2126 = DIRECTION ( 'NONE',  ( -0.8756075530290937659, -0.4826932479921549612, -0.01785052999736495838 ) ) ;
#2127 = AXIS2_PLACEMENT_3D ( 'NONE', #4620, #8332, #1686 ) ;
#2128 = FACE_OUTER_BOUND ( 'NONE', #6457, .T. ) ;
#2129 = CARTESIAN_POINT ( 'NONE',  ( -0.03800483843820809393, -0.01331927728123841886, -0.2135390282221459324 ) ) ;
#2130 = CARTESIAN_POINT ( 'NONE',  ( 0.1244805217859632079, -0.1700000000000000122, 0.08245206481447017732 ) ) ;
#2131 = CARTESIAN_POINT ( 'NONE',  ( 0.04363721792942096972, 0.02265612795029536136, -0.2092166762030485960 ) ) ;
#2132 = ORIENTED_EDGE ( 'NONE', *, *, #736, .F. ) ;
#2133 = ORIENTED_EDGE ( 'NONE', *, *, #4234, .F. ) ;
#2134 = CARTESIAN_POINT ( 'NONE',  ( 0.02608141810279529169, 0.1083392664942441630, 0.1057715460922218353 ) ) ;
#2135 = CARTESIAN_POINT ( 'NONE',  ( 0.05485541944667141068, 0.06506660294387250909, -0.1092844963956782350 ) ) ;
#2136 = ORIENTED_EDGE ( 'NONE', *, *, #8540, .T. ) ;
#2137 = LINE ( 'NONE', #5336, #2590 ) ;
#2138 = B_SPLINE_CURVE_WITH_KNOTS ( 'NONE', 3,
 ( #3802, #1637, #7361, #6005, #6767, #7490, #8224, #1502, #2248, #2970, #249 ),
 .UNSPECIFIED., .F., .F.,
 ( 4, 1, 1, 1, 1, 1, 1, 1, 4 ),
 ( 0.000000000000000000, 0.1274639945884469550, 0.2621587074575456033, 0.4330378518549585221, 0.4971100557800188779, 0.5846169476978876345, 0.7491849293604234683, 0.8454087080526230258, 0.8813923682364565027 ),
 .UNSPECIFIED. ) ;
#2139 = CARTESIAN_POINT ( 'NONE',  ( 0.08869948980913960890, -0.2100000000000000477, -0.02739082947506822976 ) ) ;
#2140 = CARTESIAN_POINT ( 'NONE',  ( -0.1238005797127327279, -0.1806307893519432384, -0.08121967023879057834 ) ) ;
#2141 = DIRECTION ( 'NONE',  ( -0.02362802936328045264, -0.0001592579951470475812, -0.9997208064581327713 ) ) ;
#2142 = COLOUR_RGB ( '',1.000000000000000000, 1.000000000000000000, 1.000000000000000000 ) ;
#2143 = ORIENTED_EDGE ( 'NONE', *, *, #6705, .T. ) ;
#2144 =( GEOMETRIC_REPRESENTATION_CONTEXT ( 3 ) GLOBAL_UNCERTAINTY_ASSIGNED_CONTEXT ( ( #8587 ) ) GLOBAL_UNIT_ASSIGNED_CONTEXT ( ( #408, #6368, #7761 ) ) REPRESENTATION_CONTEXT ( 'NONE', 'WORKASPACE' ) );
#2145 =( NAMED_UNIT ( * ) PLANE_ANGLE_UNIT ( ) SI_UNIT ( $, .RADIAN. ) );
#2146 = CARTESIAN_POINT ( 'NONE',  ( 0.02207025368785180477, 0.08446481330335606219, -0.1597072464127865798 ) ) ;
#2147 = PRESENTATION_STYLE_ASSIGNMENT (( #7060 ) ) ;
#2148 = ORIENTED_EDGE ( 'NONE', *, *, #1229, .F. ) ;
#2149 = SURFACE_STYLE_USAGE ( .BOTH. , #709 ) ;
#2150 = STYLED_ITEM ( 'NONE', ( #2593 ), #5397 ) ;
#2151 = CARTESIAN_POINT ( 'NONE',  ( 0.004359783777142589752, -0.1770022647352252065, -0.1328260867731301809 ) ) ;
#2152 = LINE ( 'NONE', #3847, #8090 ) ;
#2153 = ORIENTED_EDGE ( 'NONE', *, *, #7023, .T. ) ;
#2154 = UNCERTAINTY_MEASURE_WITH_UNIT (LENGTH_MEASURE( 1.000000000000000082E-05 ), #2827, 'distance_accuracy_value', 'NONE');
#2155 = DIRECTION ( 'NONE',  ( -0.6478960474732828878, 0.000000000000000000, -0.7617287651575839202 ) ) ;
#2156 = CARTESIAN_POINT ( 'NONE',  ( 0.006563881463434948979, 0.08446495496867284514, 0.1602950706623608168 ) ) ;
#2157 = CARTESIAN_POINT ( 'NONE',  ( -0.04761343119214226510, 0.1135141182547868416, -0.05335612357712406217 ) ) ;
#2158 = FILL_AREA_STYLE ('',( #5026 ) ) ;
#2159 = CARTESIAN_POINT ( 'NONE',  ( -0.008510188100590142246, 0.04689490203137950536, 0.05297780866287567919 ) ) ;
#2160 = B_SPLINE_CURVE_WITH_KNOTS ( 'NONE', 3,
 ( #786, #1759, #5406, #302, #5341, #6141, #3272 ),
 .UNSPECIFIED., .F., .F.,
 ( 4, 3, 4 ),
 ( 2.282414583147473827E-14, 4.991223793194164493E-06, 6.657429615989134957E-06 ),
 .UNSPECIFIED. ) ;
#2161 = CARTESIAN_POINT ( 'NONE',  ( 0.03293177397480613611, -0.1600107094390354201, 0.1949958165549570133 ) ) ;
#2162 =( GEOMETRIC_REPRESENTATION_CONTEXT ( 3 ) GLOBAL_UNCERTAINTY_ASSIGNED_CONTEXT ( ( #261 ) ) GLOBAL_UNIT_ASSIGNED_CONTEXT ( ( #1807, #5560, #4061 ) ) REPRESENTATION_CONTEXT ( 'NONE', 'WORKASPACE' ) );
#2163 = FILL_AREA_STYLE ('',( #7242 ) ) ;
#2164 = FACE_OUTER_BOUND ( 'NONE', #7966, .T. ) ;
#2165 = STYLED_ITEM ( 'NONE', ( #1641 ), #7033 ) ;
#2166 = CARTESIAN_POINT ( 'NONE',  ( -0.004062266162458268333, 0.06439761895397089209, 0.1633370335461564182 ) ) ;
#2167 = ORIENTED_EDGE ( 'NONE', *, *, #4724, .F. ) ;
#2168 = VERTEX_POINT ( 'NONE', #4422 ) ;
#2169 = DIRECTION ( 'NONE',  ( -0.8218505135806247752, 0.5683293225068334342, 0.03954130127078386847 ) ) ;
#2170 = CARTESIAN_POINT ( 'NONE',  ( 0.04747615596063559790, -0.03232268158606577818, -0.1792538099493989345 ) ) ;
#2171 = CARTESIAN_POINT ( 'NONE',  ( -0.1210718620247217547, -0.1735372582328818247, -0.04574611991424979568 ) ) ;
#2172 = EDGE_CURVE ( 'NONE', #3413, #5374, #2458, .T. ) ;
#2173 = CARTESIAN_POINT ( 'NONE',  ( 0.05477856561768410654, 0.06507423563584993631, -0.1094215215924441292 ) ) ;
#2174 =( NAMED_UNIT ( * ) PLANE_ANGLE_UNIT ( ) SI_UNIT ( $, .RADIAN. ) );
#2175 = TOROIDAL_SURFACE ( 'NONE', #9149, 0.02002185467385525844, 0.01499999999999999598 ) ;
#2176 = ORIENTED_EDGE ( 'NONE', *, *, #4003, .T. ) ;
#2177 = EDGE_LOOP ( 'NONE', ( #9024, #7554, #5758, #5531, #151, #6605 ) ) ;
#2178 = DIRECTION ( 'NONE',  ( 0.5335477900353226000, 0.000000000000000000, -0.8457699189191014710 ) ) ;
#2179 = PRESENTATION_LAYER_ASSIGNMENT (  '', '', ( #7253 ) ) ;
#2180 = CARTESIAN_POINT ( 'NONE',  ( -0.06742230392339594591, -0.1600000000000000866, 0.1799999999999999101 ) ) ;
#2181 = CARTESIAN_POINT ( 'NONE',  ( 0.1988062389287093279, -0.1550000000000001377, 0.08175643111878472258 ) ) ;
#2182 = CARTESIAN_POINT ( 'NONE',  ( 0.01549206093043245872, 0.05582483189794655576, 0.1604710305973889306 ) ) ;
#2183 = CARTESIAN_POINT ( 'NONE',  ( 0.1220874158388037117, -0.1817193206404729977, 0.04477311891412620593 ) ) ;
#2184 = COLOUR_RGB ( '',1.000000000000000000, 1.000000000000000000, 1.000000000000000000 ) ;
#2185 = VERTEX_POINT ( 'NONE', #5161 ) ;
#2186 = EDGE_CURVE ( 'NONE', #3738, #821, #3914, .T. ) ;
#2187 = VERTEX_POINT ( 'NONE', #7341 ) ;
#2188 = CARTESIAN_POINT ( 'NONE',  ( 0.01116353521811892444, 0.08446485103238228487, 0.05418747179559656874 ) ) ;
#2189 = CARTESIAN_POINT ( 'NONE',  ( 0.01549206093043245872, 0.05582483189794655576, 0.1604710305973889306 ) ) ;
#2190 = CARTESIAN_POINT ( 'NONE',  ( 0.03882841321154756331, 0.07849138835906371847, -0.05417481111629973006 ) ) ;
#2191 = CARTESIAN_POINT ( 'NONE',  ( -0.05909732164207005117, 0.1135140689094221306, 0.1599809870960241243 ) ) ;
#2192 = EDGE_CURVE ( 'NONE', #3401, #4323, #4989, .T. ) ;
#2193 = CARTESIAN_POINT ( 'NONE',  ( 0.05742032090159458757, -0.1799999738088588763, -0.05261484329394443271 ) ) ;
#2194 = CARTESIAN_POINT ( 'NONE',  ( 0.05873526738759401317, -0.1800000000000000488, -0.02592593678564418871 ) ) ;
#2195 = SURFACE_STYLE_USAGE ( .BOTH. , #5817 ) ;
#2196 = TOROIDAL_SURFACE ( 'NONE', #1161, 0.02002185467385525844, 0.01499999999999999598 ) ;
#2197 = CARTESIAN_POINT ( 'NONE',  ( -0.01607771398486724373, 0.06262975603857709461, 0.1930789133462541274 ) ) ;
#2198 = CARTESIAN_POINT ( 'NONE',  ( 0.08389038831875077207, -0.1595663679132588164, -0.1507833239474298814 ) ) ;
#2199 = EDGE_CURVE ( 'NONE', #3541, #7726, #511, .T. ) ;
#2200 = SURFACE_STYLE_USAGE ( .BOTH. , #6636 ) ;
#2201 = CARTESIAN_POINT ( 'NONE',  ( -0.1199206724865640172, -0.1919915336445396636, -0.07192364063416997744 ) ) ;
#2202 = CARTESIAN_POINT ( 'NONE',  ( 0.05451771903772177630, 0.06509997830562523624, -0.1090900574408971979 ) ) ;
#2203 = CARTESIAN_POINT ( 'NONE',  ( -0.05938439204331855820, 0.07275956983467629646, -0.05407232402845882357 ) ) ;
#2204 = CARTESIAN_POINT ( 'NONE',  ( 0.05342245509936370540, -0.1499999767357093616, -0.1596407855061202086 ) ) ;
#2205 = PRESENTATION_LAYER_ASSIGNMENT (  '', '', ( #833 ) ) ;
#2206 = DIRECTION ( 'NONE',  ( 0.000000000000000000, 0.000000000000000000, -1.000000000000000000 ) ) ;
#2207 =( GEOMETRIC_REPRESENTATION_CONTEXT ( 3 ) GLOBAL_UNCERTAINTY_ASSIGNED_CONTEXT ( ( #4132 ) ) GLOBAL_UNIT_ASSIGNED_CONTEXT ( ( #2604, #7793, #3285 ) ) REPRESENTATION_CONTEXT ( 'NONE', 'WORKASPACE' ) );
#2208 = CARTESIAN_POINT ( 'NONE',  ( -0.007296395382846155610, 0.09499303869986533422, 0.1600132166784632437 ) ) ;
#2209 = CIRCLE ( 'NONE', #5018, 0.01499999999999999251 ) ;
#2210 = DIRECTION ( 'NONE',  ( 1.000000000000000000, 0.000000000000000000, 0.000000000000000000 ) ) ;
#2211 = CARTESIAN_POINT ( 'NONE',  ( 0.007107306169619426010, 0.08447173138404535930, 0.1338269443907603162 ) ) ;
#2212 = ADVANCED_FACE ( 'NONE', ( #3289 ), #8320, .T. ) ;
#2213 = CARTESIAN_POINT ( 'NONE',  ( -0.1181273583841139785, -0.1600000000000000311, -0.07407182481331292534 ) ) ;
#2214 = CARTESIAN_POINT ( 'NONE',  ( -0.05908070002190413811, 0.06000941012645298611, 0.1949968452518758832 ) ) ;
#2215 = CARTESIAN_POINT ( 'NONE',  ( -0.1149999999999999911, -0.1199999999999999956, -0.2000000000000000666 ) ) ;
#2216 = STYLED_ITEM ( 'NONE', ( #2112 ), #6642 ) ;
#2217 =( NAMED_UNIT ( * ) PLANE_ANGLE_UNIT ( ) SI_UNIT ( $, .RADIAN. ) );
#2218 = UNCERTAINTY_MEASURE_WITH_UNIT (LENGTH_MEASURE( 1.000000000000000082E-05 ), #1257, 'distance_accuracy_value', 'NONE');
#2219 = CARTESIAN_POINT ( 'NONE',  ( -0.05424407178639067267, 0.04433031392871654430, -0.1734384156922617604 ) ) ;
#2220 = EDGE_CURVE ( 'NONE', #549, #5802, #9056, .T. ) ;
#2221 = CARTESIAN_POINT ( 'NONE',  ( -0.04396866915088002564, 0.08724864394693580827, 0.1285857063507560849 ) ) ;
#2222 = CARTESIAN_POINT ( 'NONE',  ( -0.03210506555899409614, -0.1599857055168054931, -0.1599844472747598279 ) ) ;
#2223 = ORIENTED_EDGE ( 'NONE', *, *, #6288, .F. ) ;
#2224 = CARTESIAN_POINT ( 'NONE',  ( -0.05647067506860625058, 0.07277320431515266197, -0.1071850233187526952 ) ) ;
#2225 = CARTESIAN_POINT ( 'NONE',  ( 0.03210509325080170701, -0.1599857056563633306, 0.1599844460355385745 ) ) ;
#2226 = CARTESIAN_POINT ( 'NONE',  ( 0.04286993962280458842, 0.04103539296628128108, -0.2092167229009034568 ) ) ;
#2227 = PRESENTATION_LAYER_ASSIGNMENT (  '', '', ( #8291 ) ) ;
#2228 = CARTESIAN_POINT ( 'NONE',  ( 0.05463945665826356463, 0.06508799549000218732, -0.1093767015404756709 ) ) ;
#2229 = CARTESIAN_POINT ( 'NONE',  ( 0.1210718620247217547, -0.1735372582328822688, 0.04574611991424980956 ) ) ;
#2230 = FILL_AREA_STYLE ('',( #8830 ) ) ;
#2231 = CIRCLE ( 'NONE', #616, 0.01499999999999999598 ) ;
#2232 = CIRCLE ( 'NONE', #2574, 0.005021137786436698919 ) ;
#2233 = ORIENTED_EDGE ( 'NONE', *, *, #2546, .T. ) ;
#2234 = EDGE_CURVE ( 'NONE', #5036, #9001, #6960, .T. ) ;
#2235 =( NAMED_UNIT ( * ) SI_UNIT ( $, .STERADIAN. ) SOLID_ANGLE_UNIT ( ) );
#2236 =( NAMED_UNIT ( * ) PLANE_ANGLE_UNIT ( ) SI_UNIT ( $, .RADIAN. ) );
#2237 = CARTESIAN_POINT ( 'NONE',  ( -0.2650000000000000133, 0.05000000000000002359, -0.2000000000000000111 ) ) ;
#2238 =( LENGTH_UNIT ( ) NAMED_UNIT ( * ) SI_UNIT ( .MILLI., .METRE. ) );
#2239 = CARTESIAN_POINT ( 'NONE',  ( -0.07519379774260888383, -0.03109362048599495151, 0.1720995094240694578 ) ) ;
#2240 = COLOUR_RGB ( '',1.000000000000000000, 1.000000000000000000, 0.5019607843137254832 ) ;
#2241 = CARTESIAN_POINT ( 'NONE',  ( 0.03973868508644561037, -0.1536131622256647067, -0.1340129572640758049 ) ) ;
#2242 = EDGE_CURVE ( 'NONE', #306, #7395, #4187, .T. ) ;
#2243 = VERTEX_POINT ( 'NONE', #5323 ) ;
#2244 = LINE ( 'NONE', #3345, #982 ) ;
#2245 = AXIS2_PLACEMENT_3D ( 'NONE', #6190, #8269, #6124 ) ;
#2246 = CARTESIAN_POINT ( 'NONE',  ( -0.04293327318355420058, 0.08724051481300287847, 0.1072416323611428829 ) ) ;
#2247 = CARTESIAN_POINT ( 'NONE',  ( 0.1237912600538219193, -0.1794017059727230357, 0.08120172720661296417 ) ) ;
#2248 = CARTESIAN_POINT ( 'NONE',  ( 0.1339912417916209464, -0.1550000000000000266, 0.09659493930342560875 ) ) ;
#2249 = DIRECTION ( 'NONE',  ( 1.000000000000000000, 0.000000000000000000, 0.000000000000000000 ) ) ;
#2250 = B_SPLINE_CURVE_WITH_KNOTS ( 'NONE', 3,
 ( #4912, #2732, #2098, #9244, #4880, #3497, #7857, #7884, #6432, #9299, #4938, #542, #5669, #6405, #8601, #9330, #3534, #8631, #4253, #9362, #5763, #4326, #2860, #6634, #8794, #9457, #30, #4390, #5035, #3626, #5128, #5063, #7983, #1376, #767, #726, #5156, #4361, #636, #1510, #5822, #668, #1411, #2980, #8107, #1449, #6562, #6503, #3593, #2351, #6016, #5260, #6775, #7535, #3846, #8233, #5289, #899, #4449, #6703, #67, #861, #3149, #3079, #7467, #6811, #3809, #2419, #2390, #3013, #1588, #2322, #4480, #3113, #931, #8951, #6740, #7501, #7400, #3046, #8891, #4581, #5189, #5222, #195, #5318, #6056, #8201, #3719, #1614, #1684, #795, #5919, #6668 ),
 .UNSPECIFIED., .F., .F.,
 ( 4, 3, 3, 3, 3, 3, 3, 3, 3, 3, 3, 3, 3, 3, 3, 3, 3, 3, 3, 3, 3, 3, 3, 3, 3, 3, 3, 3, 3, 3, 3, 4 ),
 ( 5.827641659771995400E-15, 3.000092585543912693E-05, 9.000851001099586114E-05, 0.0001500108035216564742, 0.0001800106555291746497, 0.0002400103437463436734, 0.0002572768250917123684, 0.0002638958858460293904, 0.0002669978844188223492, 0.0002685199402684298976, 0.0002692798506092104901, 0.0002695365113256835247, 0.0002697115218674262871, 0.0002698309884761597400, 0.0002699129496803197629, 0.0002699914428237801104, 0.0002700285178854960541, 0.0002700580681416510083, 0.0002700781743420928305, 0.0002700984114087308960, 0.0002701226380777753768, 0.0002701641876859978576, 0.0002702959233035397298, 0.0002709062268675195735, 0.0002733280066770275656, 0.0002829995434199700797, 0.0003216755068188780430, 0.0003603429937516602118, 0.0003990094390155884507, 0.0004376753521482497421, 0.0004763414045994243565, 0.0005444268287360696590 ),
 .UNSPECIFIED. ) ;
#2251 = DIRECTION ( 'NONE',  ( 0.000000000000000000, 0.000000000000000000, 1.000000000000000000 ) ) ;
#2252 = ORIENTED_EDGE ( 'NONE', *, *, #9017, .F. ) ;
#2253 = EDGE_CURVE ( 'NONE', #8975, #7656, #4788, .T. ) ;
#2254 = ORIENTED_EDGE ( 'NONE', *, *, #6848, .F. ) ;
#2255 = ORIENTED_EDGE ( 'NONE', *, *, #2665, .T. ) ;
#2256 = LINE ( 'NONE', #1259, #4293 ) ;
#2257 =( GEOMETRIC_REPRESENTATION_CONTEXT ( 3 ) GLOBAL_UNCERTAINTY_ASSIGNED_CONTEXT ( ( #2909 ) ) GLOBAL_UNIT_ASSIGNED_CONTEXT ( ( #6877, #6178, #6145 ) ) REPRESENTATION_CONTEXT ( 'NONE', 'WORKASPACE' ) );
#2258 = CARTESIAN_POINT ( 'NONE',  ( -0.01295468330951843154, 0.06313869505075389577, 0.1943458620847196561 ) ) ;
#2259 =( LENGTH_UNIT ( ) NAMED_UNIT ( * ) SI_UNIT ( .MILLI., .METRE. ) );
#2260 = CARTESIAN_POINT ( 'NONE',  ( 0.07981676973540997866, -0.08600596400996664281, -0.1807461978869688846 ) ) ;
#2261 = DIRECTION ( 'NONE',  ( -3.614007241618348278E-16, 0.000000000000000000, 1.000000000000000000 ) ) ;
#2262 = CARTESIAN_POINT ( 'NONE',  ( -0.1227928440324038001, -0.1857602049243425590, -0.07925355877265179150 ) ) ;
#2263 = CARTESIAN_POINT ( 'NONE',  ( 0.001706205888046798342, 0.05978448395812287902, -0.1472126417067930182 ) ) ;
#2264 = CARTESIAN_POINT ( 'NONE',  ( -0.05775314023913770412, 0.07999999999999993228, 0.1599999999999999756 ) ) ;
#2265 = CARTESIAN_POINT ( 'NONE',  ( -0.06917882806347422364, 0.07275956946719475127, 0.1060121954197597721 ) ) ;
#2266 = CARTESIAN_POINT ( 'NONE',  ( 0.01901708071834672803, -0.01245429388155032055, 0.2073881565720247511 ) ) ;
#2267 = ORIENTED_EDGE ( 'NONE', *, *, #2788, .T. ) ;
#2268 = FILL_AREA_STYLE ('',( #8052 ) ) ;
#2269 = CARTESIAN_POINT ( 'NONE',  ( -0.1149999999999999772, -0.1700000000000000122, 0.2000000000000000111 ) ) ;
#2270 = CARTESIAN_POINT ( 'NONE',  ( -0.04731139758500389758, 0.02281287462209763417, 0.1879005367437291407 ) ) ;
#2271 = CIRCLE ( 'NONE', #8347, 0.005021852419134921475 ) ;
#2272 = MECHANICAL_DESIGN_GEOMETRIC_PRESENTATION_REPRESENTATION (  '', ( #2744 ), #4588 ) ;
#2273 = CARTESIAN_POINT ( 'NONE',  ( 0.007107306169619426010, 0.08447173138404535930, 0.1338269443907603162 ) ) ;
#2274 = CARTESIAN_POINT ( 'NONE',  ( -0.04224685976086223899, 0.08000000000000004330, -0.1599999999999999756 ) ) ;
#2275 = CARTESIAN_POINT ( 'NONE',  ( 0.004769551821141166693, 0.06534415071158297672, 0.1864237489005722281 ) ) ;
#2276 = SURFACE_STYLE_FILL_AREA ( #5111 ) ;
#2277 = ORIENTED_EDGE ( 'NONE', *, *, #8775, .F. ) ;
#2278 = CLOSED_SHELL ( 'NONE', ( #4818, #1545, #4857, #3331, #8455, #6928, #7358, #6689, #5524, #4466, #8760, #1559, #2991, #5195, #8401, #9176, #1021, #772, #6642, #5958, #5297, #3190, #7456, #1892, #5436, #9252, #9029, #2607, #2843, #2519, #9069, #324, #4572, #2983, #1067, #8173, #146, #6342, #3853, #2284, #3799, #812, #3392, #2697, #9442, #7654, #6003, #2331, #4329, #8832, #5616, #8220, #6796, #8929, #3946, #1844, #3899, #9116, #201, #8967, #5909, #7033, #1159, #1949, #1103, #6943, #3396, #871, #7410, #4087 ) ) ;
#2279 = UNCERTAINTY_MEASURE_WITH_UNIT (LENGTH_MEASURE( 1.000000000000000082E-05 ), #2865, 'distance_accuracy_value', 'NONE');
#2280 = MECHANICAL_DESIGN_GEOMETRIC_PRESENTATION_REPRESENTATION (  '', ( #584 ), #3257 ) ;
#2281 = CARTESIAN_POINT ( 'NONE',  ( 0.04184044750494803760, 0.04864350985480373618, -0.05399600537057213517 ) ) ;
#2282 = CARTESIAN_POINT ( 'NONE',  ( -0.06630129302892405485, 0.05550562258675670324, 0.1669418951872109202 ) ) ;
#2283 = CARTESIAN_POINT ( 'NONE',  ( 0.03626188585998864344, -0.2123950751053980679, 0.05289149633057709660 ) ) ;
#2284 = ADVANCED_FACE ( 'NONE', ( #1102 ), #8881, .T. ) ;
#2285 = CARTESIAN_POINT ( 'NONE',  ( 0.03034303733933077507, 0.04864341698340243769, 0.1597475851036911088 ) ) ;
#2286 = CARTESIAN_POINT ( 'NONE',  ( -0.06452373603752792341, 0.07275950614702159092, 0.02579026958041856499 ) ) ;
#2287 = ORIENTED_EDGE ( 'NONE', *, *, #4648, .F. ) ;
#2288 = EDGE_LOOP ( 'NONE', ( #1185, #7044, #4817 ) ) ;
#2289 = CARTESIAN_POINT ( 'NONE',  ( -0.03873508272332532726, -0.01335049549940717055, -0.1464609709368047963 ) ) ;
#2290 = DIRECTION ( 'NONE',  ( -0.8457699189191015821, 0.000000000000000000, -0.5335477900353224889 ) ) ;
#2291 = CARTESIAN_POINT ( 'NONE',  ( 0.08389038831875077207, -0.1595663679132588164, -0.1507833239474298814 ) ) ;
#2292 = CARTESIAN_POINT ( 'NONE',  ( -0.06985858275620630831, 0.09903328481367332237, -0.1605716838549241521 ) ) ;
#2293 = AXIS2_PLACEMENT_3D ( 'NONE', #2449, #9020, #343 ) ;
#2294 = COLOUR_RGB ( '',1.000000000000000000, 1.000000000000000000, 0.5019607843137254832 ) ;
#2295 = CARTESIAN_POINT ( 'NONE',  ( -0.06782637479816570891, 0.05918918710087352902, -0.2004157815677239385 ) ) ;
#2296 = CARTESIAN_POINT ( 'NONE',  ( 0.04398355298859910056, 0.06592888908184736663, -0.1830800291820290915 ) ) ;
#2297 = CARTESIAN_POINT ( 'NONE',  ( 0.06057983685392584472, 0.05941001278016737330, 0.1526118437269382011 ) ) ;
#2298 = ORIENTED_EDGE ( 'NONE', *, *, #1029, .F. ) ;
#2299 =( LENGTH_UNIT ( ) NAMED_UNIT ( * ) SI_UNIT ( .MILLI., .METRE. ) );
#2300 = EDGE_CURVE ( 'NONE', #2340, #4080, #287, .T. ) ;
#2301 = CARTESIAN_POINT ( 'NONE',  ( -0.01246783144895670728, 0.06011253546178475099, 0.1466632757714832480 ) ) ;
#2302 = CIRCLE ( 'NONE', #7313, 0.01500000000000000291 ) ;
#2303 = STYLED_ITEM ( 'NONE', ( #7699 ), #4035 ) ;
#2304 = CARTESIAN_POINT ( 'NONE',  ( 0.05469489186670584147, 0.1113633691429880279, 0.1337463621646574896 ) ) ;
#2305 = CARTESIAN_POINT ( 'NONE',  ( 0.1221691108118792973, -0.1800000000072704831, 0.04470776666783285447 ) ) ;
#2306 = ORIENTED_EDGE ( 'NONE', *, *, #2722, .T. ) ;
#2307 = CARTESIAN_POINT ( 'NONE',  ( -0.2325630728473178921, 0.04653785154078909914, 0.2000000000000000111 ) ) ;
#2308 = PRESENTATION_STYLE_ASSIGNMENT (( #5081 ) ) ;
#2309 = CARTESIAN_POINT ( 'NONE',  ( 0.1525014675670199049, -0.2300000000000000655, 0.1230518830271274400 ) ) ;
#2310 = CARTESIAN_POINT ( 'NONE',  ( -0.002276752924400113690, -0.2063910517771361253, -0.1595150585194415327 ) ) ;
#2311 =( NAMED_UNIT ( * ) SI_UNIT ( $, .STERADIAN. ) SOLID_ANGLE_UNIT ( ) );
#2312 = CARTESIAN_POINT ( 'NONE',  ( 0.01802111689646825748, 0.08446493565238885615, -0.05241436003526540877 ) ) ;
#2313 = DIRECTION ( 'NONE',  ( -0.03046991852340176499, 0.9995356842380251905, 0.000000000000000000 ) ) ;
#2314 = CARTESIAN_POINT ( 'NONE',  ( 0.1177162586463843807, -0.1649665359981794810, 0.05798526095103179873 ) ) ;
#2315 = AXIS2_PLACEMENT_3D ( 'NONE', #5751, #1368, #5054 ) ;
#2316 = CARTESIAN_POINT ( 'NONE',  ( -0.02774434096253396501, 0.06041101723250457550, -0.1865616235374173149 ) ) ;
#2317 = CARTESIAN_POINT ( 'NONE',  ( 0.04815261684131746933, -0.01391005813347884895, -0.1492909596999641986 ) ) ;
#2318 = CARTESIAN_POINT ( 'NONE',  ( -0.04492967602188336490, 0.04648596662705563320, -0.05319930092437843983 ) ) ;
#2319 = PRESENTATION_STYLE_ASSIGNMENT (( #144 ) ) ;
#2320 = CARTESIAN_POINT ( 'NONE',  ( 0.2119780917785163421, -0.1600000000000000311, 0.1558400173204970429 ) ) ;
#2321 = DIRECTION ( 'NONE',  ( -0.9681504581799913467, -0.02951385928972328695, 0.2486234551197842035 ) ) ;
#2322 = CARTESIAN_POINT ( 'NONE',  ( 0.05515501427055449768, 0.06503664515896369347, -0.1071200581419696346 ) ) ;
#2323 = EDGE_CURVE ( 'NONE', #6024, #2819, #2244, .T. ) ;
#2324 =( LENGTH_UNIT ( ) NAMED_UNIT ( * ) SI_UNIT ( .MILLI., .METRE. ) );
#2325 = CARTESIAN_POINT ( 'NONE',  ( 0.1179427718722918100, -0.1942562108615663585, 0.05426147148450569807 ) ) ;
#2326 = CARTESIAN_POINT ( 'NONE',  ( -0.1149999999999999911, -0.1799999999999998546, -0.04018518524012758275 ) ) ;
#2328 =( BOUNDED_SURFACE ( )  B_SPLINE_SURFACE ( 3, 3, ( 
 ( #7374, #7248, #7989, #8022, #2989, #75 ),
 ( #1454, #8737, #5194, #699, #3597, #2204 ),
 ( #7316, #8703, #801, #8050, #1558, #2866 ),
 ( #1485, #4333, #9430, #5067, #674, #6671 ),
 ( #2394, #3018, #869, #5988, #1688, #2427 ),
 ( #4484, #832, #8928, #1620, #4559, #5844 ),
 ( #1542, #2194, #8040, #1799, #4768, #8403 ) ),
 .UNSPECIFIED., .T., .F., .F. ) 
 B_SPLINE_SURFACE_WITH_KNOTS ( ( 4, 3, 4 ),
 ( 4, 2, 4 ),
 ( 0.000000000000000000, 0.5000000000000000000, 1.000000000000000000 ),
 ( 0.000000000000000000, 0.02211751165507405692, 0.04423417748022917539 ),
 .UNSPECIFIED. ) 
 GEOMETRIC_REPRESENTATION_ITEM ( )  RATIONAL_B_SPLINE_SURFACE ( (
 ( 1.000000000000000000, 1.000000000000000000, 1.000000000000000000, 1.000000000000000000, 1.000000000000000000, 1.000000000000000000),
 ( 0.3333333333333333703, 0.3333333333333333703, 0.3333333333333333703, 0.3333333333333333703, 0.3333333333333333703, 0.3333333333333333703),
 ( 0.3333333333333333703, 0.3333333333333333703, 0.3333333333333333703, 0.3333333333333333703, 0.3333333333333333703, 0.3333333333333333703),
 ( 1.000000000000000000, 1.000000000000000000, 1.000000000000000000, 1.000000000000000000, 1.000000000000000000, 1.000000000000000000),
 ( 0.3333333333333333703, 0.3333333333333333703, 0.3333333333333333703, 0.3333333333333333703, 0.3333333333333333703, 0.3333333333333333703),
 ( 0.3333333333333333703, 0.3333333333333333703, 0.3333333333333333703, 0.3333333333333333703, 0.3333333333333333703, 0.3333333333333333703),
 ( 1.000000000000000000, 1.000000000000000000, 1.000000000000000000, 1.000000000000000000, 1.000000000000000000, 1.000000000000000000) ) ) 
 REPRESENTATION_ITEM ( '' )  SURFACE ( )  );
#2327 = CARTESIAN_POINT ( 'NONE',  ( -0.03021488882206823517, 0.08725415704604817801, -0.1060435389906886766 ) ) ;
#2329 = AXIS2_PLACEMENT_3D ( 'NONE', #4319, #8013, #2251 ) ;
#2330 = SURFACE_STYLE_FILL_AREA ( #4940 ) ;
#2331 = ADVANCED_FACE ( 'NONE', ( #1786 ), #1211, .T. ) ;
#2332 = CARTESIAN_POINT ( 'NONE',  ( 0.008773220037500379515, 0.06000000000000001166, -0.1799999999999997713 ) ) ;
#2333 = AXIS2_PLACEMENT_3D ( 'NONE', #68, #2261, #797 ) ;
#2334 = CARTESIAN_POINT ( 'NONE',  ( 0.03373482484458720232, 0.07849132467248870482, 0.02568504823611458820 ) ) ;
#2335 = CARTESIAN_POINT ( 'NONE',  ( -0.05940865522617085753, -0.03180107987498257544, 0.1465979608126706801 ) ) ;
#2336 = CARTESIAN_POINT ( 'NONE',  ( -0.06981461619190469647, 0.04996306946909345736, 0.2000000000000000111 ) ) ;
#2337 = CARTESIAN_POINT ( 'NONE',  ( -0.1655526671241021874, -0.2299999999999999545, -0.05290356562635827736 ) ) ;
#2338 = PRESENTATION_STYLE_ASSIGNMENT (( #1808 ) ) ;
#2339 = CARTESIAN_POINT ( 'NONE',  ( -0.05029828997623975867, 0.05682354301859027929, 0.1675736321200850254 ) ) ;
#2340 = VERTEX_POINT ( 'NONE', #7605 ) ;
#2341 = MECHANICAL_DESIGN_GEOMETRIC_PRESENTATION_REPRESENTATION (  '', ( #5571 ), #3323 ) ;
#2342 = AXIS2_PLACEMENT_3D ( 'NONE', #2225, #1508, #1409 ) ;
#2343 = CARTESIAN_POINT ( 'NONE',  ( 0.06642621907098686385, 0.06367249539471908637, -0.1927652181807932019 ) ) ;
#2344 = CARTESIAN_POINT ( 'NONE',  ( -0.03719114621028205697, -0.03164963153062511775, -0.2135390206833253368 ) ) ;
#2345 = ORIENTED_EDGE ( 'NONE', *, *, #7781, .T. ) ;
#2346 = CARTESIAN_POINT ( 'NONE',  ( 0.04661945790637363196, 0.02277800901556836788, -0.1492909605410061014 ) ) ;
#2347 = CARTESIAN_POINT ( 'NONE',  ( -0.04090336335639098431, 0.04648591774656209846, -0.1599638320449967566 ) ) ;
#2348 = FACE_OUTER_BOUND ( 'NONE', #681, .T. ) ;
#2349 = CARTESIAN_POINT ( 'NONE',  ( 0.05654193078579020093, 0.06489361959213071906, -0.1612817465274334339 ) ) ;
#2350 = CARTESIAN_POINT ( 'NONE',  ( 0.02354677466976643277, -0.01266044815156360664, 0.1777328124504940765 ) ) ;
#2351 = CARTESIAN_POINT ( 'NONE',  ( 0.05468916458770611833, 0.06508308658759563714, -0.1094297500830115760 ) ) ;
#2352 = ORIENTED_EDGE ( 'NONE', *, *, #692, .T. ) ;
#2353 = SURFACE_STYLE_USAGE ( .BOTH. , #3220 ) ;
#2354 = CARTESIAN_POINT ( 'NONE',  ( -0.1210718620247217825, -0.1600000000000000311, -0.04574611991424980956 ) ) ;
#2355 = CARTESIAN_POINT ( 'NONE',  ( 0.1237569752400657225, -0.1810386614427732244, 0.08113752961412550035 ) ) ;
#2356 = CARTESIAN_POINT ( 'NONE',  ( -0.1193599971620855488, 0.06125541830057124743, 0.2000000000000000111 ) ) ;
#2357 = FACE_OUTER_BOUND ( 'NONE', #1610, .T. ) ;
#2358 = CARTESIAN_POINT ( 'NONE',  ( 0.06855585441574435501, 0.1113702190596875113, -0.1060942471779710711 ) ) ;
#2359 = EDGE_CURVE ( 'NONE', #7512, #4259, #2921, .T. ) ;
#2360 =( LENGTH_UNIT ( ) NAMED_UNIT ( * ) SI_UNIT ( .MILLI., .METRE. ) );
#2361 = ORIENTED_EDGE ( 'NONE', *, *, #2199, .F. ) ;
#2362 = ORIENTED_EDGE ( 'NONE', *, *, #5028, .F. ) ;
#2363 = CARTESIAN_POINT ( 'NONE',  ( 0.07514967769977067003, 0.06630592832535872616, 0.2000000000000000111 ) ) ;
#2364 = VERTEX_POINT ( 'NONE', #3164 ) ;
#2365 = COLOUR_RGB ( '',0.7529411764705882248, 1.000000000000000000, 1.000000000000000000 ) ;
#2366 = CARTESIAN_POINT ( 'NONE',  ( 0.1725477609992103478, -0.1600000000000000311, 0.1470482443439422859 ) ) ;
#2367 = CARTESIAN_POINT ( 'NONE',  ( 0.03200268577051364194, 0.07849130379308980054, 0.05240611079259199084 ) ) ;
#2368 = CARTESIAN_POINT ( 'NONE',  ( -0.04163715744775425831, 0.05998743853633690948, -0.1599823553555817512 ) ) ;
#2369 = CARTESIAN_POINT ( 'NONE',  ( 0.01088728443811348701, -0.2063910933608565645, 0.1604933135467217220 ) ) ;
#2370 = EDGE_CURVE ( 'NONE', #1342, #8430, #3394, .T. ) ;
#2371 = ORIENTED_EDGE ( 'NONE', *, *, #1541, .T. ) ;
#2372 = VERTEX_POINT ( 'NONE', #3985 ) ;
#2373 = STYLED_ITEM ( 'NONE', ( #6150 ), #9207 ) ;
#2374 = DIRECTION ( 'NONE',  ( -0.03046997120607365661, 0.9995356826287380425, 2.569782765358182702E-06 ) ) ;
#2375 = ADVANCED_FACE ( 'NONE', ( #5664 ), #3858, .F. ) ;
#2376 = VERTEX_POINT ( 'NONE', #1881 ) ;
#2377 = CARTESIAN_POINT ( 'NONE',  ( 0.008209917837696690396, 0.06500696229970462370, -0.1599867809615747871 ) ) ;
#2378 = DIRECTION ( 'NONE',  ( -0.9947208096316116910, -0.1005714301589786391, -0.02039358530539940248 ) ) ;
#2379 = CARTESIAN_POINT ( 'NONE',  ( -0.06649199759471835502, 0.02224194882914513546, -0.2004157819883061464 ) ) ;
#2380 = CARTESIAN_POINT ( 'NONE',  ( 0.05149099006641463805, -0.1238875184769430565, -0.1792573380220374157 ) ) ;
#2381 = CARTESIAN_POINT ( 'NONE',  ( -0.05275677018931364953, 0.1135140545949213930, 0.02656856676377312293 ) ) ;
#2382 = EDGE_CURVE ( 'NONE', #1551, #6372, #7673, .T. ) ;
#2383 = VERTEX_POINT ( 'NONE', #5574 ) ;
#2384 = PRESENTATION_STYLE_ASSIGNMENT (( #9367 ) ) ;
#2385 = ORIENTED_EDGE ( 'NONE', *, *, #8524, .T. ) ;
#2386 = ORIENTED_EDGE ( 'NONE', *, *, #4307, .F. ) ;
#2387 = CARTESIAN_POINT ( 'NONE',  ( -0.1149999999999999911, -0.1792557514524408813, -0.04018518524012758969 ) ) ;
#2388 = DIRECTION ( 'NONE',  ( -0.8457699189191015821, 0.000000000000000000, -0.5335477900353224889 ) ) ;
#2389 = CARTESIAN_POINT ( 'NONE',  ( 0.05450901750146112945, -0.08745355126137119295, 0.1526118280936022142 ) ) ;
#2390 = CARTESIAN_POINT ( 'NONE',  ( 0.05495708127720405622, 0.06505647497213770669, -0.1088970231719087051 ) ) ;
#2391 = DIRECTION ( 'NONE',  ( -0.000000000000000000, 1.000000000000000000, -0.000000000000000000 ) ) ;
#2392 = CARTESIAN_POINT ( 'NONE',  ( 0.02936489389588567422, -0.08602553033636910207, -0.1837293676684704780 ) ) ;
#2393 = CARTESIAN_POINT ( 'NONE',  ( -0.07680421981838510270, -0.06777777249568327222, 0.1720995089880098250 ) ) ;
#2394 = CARTESIAN_POINT ( 'NONE',  ( 0.08998266897168233358, -0.2100000000000000477, -0.0007208539969983177031 ) ) ;
#2395 = CARTESIAN_POINT ( 'NONE',  ( -0.01258367627909626717, -0.1234576796316868563, 0.2133367400313093964 ) ) ;
#2396 = EDGE_LOOP ( 'NONE', ( #5485, #3990, #1962, #6279, #2287, #4007 ) ) ;
#2397 = UNCERTAINTY_MEASURE_WITH_UNIT (LENGTH_MEASURE( 1.000000000000000082E-05 ), #1163, 'distance_accuracy_value', 'NONE');
#2398 = CARTESIAN_POINT ( 'NONE',  ( 0.03210900769069089528, 0.04864350951518011529, 0.1060647230754792752 ) ) ;
#2399 = CARTESIAN_POINT ( 'NONE',  ( 0.04767293924885415701, -0.1550000000000000266, -0.04054869702127727321 ) ) ;
#2400 = CARTESIAN_POINT ( 'NONE',  ( -0.01314198247471285927, 0.04689492196060065371, 0.1598808892726673314 ) ) ;
#2401 = CARTESIAN_POINT ( 'NONE',  ( 0.05247836818196240094, 0.06529256019468965277, 0.1680398738067197251 ) ) ;
#2402 = CARTESIAN_POINT ( 'NONE',  ( 0.06561048288363054148, 0.1113565750268369764, -0.05255964321304265607 ) ) ;
#2403 = CARTESIAN_POINT ( 'NONE',  ( -0.06484622571309213435, 0.05554402335617863312, 0.1661203938838377026 ) ) ;
#2404 = ORIENTED_EDGE ( 'NONE', *, *, #5442, .T. ) ;
#2405 = EDGE_CURVE ( 'NONE', #2185, #7688, #2125, .T. ) ;
#2406 = ORIENTED_EDGE ( 'NONE', *, *, #8723, .T. ) ;
#2407 = CARTESIAN_POINT ( 'NONE',  ( 0.1150000000000000050, -0.2300000000000000100, 0.2000000000000000111 ) ) ;
#2408 = CARTESIAN_POINT ( 'NONE',  ( 0.02732607901079321666, 0.07849128147365572183, 0.1596932913163382206 ) ) ;
#2409 = CARTESIAN_POINT ( 'NONE',  ( 0.07246751725842784375, 0.06274441166114122503, -0.1738744646860865550 ) ) ;
#2410 = CARTESIAN_POINT ( 'NONE',  ( -0.01141174830308344483, 0.04689498630165666454, 0.1063766058498976375 ) ) ;
#2411 = CARTESIAN_POINT ( 'NONE',  ( 0.05729636264057889200, 0.09499303770029535188, -0.1600132190384252195 ) ) ;
#2413 = ORIENTED_EDGE ( 'NONE', *, *, #6786, .T. ) ;
#2412 = CARTESIAN_POINT ( 'NONE',  ( -0.1986224171725970711, 0.05749131291816581696, 0.2000000000000000666 ) ) ;
#2414 = ORIENTED_EDGE ( 'NONE', *, *, #4556, .F. ) ;
#2415 = AXIS2_PLACEMENT_3D ( 'NONE', #2332, #1560, #773 ) ;
#2416 = PLANE ( 'NONE',  #9115 ) ;
#2417 = CARTESIAN_POINT ( 'NONE',  ( -0.05538097305629864631, 0.07275960128011772776, -0.1602677579499604543 ) ) ;
#2418 = SURFACE_STYLE_USAGE ( .BOTH. , #6055 ) ;
#2419 = CARTESIAN_POINT ( 'NONE',  ( 0.05492631680798979593, 0.06505955195610788055, -0.1090976100677452515 ) ) ;
#2420 = PRESENTATION_STYLE_ASSIGNMENT (( #3427 ) ) ;
#2421 =( LENGTH_UNIT ( ) NAMED_UNIT ( * ) SI_UNIT ( .MILLI., .METRE. ) );
#2422 = DIRECTION ( 'NONE',  ( 0.9993255319173289797, -0.03046132653440545082, 0.02050826282043631543 ) ) ;
#2423 = EDGE_CURVE ( 'NONE', #2945, #4790, #8388, .T. ) ;
#2424 = LINE ( 'NONE', #493, #5044 ) ;
#2425 = DIRECTION ( 'NONE',  ( 0.000000000000000000, 0.000000000000000000, 1.000000000000000000 ) ) ;
#2426 = DIRECTION ( 'NONE',  ( -0.02052340527576413873, 0.0002562270569816748971, 0.9997893399029527117 ) ) ;
#2427 = CARTESIAN_POINT ( 'NONE',  ( 0.08341375844479428925, -0.2100000232642906528, -0.1603592144938798536 ) ) ;
#2428 = ORIENTED_EDGE ( 'NONE', *, *, #1203, .F. ) ;
#2429 = ADVANCED_FACE ( 'NONE', ( #1546 ), #8488, .F. ) ;
#2430 = CARTESIAN_POINT ( 'NONE',  ( -0.002875776339621803797, -0.1421217031622966642, 0.1851905820988625773 ) ) ;
#2431 = AXIS2_PLACEMENT_3D ( 'NONE', #9150, #4037, #5004 ) ;
#2432 = CARTESIAN_POINT ( 'NONE',  ( 0.03501462215012049461, 0.04864342527200556793, 0.05258687341438896684 ) ) ;
#2433 = CARTESIAN_POINT ( 'NONE',  ( -0.07435170301095246626, -0.01276431064381375498, 0.1720995321723959026 ) ) ;
#2434 = DIRECTION ( 'NONE',  ( 0.02615073541497709569, 0.9996580110404037489, 0.000000000000000000 ) ) ;
#2435 = CARTESIAN_POINT ( 'NONE',  ( 0.1213981180467328391, -0.1600000000000000311, 0.04539237682713890415 ) ) ;
#2436 = AXIS2_PLACEMENT_3D ( 'NONE', #1594, #1455, #3055 ) ;
#2437 = DIRECTION ( 'NONE',  ( 0.000000000000000000, 0.000000000000000000, 1.000000000000000000 ) ) ;
#2438 = PLANE ( 'NONE',  #2117 ) ;
#2439 = LINE ( 'NONE', #3976, #1273 ) ;
#2440 = CARTESIAN_POINT ( 'NONE',  ( 0.07267395238361197551, 0.08150857145238467327, -0.1596940962204190240 ) ) ;
#2441 = CARTESIAN_POINT ( 'NONE',  ( 0.06396737943061858722, 0.06400732021556949924, -0.1646225443683290435 ) ) ;
#2442 = CARTESIAN_POINT ( 'NONE',  ( 0.02007692248893304734, 0.05582468839303730834, 0.05473169054330073724 ) ) ;
#2443 = AXIS2_PLACEMENT_3D ( 'NONE', #6302, #1933, #2679 ) ;
#2444 = VECTOR ( 'NONE', #9110, 1000.000000000000000 ) ;
#2445 = CARTESIAN_POINT ( 'NONE',  ( 0.1150000000000000050, -0.1700000000000000122, 0.2000000000000000111 ) ) ;
#2446 = CARTESIAN_POINT ( 'NONE',  ( -0.05877322003750033025, 0.05999999999999998390, 0.1800000000000000211 ) ) ;
#2447 = UNCERTAINTY_MEASURE_WITH_UNIT (LENGTH_MEASURE( 1.000000000000000082E-05 ), #1307, 'distance_accuracy_value', 'NONE');
#2448 = ORIENTED_EDGE ( 'NONE', *, *, #2003, .F. ) ;
#2449 = CARTESIAN_POINT ( 'NONE',  ( 0.07500000000000005274, -0.1800000000000000488, 1.694065894508600678E-18 ) ) ;
#2450 = CARTESIAN_POINT ( 'NONE',  ( 0.01891225521023444378, -0.1227761479094068436, 0.1777328277816520308 ) ) ;
#2451 = CARTESIAN_POINT ( 'NONE',  ( 0.01370569272868719934, -0.1410162080382135752, 0.2073899248374324600 ) ) ;
#2452 = CARTESIAN_POINT ( 'NONE',  ( -0.05729639538284619221, 0.09499303869986538973, 0.1600132166784634380 ) ) ;
#2453 = CARTESIAN_POINT ( 'NONE',  ( -0.02207016194171036727, 0.07553504503132692227, 0.1597049293376392176 ) ) ;
#2454 = CARTESIAN_POINT ( 'NONE',  ( 0.1210718620247217547, -0.2300000000000000100, 0.04574611991424980956 ) ) ;
#2455 = CARTESIAN_POINT ( 'NONE',  ( -0.07279225769380755218, 0.02384145569598937128, 0.1720995550641016836 ) ) ;
#2456 = SURFACE_STYLE_FILL_AREA ( #2163 ) ;
#2457 = CARTESIAN_POINT ( 'NONE',  ( -0.05470921896246534050, 0.05958898276749546863, -0.1734383764625825608 ) ) ;
#2458 = B_SPLINE_CURVE_WITH_KNOTS ( 'NONE', 3,
 ( #3754, #72, #164, #8860, #5957, #103, #7372, #6021, #5226, #2325, #6744, #6707, #2987, #8109, #1650, #3723, #800, #7439, #3049, #35, #8171, #132, #5294, #769, #5265, #867, #5924, #2355, #904, #3814, #6781 ),
 .UNSPECIFIED., .F., .F.,
 ( 4, 3, 3, 3, 3, 3, 3, 3, 3, 3, 4 ),
 ( 6.657429615989135804E-06, 9.978340650181448542E-06, 1.485987774160831308E-05, 1.903322163944856703E-05, 2.458505523812364472E-05, 3.216468881395419076E-05, 3.993372622618174218E-05, 4.621777689910445784E-05, 4.978469461050916942E-05, 5.258014918145114281E-05, 5.361292778058538447E-05 ),
 .UNSPECIFIED. ) ;
#2459 = PRESENTATION_LAYER_ASSIGNMENT (  '', '', ( #971 ) ) ;
#2460 = TOROIDAL_SURFACE ( 'NONE', #4796, 0.02002185241913501806, 0.01499999999999999598 ) ;
#2461 = PRESENTATION_LAYER_ASSIGNMENT (  '', '', ( #5930 ) ) ;
#2462 = ORIENTED_EDGE ( 'NONE', *, *, #4917, .F. ) ;
#2463 = CARTESIAN_POINT ( 'NONE',  ( -0.0001203060224233287745, 0.06880045316905487873, -0.2000000000000000111 ) ) ;
#2464 = CARTESIAN_POINT ( 'NONE',  ( -0.01881009250370536262, -0.1949948728367440487, 0.1600116531572485234 ) ) ;
#2465 = CARTESIAN_POINT ( 'NONE',  ( -0.03044264125108054470, 0.1041820975962990115, 0.1324630377675732329 ) ) ;
#2466 = CARTESIAN_POINT ( 'NONE',  ( 0.1212317971636562713, -0.2300000000000000655, 0.04556511883094787468 ) ) ;
#2467 = DIRECTION ( 'NONE',  ( 0.000000000000000000, -1.000000000000000000, -0.000000000000000000 ) ) ;
#2468 = COLOUR_RGB ( '',1.000000000000000000, 1.000000000000000000, 1.000000000000000000 ) ;
#2469 = ORIENTED_EDGE ( 'NONE', *, *, #6448, .T. ) ;
#2470 = CARTESIAN_POINT ( 'NONE',  ( -0.1160626654612614272, -0.2299999999999999545, -0.05141510554491869611 ) ) ;
#2471 = PRESENTATION_LAYER_ASSIGNMENT (  '', '', ( #5217 ) ) ;
#2472 = CARTESIAN_POINT ( 'NONE',  ( 0.05890968464740115040, 0.08150869627554437058, 0.1073432767893481993 ) ) ;
#2473 = ADVANCED_FACE ( 'NONE', ( #6572 ), #44, .F. ) ;
#2474 = CARTESIAN_POINT ( 'NONE',  ( 0.05890968464740115040, 0.08150869627554437058, 0.1073432767893481993 ) ) ;
#2475 = CARTESIAN_POINT ( 'NONE',  ( -0.02151754748105509651, 0.07554193604853857991, 0.1327892651147117298 ) ) ;
#2476 = PLANE ( 'NONE',  #2073 ) ;
#2477 = FILL_AREA_STYLE_COLOUR ( '', #5998 ) ;
#2478 = EDGE_LOOP ( 'NONE', ( #5559, #3029, #4892, #7544 ) ) ;
#2479 = EDGE_CURVE ( 'NONE', #1968, #8103, #5654, .T. ) ;
#2480 = SURFACE_STYLE_USAGE ( .BOTH. , #281 ) ;
#2481 = CARTESIAN_POINT ( 'NONE',  ( -0.1237560734002911139, -0.1787996601295180621, -0.08113621918807954747 ) ) ;
#2482 = CARTESIAN_POINT ( 'NONE',  ( 0.002135296824214706103, 0.06509164401759864882, -0.002541368034345161276 ) ) ;
#2483 = PRESENTATION_STYLE_ASSIGNMENT (( #3493 ) ) ;
#2484 = CARTESIAN_POINT ( 'NONE',  ( -0.02171133038437426249, -0.1465291693457231592, 0.1067229207155261511 ) ) ;
#2485 = ORIENTED_EDGE ( 'NONE', *, *, #5148, .F. ) ;
#2486 = ORIENTED_EDGE ( 'NONE', *, *, #339, .F. ) ;
#2487 = CARTESIAN_POINT ( 'NONE',  ( -0.1328889373621469083, -0.2300000000000000655, -0.09501939902580554265 ) ) ;
#2488 = EDGE_CURVE ( 'NONE', #8362, #2798, #2573, .T. ) ;
#2489 = CARTESIAN_POINT ( 'NONE',  ( -0.07196933971382124540, 0.04558415070908202610, 0.1720995463656873614 ) ) ;
#2490 = CARTESIAN_POINT ( 'NONE',  ( 0.01802111689646825748, 0.08446493565238885615, -0.05241436003526540877 ) ) ;
#2491 = CARTESIAN_POINT ( 'NONE',  ( -0.04163715744775425831, 0.05998743853633690948, -0.1599823553555817512 ) ) ;
#2492 = EDGE_LOOP ( 'NONE', ( #1566, #7519, #6839, #1289, #3950, #4434, #3498 ) ) ;
#2493 = EDGE_LOOP ( 'NONE', ( #8234, #5886, #5716, #1128, #8440, #6023, #1444, #8018 ) ) ;
#2494 = CARTESIAN_POINT ( 'NONE',  ( 0.05589588985345325667, 0.1113565747650763771, 0.1071966882977194169 ) ) ;
#2495 = CARTESIAN_POINT ( 'NONE',  ( -0.04477098616318456181, 0.05761340259369770317, 0.1853901706654739745 ) ) ;
#2496 = PRESENTATION_LAYER_ASSIGNMENT (  '', '', ( #7714 ) ) ;
#2497 = SURFACE_SIDE_STYLE ('',( #4057 ) ) ;
#2498 = FILL_AREA_STYLE_COLOUR ( '', #3228 ) ;
#2499 = CARTESIAN_POINT ( 'NONE',  ( 0.01789493444100608011, -0.1599857055168055486, -0.1599844472747599666 ) ) ;
#2500 = ORIENTED_EDGE ( 'NONE', *, *, #1701, .F. ) ;
#2501 = ORIENTED_EDGE ( 'NONE', *, *, #7934, .T. ) ;
#2502 = CARTESIAN_POINT ( 'NONE',  ( 0.1210718620247217964, -0.1864627417671178844, 0.04574611991424980262 ) ) ;
#2503 = SURFACE_SIDE_STYLE ('',( #469 ) ) ;
#2504 = CARTESIAN_POINT ( 'NONE',  ( 0.04988206788176324791, -0.08730465724467480204, -0.1792538339553005899 ) ) ;
#2505 =( NAMED_UNIT ( * ) SI_UNIT ( $, .STERADIAN. ) SOLID_ANGLE_UNIT ( ) );
#2506 = CARTESIAN_POINT ( 'NONE',  ( -0.04887568674456060913, -0.01390659778293885755, 0.1879005137432496475 ) ) ;
#2507 = EDGE_CURVE ( 'NONE', #179, #2798, #412, .T. ) ;
#2508 = ORIENTED_EDGE ( 'NONE', *, *, #5709, .T. ) ;
#2509 = UNCERTAINTY_MEASURE_WITH_UNIT (LENGTH_MEASURE( 1.000000000000000082E-05 ), #3845, 'distance_accuracy_value', 'NONE');
#2510 = PLANE ( 'NONE',  #3128 ) ;
#2511 = MECHANICAL_DESIGN_GEOMETRIC_PRESENTATION_REPRESENTATION (  '', ( #5930 ), #2932 ) ;
#2512 = CARTESIAN_POINT ( 'NONE',  ( -0.1058367025873510336, -0.1799999999999998546, -0.01666926602964832402 ) ) ;
#2513 = CARTESIAN_POINT ( 'NONE',  ( -0.1237912600538220026, -0.1794017059727229801, -0.08120172720661314458 ) ) ;
#2514 = CARTESIAN_POINT ( 'NONE',  ( 0.002223008654812298410, 0.06510041837688934629, -0.002707710597271058891 ) ) ;
#2515 = CARTESIAN_POINT ( 'NONE',  ( -0.08983026888629135065, -0.1799999999999998546, -0.04204236359722136884 ) ) ;
#2516 = CARTESIAN_POINT ( 'NONE',  ( 0.07157099500306539352, 0.08152233994041113707, -0.1059657400982781938 ) ) ;
#2517 = CARTESIAN_POINT ( 'NONE',  ( -0.004393275861688912369, -0.1582856969220087506, -0.1076591384387718953 ) ) ;
#2518 = B_SPLINE_CURVE_WITH_KNOTS ( 'NONE', 3,
 ( #4557, #3085, #829, #1619, #1514, #3016 ),
 .UNSPECIFIED., .F., .F.,
 ( 4, 1, 1, 4 ),
 ( 0.7148228698186110952, 0.7849655303996231348, 0.8602438119646695913, 1.000000000000000000 ),
 .UNSPECIFIED. ) ;
#2519 = ADVANCED_FACE ( 'NONE', ( #6001 ), #489, .T. ) ;
#2520 = VERTEX_POINT ( 'NONE', #7064 ) ;
#2521 = CARTESIAN_POINT ( 'NONE',  ( -0.06007537388594515193, -0.1885249088013418450, 0.05273990297923224213 ) ) ;
#2522 = DIRECTION ( 'NONE',  ( -0.03046778570332068711, -0.9995357492496584895, 2.502094356048728541E-06 ) ) ;
#2523 = VERTEX_POINT ( 'NONE', #3682 ) ;
#2524 = MECHANICAL_DESIGN_GEOMETRIC_PRESENTATION_REPRESENTATION (  '', ( #6554 ), #9006 ) ;
#2525 = CARTESIAN_POINT ( 'NONE',  ( 0.06777640257887442010, -0.1599892904560935025, -0.1650041839352484885 ) ) ;
#2526 = CARTESIAN_POINT ( 'NONE',  ( 0.04153425994690350398, 0.05999058987354711353, 0.1650031547481241867 ) ) ;
#2527 = STYLED_ITEM ( 'NONE', ( #9396 ), #6796 ) ;
#2528 = CARTESIAN_POINT ( 'NONE',  ( 0.01278027601538648562, -0.01444904609151877704, 0.1570409061094625303 ) ) ;
#2529 = CARTESIAN_POINT ( 'NONE',  ( -0.05856653988604328814, -0.01347204494487666201, 0.1465979835645814244 ) ) ;
#2530 =( NAMED_UNIT ( * ) PLANE_ANGLE_UNIT ( ) SI_UNIT ( $, .RADIAN. ) );
#2531 = CARTESIAN_POINT ( 'NONE',  ( 0.04283232809466361313, 0.07849142854761528842, -0.1603059037795810104 ) ) ;
#2532 = DIRECTION ( 'NONE',  ( -0.9984204654305550708, -0.02611445777044348396, 0.04974544506574812841 ) ) ;
#2533 = SURFACE_STYLE_FILL_AREA ( #8155 ) ;
#2534 = CARTESIAN_POINT ( 'NONE',  ( 0.1210718620247217964, -0.1599999999999999756, 0.04574611991424980956 ) ) ;
#2535 = SURFACE_SIDE_STYLE ('',( #8065 ) ) ;
#2536 = FILL_AREA_STYLE_COLOUR ( '', #5466 ) ;
#2537 = CARTESIAN_POINT ( 'NONE',  ( -0.2650000000000000133, 0.05000000000000002359, 0.2000000000000000666 ) ) ;
#2538 =( NAMED_UNIT ( * ) PLANE_ANGLE_UNIT ( ) SI_UNIT ( $, .RADIAN. ) );
#2539 = DIRECTION ( 'NONE',  ( -0.9764899268500454310, 0.000000000000000000, 0.2155630366282511867 ) ) ;
#2540 = AXIS2_PLACEMENT_3D ( 'NONE', #9138, #6276, #5527 ) ;
#2541 = DIRECTION ( 'NONE',  ( 0.9993792182221449272, 0.02614205897144670707, -0.02361717464956112830 ) ) ;
#2542 = CARTESIAN_POINT ( 'NONE',  ( 0.002095211089131107478, 0.06508762022689686122, -0.002495141181946893515 ) ) ;
#2543 = CARTESIAN_POINT ( 'NONE',  ( 0.2017251974013795635, -0.2300000000000000100, 0.1177992224742518967 ) ) ;
#2544 = EDGE_CURVE ( 'NONE', #6569, #8243, #6244, .T. ) ;
#2545 = CARTESIAN_POINT ( 'NONE',  ( -0.07044163217467079574, 0.07276502793229307209, 0.1380297873273175213 ) ) ;
#2546 = EDGE_CURVE ( 'NONE', #179, #7968, #7845, .T. ) ;
#2547 = SURFACE_SIDE_STYLE ('',( #1071 ) ) ;
#2548 = DIRECTION ( 'NONE',  ( 0.9993255319173289797, -0.03046132653440713003, 0.02050826282043495541 ) ) ;
#2549 = CARTESIAN_POINT ( 'NONE',  ( 0.02950194394275166762, 0.06639160401238344833, 0.1691722280571659187 ) ) ;
#2550 =( GEOMETRIC_REPRESENTATION_CONTEXT ( 3 ) GLOBAL_UNCERTAINTY_ASSIGNED_CONTEXT ( ( #3725 ) ) GLOBAL_UNIT_ASSIGNED_CONTEXT ( ( #7048, #1862, #7814 ) ) REPRESENTATION_CONTEXT ( 'NONE', 'WORKASPACE' ) );
#2551 = ORIENTED_EDGE ( 'NONE', *, *, #7180, .T. ) ;
#2552 = CARTESIAN_POINT ( 'NONE',  ( 0.005294201183873126042, 0.05957121074199848293, 0.1851888148890352970 ) ) ;
#2553 = CARTESIAN_POINT ( 'NONE',  ( -0.05940865522617085753, -0.03180107987498257544, 0.1465979608126706801 ) ) ;
#2554 = DIRECTION ( 'NONE',  ( 1.000000000000000000, 0.000000000000000000, -3.614007241618347785E-16 ) ) ;
#2555 = CARTESIAN_POINT ( 'NONE',  ( -0.01742357537140429291, 0.07553506467072447494, 0.05243358991517151069 ) ) ;
#2556 = ADVANCED_FACE ( 'NONE', ( #165 ), #612, .T. ) ;
#2557 = UNCERTAINTY_MEASURE_WITH_UNIT (LENGTH_MEASURE( 1.000000000000000082E-05 ), #2299, 'distance_accuracy_value', 'NONE');
#2558 = MECHANICAL_DESIGN_GEOMETRIC_PRESENTATION_REPRESENTATION (  '', ( #9099 ), #3426 ) ;
#2559 = DIRECTION ( 'NONE',  ( 0.000000000000000000, 0.000000000000000000, -1.000000000000000000 ) ) ;
#2560 = CARTESIAN_POINT ( 'NONE',  ( -0.1324539786586064749, -0.2300000000000000655, -0.09439770601777114356 ) ) ;
#2561 = CARTESIAN_POINT ( 'NONE',  ( -0.06182200845597225769, 0.06009301659026487774, 0.2134020394151813493 ) ) ;
#2562 = TOROIDAL_SURFACE ( 'NONE', #988, 0.02002185241913521929, 0.01499999999999999598 ) ;
#2563 = VECTOR ( 'NONE', #7580, 1000.000000000000000 ) ;
#2564 = FILL_AREA_STYLE ('',( #1903 ) ) ;
#2565 = DIRECTION ( 'NONE',  ( 0.000000000000000000, -1.000000000000000000, 0.000000000000000000 ) ) ;
#2566 = DIRECTION ( 'NONE',  ( -0.9947208096316116910, -0.1005714301589786391, -0.02039358530539940248 ) ) ;
#2567 = CARTESIAN_POINT ( 'NONE',  ( -0.1236905723088013165, -0.1782179516837436584, -0.08101260432579687754 ) ) ;
#2568 = ORIENTED_EDGE ( 'NONE', *, *, #760, .F. ) ;
#2569 = CARTESIAN_POINT ( 'NONE',  ( 0.002929395574468797621, 0.06517093578369724527, -0.08334279664612059824 ) ) ;
#2570 = FILL_AREA_STYLE_COLOUR ( '', #5167 ) ;
#2571 = CARTESIAN_POINT ( 'NONE',  ( -0.07167269682041772783, 0.05548729996126795794, 0.1720995200910196143 ) ) ;
#2572 = CARTESIAN_POINT ( 'NONE',  ( -0.04090336335639098431, 0.04648591774656209846, -0.1599638320449967566 ) ) ;
#2573 = B_SPLINE_CURVE_WITH_KNOTS ( 'NONE', 3,
 ( #6231, #4041, #420, #4114, #7683, #6261, #1956, #5489, #8514, #4075, #9181, #1072, #4755, #6982, #6203, #1818, #353, #6950, #3291, #8393, #2580, #7010, #8428, #2613, #7736, #8600, #600, #5003, #4970, #5609, #541, #7100, #2037, #6374, #4911, #5701, #5729, #2005, #2701, #7912, #4937, #505, #2066, #4252, #8575, #9298, #7125, #3533, #4200, #1978, #5668, #3474, #7185, #5638, #4225, #7856, #4286, #2097 ),
 .UNSPECIFIED., .T., .F.,
 ( 4, 3, 3, 3, 3, 3, 3, 3, 3, 3, 3, 3, 3, 3, 3, 3, 3, 3, 3, 4 ),
 ( 2.389188119143636592E-06, 3.000061832723622865E-05, 6.000108491799642578E-05, 0.0001200114250094455517, 0.0001500177573604234097, 0.0001575318424677993594, 0.0001577222879142837011, 0.0001579035811973496153, 0.0001579773900656075898, 0.0001580132837903497876, 0.0001580497849349801363, 0.0001580810759200105056, 0.0001581258774353077690, 0.0001582121147988648814, 0.0001585300430508351560, 0.0001597917737734601295, 0.0001648168112735491555, 0.0001848932162033540953, 0.0002651667087776783693, 0.0003119610634172516783 ),
 .UNSPECIFIED. ) ;
#2574 = AXIS2_PLACEMENT_3D ( 'NONE', #6117, #4614, #8198 ) ;
#2575 = CARTESIAN_POINT ( 'NONE',  ( -0.1221691108686362021, -0.1790488171231497672, -0.04470776659532121888 ) ) ;
#2576 = PRESENTATION_LAYER_ASSIGNMENT (  '', '', ( #5807 ) ) ;
#2577 = CARTESIAN_POINT ( 'NONE',  ( 0.04225882053344761496, -0.1830020070973177038, 0.05260110419479833294 ) ) ;
#2578 = EDGE_CURVE ( 'NONE', #6329, #8779, #7271, .T. ) ;
#2579 = ORIENTED_EDGE ( 'NONE', *, *, #380, .T. ) ;
#2580 = CARTESIAN_POINT ( 'NONE',  ( 0.002135296824214706103, 0.06509164401759864882, -0.002541368034345161276 ) ) ;
#2581 = CARTESIAN_POINT ( 'NONE',  ( 0.03052873354643284923, 0.06638676591965596285, 0.1675546667961057556 ) ) ;
#2582 = CARTESIAN_POINT ( 'NONE',  ( 0.004171156813414360690, 0.02272970270860739245, 0.1851889070974699070 ) ) ;
#2583 = CARTESIAN_POINT ( 'NONE',  ( -0.06711258584903408153, -0.06819408491691671126, 0.2134020391818707008 ) ) ;
#2584 =( NAMED_UNIT ( * ) SI_UNIT ( $, .STERADIAN. ) SOLID_ANGLE_UNIT ( ) );
#2585 = FACE_OUTER_BOUND ( 'NONE', #6771, .T. ) ;
#2586 = LINE ( 'NONE', #7717, #5666 ) ;
#2587 = EDGE_LOOP ( 'NONE', ( #9120, #4578, #3611, #6427, #7319, #9106 ) ) ;
#2588 = ORIENTED_EDGE ( 'NONE', *, *, #4556, .T. ) ;
#2589 = VERTEX_POINT ( 'NONE', #2914 ) ;
#2590 = VECTOR ( 'NONE', #7013, 1000.000000000000000 ) ;
#2591 =( LENGTH_UNIT ( ) NAMED_UNIT ( * ) SI_UNIT ( .MILLI., .METRE. ) );
#2592 = CARTESIAN_POINT ( 'NONE',  ( -0.06101779060190365422, -0.06845593025453661218, 0.1465979604048991691 ) ) ;
#2593 = PRESENTATION_STYLE_ASSIGNMENT (( #1737 ) ) ;
#2594 = EDGE_CURVE ( 'NONE', #6272, #6165, #4060, .T. ) ;
#2595 = ORIENTED_EDGE ( 'NONE', *, *, #4819, .T. ) ;
#2596 = ORIENTED_EDGE ( 'NONE', *, *, #1248, .F. ) ;
#2597 = EDGE_LOOP ( 'NONE', ( #492, #3806, #9346, #4356 ) ) ;
#2598 = CARTESIAN_POINT ( 'NONE',  ( 0.02461437279680911416, 0.02392168496679097228, -0.1837293522473246177 ) ) ;
#2599 = CARTESIAN_POINT ( 'NONE',  ( -0.07182335728009843490, 0.05549040202253518322, 0.1723428021136512445 ) ) ;
#2600 = CARTESIAN_POINT ( 'NONE',  ( -0.004393275861688912369, -0.1582856969220087506, -0.1076591384387718953 ) ) ;
#2601 = DIRECTION ( 'NONE',  ( -0.04805693313322133980, 1.040834085586084565E-17, -0.9988445981121535366 ) ) ;
#2602 = PRESENTATION_LAYER_ASSIGNMENT (  '', '', ( #7206 ) ) ;
#2603 = CARTESIAN_POINT ( 'NONE',  ( -0.1525014675670198216, -0.1550000000000000266, -0.1230518830271274400 ) ) ;
#2604 =( LENGTH_UNIT ( ) NAMED_UNIT ( * ) SI_UNIT ( .MILLI., .METRE. ) );
#2605 = CIRCLE ( 'NONE', #6752, 0.01500000000000000291 ) ;
#2606 = TOROIDAL_SURFACE ( 'NONE', #4902, 0.03000000000000000583, 0.01500000000000003414 ) ;
#2607 = ADVANCED_FACE ( 'NONE', ( #5881 ), #3788, .T. ) ;
#2608 = ORIENTED_EDGE ( 'NONE', *, *, #4129, .F. ) ;
#2609 = ORIENTED_EDGE ( 'NONE', *, *, #4685, .T. ) ;
#2610 = AXIS2_PLACEMENT_3D ( 'NONE', #4201, #6375, #1232 ) ;
#2611 = CARTESIAN_POINT ( 'NONE',  ( -0.04270363735942115518, 0.09499303770029539351, -0.1600132190384250253 ) ) ;
#2612 = CARTESIAN_POINT ( 'NONE',  ( -0.07029757749166867797, -0.1467910247738910545, -0.0002262454084190339981 ) ) ;
#2613 = CARTESIAN_POINT ( 'NONE',  ( 0.002060514913966273592, 0.06508413596500954579, -0.002458458885643353530 ) ) ;
#2614 = CARTESIAN_POINT ( 'NONE',  ( 0.03668871541713061152, 0.06626530902197108608, 0.1937805977275566527 ) ) ;
#2615 =( BOUNDED_SURFACE ( )  B_SPLINE_SURFACE ( 3, 3, ( 
 ( #7925, #580, #4148, #9256, #3549, #8614 ),
 ( #5017, #4897, #491, #3461, #6446, #8651 ),
 ( #6389, #8561, #614, #5651, #5624, #7142 ),
 ( #4179, #6358, #4925, #524, #3485, #8588 ),
 ( #9313, #5684, #6547, #1529, #7233, #2113 ),
 ( #1468, #4436, #2877, #1393, #3671, #8004 ),
 ( #7258, #16, #8715, #8782, #2845, #4306 ) ),
 .UNSPECIFIED., .T., .F., .F. ) 
 B_SPLINE_SURFACE_WITH_KNOTS ( ( 4, 3, 4 ),
 ( 4, 2, 4 ),
 ( 0.000000000000000000, 0.5000000000000000000, 1.000000000000000000 ),
 ( 0.9557658224638853062, 0.9778824883449259708, 1.000000000000000000 ),
 .UNSPECIFIED. ) 
 GEOMETRIC_REPRESENTATION_ITEM ( )  RATIONAL_B_SPLINE_SURFACE ( (
 ( 1.000000000000000000, 1.000000000000000000, 1.000000000000000000, 1.000000000000000000, 1.000000000000000000, 1.000000000000000000),
 ( 0.3333333333333333703, 0.3333333333333333703, 0.3333333333333333703, 0.3333333333333333703, 0.3333333333333333703, 0.3333333333333333703),
 ( 0.3333333333333333703, 0.3333333333333333703, 0.3333333333333333703, 0.3333333333333333703, 0.3333333333333333703, 0.3333333333333333703),
 ( 1.000000000000000000, 1.000000000000000000, 1.000000000000000000, 1.000000000000000000, 1.000000000000000000, 1.000000000000000000),
 ( 0.3333333333333333703, 0.3333333333333333703, 0.3333333333333333703, 0.3333333333333333703, 0.3333333333333333703, 0.3333333333333333703),
 ( 0.3333333333333333703, 0.3333333333333333703, 0.3333333333333333703, 0.3333333333333333703, 0.3333333333333333703, 0.3333333333333333703),
 ( 1.000000000000000000, 1.000000000000000000, 1.000000000000000000, 1.000000000000000000, 1.000000000000000000, 1.000000000000000000) ) ) 
 REPRESENTATION_ITEM ( '' )  SURFACE ( )  );
#2616 =( NAMED_UNIT ( * ) SI_UNIT ( $, .STERADIAN. ) SOLID_ANGLE_UNIT ( ) );
#2617 = CARTESIAN_POINT ( 'NONE',  ( -0.07151807544422839058, 0.06038846810218672506, 0.1720995093066837178 ) ) ;
#2618 = CARTESIAN_POINT ( 'NONE',  ( -0.09527923296328040526, -0.1330696236979842240, 0.1976036555144137785 ) ) ;
#2619 = VERTEX_POINT ( 'NONE', #6909 ) ;
#2620 = ORIENTED_EDGE ( 'NONE', *, *, #7092, .F. ) ;
#2621 = AXIS2_PLACEMENT_3D ( 'NONE', #7914, #2889, #9364 ) ;
#2622 = CARTESIAN_POINT ( 'NONE',  ( -0.001653360100437788064, 0.04689498662161671605, -0.05360542268861757248 ) ) ;
#2623 = CARTESIAN_POINT ( 'NONE',  ( 0.03072406406402571760, 0.1083392031783184245, 0.02548626400938239223 ) ) ;
#2624 = PRESENTATION_STYLE_ASSIGNMENT (( #3165 ) ) ;
#2625 = CARTESIAN_POINT ( 'NONE',  ( -0.1210718620247217825, -0.2300000000000000655, -0.04574611991424980956 ) ) ;
#2626 = CARTESIAN_POINT ( 'NONE',  ( -0.06437314076729357126, -0.1600765510809122882, 0.1465979529971667694 ) ) ;
#2627 = ORIENTED_EDGE ( 'NONE', *, *, #4141, .F. ) ;
#2628 = CARTESIAN_POINT ( 'NONE',  ( -0.02911274646542583514, 0.08724039871988237271, -0.1597322420500395246 ) ) ;
#2629 = PRESENTATION_LAYER_ASSIGNMENT (  '', '', ( #5561 ) ) ;
#2630 = CARTESIAN_POINT ( 'NONE',  ( -0.03210506555899409614, -0.1599857055168054931, -0.1599844472747598279 ) ) ;
#2631 = CARTESIAN_POINT ( 'NONE',  ( -0.04537642273386433001, -0.1741174803918314196, -0.1596730156438414261 ) ) ;
#2632 = DIRECTION ( 'NONE',  ( -0.8457699189191014710, 0.000000000000000000, -0.5335477900353223779 ) ) ;
#2633 = CARTESIAN_POINT ( 'NONE',  ( -0.06985858275620630831, 0.09903328481367332237, -0.1605716838549241521 ) ) ;
#2634 = ORIENTED_EDGE ( 'NONE', *, *, #1127, .F. ) ;
#2635 = DIRECTION ( 'NONE',  ( -0.02052558504614403201, -0.0002560480453828502408, 0.9997892952006997014 ) ) ;
#2636 = VECTOR ( 'NONE', #5041, 1000.000000000000227 ) ;
#2637 = PRESENTATION_LAYER_ASSIGNMENT (  '', '', ( #4964 ) ) ;
#2638 = CARTESIAN_POINT ( 'NONE',  ( -0.04701725506040087960, -0.1238308671010242140, -0.1734418981614820054 ) ) ;
#2639 = CARTESIAN_POINT ( 'NONE',  ( -0.04304420479289329526, -0.1638408667455607259, 0.05193930028215694439 ) ) ;
#2640 = CARTESIAN_POINT ( 'NONE',  ( 0.03882841321154756331, 0.07849138835906371847, -0.05417481111629973006 ) ) ;
#2641 = DIRECTION ( 'NONE',  ( -0.9880525659434229446, 0.03011737767676796185, -0.1511458583438287651 ) ) ;
#2642 = DIRECTION ( 'NONE',  ( -0.000000000000000000, -0.000000000000000000, -1.000000000000000000 ) ) ;
#2643 = CARTESIAN_POINT ( 'NONE',  ( -0.01372734830151326434, -0.1600998819889049574, 0.2133367263920830370 ) ) ;
#2644 = VECTOR ( 'NONE', #714, 1000.000000000000000 ) ;
#2645 = CARTESIAN_POINT ( 'NONE',  ( -0.008311942212789502279, 0.06383131918515935754, 0.1632136127464130226 ) ) ;
#2646 = CARTESIAN_POINT ( 'NONE',  ( 0.2650000000000000133, 0.06000000000000001166, -0.2000000000000000111 ) ) ;
#2647 = EDGE_CURVE ( 'NONE', #7859, #2703, #533, .T. ) ;
#2648 = CARTESIAN_POINT ( 'NONE',  ( 0.008465772881425581708, 0.05999058918576627430, -0.1650031540755130532 ) ) ;
#2649 = ADVANCED_FACE ( 'NONE', ( #4165 ), #2656, .F. ) ;
#2650 = CARTESIAN_POINT ( 'NONE',  ( -0.1725477609992104588, -0.1600000000000000866, -0.1470482443439423414 ) ) ;
#2651 = CARTESIAN_POINT ( 'NONE',  ( -0.03054243998749914951, 0.04903491505296834335, 0.1623989672421564112 ) ) ;
#2652 = DIRECTION ( 'NONE',  ( -0.8755976470553532565, -0.4827019435506179623, -0.01809956252468488888 ) ) ;
#2653 = AXIS2_PLACEMENT_3D ( 'NONE', #6540, #2210, #2873 ) ;
#2654 = DIRECTION ( 'NONE',  ( 0.9993255319173289797, -0.03046132653440545082, 0.02050826282043631543 ) ) ;
#2655 = CARTESIAN_POINT ( 'NONE',  ( -0.05448852972629560781, 0.05632922680988981801, 0.1943414898346481345 ) ) ;
#2656 = PLANE ( 'NONE',  #1652 ) ;
#2657 = DIRECTION ( 'NONE',  ( -0.8225730715701192741, 0.5683300919489029379, 0.01935067216018016706 ) ) ;
#2658 = FILL_AREA_STYLE ('',( #1946 ) ) ;
#2659 = EDGE_CURVE ( 'NONE', #5582, #1314, #9358, .T. ) ;
#2660 = SURFACE_SIDE_STYLE ('',( #4183 ) ) ;
#2661 = CARTESIAN_POINT ( 'NONE',  ( -0.04359035616533349367, 0.1135140822534379812, -0.1600361679550032501 ) ) ;
#2662 = ADVANCED_FACE ( 'NONE', ( #2006 ), #4151, .F. ) ;
#2663 = ORIENTED_EDGE ( 'NONE', *, *, #5614, .T. ) ;
#2664 = ORIENTED_EDGE ( 'NONE', *, *, #3379, .F. ) ;
#2665 = EDGE_CURVE ( 'NONE', #810, #4647, #3235, .T. ) ;
#2666 = CARTESIAN_POINT ( 'NONE',  ( -0.07427944824566432014, -0.2132167545508292794, 0.1112523139494495106 ) ) ;
#2667 = DIRECTION ( 'NONE',  ( 1.000000000000000000, 0.000000000000000000, 0.000000000000000000 ) ) ;
#2668 = CARTESIAN_POINT ( 'NONE',  ( 0.08738751317985424261, -0.1799999737873384242, -0.05402129216672520856 ) ) ;
#2669 = FILL_AREA_STYLE_COLOUR ( '', #9191 ) ;
#2670 = CARTESIAN_POINT ( 'NONE',  ( -0.04887568674456060913, -0.01390659778293885755, 0.1879005137432496475 ) ) ;
#2671 = PRESENTATION_STYLE_ASSIGNMENT (( #5667 ) ) ;
#2672 = UNCERTAINTY_MEASURE_WITH_UNIT (LENGTH_MEASURE( 1.000000000000000082E-05 ), #8027, 'distance_accuracy_value', 'NONE');
#2673 = ORIENTED_EDGE ( 'NONE', *, *, #4814, .T. ) ;
#2674 = PRESENTATION_STYLE_ASSIGNMENT (( #6481 ) ) ;
#2675 = EDGE_CURVE ( 'NONE', #8196, #650, #3470, .T. ) ;
#2676 = CARTESIAN_POINT ( 'NONE',  ( -0.05846574005309652239, 0.05999058987354698169, 0.1650031547481241312 ) ) ;
#2677 = CARTESIAN_POINT ( 'NONE',  ( -0.2231091093434084127, -0.1700000000000000122, -0.1582779960609690673 ) ) ;
#2678 = AXIS2_PLACEMENT_3D ( 'NONE', #9386, #9419, #9478 ) ;
#2679 = DIRECTION ( 'NONE',  ( -0.9984204654305550708, -0.02611445777044348396, 0.04974544506574812841 ) ) ;
#2680 = FACE_OUTER_BOUND ( 'NONE', #3053, .T. ) ;
#2681 = CARTESIAN_POINT ( 'NONE',  ( -0.04602836463077222828, 0.05961153189781322886, 0.1879004906933163244 ) ) ;
#2682 = AXIS2_PLACEMENT_3D ( 'NONE', #1095, #4995, #627 ) ;
#2683 = DIRECTION ( 'NONE',  ( 0.8457699189191014710, 0.000000000000000000, 0.5335477900353224889 ) ) ;
#2684 = DIRECTION ( 'NONE',  ( -0.03046991852340235479, 0.9995356842380251905, 0.000000000000000000 ) ) ;
#2685 = ORIENTED_EDGE ( 'NONE', *, *, #9202, .F. ) ;
#2686 = CARTESIAN_POINT ( 'NONE',  ( 0.02207025368785180477, 0.08446481330335606219, -0.1597072464127865798 ) ) ;
#2687 = CARTESIAN_POINT ( 'NONE',  ( 0.03601113739329088459, 0.06729532033050841799, -0.1575000000000000289 ) ) ;
#2688 = CARTESIAN_POINT ( 'NONE',  ( -0.03361456451739411322, -0.1465206720722090072, -0.1599466246087391796 ) ) ;
#2689 = SURFACE_SIDE_STYLE ('',( #4789 ) ) ;
#2690 = COLOUR_RGB ( '',1.000000000000000000, 1.000000000000000000, 0.5019607843137254832 ) ;
#2691 = TOROIDAL_SURFACE ( 'NONE', #1780, 0.02999999999999996073, 0.01500000000000000118 ) ;
#2692 = DIRECTION ( 'NONE',  ( -0.9681504581799913467, -0.02951385928972328695, 0.2486234551197842035 ) ) ;
#2693 = PRODUCT_CONTEXT ( 'NONE', #9173, 'mechanical' ) ;
#2694 = CARTESIAN_POINT ( 'NONE',  ( 0.001608887117398060708, 0.06504104538831882720, -0.1640690271907387088 ) ) ;
#2695 = ORIENTED_EDGE ( 'NONE', *, *, #2965, .T. ) ;
#2696 = AXIS2_PLACEMENT_3D ( 'NONE', #5437, #1992, #2532 ) ;
#2697 = ADVANCED_FACE ( 'NONE', ( #1272 ), #6921, .T. ) ;
#2698 = ORIENTED_EDGE ( 'NONE', *, *, #3970, .F. ) ;
#2699 = CARTESIAN_POINT ( 'NONE',  ( -0.03618974801024662374, -0.1741175299307869129, 0.05398880098566725960 ) ) ;
#2700 = EDGE_CURVE ( 'NONE', #1342, #6290, #4950, .T. ) ;
#2701 = CARTESIAN_POINT ( 'NONE',  ( 0.001863126469913278533, 0.06506421926329944427, -0.002506288536381641539 ) ) ;
#2702 = VERTEX_POINT ( 'NONE', #4127 ) ;
#2703 = VERTEX_POINT ( 'NONE', #9320 ) ;
#2704 = CARTESIAN_POINT ( 'NONE',  ( 0.2650000000000000133, 0.1700000000000000122, 0.1749999999999999889 ) ) ;
#2705 = ORIENTED_EDGE ( 'NONE', *, *, #4648, .T. ) ;
#2706 = CARTESIAN_POINT ( 'NONE',  ( -0.05211581234927879780, -0.08718367367537752100, 0.1879004750435559756 ) ) ;
#2707 = SURFACE_STYLE_FILL_AREA ( #1589 ) ;
#2708 = CARTESIAN_POINT ( 'NONE',  ( -0.1228594115763747968, -0.1744735385346377343, -0.07938046995918959792 ) ) ;
#2709 =( GEOMETRIC_REPRESENTATION_CONTEXT ( 3 ) GLOBAL_UNCERTAINTY_ASSIGNED_CONTEXT ( ( #8989 ) ) GLOBAL_UNIT_ASSIGNED_CONTEXT ( ( #8521, #9399, #2074 ) ) REPRESENTATION_CONTEXT ( 'NONE', 'WORKASPACE' ) );
#2710 = CARTESIAN_POINT ( 'NONE',  ( 0.04179011490457076872, 0.06500696130013451646, 0.1599867833215366519 ) ) ;
#2711 = ORIENTED_EDGE ( 'NONE', *, *, #3752, .F. ) ;
#2712 = ORIENTED_EDGE ( 'NONE', *, *, #224, .F. ) ;
#2713 = CARTESIAN_POINT ( 'NONE',  ( 0.02695837221674585518, -0.03102747712014244583, -0.1837293439057604560 ) ) ;
#2714 = DIRECTION ( 'NONE',  ( 0.000000000000000000, 1.000000000000000000, 0.000000000000000000 ) ) ;
#2715 = DIRECTION ( 'NONE',  ( 0.5335477900353226000, 0.000000000000000000, -0.8457699189191013600 ) ) ;
#2716 = EDGE_CURVE ( 'NONE', #599, #6519, #8831, .T. ) ;
#2717 = VECTOR ( 'NONE', #260, 1000.000000000000000 ) ;
#2718 = ORIENTED_EDGE ( 'NONE', *, *, #2733, .T. ) ;
#2719 = VERTEX_POINT ( 'NONE', #5748 ) ;
#2720 = CARTESIAN_POINT ( 'NONE',  ( 0.2174977118581830626, -0.1600000000000000311, 0.1476558756124145555 ) ) ;
#2721 = CARTESIAN_POINT ( 'NONE',  ( -0.004623521100250689055, -0.1858824927378322500, 0.1596749071948798948 ) ) ;
#2722 = EDGE_CURVE ( 'NONE', #4072, #2383, #2095, .T. ) ;
#2723 = CARTESIAN_POINT ( 'NONE',  ( 0.2650000000000000133, -0.1700000000000000122, 0.2000000000000000111 ) ) ;
#2724 = CARTESIAN_POINT ( 'NONE',  ( 0.0007305318150574012124, 0.06495036468314693834, -0.1924573526449376015 ) ) ;
#2725 = UNCERTAINTY_MEASURE_WITH_UNIT (LENGTH_MEASURE( 1.000000000000000082E-05 ), #8921, 'distance_accuracy_value', 'NONE');
#2726 = AXIS2_PLACEMENT_3D ( 'NONE', #1200, #9304, #4887 ) ;
#2727 = CARTESIAN_POINT ( 'NONE',  ( -0.02832811775182575778, -0.1465206615570088244, -0.02656005557001000703 ) ) ;
#2728 = TOROIDAL_SURFACE ( 'NONE', #8006, 0.02002185467385547354, 0.01499999999999999598 ) ;
#2729 = ORIENTED_EDGE ( 'NONE', *, *, #4160, .F. ) ;
#2730 = CARTESIAN_POINT ( 'NONE',  ( -0.1017636297402409601, -0.1961590808291256427, 0.05469683525704768096 ) ) ;
#2731 = SURFACE_STYLE_USAGE ( .BOTH. , #7883 ) ;
#2732 = CARTESIAN_POINT ( 'NONE',  ( 0.03642156078274655373, 0.06626878880124140170, 0.1498745011753878920 ) ) ;
#2733 = EDGE_CURVE ( 'NONE', #4323, #1765, #8590, .T. ) ;
#2734 = CARTESIAN_POINT ( 'NONE',  ( -0.08858042090499682053, 0.02447876613782671087, 0.1976011036045372815 ) ) ;
#2735 = CARTESIAN_POINT ( 'NONE',  ( -0.02846794172079217602, 0.06096691168326798943, 0.1079221127433932781 ) ) ;
#2736 = ORIENTED_EDGE ( 'NONE', *, *, #2659, .T. ) ;
#2737 = CARTESIAN_POINT ( 'NONE',  ( 0.002250147947304805864, 0.1131050136717272198, 0.05364325304789240023 ) ) ;
#2738 = DIRECTION ( 'NONE',  ( -0.02052558504614596102, -0.0002560480453980134587, 0.9997892952006997014 ) ) ;
#2739 = CARTESIAN_POINT ( 'NONE',  ( -0.005749036835199468516, 0.05955729211065416417, -0.1762706481732030095 ) ) ;
#2740 = DIRECTION ( 'NONE',  ( -0.03046997120607389600, 0.9995356826287381535, 2.569782755049154765E-06 ) ) ;
#2741 = CARTESIAN_POINT ( 'NONE',  ( 0.01502738862150995378, -0.1476049364850210432, -0.02624036764333190913 ) ) ;
#2742 = CARTESIAN_POINT ( 'NONE',  ( -0.04163715744775425831, 0.05998743853633690948, -0.1599823553555817512 ) ) ;
#2743 = ORIENTED_EDGE ( 'NONE', *, *, #3478, .F. ) ;
#2744 = STYLED_ITEM ( 'NONE', ( #5333 ), #2331 ) ;
#2745 = TOROIDAL_SURFACE ( 'NONE', #6762, 0.02002185241913521929, 0.01499999999999999598 ) ;
#2746 = CARTESIAN_POINT ( 'NONE',  ( -0.007753140239137710880, 0.07999999999999989064, 0.1600000000000000033 ) ) ;
#2747 =( GEOMETRIC_REPRESENTATION_CONTEXT ( 3 ) GLOBAL_UNCERTAINTY_ASSIGNED_CONTEXT ( ( #2672 ) ) GLOBAL_UNIT_ASSIGNED_CONTEXT ( ( #8027, #7918, #609 ) ) REPRESENTATION_CONTEXT ( 'NONE', 'WORKASPACE' ) );
#2748 = CARTESIAN_POINT ( 'NONE',  ( -0.02151754748105509651, 0.07554193604853857991, 0.1327892651147117298 ) ) ;
#2749 = CARTESIAN_POINT ( 'NONE',  ( -0.05315322126890210941, -0.2017143031329149405, -0.05210948287576527838 ) ) ;
#2750 = CARTESIAN_POINT ( 'NONE',  ( -0.1210718620247217547, -0.1735372582328818247, -0.04574611991424979568 ) ) ;
#2751 = CARTESIAN_POINT ( 'NONE',  ( 0.02319166156938872250, 0.06634591177276866203, -0.1826052314272637866 ) ) ;
#2752 = EDGE_CURVE ( 'NONE', #8398, #7077, #2757, .T. ) ;
#2753 = B_SPLINE_CURVE_WITH_KNOTS ( 'NONE', 3,
 ( #2907, #788, #3676, #1576, #7300, #2246, #8786, #2938 ),
 .UNSPECIFIED., .F., .F.,
 ( 4, 2, 2, 4 ),
 ( 0.7890819539983995323, 0.8333321516436658083, 0.8554603693797637742, 0.8775845940005594370 ),
 .UNSPECIFIED. ) ;
#2754 = SURFACE_STYLE_FILL_AREA ( #6212 ) ;
#2755 =( NAMED_UNIT ( * ) PLANE_ANGLE_UNIT ( ) SI_UNIT ( $, .RADIAN. ) );
#2756 =( NAMED_UNIT ( * ) PLANE_ANGLE_UNIT ( ) SI_UNIT ( $, .RADIAN. ) );
#2757 = LINE ( 'NONE', #1365, #1059 ) ;
#2758 = CARTESIAN_POINT ( 'NONE',  ( 0.05244599694193768230, -0.1603917168665567050, -0.1792538183240137417 ) ) ;
#2759 = CARTESIAN_POINT ( 'NONE',  ( -0.006563973209576245971, 0.07553518669664389951, -0.1602927535872134823 ) ) ;
#2760 = CARTESIAN_POINT ( 'NONE',  ( 0.03981597754316170551, 0.1083393227715823415, -0.1603754720577575954 ) ) ;
#2761 = AXIS2_PLACEMENT_3D ( 'NONE', #6434, #673, #8671 ) ;
#2762 = FACE_OUTER_BOUND ( 'NONE', #510, .T. ) ;
#2763 = SURFACE_STYLE_USAGE ( .BOTH. , #1981 ) ;
#2764 = CARTESIAN_POINT ( 'NONE',  ( -0.05938439204331855820, 0.07275956983467629646, -0.05407232402845882357 ) ) ;
#2765 = CARTESIAN_POINT ( 'NONE',  ( 0.05945498414705186613, 0.02250917269271568780, 0.1526119360838317507 ) ) ;
#2766 = COLOUR_RGB ( '',1.000000000000000000, 1.000000000000000000, 0.5019607843137254832 ) ;
#2767 = DIRECTION ( 'NONE',  ( 1.000000000000000000, 0.000000000000000000, 0.000000000000000000 ) ) ;
#2768 = CARTESIAN_POINT ( 'NONE',  ( -0.1226720531771727241, -0.1739443014778757901, -0.07898615224064993445 ) ) ;
#2769 = EDGE_CURVE ( 'NONE', #3445, #6036, #2753, .T. ) ;
#2770 = CARTESIAN_POINT ( 'NONE',  ( -0.1278671797069859395, -0.1700000000000000122, -0.03805575324395597120 ) ) ;
#2771 = CARTESIAN_POINT ( 'NONE',  ( -0.009523131291011833338, -0.03263062019087452359, -0.2053286466191961701 ) ) ;
#2772 = ORIENTED_EDGE ( 'NONE', *, *, #5515, .T. ) ;
#2773 = CARTESIAN_POINT ( 'NONE',  ( 0.02989116684935663390, 0.05583841688660499264, -0.1056068211166397708 ) ) ;
#2775 = SURFACE_STYLE_FILL_AREA ( #5119 ) ;
#2774 = CARTESIAN_POINT ( 'NONE',  ( -0.03632827958025656306, -0.08783652855376514190, 0.1623989264745942518 ) ) ;
#2776 = VECTOR ( 'NONE', #6340, 1000.000000000000000 ) ;
#2777 = PLANE ( 'NONE',  #3373 ) ;
#2778 = CARTESIAN_POINT ( 'NONE',  ( -0.1727154805785204583, -0.1550000000000000266, -0.1472490126125821919 ) ) ;
#2779 = CARTESIAN_POINT ( 'NONE',  ( -0.1149999944315498179, 0.06074636187499602574, 0.1574999999999999456 ) ) ;
#2780 = CARTESIAN_POINT ( 'NONE',  ( -0.1226720531819162768, -0.1860556985087246651, -0.07898615225063329581 ) ) ;
#2781 = ORIENTED_EDGE ( 'NONE', *, *, #1403, .F. ) ;
#2782 = DIRECTION ( 'NONE',  ( -0.03046991852340169560, 0.9995356842380251905, -1.239891685629168994E-19 ) ) ;
#2783 = DIRECTION ( 'NONE',  ( 0.000000000000000000, -1.000000000000000000, 0.000000000000000000 ) ) ;
#2784 = CARTESIAN_POINT ( 'NONE',  ( -0.003074408202356703704, 0.06451819400701432061, -0.1891324492287164150 ) ) ;
#2785 = ADVANCED_FACE ( 'NONE', ( #3790 ), #8037, .F. ) ;
#2786 = PRESENTATION_STYLE_ASSIGNMENT (( #1624 ) ) ;
#2787 = UNCERTAINTY_MEASURE_WITH_UNIT (LENGTH_MEASURE( 1.000000000000000082E-05 ), #4192, 'distance_accuracy_value', 'NONE');
#2788 = EDGE_CURVE ( 'NONE', #4570, #3882, #7923, .T. ) ;
#2789 = EDGE_LOOP ( 'NONE', ( #2385, #5351, #4172, #7482 ) ) ;
#2790 = CARTESIAN_POINT ( 'NONE',  ( -0.01178219831617157570, -0.01220030348005749811, -0.1595842180116832654 ) ) ;
#2791 = CARTESIAN_POINT ( 'NONE',  ( 0.07267395238361196164, 0.08150857145238467327, -0.1596940962204190240 ) ) ;
#2792 = CARTESIAN_POINT ( 'NONE',  ( 0.05298240430901139664, -0.1238317222340989954, -0.1492944816317088863 ) ) ;
#2793 = CARTESIAN_POINT ( 'NONE',  ( 0.06050797621656925362, 0.1113565113862929751, 0.02744008572356169268 ) ) ;
#2794 = CARTESIAN_POINT ( 'NONE',  ( 0.05471949452428934851, 0.06508008708492059313, -0.1094429215259133670 ) ) ;
#2795 = CARTESIAN_POINT ( 'NONE',  ( -0.04761343119214226510, 0.1135141182547868416, -0.05335612357712406217 ) ) ;
#2796 = CARTESIAN_POINT ( 'NONE',  ( 0.04740028922463900701, -0.1603880067246995222, 0.1822671972012630537 ) ) ;
#2797 = VECTOR ( 'NONE', #3691, 1000.000000000000000 ) ;
#2798 = VERTEX_POINT ( 'NONE', #21 ) ;
#2799 = EDGE_CURVE ( 'NONE', #4865, #900, #358, .T. ) ;
#2800 = CARTESIAN_POINT ( 'NONE',  ( -0.0006426625713745802524, 0.1131050979785666322, 0.1068809710448803546 ) ) ;
#2801 = AXIS2_PLACEMENT_3D ( 'NONE', #630, #5914, #61 ) ;
#2802 = CARTESIAN_POINT ( 'NONE',  ( -0.002071635754232756602, -0.03230278071074418195, -0.1762706401726663874 ) ) ;
#2803 = CARTESIAN_POINT ( 'NONE',  ( -0.06466084986946986357, -0.01319886348187595572, 0.2134020623510640979 ) ) ;
#2804 = STYLED_ITEM ( 'NONE', ( #748 ), #4857 ) ;
#2805 = VERTEX_POINT ( 'NONE', #585 ) ;
#2806 = EDGE_LOOP ( 'NONE', ( #8060, #8565, #994, #4487 ) ) ;
#2807 = CARTESIAN_POINT ( 'NONE',  ( 0.03619511394899902618, 0.06627556737546727583, 0.1598722433435727230 ) ) ;
#2808 = ORIENTED_EDGE ( 'NONE', *, *, #7303, .T. ) ;
#2809 = VECTOR ( 'NONE', #7777, 1000.000000000000000 ) ;
#2810 = CARTESIAN_POINT ( 'NONE',  ( -0.1221691108782663043, -0.1799999999998387890, -0.04470776659476562859 ) ) ;
#2811 = CARTESIAN_POINT ( 'NONE',  ( 0.01314265821992736775, 0.1131050247127996788, -0.1598978496222843437 ) ) ;
#2812 = CARTESIAN_POINT ( 'NONE',  ( -0.04140122888186806294, -0.1741174758925110866, -0.05266419409108981375 ) ) ;
#2813 = CARTESIAN_POINT ( 'NONE',  ( -0.05631915349536183862, 0.04648705137445473951, 0.1556446470466626986 ) ) ;
#2814 = CARTESIAN_POINT ( 'NONE',  ( -0.04606180202745432939, -0.1603521192162432607, -0.1734383768194297792 ) ) ;
#2815 = CARTESIAN_POINT ( 'NONE',  ( 0.02110852516791961869, 0.06629943807139621059, -0.1699352282725326568 ) ) ;
#2816 = B_SPLINE_CURVE_WITH_KNOTS ( 'NONE', 3,
 ( #723, #2224, #8165, #4477, #5220, #1585, #28, #6700 ),
 .UNSPECIFIED., .F., .F.,
 ( 4, 2, 2, 4 ),
 ( 0.7890819539983995323, 0.8333321516436658083, 0.8554603693797637742, 0.8775845940005594370 ),
 .UNSPECIFIED. ) ;
#2817 =( GEOMETRIC_REPRESENTATION_CONTEXT ( 3 ) GLOBAL_UNCERTAINTY_ASSIGNED_CONTEXT ( ( #664 ) ) GLOBAL_UNIT_ASSIGNED_CONTEXT ( ( #1089, #5445, #8449 ) ) REPRESENTATION_CONTEXT ( 'NONE', 'WORKASPACE' ) );
#2818 = DIRECTION ( 'NONE',  ( 0.6478960474732828878, 0.000000000000000000, 0.7617287651575839202 ) ) ;
#2819 = VERTEX_POINT ( 'NONE', #3740 ) ;
#2820 = ORIENTED_EDGE ( 'NONE', *, *, #6382, .F. ) ;
#2821 = COLOUR_RGB ( '',1.000000000000000000, 1.000000000000000000, 1.000000000000000000 ) ;
#2822 = MECHANICAL_DESIGN_GEOMETRIC_PRESENTATION_REPRESENTATION (  '', ( #5461 ), #3495 ) ;
#2823 = ORIENTED_EDGE ( 'NONE', *, *, #149, .F. ) ;
#2824 = CARTESIAN_POINT ( 'NONE',  ( -0.02408056380045869860, -0.03107321858625704952, -0.1865616156129960568 ) ) ;
#2825 = DIRECTION ( 'NONE',  ( 0.9993255319173289797, -0.03046132653440713003, 0.02050826282043495541 ) ) ;
#2826 = CARTESIAN_POINT ( 'NONE',  ( 0.004591931703304494988, 0.06532612052010032533, -0.1575000000000001399 ) ) ;
#2827 =( LENGTH_UNIT ( ) NAMED_UNIT ( * ) SI_UNIT ( .MILLI., .METRE. ) );
#2828 = CARTESIAN_POINT ( 'NONE',  ( 0.06855585441574435501, 0.1113702190596875113, -0.1060942471779710711 ) ) ;
#2829 = CARTESIAN_POINT ( 'NONE',  ( 0.05448503377529694686, 0.06510318553325900037, -0.1089780208059840383 ) ) ;
#2830 = CARTESIAN_POINT ( 'NONE',  ( -0.06985858275620630831, 0.09903328481367332237, -0.1605716838549241521 ) ) ;
#2831 = ORIENTED_EDGE ( 'NONE', *, *, #9376, .T. ) ;
#2832 = ORIENTED_EDGE ( 'NONE', *, *, #2234, .T. ) ;
#2833 = CARTESIAN_POINT ( 'NONE',  ( 0.08998266897168233358, -0.2100000000000000477, -0.0007208539969983177031 ) ) ;
#2834 = CARTESIAN_POINT ( 'NONE',  ( -0.008773220037500317064, 0.06000000000000003247, 0.1799999999999999933 ) ) ;
#2835 = PRESENTATION_LAYER_ASSIGNMENT (  '', '', ( #5292 ) ) ;
#2836 = FILL_AREA_STYLE ('',( #9465 ) ) ;
#2837 = CARTESIAN_POINT ( 'NONE',  ( 0.2017251974013795635, -0.1700000000000000955, 0.1177992224742518967 ) ) ;
#2838 = CARTESIAN_POINT ( 'NONE',  ( -0.1655526671241021874, -0.2300000000000000655, -0.05290356562635827736 ) ) ;
#2839 = CARTESIAN_POINT ( 'NONE',  ( -0.07151807544422841834, 0.06038846810218673200, 0.1720995093066837178 ) ) ;
#2840 = SURFACE_STYLE_FILL_AREA ( #5773 ) ;
#2841 = ORIENTED_EDGE ( 'NONE', *, *, #893, .T. ) ;
#2842 = ORIENTED_EDGE ( 'NONE', *, *, #6652, .F. ) ;
#2843 = ADVANCED_FACE ( 'NONE', ( #6220 ), #6485, .T. ) ;
#2844 = DIRECTION ( 'NONE',  ( 0.000000000000000000, 0.000000000000000000, 1.000000000000000000 ) ) ;
#2845 = CARTESIAN_POINT ( 'NONE',  ( -0.08604467737574322816, -0.1714750601623973580, 0.02726104084680526507 ) ) ;
#2846 = EDGE_CURVE ( 'NONE', #7965, #7785, #3563, .T. ) ;
#2847 = UNCERTAINTY_MEASURE_WITH_UNIT (LENGTH_MEASURE( 1.000000000000000082E-05 ), #1891, 'distance_accuracy_value', 'NONE');
#2848 =( NAMED_UNIT ( * ) PLANE_ANGLE_UNIT ( ) SI_UNIT ( $, .RADIAN. ) );
#2849 = CARTESIAN_POINT ( 'NONE',  ( -0.007653135609097315266, 0.07554878298997783070, -0.1072363261806407314 ) ) ;
#2850 = CARTESIAN_POINT ( 'NONE',  ( -0.1202730532668949970, -0.1778600041543940413, -0.07951573857030078130 ) ) ;
#2851 = CARTESIAN_POINT ( 'NONE',  ( -0.01870399914927206586, 0.06096691183954550119, -0.05161007736896324610 ) ) ;
#2852 = ORIENTED_EDGE ( 'NONE', *, *, #58, .F. ) ;
#2853 = EDGE_CURVE ( 'NONE', #9129, #6262, #7243, .T. ) ;
#2854 = DIRECTION ( 'NONE',  ( 0.04805693313322302596, 0.000000000000000000, 0.9988445981121533146 ) ) ;
#2855 = CARTESIAN_POINT ( 'NONE',  ( -0.02033162852806202903, 0.07553514886684735419, 0.1059518483957106738 ) ) ;
#2856 = VERTEX_POINT ( 'NONE', #2377 ) ;
#2857 =( NAMED_UNIT ( * ) PLANE_ANGLE_UNIT ( ) SI_UNIT ( $, .RADIAN. ) );
#2858 = CARTESIAN_POINT ( 'NONE',  ( -0.04522460358324704305, -0.2017227649519346966, 0.1077074098107655281 ) ) ;
#2859 = CARTESIAN_POINT ( 'NONE',  ( 0.08143428500343918852, -0.1227479011113265656, -0.1807497357110948166 ) ) ;
#2860 = CARTESIAN_POINT ( 'NONE',  ( 0.05378472479057648525, 0.06517099124996569848, -0.1044281703913526177 ) ) ;
#2861 = EDGE_CURVE ( 'NONE', #3622, #2340, #4599, .T. ) ;
#2862 = DIRECTION ( 'NONE',  ( 0.9993255101729127121, 0.03046351156190880982, 0.02050607668387986748 ) ) ;
#2863 = CARTESIAN_POINT ( 'NONE',  ( 0.04475857324509307372, 0.04865714238339601677, -0.1071339959683307169 ) ) ;
#2864 = CARTESIAN_POINT ( 'NONE',  ( 0.05495708127720405622, 0.06505647497213770669, -0.1088970231719087051 ) ) ;
#2865 =( LENGTH_UNIT ( ) NAMED_UNIT ( * ) SI_UNIT ( .MILLI., .METRE. ) );
#2866 = CARTESIAN_POINT ( 'NONE',  ( 0.08341407869396207098, -0.1500000240246342487, -0.1603496678360545324 ) ) ;
#2867 = B_SPLINE_CURVE_WITH_KNOTS ( 'NONE', 3,
 ( #5587, #9158, #8470, #9100, #8442, #3431, #1082, #1828, #429, #5553, #4804 ),
 .UNSPECIFIED., .F., .F.,
 ( 4, 1, 1, 1, 1, 1, 1, 1, 4 ),
 ( 0.1062965477882387849, 0.1545912919473769742, 0.2508150706395764207, 0.4153830523021122545, 0.5028899442199810110, 0.5669621481450413114, 0.7378412925424542301, 0.8725360054115529618, 0.9999999999999998890 ),
 .UNSPECIFIED. ) ;
#2868 = SURFACE_SIDE_STYLE ('',( #8548 ) ) ;
#2869 = DIRECTION ( 'NONE',  ( -0.9196353003962208783, 0.3921679738779000890, 0.02179895707723860515 ) ) ;
#2870 = CIRCLE ( 'NONE', #7418, 0.01499999999999999598 ) ;
#2871 = DIRECTION ( 'NONE',  ( -0.9764899268500454310, 0.000000000000000000, 0.2155630366282511867 ) ) ;
#2872 = PRESENTATION_STYLE_ASSIGNMENT (( #4090 ) ) ;
#2873 = DIRECTION ( 'NONE',  ( 0.000000000000000000, 0.000000000000000000, -1.000000000000000000 ) ) ;
#2874 = CARTESIAN_POINT ( 'NONE',  ( -0.02459389849763883584, 0.1041752481412175774, 0.02512943998699366729 ) ) ;
#2875 = CARTESIAN_POINT ( 'NONE',  ( -0.06284782821803974739, 0.02643965121420824640, 0.2134021236581867542 ) ) ;
#2876 = CARTESIAN_POINT ( 'NONE',  ( 0.1210718620247217964, -0.1864627417671178844, 0.04574611991424980262 ) ) ;
#2877 = CARTESIAN_POINT ( 'NONE',  ( -0.09945438999429068172, -0.1961591102721191859, 0.1078207193758129318 ) ) ;
#2878 = STYLED_ITEM ( 'NONE', ( #5882 ), #3190 ) ;
#2879 = COLOUR_RGB ( '',1.000000000000000000, 1.000000000000000000, 0.5019607843137254832 ) ;
#2880 =( GEOMETRIC_REPRESENTATION_CONTEXT ( 3 ) GLOBAL_UNCERTAINTY_ASSIGNED_CONTEXT ( ( #3669 ) ) GLOBAL_UNIT_ASSIGNED_CONTEXT ( ( #4592, #943, #6066 ) ) REPRESENTATION_CONTEXT ( 'NONE', 'WORKASPACE' ) );
#2881 = DIRECTION ( 'NONE',  ( -0.03046778570332068711, -0.9995357492496584895, 2.502094356048728541E-06 ) ) ;
#2882 = CARTESIAN_POINT ( 'NONE',  ( -0.005890815485539191952, -0.1858910336190617851, 0.1060564606960404666 ) ) ;
#2883 = SURFACE_SIDE_STYLE ('',( #574 ) ) ;
#2884 = EDGE_CURVE ( 'NONE', #9094, #3541, #4221, .T. ) ;
#2885 = COLOUR_RGB ( '',1.000000000000000000, 1.000000000000000000, 0.5019607843137254832 ) ;
#2886 = CIRCLE ( 'NONE', #5060, 0.01500000000000000291 ) ;
#2887 = PRESENTATION_STYLE_ASSIGNMENT (( #7976 ) ) ;
#2888 = CARTESIAN_POINT ( 'NONE',  ( 0.1210718620247217964, -0.2300000000000001765, 0.04574611991424980956 ) ) ;
#2889 = DIRECTION ( 'NONE',  ( -0.02052340527576554732, 0.0002562270569843368845, 0.9997893399029528227 ) ) ;
#2890 = CARTESIAN_POINT ( 'NONE',  ( 0.05446185906622705991, 0.06510545860826107145, -0.1088956678211605161 ) ) ;
#2891 = CARTESIAN_POINT ( 'NONE',  ( 0.04623641659554863365, -0.06876664894519583793, 0.2119225319047737255 ) ) ;
#2892 =( NAMED_UNIT ( * ) SI_UNIT ( $, .STERADIAN. ) SOLID_ANGLE_UNIT ( ) );
#2893 = FACE_OUTER_BOUND ( 'NONE', #6647, .T. ) ;
#2894 = EDGE_CURVE ( 'NONE', #8131, #4649, #4370, .T. ) ;
#2895 = SURFACE_STYLE_USAGE ( .BOTH. , #7287 ) ;
#2896 = SURFACE_STYLE_FILL_AREA ( #8260 ) ;
#2897 =( BOUNDED_SURFACE ( )  B_SPLINE_SURFACE ( 3, 3, ( 
 ( #4895, #799, #8925, #6670, #5956, #2985, #6639, #903 ),
 ( #3753, #7470, #1591, #34, #5923, #6706, #4453, #2263 ),
 ( #163, #8895, #8170, #1555, #8076, #3783, #8859, #4518 ),
 ( #5225, #1649, #2392, #828, #131, #866, #5159, #5264 ),
 ( #5985, #1618, #6780, #3084, #5293, #6743, #6020, #768 ),
 ( #7371, #2950, #3886, #8984, #8299, #6940, #6159, #7604 ),
 ( #6090, #231, #7635, #1774, #5322, #7506, #8333, #3944 ) ),
 .UNSPECIFIED., .T., .F., .F. ) 
 B_SPLINE_SURFACE_WITH_KNOTS ( ( 4, 3, 4 ),
 ( 4, 2, 2, 4 ),
 ( 0.000000000000000000, 0.5000000000000000000, 1.000000000000000000 ),
 ( 0.3862494968849777277, 0.4166575646906974240, 0.4318620162277504448, 0.4470661460246058705 ),
 .UNSPECIFIED. ) 
 GEOMETRIC_REPRESENTATION_ITEM ( )  RATIONAL_B_SPLINE_SURFACE ( (
 ( 1.000000000000000000, 1.000000000000000000, 1.000000000000000000, 1.000000000000000000, 1.000000000000000000, 1.000000000000000000, 1.000000000000000000, 1.000000000000000000),
 ( 0.3333333333333333703, 0.3333333333333333703, 0.3333333333333333703, 0.3333333333333333703, 0.3333333333333333703, 0.3333333333333333703, 0.3333333333333333703, 0.3333333333333333703),
 ( 0.3333333333333333703, 0.3333333333333333703, 0.3333333333333333703, 0.3333333333333333703, 0.3333333333333333703, 0.3333333333333333703, 0.3333333333333333703, 0.3333333333333333703),
 ( 1.000000000000000000, 1.000000000000000000, 1.000000000000000000, 1.000000000000000000, 1.000000000000000000, 1.000000000000000000, 1.000000000000000000, 1.000000000000000000),
 ( 0.3333333333333333703, 0.3333333333333333703, 0.3333333333333333703, 0.3333333333333333703, 0.3333333333333333703, 0.3333333333333333703, 0.3333333333333333703, 0.3333333333333333703),
 ( 0.3333333333333333703, 0.3333333333333333703, 0.3333333333333333703, 0.3333333333333333703, 0.3333333333333333703, 0.3333333333333333703, 0.3333333333333333703, 0.3333333333333333703),
 ( 1.000000000000000000, 1.000000000000000000, 1.000000000000000000, 1.000000000000000000, 1.000000000000000000, 1.000000000000000000, 1.000000000000000000, 1.000000000000000000) ) ) 
 REPRESENTATION_ITEM ( '' )  SURFACE ( )  );
#2898 = CARTESIAN_POINT ( 'NONE',  ( 0.1727154805785203751, -0.1550000000000001377, 0.1472490126125821919 ) ) ;
#2899 = CARTESIAN_POINT ( 'NONE',  ( 0.003984261681737179955, 0.1131050346108560672, 0.02701373789098636055 ) ) ;
#2900 = PRESENTATION_STYLE_ASSIGNMENT (( #1860 ) ) ;
#2901 = CARTESIAN_POINT ( 'NONE',  ( 0.06001733102831774413, -0.1800000000000000488, 0.0007208539969983470850 ) ) ;
#2902 = CARTESIAN_POINT ( 'NONE',  ( 0.01889746868922057010, -0.1476049776487283749, 0.05374023319904857460 ) ) ;
#2903 = ORIENTED_EDGE ( 'NONE', *, *, #58, .T. ) ;
#2904 = AXIS2_PLACEMENT_3D ( 'NONE', #8740, #7252, #4368 ) ;
#2905 = CYLINDRICAL_SURFACE ( 'NONE', #7833, 0.01500000000000003761 ) ;
#2906 = DIRECTION ( 'NONE',  ( 0.9993255101729127121, 0.03046351156190941697, 0.02050607668387869481 ) ) ;
#2907 = CARTESIAN_POINT ( 'NONE',  ( -0.02911274646542583514, 0.08724039871988237271, -0.1597322420500395246 ) ) ;
#2908 = CARTESIAN_POINT ( 'NONE',  ( 0.1178787481294784195, -0.1655978970516955306, 0.05452421381750376106 ) ) ;
#2909 = UNCERTAINTY_MEASURE_WITH_UNIT (LENGTH_MEASURE( 1.000000000000000082E-05 ), #6877, 'distance_accuracy_value', 'NONE');
#2910 = CARTESIAN_POINT ( 'NONE',  ( 0.03200268577051364194, 0.07849130379308980054, 0.05240611079259199084 ) ) ;
#2911 = VERTEX_POINT ( 'NONE', #523 ) ;
#2912 = SURFACE_STYLE_USAGE ( .BOTH. , #8663 ) ;
#2913 = CARTESIAN_POINT ( 'NONE',  ( -0.02008814942002803972, 0.06193891542912993708, 0.1699716784190253294 ) ) ;
#2914 = CARTESIAN_POINT ( 'NONE',  ( -0.007296395382846155610, 0.09499303869986533422, 0.1600132166784632437 ) ) ;
#2915 = ORIENTED_EDGE ( 'NONE', *, *, #5653, .F. ) ;
#2916 = ORIENTED_EDGE ( 'NONE', *, *, #5114, .T. ) ;
#2917 = CARTESIAN_POINT ( 'NONE',  ( 0.06742230392339600142, -0.1600000000000000311, -0.1799999999999999656 ) ) ;
#2918 = CARTESIAN_POINT ( 'NONE',  ( -0.1178224517255980069, -0.1949999037419172798, -0.05976456509678127610 ) ) ;
#2919 = CARTESIAN_POINT ( 'NONE',  ( 0.05469755812864150052, 0.06508225689559225813, -0.1094352336481469040 ) ) ;
#2920 = ORIENTED_EDGE ( 'NONE', *, *, #7143, .F. ) ;
#2921 = CIRCLE ( 'NONE', #8501, 0.005021137786436780451 ) ;
#2922 = CARTESIAN_POINT ( 'NONE',  ( -0.2491252820972974513, 0.07515281250366884214, 0.2000000000000000111 ) ) ;
#2923 = CARTESIAN_POINT ( 'NONE',  ( 0.01438099417703697300, -0.1226078638773924756, 0.2073881718923919759 ) ) ;
#2924 = CARTESIAN_POINT ( 'NONE',  ( -0.02570527695740475529, -0.01269288039901280037, 0.1748111854397168541 ) ) ;
#2925 = CIRCLE ( 'NONE', #2022, 0.01499999999999999077 ) ;
#2926 = ORIENTED_EDGE ( 'NONE', *, *, #1377, .F. ) ;
#2927 = ORIENTED_EDGE ( 'NONE', *, *, #1889, .T. ) ;
#2928 = AXIS2_PLACEMENT_3D ( 'NONE', #384, #7801, #4012 ) ;
#2929 = CARTESIAN_POINT ( 'NONE',  ( -0.07151807544422839058, 0.06038846810218672506, 0.1720995093066837178 ) ) ;
#2930 = ORIENTED_EDGE ( 'NONE', *, *, #8907, .F. ) ;
#2931 = CIRCLE ( 'NONE', #8079, 0.01500000000000000812 ) ;
#2932 =( GEOMETRIC_REPRESENTATION_CONTEXT ( 3 ) GLOBAL_UNCERTAINTY_ASSIGNED_CONTEXT ( ( #4549 ) ) GLOBAL_UNIT_ASSIGNED_CONTEXT ( ( #1906, #9171, #7029 ) ) REPRESENTATION_CONTEXT ( 'NONE', 'WORKASPACE' ) );
#2933 = CARTESIAN_POINT ( 'NONE',  ( 0.04475857324509307372, 0.04865714238339601677, -0.1071339959683307169 ) ) ;
#2934 = CARTESIAN_POINT ( 'NONE',  ( 0.05227650201772861271, -0.1536089066391437552, 0.1595066864532780349 ) ) ;
#2935 = ORIENTED_EDGE ( 'NONE', *, *, #2192, .F. ) ;
#2936 = VERTEX_POINT ( 'NONE', #3484 ) ;
#2937 = DIRECTION ( 'NONE',  ( 0.000000000000000000, -0.000000000000000000, -1.000000000000000000 ) ) ;
#2938 = CARTESIAN_POINT ( 'NONE',  ( -0.04461917553330744385, 0.08724052915325926361, 0.1602714934378702549 ) ) ;
#2939 = CARTESIAN_POINT ( 'NONE',  ( 0.1188049937226108993, -0.1661531446049396843, 0.06758967755547955203 ) ) ;
#2940 = CARTESIAN_POINT ( 'NONE',  ( -0.05470921896246532662, 0.05958898276749546863, -0.1734383764625826996 ) ) ;
#2941 =( LENGTH_UNIT ( ) NAMED_UNIT ( * ) SI_UNIT ( .MILLI., .METRE. ) );
#2942 = COLOUR_RGB ( '',1.000000000000000000, 1.000000000000000000, 0.5019607843137254832 ) ;
#2943 =( GEOMETRIC_REPRESENTATION_CONTEXT ( 3 ) GLOBAL_UNCERTAINTY_ASSIGNED_CONTEXT ( ( #3964 ) ) GLOBAL_UNIT_ASSIGNED_CONTEXT ( ( #5562, #4101, #1971 ) ) REPRESENTATION_CONTEXT ( 'NONE', 'WORKASPACE' ) );
#2944 = ORIENTED_EDGE ( 'NONE', *, *, #9082, .F. ) ;
#2945 = VERTEX_POINT ( 'NONE', #9228 ) ;
#2946 = CARTESIAN_POINT ( 'NONE',  ( -0.02353015847805882063, 0.06132396106052748902, 0.1774825211638808020 ) ) ;
#2947 = CARTESIAN_POINT ( 'NONE',  ( 0.08998266897168234746, -0.1800000000000000488, -0.0007208539969983437240 ) ) ;
#2948 = CARTESIAN_POINT ( 'NONE',  ( -0.1212147030032194178, -0.1895099053498481845, -0.07568191366038932999 ) ) ;
#2949 = EDGE_CURVE ( 'NONE', #8803, #4541, #937, .T. ) ;
#2950 = CARTESIAN_POINT ( 'NONE',  ( -0.005510736130267573224, -0.1241531069396776960, -0.2053321670602196169 ) ) ;
#2951 = CARTESIAN_POINT ( 'NONE',  ( 0.2151529299272666174, -0.2299999999999999822, 0.1514657711333050050 ) ) ;
#2952 = CARTESIAN_POINT ( 'NONE',  ( -0.008962937483841132771, 0.06373860611055295888, 0.1947975668099073687 ) ) ;
#2953 = CARTESIAN_POINT ( 'NONE',  ( 0.02187372307107353017, 0.06058998721983255287, 0.2073881562730618411 ) ) ;
#2954 = CARTESIAN_POINT ( 'NONE',  ( -0.08016869454209274437, -0.1596657675772099050, 0.1720995054026247528 ) ) ;
#2955 = VERTEX_POINT ( 'NONE', #271 ) ;
#2956 = DIRECTION ( 'NONE',  ( -0.03046991852340282317, 0.9995356842380251905, 0.000000000000000000 ) ) ;
#2957 = CARTESIAN_POINT ( 'NONE',  ( -0.03393267062967709330, -0.03294288741213062532, 0.1623989423777648655 ) ) ;
#2958 = CARTESIAN_POINT ( 'NONE',  ( 0.1278671797069859672, -0.1550000000000001377, 0.03805575324395597814 ) ) ;
#2959 = CARTESIAN_POINT ( 'NONE',  ( 0.02180500106407205416, 0.05582470941180216195, 0.02819141153566027264 ) ) ;
#2960 = CARTESIAN_POINT ( 'NONE',  ( 0.1160626654612614550, -0.2300000000000000655, 0.05141510554491868917 ) ) ;
#2961 = UNCERTAINTY_MEASURE_WITH_UNIT (LENGTH_MEASURE( 1.000000000000000082E-05 ), #5019, 'distance_accuracy_value', 'NONE');
#2962 = CARTESIAN_POINT ( 'NONE',  ( -0.07435170301095246626, -0.01276431064381375498, 0.1720995321723959026 ) ) ;
#2963 =( NAMED_UNIT ( * ) PLANE_ANGLE_UNIT ( ) SI_UNIT ( $, .RADIAN. ) );
#2964 = CARTESIAN_POINT ( 'NONE',  ( 0.03838939257931776178, -0.1830019702289861216, -0.02736589006765825088 ) ) ;
#2965 = EDGE_CURVE ( 'NONE', #1824, #1144, #2209, .T. ) ;
#2966 = CARTESIAN_POINT ( 'NONE',  ( 0.05604756845165102114, 0.05954823933484843651, 0.1822671878751574437 ) ) ;
#2967 = CARTESIAN_POINT ( 'NONE',  ( 0.003984261681737179955, 0.1131050346108560672, 0.02701373789098636055 ) ) ;
#2968 = CARTESIAN_POINT ( 'NONE',  ( 0.1180613797734180737, -0.1660815985919515958, 0.05301044922749957589 ) ) ;
#2969 = EDGE_CURVE ( 'NONE', #7681, #2168, #5695, .T. ) ;
#2970 = CARTESIAN_POINT ( 'NONE',  ( 0.1263304363684769893, -0.1550000000000000266, 0.08571248745034230898 ) ) ;
#2971 = CARTESIAN_POINT ( 'NONE',  ( -0.2650000000000000133, -0.2300000000000000100, 0.2000000000000000111 ) ) ;
#2972 = VECTOR ( 'NONE', #2539, 1000.000000000000114 ) ;
#2973 = CARTESIAN_POINT ( 'NONE',  ( 0.07655735818486288091, 0.02400103712875895426, -0.1507833246379816083 ) ) ;
#2974 = B_SPLINE_CURVE_WITH_KNOTS ( 'NONE', 3,
 ( #101, #7468, #826, #5984, #5223, #4619, #1615, #2453 ),
 .UNSPECIFIED., .F., .F.,
 ( 4, 2, 2, 4 ),
 ( 0.4557485375414591089, 0.4999987791610235321, 0.5221270836600493404, 0.5442510124641972702 ),
 .UNSPECIFIED. ) ;
#2975 = FACE_OUTER_BOUND ( 'NONE', #4339, .T. ) ;
#2976 = CARTESIAN_POINT ( 'NONE',  ( -0.04461917553330741609, 0.08724052915325927748, 0.1602714934378702549 ) ) ;
#2977 = EDGE_LOOP ( 'NONE', ( #749, #1099, #9039, #4186 ) ) ;
#2978 = CARTESIAN_POINT ( 'NONE',  ( -0.01162358163561833836, 0.06334655093843230556, 0.1641392281269354048 ) ) ;
#2979 = CARTESIAN_POINT ( 'NONE',  ( 0.07225601924440834545, 0.06041109029553856646, -0.2107090398794085884 ) ) ;
#2980 = CARTESIAN_POINT ( 'NONE',  ( 0.05462590486235521098, 0.06508933188749069232, -0.1093541171693794140 ) ) ;
#2981 = EDGE_CURVE ( 'NONE', #5135, #5670, #6217, .T. ) ;
#2982 = DIRECTION ( 'NONE',  ( -0.9984204654305550708, -0.02611445777044348396, 0.04974544506574812841 ) ) ;
#2983 = ADVANCED_FACE ( 'NONE', ( #5968 ), #7471, .T. ) ;
#2984 = CARTESIAN_POINT ( 'NONE',  ( -0.06777638182159802238, -0.1599892905609642813, 0.1650041834450430289 ) ) ;
#2985 = CARTESIAN_POINT ( 'NONE',  ( -0.004419424060367676925, 0.02273545266833847112, -0.1762706485937064749 ) ) ;
#2986 = CIRCLE ( 'NONE', #9314, 0.01499999999999999598 ) ;
#2987 = CARTESIAN_POINT ( 'NONE',  ( 0.1178224517255980208, -0.1949999037419173353, 0.05976456509678131079 ) ) ;
#2988 = CARTESIAN_POINT ( 'NONE',  ( -0.1149999999999999911, -0.1199999999999999956, -0.1575000000000000011 ) ) ;
#2989 = CARTESIAN_POINT ( 'NONE',  ( 0.05405657511183244168, -0.1800042480035775605, -0.1328115040018194304 ) ) ;
#2990 =( GEOMETRIC_REPRESENTATION_CONTEXT ( 3 ) GLOBAL_UNCERTAINTY_ASSIGNED_CONTEXT ( ( #369 ) ) GLOBAL_UNIT_ASSIGNED_CONTEXT ( ( #6896, #3793, #7551 ) ) REPRESENTATION_CONTEXT ( 'NONE', 'WORKASPACE' ) );
#2991 = ADVANCED_FACE ( 'NONE', ( #9268 ), #1438, .T. ) ;
#2992 = CARTESIAN_POINT ( 'NONE',  ( -0.02284064125887374716, 0.06042878925800158202, 0.1748111851109646619 ) ) ;
#2993 = STYLED_ITEM ( 'NONE', ( #1918 ), #5436 ) ;
#2994 = CARTESIAN_POINT ( 'NONE',  ( 0.04283232809466361313, 0.07849142854761528842, -0.1603059037795810104 ) ) ;
#2995 = CARTESIAN_POINT ( 'NONE',  ( -0.008209885095429272223, 0.06500696130013454421, 0.1599867833215367907 ) ) ;
#2996 = CARTESIAN_POINT ( 'NONE',  ( -0.1278671797069859395, -0.2299999999999999545, -0.03805575324395597120 ) ) ;
#2997 = CARTESIAN_POINT ( 'NONE',  ( -0.07902721111205819604, -0.1228574207385720318, 0.1720995250047832048 ) ) ;
#2998 = CARTESIAN_POINT ( 'NONE',  ( -0.05658399965075582017, 0.05611547845121203637, 0.1651791329621196125 ) ) ;
#2999 = AXIS2_PLACEMENT_3D ( 'NONE', #3997, #7700, #5504 ) ;
#3000 = CIRCLE ( 'NONE', #6557, 0.04499999999999997058 ) ;
#3001 = DIRECTION ( 'NONE',  ( 0.000000000000000000, 0.000000000000000000, 1.000000000000000000 ) ) ;
#3002 =( GEOMETRIC_REPRESENTATION_CONTEXT ( 3 ) GLOBAL_UNCERTAINTY_ASSIGNED_CONTEXT ( ( #2397 ) ) GLOBAL_UNIT_ASSIGNED_CONTEXT ( ( #1163, #6202, #3381 ) ) REPRESENTATION_CONTEXT ( 'NONE', 'WORKASPACE' ) );
#3003 = CARTESIAN_POINT ( 'NONE',  ( 0.02693488586067447829, 0.05582477304465111034, -0.05187860480028192584 ) ) ;
#3004 = CARTESIAN_POINT ( 'NONE',  ( 0.07163455147043171212, 0.05166081801831702569, -0.05220203172158747323 ) ) ;
#3005 = CARTESIAN_POINT ( 'NONE',  ( -0.1210718620247217547, -0.2800000000000000266, -0.04574611991424979568 ) ) ;
#3006 = CARTESIAN_POINT ( 'NONE',  ( -0.03390255156787162077, -0.1233327002998684113, -0.1464645075532773899 ) ) ;
#3007 = DIRECTION ( 'NONE',  ( -0.5335477900353222669, 0.000000000000000000, 0.8457699189191014710 ) ) ;
#3008 = CARTESIAN_POINT ( 'NONE',  ( -0.08456411085397974592, 0.09904300449013139773, 0.1204149276079723579 ) ) ;
#3009 = CIRCLE ( 'NONE', #8569, 0.01499999999999999077 ) ;
#3010 = CARTESIAN_POINT ( 'NONE',  ( -0.02191999362159477785, 0.06161297136778818434, 0.1871156634587534673 ) ) ;
#3011 = DIRECTION ( 'NONE',  ( -1.000000000000000000, 0.000000000000000000, 0.000000000000000000 ) ) ;
#3012 = CARTESIAN_POINT ( 'NONE',  ( 0.04997844404437348786, -0.08726769168672271482, 0.1822671722099970526 ) ) ;
#3013 = CARTESIAN_POINT ( 'NONE',  ( 0.05498783659953077746, 0.06505340119756587713, -0.1086994192400219661 ) ) ;
#3014 = CARTESIAN_POINT ( 'NONE',  ( -0.1187832828108323358, -0.1938296866511775018, -0.06717498020745918397 ) ) ;
#3015 = AXIS2_PLACEMENT_3D ( 'NONE', #7899, #6420, #4269 ) ;
#3016 = CARTESIAN_POINT ( 'NONE',  ( 0.2650000000000000133, 0.05999999999999999778, -0.2000000000000000111 ) ) ;
#3017 = CARTESIAN_POINT ( 'NONE',  ( -0.06627140969980210849, 0.07275948528167891505, 0.05249772287053580677 ) ) ;
#3018 = CARTESIAN_POINT ( 'NONE',  ( 0.08869948980913960890, -0.2100000000000000477, -0.02739082947506822976 ) ) ;
#3019 = LINE ( 'NONE', #7379, #9076 ) ;
#3020 = VERTEX_POINT ( 'NONE', #1270 ) ;
#3021 = CARTESIAN_POINT ( 'NONE',  ( 0.06480801263504055998, 0.05166073338746193094, 0.05439996602138243154 ) ) ;
#3022 = EDGE_CURVE ( 'NONE', #1464, #5271, #7403, .T. ) ;
#3023 = CARTESIAN_POINT ( 'NONE',  ( 0.1210718620247220462, -0.1735372582328823798, 0.04574611991424950425 ) ) ;
#3024 = CARTESIAN_POINT ( 'NONE',  ( -0.1670089981913065458, 0.05777777251165053252, 0.2000000000000000111 ) ) ;
#3025 = CARTESIAN_POINT ( 'NONE',  ( 0.005956431543607101919, 0.06544623654775079402, 0.1829268551869900061 ) ) ;
#3026 = TOROIDAL_SURFACE ( 'NONE', #1427, 0.02002185467385547701, 0.01499999999999999598 ) ;
#3027 = CARTESIAN_POINT ( 'NONE',  ( -0.04396525915218690850, 0.05773797027505794127, 0.1774138134562382452 ) ) ;
#3028 = EDGE_CURVE ( 'NONE', #4627, #8856, #389, .T. ) ;
#3029 = ORIENTED_EDGE ( 'NONE', *, *, #6019, .T. ) ;
#3030 = MECHANICAL_DESIGN_GEOMETRIC_PRESENTATION_REPRESENTATION (  '', ( #5969 ), #3231 ) ;
#3031 = CARTESIAN_POINT ( 'NONE',  ( -0.006563973209576236430, 0.07553518669664388563, -0.1602927535872134823 ) ) ;
#3032 = ADVANCED_FACE ( 'NONE', ( #4180 ), #2777, .F. ) ;
#3033 = CARTESIAN_POINT ( 'NONE',  ( 0.04475857324509307372, 0.04865714238339601677, -0.1071339959683307169 ) ) ;
#3034 = CARTESIAN_POINT ( 'NONE',  ( 0.1199828578635957904, -0.1705571468278859193, 0.04718707786639023821 ) ) ;
#3035 = CARTESIAN_POINT ( 'NONE',  ( -0.06013195855293012454, -0.1243290339021800722, -0.2004192887696866210 ) ) ;
#3036 = CARTESIAN_POINT ( 'NONE',  ( 0.02329547691020024403, 0.06044270788934586608, -0.1837293518267965331 ) ) ;
#3037 = VECTOR ( 'NONE', #2871, 1000.000000000000227 ) ;
#3038 = B_SPLINE_CURVE_WITH_KNOTS ( 'NONE', 3,
 ( #5334, #3199, #8340, #6789, #297, #5427, #6170, #5302, #912, #2401, #7517, #3123, #8246, #3859, #7549, #945, #8278, #239, #1109, #4795, #8516, #9182, #7802, #6293, #8394, #6983, #7710, #354, #8489, #6321, #9213, #2614, #7775, #3292, #8429, #385, #9125, #8463, #5575, #5518, #1851, #1957, #4076, #3418, #7011, #1921, #327, #1819, #2549, #2581, #6232, #3325, #5458, #7684, #4013, #4822, #9088, #1073, #4756, #5543, #4042, #7041, #7738, #3351 ),
 .UNSPECIFIED., .F., .F.,
 ( 4, 3, 3, 3, 3, 3, 3, 3, 3, 3, 3, 3, 3, 3, 3, 3, 3, 3, 3, 3, 3, 4 ),
 ( 0.000000000000000000, 9.622126918671290743E-07, 2.503716334267907646E-06, 9.800807613828878300E-06, 1.726621581256455268E-05, 2.283000272804097829E-05, 2.841859879961252308E-05, 3.364038774659236492E-05, 3.869586259076844776E-05, 4.370431447378169158E-05, 4.870641882184506154E-05, 5.371258347551360180E-05, 5.872687574917492598E-05, 6.376384591305786856E-05, 6.886976549709303524E-05, 7.415423204713828117E-05, 7.985065416857018697E-05, 8.556872252866267782E-05, 8.841721758031050287E-05, 8.995128704891009299E-05, 9.098493862226065317E-05, 9.135352750957492546E-05 ),
 .UNSPECIFIED. ) ;
#3039 = CARTESIAN_POINT ( 'NONE',  ( -0.04396866915088002564, 0.08724864394693580827, 0.1285857063507560849 ) ) ;
#3040 = ORIENTED_EDGE ( 'NONE', *, *, #2861, .F. ) ;
#3041 = VECTOR ( 'NONE', #6912, 1000.000000000000000 ) ;
#3042 =( GEOMETRIC_REPRESENTATION_CONTEXT ( 3 ) GLOBAL_UNCERTAINTY_ASSIGNED_CONTEXT ( ( #5313 ) ) GLOBAL_UNIT_ASSIGNED_CONTEXT ( ( #5899, #2236, #1524 ) ) REPRESENTATION_CONTEXT ( 'NONE', 'WORKASPACE' ) );
#3043 = CARTESIAN_POINT ( 'NONE',  ( -0.01125541172427921288, 0.06340444537161474270, 0.1947132354165009849 ) ) ;
#3044 = CARTESIAN_POINT ( 'NONE',  ( 0.05164445424673563129, 0.06537165734778414838, -0.1929309769251871809 ) ) ;
#3045 = CARTESIAN_POINT ( 'NONE',  ( 0.1263304363684769616, -0.1699999999999999845, 0.08571248745034228123 ) ) ;
#3046 = CARTESIAN_POINT ( 'NONE',  ( 0.05471595069945393852, 0.06508059977447326616, -0.04612145085010346118 ) ) ;
#3047 = CARTESIAN_POINT ( 'NONE',  ( 0.01203979159322599198, 0.06589411807624624695, -0.1299036412892380921 ) ) ;
#3048 = FACE_OUTER_BOUND ( 'NONE', #8312, .T. ) ;
#3049 = CARTESIAN_POINT ( 'NONE',  ( 0.1206355205972181183, -0.1906206329779997211, 0.07399978515899825748 ) ) ;
#3050 = PRESENTATION_STYLE_ASSIGNMENT (( #377 ) ) ;
#3051 = CARTESIAN_POINT ( 'NONE',  ( -0.008362798779528951218, 0.05998743945579443348, 0.1599823585076225185 ) ) ;
#3052 = B_SPLINE_CURVE_WITH_KNOTS ( 'NONE', 3,
 ( #5611, #1233, #7127, #6264, #4972, #2068 ),
 .UNSPECIFIED., .F., .F.,
 ( 4, 2, 4 ),
 ( 0.000000000000000000, 0.4062145006485253229, 0.8124290012970506458 ),
 .UNSPECIFIED. ) ;
#3053 = EDGE_LOOP ( 'NONE', ( #1902, #7555, #2176 ) ) ;
#3054 = ORIENTED_EDGE ( 'NONE', *, *, #917, .F. ) ;
#3055 = DIRECTION ( 'NONE',  ( -0.9379416239734139626, 0.02457174936562032605, -0.3459215794818644718 ) ) ;
#3056 = CARTESIAN_POINT ( 'NONE',  ( 0.03981597754316170551, 0.1083393227715823415, -0.1603754720577575954 ) ) ;
#3057 = CARTESIAN_POINT ( 'NONE',  ( -0.07978607075600704923, -0.1450397118861447843, 0.1721009521212837068 ) ) ;
#3058 = LINE ( 'NONE', #6249, #6733 ) ;
#3059 =( GEOMETRIC_REPRESENTATION_CONTEXT ( 3 ) GLOBAL_UNCERTAINTY_ASSIGNED_CONTEXT ( ( #7086 ) ) GLOBAL_UNIT_ASSIGNED_CONTEXT ( ( #8229, #8978, #280 ) ) REPRESENTATION_CONTEXT ( 'NONE', 'WORKASPACE' ) );
#3060 = CARTESIAN_POINT ( 'NONE',  ( -0.0001203060224233287745, 0.06880045316905487873, 0.2000000000000000111 ) ) ;
#3061 = ORIENTED_EDGE ( 'NONE', *, *, #3179, .T. ) ;
#3062 = PRESENTATION_LAYER_ASSIGNMENT (  '', '', ( #3862 ) ) ;
#3063 = CARTESIAN_POINT ( 'NONE',  ( -0.04567640140956020361, 0.05747590994678666160, 0.1726191711774366089 ) ) ;
#3064 = EDGE_CURVE ( 'NONE', #4900, #2719, #7964, .T. ) ;
#3065 =( LENGTH_UNIT ( ) NAMED_UNIT ( * ) SI_UNIT ( .MILLI., .METRE. ) );
#3066 = DIRECTION ( 'NONE',  ( 0.000000000000000000, 0.000000000000000000, 1.000000000000000000 ) ) ;
#3067 = CARTESIAN_POINT ( 'NONE',  ( 0.04283232809466361313, 0.07849142854761528842, -0.1603059037795810104 ) ) ;
#3068 = CARTESIAN_POINT ( 'NONE',  ( -0.007653135609097315266, 0.07554878298997783070, -0.1072363261806407314 ) ) ;
#3069 = EDGE_LOOP ( 'NONE', ( #9032, #4309, #1922, #537, #4664 ) ) ;
#3070 = ORIENTED_EDGE ( 'NONE', *, *, #4369, .F. ) ;
#3071 = CARTESIAN_POINT ( 'NONE',  ( -0.06414256393805957412, -0.03283347537935408372, -0.2004157735357628978 ) ) ;
#3072 = CARTESIAN_POINT ( 'NONE',  ( 0.04666160848939131939, -0.01397366860696561651, -0.1792538175309876802 ) ) ;
#3073 = CARTESIAN_POINT ( 'NONE',  ( -0.03315871517070716895, 0.08724051504716617833, -0.05248310047304365067 ) ) ;
#3074 = AXIS2_PLACEMENT_3D ( 'NONE', #5634, #4159, #9055 ) ;
#3075 = ORIENTED_EDGE ( 'NONE', *, *, #8354, .F. ) ;
#3076 = FILL_AREA_STYLE_COLOUR ( '', #3492 ) ;
#3077 = CARTESIAN_POINT ( 'NONE',  ( 0.05848154458885133911, 0.06468179063689591390, -0.1946857869395197671 ) ) ;
#3078 = CARTESIAN_POINT ( 'NONE',  ( 0.01775510292856911226, -0.1596119932753001236, 0.1777328027987370440 ) ) ;
#3079 = CARTESIAN_POINT ( 'NONE',  ( 0.05479637219290104527, 0.06507246895410406795, -0.1094001866963251468 ) ) ;
#3080 = ORIENTED_EDGE ( 'NONE', *, *, #2647, .F. ) ;
#3081 = DIRECTION ( 'NONE',  ( -0.9694834313197185915, 0.000000000000000000, 0.2451568404033317161 ) ) ;
#3082 = CARTESIAN_POINT ( 'NONE',  ( 0.07500000000000005274, -0.1800000000000000488, 1.694065894508600678E-18 ) ) ;
#3083 = EDGE_CURVE ( 'NONE', #1765, #2702, #7853, .T. ) ;
#3084 = CARTESIAN_POINT ( 'NONE',  ( 0.01950687667996676283, -0.03135531660027277706, -0.2127873503522902943 ) ) ;
#3085 = CARTESIAN_POINT ( 'NONE',  ( 0.1275022234730199266, 0.05138250336722782752, -0.2000000000000000111 ) ) ;
#3086 = FILL_AREA_STYLE ('',( #5361 ) ) ;
#3087 = ADVANCED_FACE ( 'NONE', ( #853 ), #5714, .F. ) ;
#3088 = CARTESIAN_POINT ( 'NONE',  ( -0.006197993628276912866, 0.02316599307354944709, 0.2133368161365910287 ) ) ;
#3089 = UNCERTAINTY_MEASURE_WITH_UNIT (LENGTH_MEASURE( 1.000000000000000082E-05 ), #8724, 'distance_accuracy_value', 'NONE');
#3090 = CIRCLE ( 'NONE', #4978, 0.03502185467385524054 ) ;
#3091 = MECHANICAL_DESIGN_GEOMETRIC_PRESENTATION_REPRESENTATION (  '', ( #7206 ), #3578 ) ;
#3092 = CARTESIAN_POINT ( 'NONE',  ( 0.05890968464740115040, 0.08150869627554437058, 0.1073432767893481993 ) ) ;
#3093 = FILL_AREA_STYLE_COLOUR ( '', #2013 ) ;
#3094 = VERTEX_POINT ( 'NONE', #9439 ) ;
#3095 = CARTESIAN_POINT ( 'NONE',  ( 0.1324539786586064471, -0.1600000000000000311, 0.09439770601777115744 ) ) ;
#3096 = CARTESIAN_POINT ( 'NONE',  ( 0.06050797621656925362, 0.1113565113862929751, 0.02744008572356169268 ) ) ;
#3097 = CARTESIAN_POINT ( 'NONE',  ( -0.07123707291212047488, 0.05547833057370686605, 0.1713960875796502470 ) ) ;
#3098 = FACE_OUTER_BOUND ( 'NONE', #1823, .T. ) ;
#3099 = SURFACE_SIDE_STYLE ('',( #2533 ) ) ;
#3100 = DIRECTION ( 'NONE',  ( -0.03046991852340169560, 0.9995356842380251905, -1.239891685629168994E-19 ) ) ;
#3101 = CARTESIAN_POINT ( 'NONE',  ( 0.02486340862955106409, 0.1083460577648065332, 0.1326421544052882873 ) ) ;
#3102 = CARTESIAN_POINT ( 'NONE',  ( -0.006773159115303868834, 0.04689492294216365820, 0.02630711363166755509 ) ) ;
#3103 =( GEOMETRIC_REPRESENTATION_CONTEXT ( 3 ) GLOBAL_UNCERTAINTY_ASSIGNED_CONTEXT ( ( #2787 ) ) GLOBAL_UNIT_ASSIGNED_CONTEXT ( ( #4192, #1251, #6421 ) ) REPRESENTATION_CONTEXT ( 'NONE', 'WORKASPACE' ) );
#3104 = CARTESIAN_POINT ( 'NONE',  ( -0.005974900027687927474, -0.1593020867264446916, -0.1595842178831575753 ) ) ;
#3105 = CARTESIAN_POINT ( 'NONE',  ( 0.04747615596063559790, -0.03232268158606577818, -0.1792538099493989345 ) ) ;
#3106 = B_SPLINE_CURVE_WITH_KNOTS ( 'NONE', 3,
 ( #961, #1713, #3875, #2506, #6184, #7625, #1739, #1767, #8974, #6835 ),
 .UNSPECIFIED., .F., .F.,
 ( 4, 2, 2, 2, 4 ),
 ( 0.8862669857841730670, 0.9014713004687116005, 0.9166756151532500230, 0.9318798208180109066, 0.9470836837220865112 ),
 .UNSPECIFIED. ) ;
#3107 = CARTESIAN_POINT ( 'NONE',  ( -0.08364415952623631412, 0.09903317259692964725, 0.1053317150375093769 ) ) ;
#3108 = CARTESIAN_POINT ( 'NONE',  ( 0.2650000000000000133, -0.1700000000000000122, 0.2000000000000000111 ) ) ;
#3109 = CARTESIAN_POINT ( 'NONE',  ( -0.0007841585506423768247, -0.08723758113057611396, 0.1851887992188993304 ) ) ;
#3110 = CARTESIAN_POINT ( 'NONE',  ( 0.05870757709886653686, 0.06465619196562802373, -0.1946906529435946387 ) ) ;
#3111 = DIRECTION ( 'NONE',  ( -0.9794962159215321318, 0.2001317422725611694, 0.02311814720837845200 ) ) ;
#3112 = CARTESIAN_POINT ( 'NONE',  ( 0.1339912417916209186, -0.2300000000000001488, 0.09659493930342558099 ) ) ;
#3113 = CARTESIAN_POINT ( 'NONE',  ( 0.05538194436659168995, 0.06501378681781037894, -0.1031626062993662024 ) ) ;
#3114 = CARTESIAN_POINT ( 'NONE',  ( 0.05890968464740115040, 0.08150869627554437058, 0.1073432767893481993 ) ) ;
#3115 = FILL_AREA_STYLE ('',( #3254 ) ) ;
#3116 = CARTESIAN_POINT ( 'NONE',  ( -0.009080700021904117986, 0.06000941012645286121, 0.1949968452518758277 ) ) ;
#3117 = PRESENTATION_LAYER_ASSIGNMENT (  '', '', ( #775 ) ) ;
#3118 = CYLINDRICAL_SURFACE ( 'NONE', #4083, 0.01500000000000000291 ) ;
#3119 = CARTESIAN_POINT ( 'NONE',  ( -0.03607213664493619243, -0.01221984099825072084, 0.2029590947170044346 ) ) ;
#3120 = AXIS2_PLACEMENT_3D ( 'NONE', #3466, #5598, #530 ) ;
#3121 = TOROIDAL_SURFACE ( 'NONE', #2329, 0.02999999999999996073, 0.01500000000000000118 ) ;
#3122 = CARTESIAN_POINT ( 'NONE',  ( -0.02925150875304061496, 0.1041753114320380369, 0.1055270909415237240 ) ) ;
#3123 = CARTESIAN_POINT ( 'NONE',  ( 0.05510320952686371954, 0.06504265695641396616, 0.1723018625482079513 ) ) ;
#3124 = PRESENTATION_STYLE_ASSIGNMENT (( #4681 ) ) ;
#3125 = CARTESIAN_POINT ( 'NONE',  ( 0.03581637891814706820, 0.1083392668633236799, -0.05435361686202731801 ) ) ;
#3126 = CARTESIAN_POINT ( 'NONE',  ( -0.07019542164354204694, 0.05546693500227189294, 0.1701047176553796003 ) ) ;
#3127 = EDGE_LOOP ( 'NONE', ( #7932, #6121, #1843, #7327, #9296, #6964 ) ) ;
#3128 = AXIS2_PLACEMENT_3D ( 'NONE', #6153, #7628, #341 ) ;
#3129 = LINE ( 'NONE', #4616, #1651 ) ;
#3130 = CARTESIAN_POINT ( 'NONE',  ( -0.1226720531819162768, -0.1860556985087246651, -0.07898615225063329581 ) ) ;
#3131 = PRESENTATION_LAYER_ASSIGNMENT (  '', '', ( #7860 ) ) ;
#3132 =( NAMED_UNIT ( * ) PLANE_ANGLE_UNIT ( ) SI_UNIT ( $, .RADIAN. ) );
#3133 = ADVANCED_FACE ( 'NONE', ( #4065 ), #7924, .F. ) ;
#3134 = CARTESIAN_POINT ( 'NONE',  ( 0.06976642497403985621, 0.06317436797491876588, -0.1694987880481980680 ) ) ;
#3135 = DIRECTION ( 'NONE',  ( 0.000000000000000000, -0.000000000000000000, 1.000000000000000000 ) ) ;
#3136 = CIRCLE ( 'NONE', #6428, 0.01499999999999999251 ) ;
#3137 = CARTESIAN_POINT ( 'NONE',  ( -0.09481767416992330222, -0.1222797244707338887, 0.1976010736303302207 ) ) ;
#3138 = VERTEX_POINT ( 'NONE', #5744 ) ;
#3139 = CARTESIAN_POINT ( 'NONE',  ( -0.02408056380045869860, -0.03107321858625704952, -0.1865616156129960568 ) ) ;
#3140 = CIRCLE ( 'NONE', #5009, 0.01499999999999999077 ) ;
#3141 = SURFACE_SIDE_STYLE ('',( #1839 ) ) ;
#3142 = EDGE_CURVE ( 'NONE', #856, #8615, #5086, .T. ) ;
#3143 = UNCERTAINTY_MEASURE_WITH_UNIT (LENGTH_MEASURE( 1.000000000000000082E-05 ), #3781, 'distance_accuracy_value', 'NONE');
#3144 = FACE_OUTER_BOUND ( 'NONE', #5879, .T. ) ;
#3145 = FILL_AREA_STYLE_COLOUR ( '', #3599 ) ;
#3146 = FILL_AREA_STYLE_COLOUR ( '', #1994 ) ;
#3147 = CARTESIAN_POINT ( 'NONE',  ( 0.02034821052199713501, -0.08604594910481687398, 0.1777327962403565387 ) ) ;
#3148 = CARTESIAN_POINT ( 'NONE',  ( 0.02529310571693026144, 0.02394346736818656063, 0.1777329034994873935 ) ) ;
#3149 = CARTESIAN_POINT ( 'NONE',  ( 0.05478803582209895023, 0.06507329621563161248, -0.1094111302797926843 ) ) ;
#3150 = EDGE_LOOP ( 'NONE', ( #7445, #1098, #1790, #1583 ) ) ;
#3151 = SURFACE_SIDE_STYLE ('',( #9481 ) ) ;
#3152 = STYLED_ITEM ( 'NONE', ( #1821 ), #8967 ) ;
#3153 = PRESENTATION_STYLE_ASSIGNMENT (( #2731 ) ) ;
#3154 = CARTESIAN_POINT ( 'NONE',  ( -0.1149999999999999772, 0.06074636187499602574, 0.2000000000000000111 ) ) ;
#3155 = CARTESIAN_POINT ( 'NONE',  ( -0.003353179563794741330, -0.1603685762404843396, 0.1851888236922278885 ) ) ;
#3156 = COLOUR_RGB ( '',1.000000000000000000, 1.000000000000000000, 0.5019607843137254832 ) ;
#3157 = COLOUR_RGB ( '',1.000000000000000000, 1.000000000000000000, 0.5019607843137254832 ) ;
#3158 = CARTESIAN_POINT ( 'NONE',  ( 0.05716764051093140703, 0.08150871852634393455, 0.1603067086836617861 ) ) ;
#3159 = EDGE_CURVE ( 'NONE', #8398, #1543, #8081, .T. ) ;
#3160 = CARTESIAN_POINT ( 'NONE',  ( -0.06933303242977158221, -0.1232103020729669457, 0.2134020551695579859 ) ) ;
#3161 = ORIENTED_EDGE ( 'NONE', *, *, #3630, .T. ) ;
#3162 = ORIENTED_EDGE ( 'NONE', *, *, #2884, .T. ) ;
#3163 = ORIENTED_EDGE ( 'NONE', *, *, #1250, .T. ) ;
#3164 = CARTESIAN_POINT ( 'NONE',  ( 0.2650000000000000133, 0.06000000000000001166, 0.2000000000000000111 ) ) ;
#3165 = SURFACE_STYLE_USAGE ( .BOTH. , #267 ) ;
#3166 = CARTESIAN_POINT ( 'NONE',  ( 0.03072406406402571760, 0.1083392031783184245, 0.02548626400938239223 ) ) ;
#3167 = CARTESIAN_POINT ( 'NONE',  ( -0.07978607075600704923, -0.1450397118861447843, 0.1721009521212837068 ) ) ;
#3168 = EDGE_CURVE ( 'NONE', #3896, #6290, #4644, .T. ) ;
#3169 = ORIENTED_EDGE ( 'NONE', *, *, #8241, .F. ) ;
#3170 = ORIENTED_EDGE ( 'NONE', *, *, #1541, .F. ) ;
#3171 =( LENGTH_UNIT ( ) NAMED_UNIT ( * ) SI_UNIT ( .MILLI., .METRE. ) );
#3172 = DIRECTION ( 'NONE',  ( -0.03046997120607365661, 0.9995356826287380425, 2.569782765358182702E-06 ) ) ;
#3173 = ORIENTED_EDGE ( 'NONE', *, *, #7781, .F. ) ;
#3174 = CARTESIAN_POINT ( 'NONE',  ( 0.03981597754316170551, 0.1083393227715823415, -0.1603754720577575954 ) ) ;
#3175 = FILL_AREA_STYLE_COLOUR ( '', #4467 ) ;
#3176 = B_SPLINE_CURVE_WITH_KNOTS ( 'NONE', 3,
 ( #8553, #4086, #6351, #7810, #6300, #4890, #9278, #1986, #4918, #5646, #6383 ),
 .UNSPECIFIED., .F., .F.,
 ( 4, 1, 1, 1, 1, 1, 1, 1, 4 ),
 ( 0.1186076317635429977, 0.1545912919473769742, 0.2508150706395764207, 0.4153830523021122545, 0.5028899442199810110, 0.5669621481450413114, 0.7378412925424542301, 0.8725360054115529618, 0.9999999999999997780 ),
 .UNSPECIFIED. ) ;
#3177 = CARTESIAN_POINT ( 'NONE',  ( -0.06917882806347422364, 0.07275956946719475127, 0.1060121954197597721 ) ) ;
#3178 = DIRECTION ( 'NONE',  ( -0.000000000000000000, 1.000000000000000000, -0.000000000000000000 ) ) ;
#3179 = EDGE_CURVE ( 'NONE', #549, #6024, #3716, .T. ) ;
#3180 = LINE ( 'NONE', #9144, #7295 ) ;
#3181 = ORIENTED_EDGE ( 'NONE', *, *, #5164, .T. ) ;
#3182 = VERTEX_POINT ( 'NONE', #8487 ) ;
#3183 =( GEOMETRIC_REPRESENTATION_CONTEXT ( 3 ) GLOBAL_UNCERTAINTY_ASSIGNED_CONTEXT ( ( #212 ) ) GLOBAL_UNIT_ASSIGNED_CONTEXT ( ( #3904, #2538, #2505 ) ) REPRESENTATION_CONTEXT ( 'NONE', 'WORKASPACE' ) );
#3184 =( GEOMETRIC_REPRESENTATION_CONTEXT ( 3 ) GLOBAL_UNCERTAINTY_ASSIGNED_CONTEXT ( ( #8527 ) ) GLOBAL_UNIT_ASSIGNED_CONTEXT ( ( #4786, #1909, #3317 ) ) REPRESENTATION_CONTEXT ( 'NONE', 'WORKASPACE' ) );
#3185 = CARTESIAN_POINT ( 'NONE',  ( 0.2650000000000000133, 0.06000000000000001166, -0.2000000000000000111 ) ) ;
#3186 = CARTESIAN_POINT ( 'NONE',  ( -0.1186565012621830784, -0.1674889070933007207, -0.05028563447320069657 ) ) ;
#3187 = CARTESIAN_POINT ( 'NONE',  ( -0.01777638182159800920, -0.1599892905609642535, 0.1650041834450429734 ) ) ;
#3188 = CARTESIAN_POINT ( 'NONE',  ( -0.1210718620247217825, -0.1550000000000000266, -0.04574611991424980956 ) ) ;
#3189 = CARTESIAN_POINT ( 'NONE',  ( -0.2650000000000000133, 0.1449999999999999900, -0.1750000000000000167 ) ) ;
#3190 = ADVANCED_FACE ( 'NONE', ( #1781 ), #8761, .T. ) ;
#3191 = CARTESIAN_POINT ( 'NONE',  ( 0.01566701099379017026, 0.05925495694578165884, 0.1570409055495538553 ) ) ;
#3192 = ORIENTED_EDGE ( 'NONE', *, *, #5967, .F. ) ;
#3193 = ORIENTED_EDGE ( 'NONE', *, *, #1019, .T. ) ;
#3194 = CARTESIAN_POINT ( 'NONE',  ( -0.2231091093434084127, -0.1700000000000000122, -0.1582779960609690673 ) ) ;
#3195 = CARTESIAN_POINT ( 'NONE',  ( -0.06284782821803974739, 0.02643965121420824640, 0.2134021236581867542 ) ) ;
#3196 = PRESENTATION_LAYER_ASSIGNMENT (  '', '', ( #413 ) ) ;
#3197 = CARTESIAN_POINT ( 'NONE',  ( -0.008362798779528949483, 0.05998743945579443348, 0.1599823585076225185 ) ) ;
#3198 = CARTESIAN_POINT ( 'NONE',  ( 0.003984261681737179955, 0.1131050346108560672, 0.02701373789098636055 ) ) ;
#3199 = CARTESIAN_POINT ( 'NONE',  ( 0.04689556960268804336, 0.06574089270963417997, 0.1604125877376130216 ) ) ;
#3200 = CARTESIAN_POINT ( 'NONE',  ( 0.1058367025873511308, -0.1800000000000000488, 0.01666926602964840035 ) ) ;
#3201 = FILL_AREA_STYLE ('',( #5493 ) ) ;
#3202 = ORIENTED_EDGE ( 'NONE', *, *, #3692, .T. ) ;
#3203 = EDGE_CURVE ( 'NONE', #7202, #8068, #6423, .T. ) ;
#3204 = EDGE_LOOP ( 'NONE', ( #2362, #7657, #8957, #8194, #5916 ) ) ;
#3205 =( LENGTH_UNIT ( ) NAMED_UNIT ( * ) SI_UNIT ( .MILLI., .METRE. ) );
#3206 = CARTESIAN_POINT ( 'NONE',  ( 0.06965760183211006096, 0.1113564656763517402, -0.1597636644985956089 ) ) ;
#3207 = CARTESIAN_POINT ( 'NONE',  ( 0.05716764051093140703, 0.08150871852634393455, 0.1603067086836617861 ) ) ;
#3208 = CARTESIAN_POINT ( 'NONE',  ( 0.1210718620247217964, -0.2300000000000000100, 0.04574611991424980956 ) ) ;
#3209 = TOROIDAL_SURFACE ( 'NONE', #8657, 0.02002185241913521929, 0.01499999999999999598 ) ;
#3210 = SURFACE_STYLE_USAGE ( .BOTH. , #960 ) ;
#3211 = VERTEX_POINT ( 'NONE', #1 ) ;
#3212 = CARTESIAN_POINT ( 'NONE',  ( -0.05647067506860625058, 0.07277320431515266197, -0.1071850233187526952 ) ) ;
#3213 = AXIS2_PLACEMENT_3D ( 'NONE', #1051, #9130, #1757 ) ;
#3214 = UNCERTAINTY_MEASURE_WITH_UNIT (LENGTH_MEASURE( 1.000000000000000082E-05 ), #3930, 'distance_accuracy_value', 'NONE');
#3215 = CARTESIAN_POINT ( 'NONE',  ( 0.1210718620247217964, -0.1600000000000000311, 0.04574611991424980956 ) ) ;
#3216 = FILL_AREA_STYLE_COLOUR ( '', #4955 ) ;
#3217 = CARTESIAN_POINT ( 'NONE',  ( -0.08241796049103122801, -0.1714750815506327353, 0.1071406757243149044 ) ) ;
#3218 = CARTESIAN_POINT ( 'NONE',  ( -0.1178787481294783501, -0.1655978970516953641, -0.05452421381750382351 ) ) ;
#3219 = CARTESIAN_POINT ( 'NONE',  ( 0.002017831011961797750, 0.06507984145892869998, -0.002433316573481774693 ) ) ;
#3220 = SURFACE_SIDE_STYLE ('',( #8819 ) ) ;
#3221 = EDGE_CURVE ( 'NONE', #2936, #7169, #2816, .T. ) ;
#3222 = CARTESIAN_POINT ( 'NONE',  ( -0.1193599934907168120, 0.06125541799293895973, -0.2000000000000000111 ) ) ;
#3223 = CARTESIAN_POINT ( 'NONE',  ( -0.03221269244390718295, -0.1741175072621676256, 0.1603250928051200008 ) ) ;
#3224 = VERTEX_POINT ( 'NONE', #5153 ) ;
#3225 = EDGE_CURVE ( 'NONE', #4638, #325, #9294, .T. ) ;
#3226 = CARTESIAN_POINT ( 'NONE',  ( -0.1328889373621469083, -0.1700000000000000122, -0.09501939902580554265 ) ) ;
#3227 = CARTESIAN_POINT ( 'NONE',  ( -0.06466084986946986357, -0.01319886348187595572, 0.2134020623510640979 ) ) ;
#3228 = COLOUR_RGB ( '',1.000000000000000000, 1.000000000000000000, 1.000000000000000000 ) ;
#3229 = SURFACE_SIDE_STYLE ('',( #5443 ) ) ;
#3230 = CARTESIAN_POINT ( 'NONE',  ( 0.009030426264184092389, -0.1769980033934721031, -0.02595043614767383530 ) ) ;
#3231 =( GEOMETRIC_REPRESENTATION_CONTEXT ( 3 ) GLOBAL_UNCERTAINTY_ASSIGNED_CONTEXT ( ( #8811 ) ) GLOBAL_UNIT_ASSIGNED_CONTEXT ( ( #1463, #7999, #3605 ) ) REPRESENTATION_CONTEXT ( 'NONE', 'WORKASPACE' ) );
#3232 = CARTESIAN_POINT ( 'NONE',  ( -0.03927697341162659367, -0.08564764504292067537, 0.2029590784956438188 ) ) ;
#3233 = CARTESIAN_POINT ( 'NONE',  ( -0.07680421981838510270, -0.06777777249568327222, 0.1720995089880098250 ) ) ;
#3234 = CARTESIAN_POINT ( 'NONE',  ( -0.1226720531819162768, -0.1700000000000000122, -0.07898615225063329581 ) ) ;
#3235 = LINE ( 'NONE', #8563, #6662 ) ;
#3236 = EDGE_CURVE ( 'NONE', #2805, #7281, #3274, .T. ) ;
#3237 = FACE_OUTER_BOUND ( 'NONE', #1306, .T. ) ;
#3238 = CARTESIAN_POINT ( 'NONE',  ( 0.1221691108782663043, -0.1799999999998389832, 0.04470776659476568410 ) ) ;
#3239 = TOROIDAL_SURFACE ( 'NONE', #747, 0.02002185241913501806, 0.01499999999999999598 ) ;
#3240 = ADVANCED_FACE ( 'NONE', ( #6240 ), #2416, .F. ) ;
#3241 = CARTESIAN_POINT ( 'NONE',  ( -0.04163715744775425831, 0.05998743853633690948, -0.1599823553555817512 ) ) ;
#3242 = AXIS2_PLACEMENT_3D ( 'NONE', #2512, #193, #8231 ) ;
#3243 = CARTESIAN_POINT ( 'NONE',  ( 0.2650000000000000133, 0.06000000000000001166, -0.2000000000000000111 ) ) ;
#3244 = CARTESIAN_POINT ( 'NONE',  ( -0.07499999999999999722, -0.1799999999999998546, 1.694065894508600678E-18 ) ) ;
#3245 = COLOUR_RGB ( '',1.000000000000000000, 1.000000000000000000, 0.5019607843137254832 ) ;
#3246 = CIRCLE ( 'NONE', #2621, 0.01499999999999998557 ) ;
#3247 = CARTESIAN_POINT ( 'NONE',  ( 0.01841810677207909863, -0.1800000000000001876, -0.1600000000000000033 ) ) ;
#3248 =( NAMED_UNIT ( * ) PLANE_ANGLE_UNIT ( ) SI_UNIT ( $, .RADIAN. ) );
#3249 = CARTESIAN_POINT ( 'NONE',  ( -0.07156564760351789845, 0.05882780089972403786, 0.1720995132134340022 ) ) ;
#3250 = CARTESIAN_POINT ( 'NONE',  ( -0.1227283816620384355, -0.1739569468150846954, -0.07912195454025068575 ) ) ;
#3251 = CARTESIAN_POINT ( 'NONE',  ( 0.002039376366183454081, 0.06508200949175908800, -0.002445209408383382504 ) ) ;
#3252 = CARTESIAN_POINT ( 'NONE',  ( 0.1210718620247217964, -0.2299999999999999545, 0.04574611991424980956 ) ) ;
#3253 = CARTESIAN_POINT ( 'NONE',  ( 0.06351873699713068977, 0.08150863288046322763, 0.02763886995029388519 ) ) ;
#3254 = FILL_AREA_STYLE_COLOUR ( '', #3839 ) ;
#3255 = CARTESIAN_POINT ( 'NONE',  ( -0.005890815485539191952, -0.1858910336190617851, 0.1060564606960404666 ) ) ;
#3256 = MECHANICAL_DESIGN_GEOMETRIC_PRESENTATION_REPRESENTATION (  '', ( #4775 ), #6061 ) ;
#3257 =( GEOMETRIC_REPRESENTATION_CONTEXT ( 3 ) GLOBAL_UNCERTAINTY_ASSIGNED_CONTEXT ( ( #5538 ) ) GLOBAL_UNIT_ASSIGNED_CONTEXT ( ( #2360, #8776, #2235 ) ) REPRESENTATION_CONTEXT ( 'NONE', 'WORKASPACE' ) );
#3258 = ORIENTED_EDGE ( 'NONE', *, *, #1511, .T. ) ;
#3259 = CARTESIAN_POINT ( 'NONE',  ( -0.1670089981913065458, 0.05777777251165053252, -0.2000000000000000111 ) ) ;
#3260 = PLANE ( 'NONE',  #5335 ) ;
#3261 = EDGE_CURVE ( 'NONE', #6165, #8867, #8509, .T. ) ;
#3262 = CARTESIAN_POINT ( 'NONE',  ( 0.1428768623825077411, 0.04410987343059650373, 0.2000000000000000111 ) ) ;
#3263 = CARTESIAN_POINT ( 'NONE',  ( 0.01116353521811892444, 0.08446485103238228487, 0.05418747179559656874 ) ) ;
#3264 = DIRECTION ( 'NONE',  ( 0.7493687470348626700, 0.000000000000000000, 0.6621529135837129765 ) ) ;
#3265 = CARTESIAN_POINT ( 'NONE',  ( -0.005078608626043929451, 0.05988746453821530008, 0.2133367242285167387 ) ) ;
#3266 = CARTESIAN_POINT ( 'NONE',  ( -0.06429290854873367933, -0.1570098000743053723, 0.1465982487281535518 ) ) ;
#3267 = VECTOR ( 'NONE', #3842, 1000.000000000000114 ) ;
#3268 = CIRCLE ( 'NONE', #9236, 0.01499999999999999944 ) ;
#3269 = EDGE_LOOP ( 'NONE', ( #6484, #82, #3601, #7872 ) ) ;
#3270 = DIRECTION ( 'NONE',  ( -0.03046778570332068711, -0.9995357492496584895, 2.502094356048728541E-06 ) ) ;
#3271 = COLOUR_RGB ( '',1.000000000000000000, 1.000000000000000000, 0.5019607843137254832 ) ;
#3272 = CARTESIAN_POINT ( 'NONE',  ( 0.1210718620244087135, -0.1864627417672135024, 0.04574611991463339161 ) ) ;
#3273 = CARTESIAN_POINT ( 'NONE',  ( 0.05775314023913778738, 0.07999999999999998779, -0.1600000000000000033 ) ) ;
#3274 =( BOUNDED_CURVE ( )  B_SPLINE_CURVE ( 3, ( #7532, #2387, #896, #1717 ),
 .UNSPECIFIED., .F., .T. ) 
 B_SPLINE_CURVE_WITH_KNOTS ( ( 4, 4 ),
 ( 3.141592653589793116, 3.290305163813612932 ),
 .UNSPECIFIED. ) 
 CURVE ( )  GEOMETRIC_REPRESENTATION_ITEM ( )  RATIONAL_B_SPLINE_CURVE ( ( 1.000000000000000000, 0.9981578980691019343, 0.9981578980691019343, 1.000000000000000000 ) ) 
 REPRESENTATION_ITEM ( '' )  );
#3275 = COLOUR_RGB ( '',1.000000000000000000, 1.000000000000000000, 0.5019607843137254832 ) ;
#3276 = SURFACE_SIDE_STYLE ('',( #8438 ) ) ;
#3277 = CARTESIAN_POINT ( 'NONE',  ( -0.2491252820972974513, 0.07515281250366884214, 0.2000000000000000666 ) ) ;
#3278 = ORIENTED_EDGE ( 'NONE', *, *, #6199, .T. ) ;
#3279 = EDGE_CURVE ( 'NONE', #178, #7637, #2232, .T. ) ;
#3280 = PLANE ( 'NONE',  #1286 ) ;
#3281 = CARTESIAN_POINT ( 'NONE',  ( -0.07290433014958405677, 0.05551675674547362771, 0.1743176648030868026 ) ) ;
#3282 = CARTESIAN_POINT ( 'NONE',  ( 0.002029034487519798709, 0.06508096913039823628, -0.002438727199312670010 ) ) ;
#3283 =( GEOMETRIC_REPRESENTATION_CONTEXT ( 3 ) GLOBAL_UNCERTAINTY_ASSIGNED_CONTEXT ( ( #4844 ) ) GLOBAL_UNIT_ASSIGNED_CONTEXT ( ( #3171, #2530, #8374 ) ) REPRESENTATION_CONTEXT ( 'NONE', 'WORKASPACE' ) );
#3284 = CARTESIAN_POINT ( 'NONE',  ( 0.2151529299272666174, -0.2299999999999999822, 0.1514657711333050050 ) ) ;
#3285 =( NAMED_UNIT ( * ) SI_UNIT ( $, .STERADIAN. ) SOLID_ANGLE_UNIT ( ) );
#3286 = VERTEX_POINT ( 'NONE', #4417 ) ;
#3287 = ORIENTED_EDGE ( 'NONE', *, *, #417, .T. ) ;
#3288 = ORIENTED_EDGE ( 'NONE', *, *, #7370, .T. ) ;
#3289 = FACE_OUTER_BOUND ( 'NONE', #182, .T. ) ;
#3290 = CARTESIAN_POINT ( 'NONE',  ( -0.06139007982099284333, -0.1885249398376023233, 0.02605572541393458286 ) ) ;
#3291 = CARTESIAN_POINT ( 'NONE',  ( 0.002193785690617217239, 0.06509749619826753209, -0.002650142225538350011 ) ) ;
#3292 = CARTESIAN_POINT ( 'NONE',  ( 0.03367588866390826274, 0.06633904943285112710, 0.1922720993033823211 ) ) ;
#3293 = CIRCLE ( 'NONE', #751, 0.01500000000000000465 ) ;
#3294 = EDGE_LOOP ( 'NONE', ( #8183, #6387, #9305, #7980 ) ) ;
#3295 = CARTESIAN_POINT ( 'NONE',  ( -0.04138134698585363425, -0.1408541966043744265, 0.2029608626367021273 ) ) ;
#3296 =( NAMED_UNIT ( * ) PLANE_ANGLE_UNIT ( ) SI_UNIT ( $, .RADIAN. ) );
#3297 =( GEOMETRIC_REPRESENTATION_CONTEXT ( 3 ) GLOBAL_UNCERTAINTY_ASSIGNED_CONTEXT ( ( #1632 ) ) GLOBAL_UNIT_ASSIGNED_CONTEXT ( ( #33, #1590, #4481 ) ) REPRESENTATION_CONTEXT ( 'NONE', 'WORKASPACE' ) );
#3298 = DIRECTION ( 'NONE',  ( -0.6621529135837129765, 0.000000000000000000, 0.7493687470348626700 ) ) ;
#3299 = LINE ( 'NONE', #7116, #6269 ) ;
#3300 = CARTESIAN_POINT ( 'NONE',  ( 0.02693488586067447829, 0.05582477304465111034, -0.05187860480028192584 ) ) ;
#3301 = CARTESIAN_POINT ( 'NONE',  ( 0.02430912068225565825, 0.1083391459639089643, 0.1596389975289853325 ) ) ;
#3302 = ORIENTED_EDGE ( 'NONE', *, *, #3261, .T. ) ;
#3303 = EDGE_LOOP ( 'NONE', ( #870, #750, #3639, #4801, #7626, #1353 ) ) ;
#3304 = DIRECTION ( 'NONE',  ( -0.000000000000000000, -0.000000000000000000, 1.000000000000000000 ) ) ;
#3305 = CARTESIAN_POINT ( 'NONE',  ( 0.06881007176823163152, -0.1949948733795036360, -0.1600116522291543664 ) ) ;
#3306 = CARTESIAN_POINT ( 'NONE',  ( -0.2119781053466710252, -0.1600000000000000866, -0.1558400203457861455 ) ) ;
#3307 = CARTESIAN_POINT ( 'NONE',  ( -0.1226720531819162768, -0.2800000000000000266, -0.07898615225063329581 ) ) ;
#3308 = AXIS2_PLACEMENT_3D ( 'NONE', #8793, #1509, #8106 ) ;
#3309 = COLOUR_RGB ( '',1.000000000000000000, 1.000000000000000000, 1.000000000000000000 ) ;
#3310 = CLOSED_SHELL ( 'NONE', ( #4266, #9207, #6901, #1206, #6062, #3133, #8878, #4719, #2556, #291, #6254, #920 ) ) ;
#3311 = ORIENTED_EDGE ( 'NONE', *, *, #5043, .T. ) ;
#3312 = AXIS2_PLACEMENT_3D ( 'NONE', #6599, #8824, #1512 ) ;
#3313 = SURFACE_SIDE_STYLE ('',( #6327 ) ) ;
#3314 = CARTESIAN_POINT ( 'NONE',  ( 0.005389193447102359931, -0.1769980436699775117, -0.1060620133735730580 ) ) ;
#3315 = CARTESIAN_POINT ( 'NONE',  ( -0.03118992823176846424, -0.1949948733795035527, -0.1600116522291544774 ) ) ;
#3316 = CARTESIAN_POINT ( 'NONE',  ( -0.2231091093434084127, -0.1550000000000000266, -0.1582779960609690673 ) ) ;
#3317 =( NAMED_UNIT ( * ) SI_UNIT ( $, .STERADIAN. ) SOLID_ANGLE_UNIT ( ) );
#3318 = CARTESIAN_POINT ( 'NONE',  ( -0.02984619047157107893, 0.06097066738909746875, 0.1462005660701012344 ) ) ;
#3319 = LINE ( 'NONE', #6069, #9133 ) ;
#3320 = ORIENTED_EDGE ( 'NONE', *, *, #2359, .F. ) ;
#3321 = CARTESIAN_POINT ( 'NONE',  ( -0.1986224171725970711, 0.05749131291816581696, -0.2000000000000000111 ) ) ;
#3322 = ORIENTED_EDGE ( 'NONE', *, *, #1377, .T. ) ;
#3323 =( GEOMETRIC_REPRESENTATION_CONTEXT ( 3 ) GLOBAL_UNCERTAINTY_ASSIGNED_CONTEXT ( ( #9339 ) ) GLOBAL_UNIT_ASSIGNED_CONTEXT ( ( #4438, #8812, #7454 ) ) REPRESENTATION_CONTEXT ( 'NONE', 'WORKASPACE' ) );
#3324 = CARTESIAN_POINT ( 'NONE',  ( -0.02870959695935510619, 0.06038159660576739723, -0.1882567859180343528 ) ) ;
#3325 = CARTESIAN_POINT ( 'NONE',  ( 0.03304792256469378520, 0.06635115494025843608, 0.1646487535009030501 ) ) ;
#3326 = MECHANICAL_DESIGN_GEOMETRIC_PRESENTATION_REPRESENTATION (  '', ( #241 ), #8279 ) ;
#3327 = CARTESIAN_POINT ( 'NONE',  ( -0.003353179563794741330, -0.1603685762404843396, 0.1851888236922278885 ) ) ;
#3328 = CIRCLE ( 'NONE', #1058, 0.01500000000000000465 ) ;
#3329 = ORIENTED_EDGE ( 'NONE', *, *, #7863, .F. ) ;
#3330 = CARTESIAN_POINT ( 'NONE',  ( -0.01056712906464392018, 0.07553514922935447573, -0.05414117792360108317 ) ) ;
#3331 = ADVANCED_FACE ( 'NONE', ( #7955 ), #2562, .T. ) ;
#3332 = CARTESIAN_POINT ( 'NONE',  ( 0.1150000000000021699, 0.05382126585984049055, -0.1999999999999999833 ) ) ;
#3333 =( NAMED_UNIT ( * ) SI_UNIT ( $, .STERADIAN. ) SOLID_ANGLE_UNIT ( ) );
#3334 = CARTESIAN_POINT ( 'NONE',  ( -0.1525014675670198216, -0.1600000000000000866, -0.1230518830271274400 ) ) ;
#3335 = CARTESIAN_POINT ( 'NONE',  ( 0.06841810677207900426, -0.1800000000000000211, -0.1600000000000000033 ) ) ;
#3336 = VECTOR ( 'NONE', #1274, 1000.000000000000000 ) ;
#3337 = FACE_OUTER_BOUND ( 'NONE', #2042, .T. ) ;
#3338 = SURFACE_SIDE_STYLE ('',( #8700 ) ) ;
#3339 = DIRECTION ( 'NONE',  ( -0.02614935266312797338, 0.9996580472117948535, -1.499433840549970603E-18 ) ) ;
#3340 = CARTESIAN_POINT ( 'NONE',  ( -0.06608626804005458821, 0.05550189642366146203, 0.1932813490618334185 ) ) ;
#3341 = FILL_AREA_STYLE_COLOUR ( '', #3714 ) ;
#3342 =( LENGTH_UNIT ( ) NAMED_UNIT ( * ) SI_UNIT ( .MILLI., .METRE. ) );
#3343 = EDGE_CURVE ( 'NONE', #7638, #6073, #6234, .T. ) ;
#3344 = CARTESIAN_POINT ( 'NONE',  ( -0.01789490674919828883, -0.1599857056563633306, 0.1599844460355385745 ) ) ;
#3345 = CARTESIAN_POINT ( 'NONE',  ( -0.2650000000000000133, -0.1700000000000000122, -0.2000000000000000111 ) ) ;
#3346 = LINE ( 'NONE', #1841, #8598 ) ;
#3347 = COLOUR_RGB ( '',1.000000000000000000, 1.000000000000000000, 0.5019607843137254832 ) ;
#3348 = LINE ( 'NONE', #7821, #7018 ) ;
#3349 = EDGE_CURVE ( 'NONE', #306, #8223, #5030, .T. ) ;
#3350 = CARTESIAN_POINT ( 'NONE',  ( -0.04606180202745432939, -0.1603521192162432607, -0.1734383768194297792 ) ) ;
#3351 = CARTESIAN_POINT ( 'NONE',  ( 0.03619511394899902618, 0.06627556737546727583, 0.1598722433435727230 ) ) ;
#3352 = FACE_OUTER_BOUND ( 'NONE', #2177, .T. ) ;
#3353 = SURFACE_SIDE_STYLE ('',( #2330 ) ) ;
#3354 = CARTESIAN_POINT ( 'NONE',  ( -0.007653135609097315266, 0.07554878298997783070, -0.1072363261806407314 ) ) ;
#3355 = FILL_AREA_STYLE ('',( #7619 ) ) ;
#3356 = EDGE_CURVE ( 'NONE', #8196, #5784, #6692, .T. ) ;
#3357 = CARTESIAN_POINT ( 'NONE',  ( -0.1670089981913065458, 0.05777777251165053252, -0.2000000000000000111 ) ) ;
#3358 = CIRCLE ( 'NONE', #2101, 0.01500000000000000291 ) ;
#3359 =( GEOMETRIC_REPRESENTATION_CONTEXT ( 3 ) GLOBAL_UNCERTAINTY_ASSIGNED_CONTEXT ( ( #6608 ) ) GLOBAL_UNIT_ASSIGNED_CONTEXT ( ( #26, #2857, #5151 ) ) REPRESENTATION_CONTEXT ( 'NONE', 'WORKASPACE' ) );
#3360 =( LENGTH_UNIT ( ) NAMED_UNIT ( * ) SI_UNIT ( .MILLI., .METRE. ) );
#3361 = CARTESIAN_POINT ( 'NONE',  ( -0.1324539786586064749, -0.1600000000000000866, -0.09439770601777114356 ) ) ;
#3362 = CARTESIAN_POINT ( 'NONE',  ( -0.03888031455147173548, -0.1607450170962140545, 0.1623988695755267941 ) ) ;
#3363 = CARTESIAN_POINT ( 'NONE',  ( -0.06742230392339594591, -0.1600000000000000866, 0.1799999999999999101 ) ) ;
#3364 = LINE ( 'NONE', #1183, #2444 ) ;
#3365 = CIRCLE ( 'NONE', #3674, 0.01499999999999998557 ) ;
#3366 = CARTESIAN_POINT ( 'NONE',  ( 0.02329547691020024403, 0.06044270788934586608, -0.1837293518267965331 ) ) ;
#3367 =( NAMED_UNIT ( * ) SI_UNIT ( $, .STERADIAN. ) SOLID_ANGLE_UNIT ( ) );
#3368 = ORIENTED_EDGE ( 'NONE', *, *, #7146, .F. ) ;
#3369 = CARTESIAN_POINT ( 'NONE',  ( -0.1655526671241021874, -0.1550000000000000266, -0.05290356562635827736 ) ) ;
#3370 = DIRECTION ( 'NONE',  ( 0.02615073541497720325, 0.9996580110404036379, -9.281665621300071435E-19 ) ) ;
#3371 = CARTESIAN_POINT ( 'NONE',  ( -0.05181750379757978781, 0.04648588202118946605, 0.05338848747549978374 ) ) ;
#3372 = CIRCLE ( 'NONE', #2443, 0.01499999999999999944 ) ;
#3373 = AXIS2_PLACEMENT_3D ( 'NONE', #6445, #2079, #2844 ) ;
#3374 = ADVANCED_FACE ( 'NONE', ( #597 ), #5092, .F. ) ;
#3375 = AXIS2_PLACEMENT_3D ( 'NONE', #265, #7803, #5577 ) ;
#3376 = PRESENTATION_STYLE_ASSIGNMENT (( #7498 ) ) ;
#3377 = CYLINDRICAL_SURFACE ( 'NONE', #7969, 0.01500000000000006189 ) ;
#3378 =( NAMED_UNIT ( * ) SI_UNIT ( $, .STERADIAN. ) SOLID_ANGLE_UNIT ( ) );
#3379 = EDGE_CURVE ( 'NONE', #7513, #6272, #7240, .T. ) ;
#3380 = ORIENTED_EDGE ( 'NONE', *, *, #6095, .F. ) ;
#3381 =( NAMED_UNIT ( * ) SI_UNIT ( $, .STERADIAN. ) SOLID_ANGLE_UNIT ( ) );
#3382 = CARTESIAN_POINT ( 'NONE',  ( 0.02909521289674309522, 0.07849138800471212873, 0.1059181345838505622 ) ) ;
#3383 = SURFACE_STYLE_FILL_AREA ( #1683 ) ;
#3384 = DIRECTION ( 'NONE',  ( 0.000000000000000000, 1.000000000000000000, 0.000000000000000000 ) ) ;
#3385 =( NAMED_UNIT ( * ) PLANE_ANGLE_UNIT ( ) SI_UNIT ( $, .RADIAN. ) );
#3386 = CARTESIAN_POINT ( 'NONE',  ( 0.08341391853588525640, -0.1800009492845988379, -0.1603544413115717826 ) ) ;
#3387 = UNCERTAINTY_MEASURE_WITH_UNIT (LENGTH_MEASURE( 1.000000000000000082E-05 ), #6083, 'distance_accuracy_value', 'NONE');
#3388 = ORIENTED_EDGE ( 'NONE', *, *, #5164, .F. ) ;
#3389 = ORIENTED_EDGE ( 'NONE', *, *, #720, .T. ) ;
#3390 = CARTESIAN_POINT ( 'NONE',  ( 0.1428768623825077411, 0.04410987343059650373, -0.2000000000000000111 ) ) ;
#3391 = PRESENTATION_LAYER_ASSIGNMENT (  '', '', ( #5645 ) ) ;
#3392 = ADVANCED_FACE ( 'NONE', ( #2585 ), #4708, .T. ) ;
#3393 = EDGE_LOOP ( 'NONE', ( #1940, #4292, #5897, #8208, #4078, #3654, #6579 ) ) ;
#3394 = CIRCLE ( 'NONE', #290, 0.01499999999999999598 ) ;
#3395 = DIRECTION ( 'NONE',  ( 0.9694834313197185915, 0.000000000000000000, -0.2451568404033317161 ) ) ;
#3396 = ADVANCED_FACE ( 'NONE', ( #7017 ), #6221, .T. ) ;
#3397 = CARTESIAN_POINT ( 'NONE',  ( 0.09085403361566886382, -0.1800000000000000488, 0.01739012002664671805 ) ) ;
#3398 = CIRCLE ( 'NONE', #5077, 0.01500000000000000118 ) ;
#3399 = EDGE_CURVE ( 'NONE', #6986, #4561, #5512, .T. ) ;
#3400 = ORIENTED_EDGE ( 'NONE', *, *, #6332, .F. ) ;
#3401 = VERTEX_POINT ( 'NONE', #9166 ) ;
#3402 = ORIENTED_EDGE ( 'NONE', *, *, #8416, .T. ) ;
#3403 = CIRCLE ( 'NONE', #4143, 0.01499999999999996128 ) ;
#3404 = CARTESIAN_POINT ( 'NONE',  ( -0.1149999999999999911, -0.2300000000000000100, -0.2000000000000000666 ) ) ;
#3405 = CARTESIAN_POINT ( 'NONE',  ( -0.05785077549733345231, 0.05598954226494572833, 0.1950596842873180692 ) ) ;
#3406 = SURFACE_SIDE_STYLE ('',( #1776 ) ) ;
#3407 =( NAMED_UNIT ( * ) SI_UNIT ( $, .STERADIAN. ) SOLID_ANGLE_UNIT ( ) );
#3408 = STYLED_ITEM ( 'NONE', ( #2786 ), #4466 ) ;
#3409 =( NAMED_UNIT ( * ) PLANE_ANGLE_UNIT ( ) SI_UNIT ( $, .RADIAN. ) );
#3410 = CARTESIAN_POINT ( 'NONE',  ( -0.08456411085397974592, 0.09904300449013139773, 0.1204149276079723579 ) ) ;
#3411 = LINE ( 'NONE', #3432, #4423 ) ;
#3412 = ORIENTED_EDGE ( 'NONE', *, *, #8475, .T. ) ;
#3413 = VERTEX_POINT ( 'NONE', #4779 ) ;
#3414 = FILL_AREA_STYLE_COLOUR ( '', #9216 ) ;
#3415 = CARTESIAN_POINT ( 'NONE',  ( -0.05337968955480298927, 0.02277780862093585143, -0.1734383768830768391 ) ) ;
#3416 = SURFACE_SIDE_STYLE ('',( #6693 ) ) ;
#3417 = CARTESIAN_POINT ( 'NONE',  ( 0.03373482484458720232, 0.07849132467248870482, 0.02568504823611458820 ) ) ;
#3418 = CARTESIAN_POINT ( 'NONE',  ( 0.02638900489612985498, 0.06638794060389761886, 0.1778340672665966182 ) ) ;
#3419 = CIRCLE ( 'NONE', #8636, 0.03502113720135016650 ) ;
#3420 = CARTESIAN_POINT ( 'NONE',  ( -0.04179008216230330197, 0.06500696229970467921, -0.1599867809615749537 ) ) ;
#3421 = DIRECTION ( 'NONE',  ( 0.000000000000000000, 0.000000000000000000, -1.000000000000000000 ) ) ;
#3422 = CARTESIAN_POINT ( 'NONE',  ( 0.04533864787516099504, 0.06584636319716635766, 0.0001460366472936218559 ) ) ;
#3423 = CARTESIAN_POINT ( 'NONE',  ( -0.08858042090499682053, 0.02447876613782671087, 0.1976011036045372815 ) ) ;
#3424 = ORIENTED_EDGE ( 'NONE', *, *, #7443, .T. ) ;
#3425 = ORIENTED_EDGE ( 'NONE', *, *, #6382, .T. ) ;
#3426 =( GEOMETRIC_REPRESENTATION_CONTEXT ( 3 ) GLOBAL_UNCERTAINTY_ASSIGNED_CONTEXT ( ( #8311 ) ) GLOBAL_UNIT_ASSIGNED_CONTEXT ( ( #6416, #8647, #1357 ) ) REPRESENTATION_CONTEXT ( 'NONE', 'WORKASPACE' ) );
#3427 = SURFACE_STYLE_USAGE ( .BOTH. , #7072 ) ;
#3428 = CARTESIAN_POINT ( 'NONE',  ( 0.01289463137290461706, 0.08446487201132911460, 0.02760257471332332180 ) ) ;
#3429 = CARTESIAN_POINT ( 'NONE',  ( -0.03257769607660393474, -0.1600000000000004752, -0.1799999999999997713 ) ) ;
#3430 = ADVANCED_FACE ( 'NONE', ( #7234 ), #2510, .F. ) ;
#3431 = CARTESIAN_POINT ( 'NONE',  ( -0.2231091093434084127, -0.2300000000000000100, -0.1582779960609690673 ) ) ;
#3432 = CARTESIAN_POINT ( 'NONE',  ( -0.1149999999999999911, -0.1199999999999999956, -0.04038093602253250286 ) ) ;
#3433 = CARTESIAN_POINT ( 'NONE',  ( -0.04731139758500389758, 0.02281287462209763417, 0.1879005367437291407 ) ) ;
#3434 = FILL_AREA_STYLE ('',( #460 ) ) ;
#3435 = ORIENTED_EDGE ( 'NONE', *, *, #882, .F. ) ;
#3436 = CARTESIAN_POINT ( 'NONE',  ( -0.1226720556252461902, -0.1700000000000000122, -0.07898615739290824889 ) ) ;
#3437 = PRESENTATION_LAYER_ASSIGNMENT (  '', '', ( #2744 ) ) ;
#3438 = CARTESIAN_POINT ( 'NONE',  ( 0.2650000000000000133, -0.2300000000000000100, 0.2000000000000000111 ) ) ;
#3439 = STYLED_ITEM ( 'NONE', ( #1928 ), #5195 ) ;
#3440 = CARTESIAN_POINT ( 'NONE',  ( 0.1150000000000000050, 0.05382126585984049055, -0.1575000000000000011 ) ) ;
#3441 = CARTESIAN_POINT ( 'NONE',  ( 0.007138076120192220035, -0.1582856615079500651, 0.1593925299764863690 ) ) ;
#3442 = CARTESIAN_POINT ( 'NONE',  ( -0.07088710494496801295, 0.07275947084674067034, 0.1597285065621297240 ) ) ;
#3443 = ORIENTED_EDGE ( 'NONE', *, *, #7401, .F. ) ;
#3444 = CARTESIAN_POINT ( 'NONE',  ( 0.02217913745240970153, 0.06632598437935470492, -0.1858730769460149868 ) ) ;
#3445 = VERTEX_POINT ( 'NONE', #2628 ) ;
#3446 = CARTESIAN_POINT ( 'NONE',  ( 0.000000000000000000, -0.2300000000000000100, 0.000000000000000000 ) ) ;
#3447 = FACE_OUTER_BOUND ( 'NONE', #3303, .T. ) ;
#3448 = CARTESIAN_POINT ( 'NONE',  ( -0.09780175292888063088, -0.1961590676026912228, 0.1606970457255678386 ) ) ;
#3449 = CARTESIAN_POINT ( 'NONE',  ( 0.04815261684131746933, -0.01391005813347884895, -0.1492909596999641986 ) ) ;
#3450 = DIRECTION ( 'NONE',  ( 0.03046773440284079523, 0.9995357508165266802, 0.000000000000000000 ) ) ;
#3451 = AXIS2_PLACEMENT_3D ( 'NONE', #9168, #7724, #8284 ) ;
#3452 = DIRECTION ( 'NONE',  ( 0.000000000000000000, 1.000000000000000000, 0.000000000000000000 ) ) ;
#3453 = CARTESIAN_POINT ( 'NONE',  ( -0.07680421981838510270, -0.06777777249568327222, 0.1720995089880098250 ) ) ;
#3454 = CARTESIAN_POINT ( 'NONE',  ( 0.05770118494096728584, -0.01421503837305498896, 0.1526118442544417420 ) ) ;
#3455 = CARTESIAN_POINT ( 'NONE',  ( -0.1237537076722240864, -0.1789129064803896274, -0.08113140046939631977 ) ) ;
#3456 = EDGE_CURVE ( 'NONE', #1530, #2185, #5050, .T. ) ;
#3457 = CARTESIAN_POINT ( 'NONE',  ( -0.1210718620244086718, -0.1864627417672133081, -0.04574611991463339855 ) ) ;
#3458 = CARTESIAN_POINT ( 'NONE',  ( 0.02449026883438842894, -0.1598182598064794568, -0.2127873579679582239 ) ) ;
#3459 = CARTESIAN_POINT ( 'NONE',  ( -0.05856653988604328814, -0.01347204494487666201, 0.1465979835645814244 ) ) ;
#3460 = CARTESIAN_POINT ( 'NONE',  ( 0.04379874731805850213, 0.05954351437568160960, -0.1792538179515145713 ) ) ;
#3461 = CARTESIAN_POINT ( 'NONE',  ( -0.06770129155413724675, -0.1467909967175633490, 0.05309562986289688424 ) ) ;
#3462 = PRESENTATION_STYLE_ASSIGNMENT (( #690 ) ) ;
#3463 = VECTOR ( 'NONE', #9292, 1000.000000000000000 ) ;
#3464 = DIRECTION ( 'NONE',  ( -0.02615301167375811559, -0.9996579468436914695, -9.639838070536060899E-05 ) ) ;
#3465 = CARTESIAN_POINT ( 'NONE',  ( 0.08144700238068292020, 0.06182563217261406036, 0.1574999999999999456 ) ) ;
#3466 = CARTESIAN_POINT ( 'NONE',  ( 0.03158189322792104292, -0.1800000000000001321, 0.1599999999999998646 ) ) ;
#3467 = EDGE_CURVE ( 'NONE', #8665, #3550, #237, .T. ) ;
#3468 = CARTESIAN_POINT ( 'NONE',  ( 0.003811094280914783302, 0.06525413391662085449, -0.1937841165871325710 ) ) ;
#3469 = LINE ( 'NONE', #1197, #470 ) ;
#3470 = LINE ( 'NONE', #7789, #4715 ) ;
#3471 = CARTESIAN_POINT ( 'NONE',  ( -0.03196869319327874659, -0.1465207010573926494, -0.1065670586343592657 ) ) ;
#3472 = CARTESIAN_POINT ( 'NONE',  ( -0.09945438999429068172, -0.1961591102721191859, 0.1078207193758129318 ) ) ;
#3473 = COLOUR_RGB ( '',1.000000000000000000, 1.000000000000000000, 0.5019607843137254832 ) ;
#3474 = CARTESIAN_POINT ( 'NONE',  ( 0.001415830412750542161, 0.06501852579001095311, -0.02939400048878641758 ) ) ;
#3475 = CARTESIAN_POINT ( 'NONE',  ( -0.02984619047157107893, 0.06097066738909746875, 0.1462005660701012344 ) ) ;
#3476 = CARTESIAN_POINT ( 'NONE',  ( 0.01775510292856911226, -0.1596119932753001236, 0.1777328027987370440 ) ) ;
#3477 = EDGE_LOOP ( 'NONE', ( #2148, #4088, #4526, #2711 ) ) ;
#3478 = EDGE_CURVE ( 'NONE', #3286, #4647, #7304, .T. ) ;
#3479 = CARTESIAN_POINT ( 'NONE',  ( -0.002364298003562567696, 0.1131050780393991484, 0.1601191107273327030 ) ) ;
#3480 = CARTESIAN_POINT ( 'NONE',  ( -0.05775314023913770412, 0.07999999999999993228, 0.1599999999999999756 ) ) ;
#3481 = CARTESIAN_POINT ( 'NONE',  ( -0.002071635754232756602, -0.03230278071074418195, -0.1762706401726663874 ) ) ;
#3482 = CARTESIAN_POINT ( 'NONE',  ( -0.2176966577303005024, -0.2300000000000000655, -0.1480324711079107902 ) ) ;
#3483 = CIRCLE ( 'NONE', #6265, 0.01500000000000000118 ) ;
#3484 = CARTESIAN_POINT ( 'NONE',  ( -0.05538097305629864631, 0.07275960128011772776, -0.1602677579499604543 ) ) ;
#3485 = CARTESIAN_POINT ( 'NONE',  ( -0.06139007982099284333, -0.1885249398376023233, 0.02605572541393458286 ) ) ;
#3486 = ORIENTED_EDGE ( 'NONE', *, *, #5528, .T. ) ;
#3487 = CARTESIAN_POINT ( 'NONE',  ( 0.2650000000000000133, 0.1700000000000000122, -0.2000000000000000111 ) ) ;
#3488 = CARTESIAN_POINT ( 'NONE',  ( -0.001653360100437788064, 0.04689498662161671605, -0.05360542268861757248 ) ) ;
#3489 = VECTOR ( 'NONE', #5931, 1000.000000000000000 ) ;
#3490 = CARTESIAN_POINT ( 'NONE',  ( -0.05548028308661403368, -0.2017143554797150296, -0.1056325212279066172 ) ) ;
#3491 = CARTESIAN_POINT ( 'NONE',  ( -0.05471349660071212623, 0.04648596633745986223, 0.1066926758020101673 ) ) ;
#3492 = COLOUR_RGB ( '',1.000000000000000000, 1.000000000000000000, 1.000000000000000000 ) ;
#3493 = SURFACE_STYLE_USAGE ( .BOTH. , #7669 ) ;
#3494 = CARTESIAN_POINT ( 'NONE',  ( 0.01520469844275913578, 0.06607073927201172203, -0.1631338490399730778 ) ) ;
#3495 =( GEOMETRIC_REPRESENTATION_CONTEXT ( 3 ) GLOBAL_UNCERTAINTY_ASSIGNED_CONTEXT ( ( #1693 ) ) GLOBAL_UNIT_ASSIGNED_CONTEXT ( ( #126, #1681, #5315 ) ) REPRESENTATION_CONTEXT ( 'NONE', 'WORKASPACE' ) );
#3496 = CARTESIAN_POINT ( 'NONE',  ( -0.04537642273386433001, -0.1741174803918314196, -0.1596730156438414261 ) ) ;
#3497 = CARTESIAN_POINT ( 'NONE',  ( 0.03903609631429398596, 0.06617841028793622349, 0.08992639294132752370 ) ) ;
#3498 = ORIENTED_EDGE ( 'NONE', *, *, #9257, .T. ) ;
#3499 = ORIENTED_EDGE ( 'NONE', *, *, #6980, .T. ) ;
#3500 = CARTESIAN_POINT ( 'NONE',  ( 0.02909521289674309522, 0.07849138800471212873, 0.1059181345838505622 ) ) ;
#3501 = CARTESIAN_POINT ( 'NONE',  ( 0.03903609631429398596, 0.06617841028793622349, 0.08992639294132752370 ) ) ;
#3502 = CARTESIAN_POINT ( 'NONE',  ( -0.04199968164925601405, 0.04649960337275867162, -0.1065588169539117835 ) ) ;
#3503 = CARTESIAN_POINT ( 'NONE',  ( 0.05529684981127474391, -0.06915508119869102910, 0.1526118436856024607 ) ) ;
#3504 = CARTESIAN_POINT ( 'NONE',  ( 0.05509757177214161250, -0.1500000261931872803, -0.1060491890435216050 ) ) ;
#3505 = SURFACE_STYLE_USAGE ( .BOTH. , #7284 ) ;
#3506 = CARTESIAN_POINT ( 'NONE',  ( 0.04224685976086230838, 0.07999999999999983513, 0.1599999999999999756 ) ) ;
#3507 = AXIS2_PLACEMENT_3D ( 'NONE', #9193, #8499, #4123 ) ;
#3508 = CARTESIAN_POINT ( 'NONE',  ( -0.05775314023913770412, 0.07999999999999993228, 0.1599999999999999756 ) ) ;
#3509 = EDGE_LOOP ( 'NONE', ( #3075, #8721 ) ) ;
#3510 = VERTEX_POINT ( 'NONE', #406 ) ;
#3511 = CARTESIAN_POINT ( 'NONE',  ( 0.01716188442137056222, 0.02361717321514870613, -0.2127873587138294220 ) ) ;
#3512 = VECTOR ( 'NONE', #8973, 1000.000000000000114 ) ;
#3513 = DIRECTION ( 'NONE',  ( 0.2451568404033317161, -0.000000000000000000, 0.9694834313197185915 ) ) ;
#3514 = CARTESIAN_POINT ( 'NONE',  ( -0.1988062389287093279, -0.1700000000000000122, -0.08175643111878473646 ) ) ;
#3515 = EDGE_CURVE ( 'NONE', #2185, #617, #4593, .T. ) ;
#3516 = VECTOR ( 'NONE', #7315, 1000.000000000000000 ) ;
#3517 = FACE_OUTER_BOUND ( 'NONE', #5015, .T. ) ;
#3518 = ORIENTED_EDGE ( 'NONE', *, *, #4724, .T. ) ;
#3519 = DIRECTION ( 'NONE',  ( -0.02052558504614403201, -0.0002560480453828502408, 0.9997892952006997014 ) ) ;
#3520 = CARTESIAN_POINT ( 'NONE',  ( 0.009107347932262033208, 0.1131050982601266575, -0.05295011527024889170 ) ) ;
#3521 = CARTESIAN_POINT ( 'NONE',  ( -0.04794080743566613012, -0.2017143584105844656, 0.05456121762226376348 ) ) ;
#3522 = CARTESIAN_POINT ( 'NONE',  ( -0.04293327318355420058, 0.08724051481300287847, 0.1072416323611428829 ) ) ;
#3523 = EDGE_CURVE ( 'NONE', #8421, #5870, #1370, .T. ) ;
#3524 = CARTESIAN_POINT ( 'NONE',  ( -0.004623521100250697728, -0.1858824927378322500, 0.1596749071948798948 ) ) ;
#3525 = CARTESIAN_POINT ( 'NONE',  ( 0.01521289534837595193, 0.06607586841376163200, -0.1930412481870161234 ) ) ;
#3526 = CARTESIAN_POINT ( 'NONE',  ( -0.05424407178639067267, 0.04433031392871654430, -0.1734384156922617604 ) ) ;
#3527 = AXIS2_PLACEMENT_3D ( 'NONE', #481, #8520, #5613 ) ;
#3528 = CARTESIAN_POINT ( 'NONE',  ( -0.03221269244390718295, -0.1741175072621676256, 0.1603250928051200008 ) ) ;
#3529 = COLOUR_RGB ( '',1.000000000000000000, 1.000000000000000000, 0.5019607843137254832 ) ;
#3530 = ORIENTED_EDGE ( 'NONE', *, *, #5601, .T. ) ;
#3531 = ORIENTED_EDGE ( 'NONE', *, *, #8732, .T. ) ;
#3532 = CARTESIAN_POINT ( 'NONE',  ( -0.06013195855293012454, -0.1243290339021800722, -0.2004192887696866210 ) ) ;
#3533 = CARTESIAN_POINT ( 'NONE',  ( 0.001322502073703613881, 0.06500889609341679864, -0.007459895603440238124 ) ) ;
#3534 = CARTESIAN_POINT ( 'NONE',  ( 0.05204398364287322887, 0.06533198238890576548, -0.08534462730794878382 ) ) ;
#3535 = CARTESIAN_POINT ( 'NONE',  ( 0.03674558562514866622, 0.04864344616665897819, 0.02588383246284679112 ) ) ;
#3536 = CARTESIAN_POINT ( 'NONE',  ( 0.05530840593053393955, 0.06502133487009603696, -0.07146560305640653477 ) ) ;
#3537 = AXIS2_PLACEMENT_3D ( 'NONE', #4642, #8321, #5308 ) ;
#3538 = FACE_OUTER_BOUND ( 'NONE', #5652, .T. ) ;
#3539 = CARTESIAN_POINT ( 'NONE',  ( -0.0004507495551352280055, 0.06481943094357084378, -0.2000000000000000389 ) ) ;
#3540 = ORIENTED_EDGE ( 'NONE', *, *, #7276, .T. ) ;
#3541 = VERTEX_POINT ( 'NONE', #2779 ) ;
#3542 = CARTESIAN_POINT ( 'NONE',  ( -0.02151754748105509651, 0.07554193604853857991, 0.1327892651147117298 ) ) ;
#3543 = CARTESIAN_POINT ( 'NONE',  ( -0.3171116145900945149, -0.1700000000000000122, -0.03606304455097884137 ) ) ;
#3544 = CARTESIAN_POINT ( 'NONE',  ( 0.03098215336968641875, -0.1227650543533660155, -0.1837329050037636857 ) ) ;
#3545 = CARTESIAN_POINT ( 'NONE',  ( -0.007653135609097315266, 0.07554878298997783070, -0.1072363261806407314 ) ) ;
#3546 = CARTESIAN_POINT ( 'NONE',  ( -0.05354256937190649684, -0.1237879983408049778, 0.1879005065440109978 ) ) ;
#3547 = SURFACE_STYLE_USAGE ( .BOTH. , #4952 ) ;
#3548 = VECTOR ( 'NONE', #7050, 1000.000000000000000 ) ;
#3549 = CARTESIAN_POINT ( 'NONE',  ( -0.08604467737574322816, -0.1714750601623973580, 0.02726104084680526507 ) ) ;
#3550 = VERTEX_POINT ( 'NONE', #7901 ) ;
#3551 = STYLED_ITEM ( 'NONE', ( #1426 ), #3240 ) ;
#3552 = CARTESIAN_POINT ( 'NONE',  ( -0.02811727516756383494, -0.06772200186959062562, 0.1748111847824336818 ) ) ;
#3553 = UNCERTAINTY_MEASURE_WITH_UNIT (LENGTH_MEASURE( 1.000000000000000082E-05 ), #5829, 'distance_accuracy_value', 'NONE');
#3554 = FILL_AREA_STYLE ('',( #6490 ) ) ;
#3555 = MECHANICAL_DESIGN_GEOMETRIC_PRESENTATION_REPRESENTATION (  '', ( #3862 ), #8456 ) ;
#3556 = CARTESIAN_POINT ( 'NONE',  ( -0.007653135609097315266, 0.07554878298997783070, -0.1072363261806407314 ) ) ;
#3557 = CARTESIAN_POINT ( 'NONE',  ( -0.04474264559673851033, -0.1741217486853661178, -0.1328600348769796713 ) ) ;
#3558 = CARTESIAN_POINT ( 'NONE',  ( 0.01841810677207909863, -0.1800000000000001876, -0.1600000000000000033 ) ) ;
#3559 = SURFACE_SIDE_STYLE ('',( #8377 ) ) ;
#3560 = CARTESIAN_POINT ( 'NONE',  ( -0.0005810865603736001424, 0.06480502115282540943, -0.1914400313998579350 ) ) ;
#3561 = EDGE_CURVE ( 'NONE', #325, #4638, #7975, .T. ) ;
#3562 = SURFACE_STYLE_FILL_AREA ( #2268 ) ;
#3563 = B_SPLINE_CURVE_WITH_KNOTS ( 'NONE', 3,
 ( #5972, #5280, #7486, #6004, #3831, #2343, #8186, #3800, #217, #4573, #183, #5307, #6076, #921, #1736, #6042, #6797, #1671, #2409, #7523, #6872, #3134, #8255, #6830, #2441, #9010, #4641, #4703 ),
 .UNSPECIFIED., .F., .F.,
 ( 4, 3, 3, 3, 3, 3, 3, 3, 3, 4 ),
 ( 5.007413109511883232E-05, 5.454158237920434188E-05, 5.965396572365597064E-05, 6.472291424254467411E-05, 6.973778948839332058E-05, 7.470996353873761333E-05, 7.970685410307254079E-05, 8.489988292291372383E-05, 9.260362523203313312E-05, 9.908850185754256728E-05 ),
 .UNSPECIFIED. ) ;
#3564 = DIRECTION ( 'NONE',  ( -0.02615162913723481988, 0.9996579830122664934, -9.640184558589760810E-05 ) ) ;
#3565 = CARTESIAN_POINT ( 'NONE',  ( 0.05393777435583411994, -0.1603498016463721088, -0.1492909605954574337 ) ) ;
#3566 = CARTESIAN_POINT ( 'NONE',  ( -0.1219324210599834479, -0.1833563924164793024, -0.04489867458965357550 ) ) ;
#3567 = CARTESIAN_POINT ( 'NONE',  ( 0.07514967769977067003, 0.06630592832535872616, 0.2000000000000000111 ) ) ;
#3568 = CARTESIAN_POINT ( 'NONE',  ( 0.03072406406402571760, 0.1083392031783184245, 0.02548626400938239223 ) ) ;
#3569 = CARTESIAN_POINT ( 'NONE',  ( 0.05543925275131450503, 0.06500790888448650107, -0.09681999848180611323 ) ) ;
#3570 = CARTESIAN_POINT ( 'NONE',  ( -0.04293327318355420058, 0.08724051481300287847, 0.1072416323611428829 ) ) ;
#3571 = CARTESIAN_POINT ( 'NONE',  ( 0.08341407869396207098, -0.1500000240246342487, -0.1603496678360545324 ) ) ;
#3572 = CARTESIAN_POINT ( 'NONE',  ( -0.02459389849763883584, 0.1041752481412175774, 0.02512943998699366729 ) ) ;
#3573 = EDGE_CURVE ( 'NONE', #1216, #1543, #2424, .T. ) ;
#3574 = CARTESIAN_POINT ( 'NONE',  ( 0.1244805222699141706, -0.1700000000000001232, 0.08245206566742011023 ) ) ;
#3575 = CARTESIAN_POINT ( 'NONE',  ( -0.002364298003562567696, 0.1131050780393991484, 0.1601191107273327030 ) ) ;
#3576 = DIRECTION ( 'NONE',  ( 0.9993792147296975958, -0.02614344219221959378, -0.02361579125490010159 ) ) ;
#3577 = CARTESIAN_POINT ( 'NONE',  ( 0.0005598299909917090183, 0.06493132036293408627, 0.1660548834145048058 ) ) ;
#3578 =( GEOMETRIC_REPRESENTATION_CONTEXT ( 3 ) GLOBAL_UNCERTAINTY_ASSIGNED_CONTEXT ( ( #6078 ) ) GLOBAL_UNIT_ASSIGNED_CONTEXT ( ( #7642, #9086, #7709 ) ) REPRESENTATION_CONTEXT ( 'NONE', 'WORKASPACE' ) );
#3579 = STYLED_ITEM ( 'NONE', ( #1243 ), #8760 ) ;
#3580 = CARTESIAN_POINT ( 'NONE',  ( 0.01022469464262197245, 0.06493097359823117587, -0.1575000000000000011 ) ) ;
#3581 = CARTESIAN_POINT ( 'NONE',  ( -0.01383507588303255556, -0.1858824717040781782, -0.05396934460752672580 ) ) ;
#3582 = EDGE_LOOP ( 'NONE', ( #1931, #2781 ) ) ;
#3583 = CARTESIAN_POINT ( 'NONE',  ( 0.04174343265777232664, 0.07850502150267235635, -0.1072625030480235664 ) ) ;
#3584 =( NAMED_UNIT ( * ) PLANE_ANGLE_UNIT ( ) SI_UNIT ( $, .RADIAN. ) );
#3585 = COLOUR_RGB ( '',1.000000000000000000, 1.000000000000000000, 0.5019607843137254832 ) ;
#3586 = CIRCLE ( 'NONE', #3715, 0.01499999999999998557 ) ;
#3587 = CARTESIAN_POINT ( 'NONE',  ( -0.05467590825936458065, -0.1603342325540006441, 0.1879004864518462881 ) ) ;
#3588 = CARTESIAN_POINT ( 'NONE',  ( -0.04794080743566613012, -0.2017143584105844656, 0.05456121762226376348 ) ) ;
#3589 = EDGE_CURVE ( 'NONE', #3510, #7638, #5955, .T. ) ;
#3590 = ORIENTED_EDGE ( 'NONE', *, *, #2846, .F. ) ;
#3591 = CARTESIAN_POINT ( 'NONE',  ( -0.03953707743409697051, 0.02334345650711956710, -0.2135390290631836441 ) ) ;
#3592 = LINE ( 'NONE', #3332, #2116 ) ;
#3593 = CARTESIAN_POINT ( 'NONE',  ( 0.05468159981087625243, 0.06508383407053135172, -0.1094235334999770770 ) ) ;
#3594 = CARTESIAN_POINT ( 'NONE',  ( 0.04283232809466361313, 0.07849142854761528842, -0.1603059037795810104 ) ) ;
#3595 = CARTESIAN_POINT ( 'NONE',  ( 0.05515501427055449768, 0.06503664515896369347, -0.1071200581419696346 ) ) ;
#3596 = CARTESIAN_POINT ( 'NONE',  ( -0.04090336335639098431, 0.04648591774656209846, -0.1599638320449967566 ) ) ;
#3597 = CARTESIAN_POINT ( 'NONE',  ( 0.05405658470138025029, -0.1500042473709121693, -0.1328130971069005628 ) ) ;
#3598 = CARTESIAN_POINT ( 'NONE',  ( 0.08507392651406157913, -0.2100000262086114955, -0.1072448800231697308 ) ) ;
#3599 = COLOUR_RGB ( '',1.000000000000000000, 1.000000000000000000, 0.5019607843137254832 ) ;
#3600 = FACE_OUTER_BOUND ( 'NONE', #3860, .T. ) ;
#3601 = ORIENTED_EDGE ( 'NONE', *, *, #7322, .F. ) ;
#3602 = DIRECTION ( 'NONE',  ( 0.000000000000000000, 1.000000000000000000, 0.000000000000000000 ) ) ;
#3603 = AXIS2_PLACEMENT_3D ( 'NONE', #7237, #8592, #7176 ) ;
#3604 = CARTESIAN_POINT ( 'NONE',  ( 0.04694471918631386298, 0.06573745081408303992, 0.1575000000000000289 ) ) ;
#3605 =( NAMED_UNIT ( * ) SI_UNIT ( $, .STERADIAN. ) SOLID_ANGLE_UNIT ( ) );
#3606 = PRESENTATION_LAYER_ASSIGNMENT (  '', '', ( #2150 ) ) ;
#3607 = CARTESIAN_POINT ( 'NONE',  ( 0.009728138185485896497, -0.1476049369086982754, -0.1597894453168648699 ) ) ;
#3608 = PRESENTATION_STYLE_ASSIGNMENT (( #6096 ) ) ;
#3609 = ORIENTED_EDGE ( 'NONE', *, *, #130, .F. ) ;
#3610 = EDGE_LOOP ( 'NONE', ( #298, #5929, #3486, #2406, #4766, #2620 ) ) ;
#3611 = ORIENTED_EDGE ( 'NONE', *, *, #760, .T. ) ;
#3612 = CARTESIAN_POINT ( 'NONE',  ( -0.01251483327297488006, -0.1858824854666283610, -0.02732612514237603429 ) ) ;
#3613 = CARTESIAN_POINT ( 'NONE',  ( -0.05450105212953626488, 0.1135140336834009611, 0.05322832147610892517 ) ) ;
#3614 = DIRECTION ( 'NONE',  ( 0.9988445981121532036, 0.000000000000000000, -0.04805693313322300514 ) ) ;
#3615 = CARTESIAN_POINT ( 'NONE',  ( -0.01568352880647135017, 0.07553508554169061084, 0.02571827680933060079 ) ) ;
#3616 = COLOUR_RGB ( '',1.000000000000000000, 1.000000000000000000, 1.000000000000000000 ) ;
#3617 = CARTESIAN_POINT ( 'NONE',  ( -0.2650000000000000133, -0.2300000000000000100, -0.2000000000000000111 ) ) ;
#3618 = SHAPE_DEFINITION_REPRESENTATION ( #77, #2034 ) ;
#3619 = ORIENTED_EDGE ( 'NONE', *, *, #7260, .F. ) ;
#3620 = ORIENTED_EDGE ( 'NONE', *, *, #3142, .F. ) ;
#3621 =( GEOMETRIC_REPRESENTATION_CONTEXT ( 3 ) GLOBAL_UNCERTAINTY_ASSIGNED_CONTEXT ( ( #7837 ) ) GLOBAL_UNIT_ASSIGNED_CONTEXT ( ( #3978, #1255, #6192 ) ) REPRESENTATION_CONTEXT ( 'NONE', 'WORKASPACE' ) );
#3622 = VERTEX_POINT ( 'NONE', #5688 ) ;
#3623 = CARTESIAN_POINT ( 'NONE',  ( -0.06495772284536174834, -0.01446946930058811386, -0.2004157811472674910 ) ) ;
#3624 = DIRECTION ( 'NONE',  ( 0.9993255319173287576, -0.03046132653440610655, 0.02050826282043630502 ) ) ;
#3625 = CARTESIAN_POINT ( 'NONE',  ( 0.07579469260835058897, 0.04228645707397922504, -0.1507833713355124505 ) ) ;
#3626 = CARTESIAN_POINT ( 'NONE',  ( 0.05436360135339862037, 0.06511507507924904625, -0.1084828115922191472 ) ) ;
#3627 = FILL_AREA_STYLE_COLOUR ( '', #3873 ) ;
#3628 = LINE ( 'NONE', #6188, #7766 ) ;
#3629 = CARTESIAN_POINT ( 'NONE',  ( 0.06018459883946897931, 0.05166085403609065041, 0.1603610024710146464 ) ) ;
#3630 = EDGE_CURVE ( 'NONE', #1214, #4415, #2870, .T. ) ;
#3631 = CARTESIAN_POINT ( 'NONE',  ( 0.05472615098752763030, 0.06507942825712656476, -0.1094432697026427592 ) ) ;
#3632 = VECTOR ( 'NONE', #1675, 1000.000000000000000 ) ;
#3633 = CARTESIAN_POINT ( 'NONE',  ( 0.03625062116120636446, 0.06627390000955109273, 0.1574999999999999456 ) ) ;
#3634 = EDGE_LOOP ( 'NONE', ( #50, #4298, #6009, #2712, #3080, #3609, #2729 ) ) ;
#3635 = ORIENTED_EDGE ( 'NONE', *, *, #86, .T. ) ;
#3636 =( LENGTH_UNIT ( ) NAMED_UNIT ( * ) SI_UNIT ( .MILLI., .METRE. ) );
#3637 = DIRECTION ( 'NONE',  ( 0.000000000000000000, 1.000000000000000000, 0.000000000000000000 ) ) ;
#3638 = ORIENTED_EDGE ( 'NONE', *, *, #7617, .T. ) ;
#3639 = ORIENTED_EDGE ( 'NONE', *, *, #3343, .T. ) ;
#3640 = CARTESIAN_POINT ( 'NONE',  ( 0.04500661027396412467, -0.1830105199180756814, 0.1060165558887594811 ) ) ;
#3641 = EDGE_CURVE ( 'NONE', #8803, #7851, #1152, .T. ) ;
#3642 = CARTESIAN_POINT ( 'NONE',  ( -0.04163715744775425831, 0.05998743853633690948, -0.1599823553555817512 ) ) ;
#3643 = CARTESIAN_POINT ( 'NONE',  ( 0.01116353521811892444, 0.08446485103238228487, 0.05418747179559656874 ) ) ;
#3644 = FILL_AREA_STYLE_COLOUR ( '', #2092 ) ;
#3645 = CARTESIAN_POINT ( 'NONE',  ( 0.1190835131830707827, -0.1684415173068631588, 0.04904296024970998535 ) ) ;
#3646 = ORIENTED_EDGE ( 'NONE', *, *, #2382, .F. ) ;
#3647 = EDGE_CURVE ( 'NONE', #2372, #8222, #7698, .T. ) ;
#3648 = DIRECTION ( 'NONE',  ( -0.8756075530290937659, -0.4826932479921549612, -0.01785052999736495838 ) ) ;
#3649 = ORIENTED_EDGE ( 'NONE', *, *, #875, .T. ) ;
#3650 = B_SPLINE_CURVE_WITH_KNOTS ( 'NONE', 3,
 ( #3656, #5064, #4391, #1412, #8733, #670, #5921, #1450 ),
 .UNSPECIFIED., .F., .F.,
 ( 4, 2, 2, 4 ),
 ( 0.05291631629125233965, 0.08332439132964528095, 0.09852884505092862621, 0.1137329655242615284 ),
 .UNSPECIFIED. ) ;
#3651 =( NAMED_UNIT ( * ) PLANE_ANGLE_UNIT ( ) SI_UNIT ( $, .RADIAN. ) );
#3652 = CARTESIAN_POINT ( 'NONE',  ( -0.009995146655920520914, 0.06359376101129597669, 0.1635227023351041586 ) ) ;
#3653 = CARTESIAN_POINT ( 'NONE',  ( 0.07808823380821307281, -0.01263242028105874756, -0.1507833237969396778 ) ) ;
#3654 = ORIENTED_EDGE ( 'NONE', *, *, #2172, .F. ) ;
#3655 = EDGE_CURVE ( 'NONE', #4536, #1342, #6779, .T. ) ;
#3656 = CARTESIAN_POINT ( 'NONE',  ( 0.08239861090485432749, -0.1596082831334433849, -0.1807461816759862172 ) ) ;
#3657 = CARTESIAN_POINT ( 'NONE',  ( 0.05442147580429256004, 0.06510941210439163962, -0.1087293446165091271 ) ) ;
#3658 = CARTESIAN_POINT ( 'NONE',  ( 0.02076242174296215326, 0.02413366725349099656, 0.2073882475176571372 ) ) ;
#3659 = MECHANICAL_DESIGN_GEOMETRIC_PRESENTATION_REPRESENTATION (  '', ( #7595 ), #3183 ) ;
#3660 =( LENGTH_UNIT ( ) NAMED_UNIT ( * ) SI_UNIT ( .MILLI., .METRE. ) );
#3661 = LINE ( 'NONE', #6331, #2972 ) ;
#3662 = CARTESIAN_POINT ( 'NONE',  ( -0.03158189322792102904, -0.1799999999999999656, -0.1600000000000000033 ) ) ;
#3663 = VECTOR ( 'NONE', #8562, 1000.000000000000000 ) ;
#3664 = CARTESIAN_POINT ( 'NONE',  ( -0.07151807544422841834, 0.06038846810218673200, 0.1720995093066837178 ) ) ;
#3665 = ORIENTED_EDGE ( 'NONE', *, *, #1063, .F. ) ;
#3666 = CARTESIAN_POINT ( 'NONE',  ( 0.02096756751788050877, 0.08447857841192439599, -0.1059920774311447905 ) ) ;
#3667 = CARTESIAN_POINT ( 'NONE',  ( -0.1149999999999999911, -0.1199999999999999956, 0.1575000000000000011 ) ) ;
#3668 = CARTESIAN_POINT ( 'NONE',  ( -0.05409886421971344533, -0.1382782943188765601, 0.1879025851734620889 ) ) ;
#3669 = UNCERTAINTY_MEASURE_WITH_UNIT (LENGTH_MEASURE( 1.000000000000000082E-05 ), #4592, 'distance_accuracy_value', 'NONE');
#3670 = FILL_AREA_STYLE_COLOUR ( '', #6267 ) ;
#3671 = CARTESIAN_POINT ( 'NONE',  ( -0.1030742236040244342, -0.1961590955509036893, 0.02809358231653116128 ) ) ;
#3672 = SURFACE_STYLE_FILL_AREA ( #4606 ) ;
#3673 = SURFACE_STYLE_USAGE ( .BOTH. , #2118 ) ;
#3674 = AXIS2_PLACEMENT_3D ( 'NONE', #7827, #8545, #1256 ) ;
#3675 = CARTESIAN_POINT ( 'NONE',  ( 0.009107347932262033208, 0.1131050982601266575, -0.05295011527024889170 ) ) ;
#3676 = CARTESIAN_POINT ( 'NONE',  ( -0.03315871517070716895, 0.08724051504716617833, -0.05248310047304365067 ) ) ;
#3677 = CARTESIAN_POINT ( 'NONE',  ( 0.05775314023913778738, 0.07999999999999998779, -0.1600000000000000033 ) ) ;
#3678 = EDGE_CURVE ( 'NONE', #2702, #7426, #4235, .T. ) ;
#3679 = CARTESIAN_POINT ( 'NONE',  ( -0.1149999999999999911, -0.1700000000000000122, -0.04038093602253250286 ) ) ;
#3680 = CARTESIAN_POINT ( 'NONE',  ( -0.02354094655390879393, 0.06132201517295488707, 0.1824155599407926154 ) ) ;
#3681 = CARTESIAN_POINT ( 'NONE',  ( 0.1210718620247217547, -0.1700000000000000122, 0.04574611991424980956 ) ) ;
#3682 = CARTESIAN_POINT ( 'NONE',  ( 0.05716764051093140009, 0.08150871852634393455, 0.1603067086836617583 ) ) ;
#3683 = CARTESIAN_POINT ( 'NONE',  ( -0.1218631167447893071, -0.1881966727434021269, -0.07724366242361835333 ) ) ;
#3684 = PRESENTATION_LAYER_ASSIGNMENT (  '', '', ( #8767 ) ) ;
#3685 = CARTESIAN_POINT ( 'NONE',  ( -0.06452373603752792341, 0.07275950614702159092, 0.02579026958041856499 ) ) ;
#3686 = CARTESIAN_POINT ( 'NONE',  ( 0.04401620785391509999, -0.1237022616718990581, 0.2119225478778789251 ) ) ;
#3687 = CIRCLE ( 'NONE', #3451, 0.01499999999999999424 ) ;
#3688 = FACE_OUTER_BOUND ( 'NONE', #4124, .T. ) ;
#3689 = CARTESIAN_POINT ( 'NONE',  ( -0.1149999999999993250, 0.06074636252514592494, -0.1999999999999999833 ) ) ;
#3690 = SURFACE_STYLE_FILL_AREA ( #1682 ) ;
#3691 = DIRECTION ( 'NONE',  ( -0.000000000000000000, -0.000000000000000000, 1.000000000000000000 ) ) ;
#3692 = EDGE_CURVE ( 'NONE', #2911, #8867, #8690, .T. ) ;
#3693 = CARTESIAN_POINT ( 'NONE',  ( 0.1220916474220839903, -0.1780931353409739570, 0.04476700453106393501 ) ) ;
#3694 = CARTESIAN_POINT ( 'NONE',  ( 0.01116353521811892444, 0.08446485103238228487, 0.05418747179559656874 ) ) ;
#3695 = CARTESIAN_POINT ( 'NONE',  ( -0.004496633321198829567, 0.06434115503538968828, 0.1941264774338289367 ) ) ;
#3696 = PRESENTATION_STYLE_ASSIGNMENT (( #8853 ) ) ;
#3697 = CARTESIAN_POINT ( 'NONE',  ( 0.03882841321154756331, 0.07849138835906371847, -0.05417481111629973006 ) ) ;
#3698 = CARTESIAN_POINT ( 'NONE',  ( 0.02163429155507046522, -0.1476134280611079153, 0.1070036399296432489 ) ) ;
#3699 = EDGE_LOOP ( 'NONE', ( #2004, #141, #1831, #172, #6183, #8522 ) ) ;
#3700 = EDGE_CURVE ( 'NONE', #1691, #1214, #6553, .T. ) ;
#3701 = STYLED_ITEM ( 'NONE', ( #5459 ), #9176 ) ;
#3702 = DIRECTION ( 'NONE',  ( -1.000000000000000000, 0.000000000000000000, 0.000000000000000000 ) ) ;
#3703 = CARTESIAN_POINT ( 'NONE',  ( -0.02633696264221843664, 0.1041752273100694237, 0.05188937116746734912 ) ) ;
#3704 = ADVANCED_FACE ( 'NONE', ( #4821 ), #4380, .F. ) ;
#3705 = CARTESIAN_POINT ( 'NONE',  ( 0.04283232809466361313, 0.07849142854761528842, -0.1603059037795810104 ) ) ;
#3706 = CARTESIAN_POINT ( 'NONE',  ( 0.1201203798002905554, -0.1683764070215441611, 0.07262356931514771241 ) ) ;
#3707 = PRESENTATION_STYLE_ASSIGNMENT (( #8402 ) ) ;
#3708 = CARTESIAN_POINT ( 'NONE',  ( -0.04150121714268039524, 0.05700867050746707965, -0.1464609790192289152 ) ) ;
#3709 = CARTESIAN_POINT ( 'NONE',  ( -0.1221691108118792973, -0.1800000000072702055, -0.04470776666783285447 ) ) ;
#3710 = ORIENTED_EDGE ( 'NONE', *, *, #8826, .F. ) ;
#3711 = CARTESIAN_POINT ( 'NONE',  ( 0.08239861090485432749, -0.1596082831334434127, -0.1807461816759862172 ) ) ;
#3712 = B_SPLINE_CURVE_WITH_KNOTS ( 'NONE', 3,
 ( #4473, #2247, #119, #5842, #789, #7360, #6623, #5180, #5247, #8125, #1537, #3706, #3741, #2939, #88, #814, #7424, #2314, #5942, #2908, #2968, #3771, #1577, #3645, #6691, #3034, #8158, #8880, #6584, #8814, #5973 ),
 .UNSPECIFIED., .F., .F.,
 ( 4, 3, 3, 3, 3, 3, 3, 3, 3, 3, 4 ),
 ( 5.361292778058538447E-05, 5.540185534348709230E-05, 5.850549349487358351E-05, 6.347923163841825143E-05, 7.187494080234187079E-05, 8.053925027439023791E-05, 8.643638418514650219E-05, 9.110800423243934590E-05, 9.582200235127129599E-05, 9.997618870867178284E-05, 0.0001006536442539711080 ),
 .UNSPECIFIED. ) ;
#3713 = DIRECTION ( 'NONE',  ( -0.9544742299142688902, -0.2976542202237386636, -0.01951690581423030230 ) ) ;
#3714 = COLOUR_RGB ( '',1.000000000000000000, 1.000000000000000000, 1.000000000000000000 ) ;
#3715 = AXIS2_PLACEMENT_3D ( 'NONE', #6084, #9050, #4682 ) ;
#3716 = LINE ( 'NONE', #8513, #1303 ) ;
#3717 = CARTESIAN_POINT ( 'NONE',  ( 0.1525014675670199049, -0.1600000000000000311, 0.1230518830271274400 ) ) ;
#3718 = CARTESIAN_POINT ( 'NONE',  ( 0.1278671797069859672, -0.1700000000000000122, 0.03805575324395597814 ) ) ;
#3719 = CARTESIAN_POINT ( 'NONE',  ( 0.04999157067087438289, 0.06550715307458247760, 0.06784779524784853577 ) ) ;
#3720 = ORIENTED_EDGE ( 'NONE', *, *, #7265, .F. ) ;
#3721 = DIRECTION ( 'NONE',  ( -0.02052558504614596102, -0.0002560480453980134587, 0.9997892952006997014 ) ) ;
#3722 = DIRECTION ( 'NONE',  ( -0.02362941044756635897, 0.0001591926594850766048, -0.9997207738261707499 ) ) ;
#3723 = CARTESIAN_POINT ( 'NONE',  ( 0.1187832828108323219, -0.1938296866511775574, 0.06717498020745911458 ) ) ;
#3724 = DIRECTION ( 'NONE',  ( 0.000000000000000000, 0.000000000000000000, 1.000000000000000000 ) ) ;
#3725 = UNCERTAINTY_MEASURE_WITH_UNIT (LENGTH_MEASURE( 1.000000000000000082E-05 ), #7048, 'distance_accuracy_value', 'NONE');
#3726 = LINE ( 'NONE', #8525, #6586 ) ;
#3727 = CARTESIAN_POINT ( 'NONE',  ( 0.03200268577051364194, 0.07849130379308980054, 0.05240611079259199084 ) ) ;
#3728 = ORIENTED_EDGE ( 'NONE', *, *, #6980, .F. ) ;
#3729 = ORIENTED_EDGE ( 'NONE', *, *, #376, .F. ) ;
#3730 = ORIENTED_EDGE ( 'NONE', *, *, #4917, .T. ) ;
#3731 = CARTESIAN_POINT ( 'NONE',  ( 0.1181273583841139924, -0.1600000000000000311, 0.07407182481331291146 ) ) ;
#3732 = CARTESIAN_POINT ( 'NONE',  ( 0.2650000000000000133, -0.1700000000000000122, -0.2000000000000000111 ) ) ;
#3733 = CARTESIAN_POINT ( 'NONE',  ( -0.05328093378421235038, 0.05645810349245189430, 0.1659845445048081791 ) ) ;
#3734 = CIRCLE ( 'NONE', #1970, 0.01500000000000000985 ) ;
#3735 = EDGE_CURVE ( 'NONE', #5802, #2819, #6646, .T. ) ;
#3736 = FACE_OUTER_BOUND ( 'NONE', #3634, .T. ) ;
#3737 = VERTEX_POINT ( 'NONE', #2810 ) ;
#3738 = VERTEX_POINT ( 'NONE', #653 ) ;
#3739 = CARTESIAN_POINT ( 'NONE',  ( -0.2650000000000000133, 0.1449999999999999900, 0.1749999999999999611 ) ) ;
#3740 = CARTESIAN_POINT ( 'NONE',  ( -0.1149999999999999911, -0.1700000000000000122, -0.2000000000000000666 ) ) ;
#3741 = CARTESIAN_POINT ( 'NONE',  ( 0.1194726170195677950, -0.1672815599118677998, 0.07014462584795518041 ) ) ;
#3742 = CARTESIAN_POINT ( 'NONE',  ( -0.02167422281184537211, -0.08607059432915681318, -0.1865616393858872679 ) ) ;
#3743 = CARTESIAN_POINT ( 'NONE',  ( -0.2650000000000000133, -0.1700000000000000122, 0.2000000000000000111 ) ) ;
#3744 = CARTESIAN_POINT ( 'NONE',  ( -0.01463513676551816967, 0.06096671518632675035, -0.1594283161450758546 ) ) ;
#3745 = PRESENTATION_LAYER_ASSIGNMENT (  '', '', ( #9132 ) ) ;
#3746 = FACE_OUTER_BOUND ( 'NONE', #5569, .T. ) ;
#3747 = ORIENTED_EDGE ( 'NONE', *, *, #6933, .F. ) ;
#3748 = ORIENTED_EDGE ( 'NONE', *, *, #5043, .F. ) ;
#3749 = CARTESIAN_POINT ( 'NONE',  ( -0.05103198152823617412, -0.03225706243498603631, -0.1734383684654335900 ) ) ;
#3750 = CARTESIAN_POINT ( 'NONE',  ( 0.01301187021146871584, 0.06595246229119391956, -0.1598884500951824605 ) ) ;
#3751 = FILL_AREA_STYLE ('',( #5953 ) ) ;
#3752 = EDGE_CURVE ( 'NONE', #8214, #4847, #8932, .T. ) ;
#3753 = CARTESIAN_POINT ( 'NONE',  ( 0.01035433901240362213, -0.1601817401935210772, -0.1472126420320416240 ) ) ;
#3754 = CARTESIAN_POINT ( 'NONE',  ( 0.1210718620244087135, -0.1864627417672135024, 0.04574611991463339161 ) ) ;
#3755 = B_SPLINE_SURFACE_WITH_KNOTS ( 'NONE', 3, 1, ( 
 ( #8556, #6385 ),
 ( #2111, #7868 ),
 ( #2838, #7894 ),
 ( #7229, #8610 ),
 ( #5712, #4177 ),
 ( #3482, #4920 ),
 ( #4238, #4980 ),
 ( #7961, #1325 ) ),
 .UNSPECIFIED., .F., .F., .F.,
 ( 4, 1, 1, 1, 1, 4 ),
 ( 2, 2 ),
 ( 0.000000000000000000, 0.1274639945884469550, 0.2621587074575456033, 0.4330378518549585221, 0.4971100557800189335, 0.5030000000000011129 ),
 ( 0.000000000000000000, 1.000000000000000000 ),
 .UNSPECIFIED. ) ;
#3756 = ADVANCED_FACE ( 'NONE', ( #2975 ), #5142, .T. ) ;
#3757 = SURFACE_STYLE_FILL_AREA ( #8030 ) ;
#3758 = CARTESIAN_POINT ( 'NONE',  ( -0.02395375127464411183, 0.02391315327401234356, 0.1748112765039873395 ) ) ;
#3759 = EDGE_LOOP ( 'NONE', ( #6592, #3388, #8419, #7085, #6875 ) ) ;
#3760 = ORIENTED_EDGE ( 'NONE', *, *, #5661, .F. ) ;
#3761 = CARTESIAN_POINT ( 'NONE',  ( 0.03072406406402571760, 0.1083392031783184245, 0.02548626400938239223 ) ) ;
#3762 = FILL_AREA_STYLE_COLOUR ( '', #3157 ) ;
#3763 = CARTESIAN_POINT ( 'NONE',  ( -0.1229017327928497716, 0.06518394147448915155, 0.2000000000000000111 ) ) ;
#3764 = CARTESIAN_POINT ( 'NONE',  ( 0.01295046294508560639, 0.06594888417542087156, -0.1575000000000000289 ) ) ;
#3765 = CARTESIAN_POINT ( 'NONE',  ( -0.03222359742112548830, -0.1599892904560935025, -0.1650041839352483219 ) ) ;
#3766 = CARTESIAN_POINT ( 'NONE',  ( -0.04776835761278273862, 0.05717237405598586675, 0.1698972124088216629 ) ) ;
#3767 = ORIENTED_EDGE ( 'NONE', *, *, #4234, .T. ) ;
#3768 = CARTESIAN_POINT ( 'NONE',  ( 0.003033463906858233604, -0.2063910703019231629, -0.02566050465201576494 ) ) ;
#3769 = VERTEX_POINT ( 'NONE', #8062 ) ;
#3770 = CARTESIAN_POINT ( 'NONE',  ( 0.07458613559038640428, 0.05167446082113478362, -0.1058372330185853305 ) ) ;
#3771 = CARTESIAN_POINT ( 'NONE',  ( 0.1183581120670670062, -0.1667832937707688923, 0.05165183498305449955 ) ) ;
#3772 = PRESENTATION_LAYER_ASSIGNMENT (  '', '', ( #3956 ) ) ;
#3773 = CARTESIAN_POINT ( 'NONE',  ( -0.02005746896988046951, -0.1228045847590054224, -0.1865651755685253932 ) ) ;
#3774 = PLANE ( 'NONE',  #7121 ) ;
#3775 = LINE ( 'NONE', #3307, #3548 ) ;
#3776 = CARTESIAN_POINT ( 'NONE',  ( -0.05181750379757978781, 0.04648588202118946605, 0.05338848747549978374 ) ) ;
#3777 = CARTESIAN_POINT ( 'NONE',  ( -0.02270375024599098276, 0.06147304345708345941, 0.1742671952226197418 ) ) ;
#3778 = CARTESIAN_POINT ( 'NONE',  ( 0.04738801038687304873, 0.06570600198529866209, -0.1678838806816770057 ) ) ;
#3779 = CARTESIAN_POINT ( 'NONE',  ( 0.1339912417916209186, -0.1699999999999999845, 0.09659493930342558099 ) ) ;
#3780 = DIRECTION ( 'NONE',  ( -0.02052558504614403201, -0.0002560480453828502408, 0.9997892952006997014 ) ) ;
#3781 =( LENGTH_UNIT ( ) NAMED_UNIT ( * ) SI_UNIT ( .MILLI., .METRE. ) );
#3782 = CARTESIAN_POINT ( 'NONE',  ( -0.1180844409695532976, -0.1938628555048844126, -0.05292948600256321134 ) ) ;
#3783 = CARTESIAN_POINT ( 'NONE',  ( 0.03206686117224764876, 0.02422619671843324884, -0.1546713457808197578 ) ) ;
#3784 = DIRECTION ( 'NONE',  ( -0.02052558504614596102, -0.0002560480453980134587, 0.9997892952006997014 ) ) ;
#3785 = CARTESIAN_POINT ( 'NONE',  ( -0.01789490674919828883, -0.1599857056563633306, 0.1599844460355385745 ) ) ;
#3786 = AXIS2_PLACEMENT_3D ( 'NONE', #8950, #7399, #1587 ) ;
#3787 = CARTESIAN_POINT ( 'NONE',  ( 0.009584684864785524006, -0.08766513277993742692, 0.1570408899547813819 ) ) ;
#3788 =( BOUNDED_SURFACE ( )  B_SPLINE_SURFACE ( 3, 3, ( 
 ( #6739, #3148, #2350, #3808, #7466, #8854, #3880, #3078 ),
 ( #194, #8920, #5221, #5951, #8981, #4552, #159, #898 ),
 ( #2297, #6015, #1645, #6774, #2389, #8232, #930, #6810 ),
 ( #8266, #4617, #1549, #5188, #3012, #8136, #282, #1838 ),
 ( #9111, #9078, #228, #4683, #1719, #6155, #1006, #9022 ),
 ( #5355, #1061, #4712, #3940, #6884, #3999, #2451, #6120 ),
 ( #6968, #6187, #1770, #345, #7666, #3907, #7600, #5416 ) ),
 .UNSPECIFIED., .T., .F., .T. ) 
 B_SPLINE_SURFACE_WITH_KNOTS ( ( 4, 3, 4 ),
 ( 4, 2, 2, 4 ),
 ( 0.000000000000000000, 0.5000000000000000000, 1.000000000000000000 ),
 ( 0.2196000603987613153, 0.2500086994425866349, 0.2652129161892203268, 0.2804167206486350983 ),
 .UNSPECIFIED. ) 
 GEOMETRIC_REPRESENTATION_ITEM ( )  RATIONAL_B_SPLINE_SURFACE ( (
 ( 1.000000000000000000, 1.000000000000000000, 1.000000000000000000, 1.000000000000000000, 1.000000000000000000, 1.000000000000000000, 1.000000000000000000, 1.000000000000000000),
 ( 0.3333333333333333703, 0.3333333333333333703, 0.3333333333333333703, 0.3333333333333333703, 0.3333333333333333703, 0.3333333333333333703, 0.3333333333333333703, 0.3333333333333333703),
 ( 0.3333333333333333703, 0.3333333333333333703, 0.3333333333333333703, 0.3333333333333333703, 0.3333333333333333703, 0.3333333333333333703, 0.3333333333333333703, 0.3333333333333333703),
 ( 1.000000000000000000, 1.000000000000000000, 1.000000000000000000, 1.000000000000000000, 1.000000000000000000, 1.000000000000000000, 1.000000000000000000, 1.000000000000000000),
 ( 0.3333333333333333703, 0.3333333333333333703, 0.3333333333333333703, 0.3333333333333333703, 0.3333333333333333703, 0.3333333333333333703, 0.3333333333333333703, 0.3333333333333333703),
 ( 0.3333333333333333703, 0.3333333333333333703, 0.3333333333333333703, 0.3333333333333333703, 0.3333333333333333703, 0.3333333333333333703, 0.3333333333333333703, 0.3333333333333333703),
 ( 1.000000000000000000, 1.000000000000000000, 1.000000000000000000, 1.000000000000000000, 1.000000000000000000, 1.000000000000000000, 1.000000000000000000, 1.000000000000000000) ) ) 
 REPRESENTATION_ITEM ( '' )  SURFACE ( )  );
#3789 = PRESENTATION_LAYER_ASSIGNMENT (  '', '', ( #3973 ) ) ;
#3790 = FACE_OUTER_BOUND ( 'NONE', #550, .T. ) ;
#3791 = CARTESIAN_POINT ( 'NONE',  ( 0.04997844404437348786, -0.08726769168672271482, 0.1822671722099970526 ) ) ;
#3792 = FACE_OUTER_BOUND ( 'NONE', #3269, .T. ) ;
#3793 =( NAMED_UNIT ( * ) PLANE_ANGLE_UNIT ( ) SI_UNIT ( $, .RADIAN. ) );
#3794 = ADVANCED_FACE ( 'NONE', ( #9480 ), #688, .F. ) ;
#3795 = CARTESIAN_POINT ( 'NONE',  ( 0.03239243022199188304, -0.2123950371374371537, -0.02707595857200019440 ) ) ;
#3796 = AXIS2_PLACEMENT_3D ( 'NONE', #7420, #884, #8910 ) ;
#3797 = MECHANICAL_DESIGN_GEOMETRIC_PRESENTATION_REPRESENTATION (  '', ( #4158 ), #7613 ) ;
#3798 = CARTESIAN_POINT ( 'NONE',  ( 0.02787913665942245989, 0.07849817793620419981, 0.1327563563108895006 ) ) ;
#3799 = ADVANCED_FACE ( 'NONE', ( #7576 ), #2196, .T. ) ;
#3800 = CARTESIAN_POINT ( 'NONE',  ( 0.06910589301055405920, 0.06327871129661206961, -0.1907673564413441269 ) ) ;
#3801 = PLANE ( 'NONE',  #4590 ) ;
#3802 = CARTESIAN_POINT ( 'NONE',  ( 0.1210718620247217964, -0.1550000000000000266, 0.04574611991424980956 ) ) ;
#3803 = SURFACE_SIDE_STYLE ('',( #157 ) ) ;
#3804 = CARTESIAN_POINT ( 'NONE',  ( 0.07357511820791014234, 0.02387915606348594427, -0.2107090403000241308 ) ) ;
#3805 = CARTESIAN_POINT ( 'NONE',  ( -0.03021488882206823517, 0.08725415704604817801, -0.1060435389906886766 ) ) ;
#3806 = ORIENTED_EDGE ( 'NONE', *, *, #5653, .T. ) ;
#3807 = CARTESIAN_POINT ( 'NONE',  ( 0.002413416327855054562, -0.01397600669075664895, 0.1851888153867500553 ) ) ;
#3808 = CARTESIAN_POINT ( 'NONE',  ( 0.02113848844925341960, -0.06769075067954843927, 0.1777328117915815686 ) ) ;
#3809 = CARTESIAN_POINT ( 'NONE',  ( 0.05485541944667141068, 0.06506660294387250909, -0.1092844963956782350 ) ) ;
#3810 = CARTESIAN_POINT ( 'NONE',  ( -0.1149999999999999911, -0.1700000000000000122, 0.2000000000000000111 ) ) ;
#3811 = DIRECTION ( 'NONE',  ( 0.9993792182221449272, 0.02614205897145211593, -0.02361717464955841519 ) ) ;
#3812 = AXIS2_PLACEMENT_3D ( 'NONE', #8576, #475, #3450 ) ;
#3813 =( NAMED_UNIT ( * ) SI_UNIT ( $, .STERADIAN. ) SOLID_ANGLE_UNIT ( ) );
#3814 = CARTESIAN_POINT ( 'NONE',  ( 0.1237912600538232516, -0.1803470693769818334, 0.08120172720661546217 ) ) ;
#3815 = CARTESIAN_POINT ( 'NONE',  ( -0.1670089981913065458, 0.05777777251165053252, 0.2000000000000000111 ) ) ;
#3816 = VECTOR ( 'NONE', #2044, 1000.000000000000000 ) ;
#3817 = CARTESIAN_POINT ( 'NONE',  ( 0.01278027601538648562, -0.01444904609151877704, 0.1570409061094625303 ) ) ;
#3818 = ORIENTED_EDGE ( 'NONE', *, *, #7443, .F. ) ;
#3819 = CARTESIAN_POINT ( 'NONE',  ( 0.03872829207045157263, 0.1083529006219487445, -0.1073910101277164297 ) ) ;
#3820 = EDGE_CURVE ( 'NONE', #5271, #4865, #6308, .T. ) ;
#3821 = CARTESIAN_POINT ( 'NONE',  ( -0.09527923296328040526, -0.1330696236979842240, 0.1976036555144137785 ) ) ;
#3822 = FACE_OUTER_BOUND ( 'NONE', #980, .T. ) ;
#3823 = CARTESIAN_POINT ( 'NONE',  ( -0.1150000000000000050, -0.1550000000000000266, -0.04038093602253250286 ) ) ;
#3824 = CARTESIAN_POINT ( 'NONE',  ( 0.05878413987582704198, 0.1113564904296304031, 0.05403844077778863914 ) ) ;
#3825 = PRESENTATION_STYLE_ASSIGNMENT (( #3931 ) ) ;
#3826 = EDGE_CURVE ( 'NONE', #1258, #1765, #235, .T. ) ;
#3827 = EDGE_LOOP ( 'NONE', ( #6466, #6193 ) ) ;
#3828 = COLOUR_RGB ( '',1.000000000000000000, 1.000000000000000000, 0.5019607843137254832 ) ;
#3829 = FILL_AREA_STYLE ('',( #8841 ) ) ;
#3830 = CARTESIAN_POINT ( 'NONE',  ( 0.1150000000000000050, 0.05382126775608768454, 0.1575000000000000011 ) ) ;
#3831 = CARTESIAN_POINT ( 'NONE',  ( 0.06488681093285809942, 0.06388819153805619377, -0.1935443352468159128 ) ) ;
#3832 =( NAMED_UNIT ( * ) PLANE_ANGLE_UNIT ( ) SI_UNIT ( $, .RADIAN. ) );
#3833 = CARTESIAN_POINT ( 'NONE',  ( 0.04839106470143439420, -0.08736839026981735312, -0.2092166917937340886 ) ) ;
#3834 = B_SPLINE_CURVE_WITH_KNOTS ( 'NONE', 3,
 ( #7020, #5409, #8350, #1025, #6147, #1764, #3967, #4736 ),
 .UNSPECIFIED., .F., .F.,
 ( 4, 2, 2, 4 ),
 ( 0.6224322218176134847, 0.6666664318583197524, 0.6887839592742276418, 0.7109007746737637801 ),
 .UNSPECIFIED. ) ;
#3835 = ORIENTED_EDGE ( 'NONE', *, *, #798, .F. ) ;
#3836 = EDGE_CURVE ( 'NONE', #7688, #7755, #9260, .T. ) ;
#3837 = ORIENTED_EDGE ( 'NONE', *, *, #9382, .F. ) ;
#3838 = ORIENTED_EDGE ( 'NONE', *, *, #6686, .F. ) ;
#3839 = COLOUR_RGB ( '',1.000000000000000000, 1.000000000000000000, 0.5019607843137254832 ) ;
#3840 = UNCERTAINTY_MEASURE_WITH_UNIT (LENGTH_MEASURE( 1.000000000000000082E-05 ), #9251, 'distance_accuracy_value', 'NONE');
#3841 = MECHANICAL_DESIGN_GEOMETRIC_PRESENTATION_REPRESENTATION (  '', ( #4945 ), #9224 ) ;
#3842 = DIRECTION ( 'NONE',  ( -0.9694834313197185915, 0.000000000000000000, 0.2451568404033317161 ) ) ;
#3843 = PRODUCT_RELATED_PRODUCT_CATEGORY ( 'part', '', ( #6049 ) ) ;
#3844 = DIRECTION ( 'NONE',  ( 0.000000000000000000, -0.000000000000000000, -1.000000000000000000 ) ) ;
#3845 =( LENGTH_UNIT ( ) NAMED_UNIT ( * ) SI_UNIT ( .MILLI., .METRE. ) );
#3846 = CARTESIAN_POINT ( 'NONE',  ( 0.05472615098752763030, 0.06507942825712656476, -0.1094432697026427592 ) ) ;
#3847 = CARTESIAN_POINT ( 'NONE',  ( 0.1150000000000000050, -0.2300000000000000100, 0.2000000000000000111 ) ) ;
#3848 = CARTESIAN_POINT ( 'NONE',  ( 0.005294201183873123440, 0.05957121074199848987, 0.1851888148890352970 ) ) ;
#3849 = CARTESIAN_POINT ( 'NONE',  ( 0.06862251717703113374, 0.08150869652257698716, -0.05238083746731506812 ) ) ;
#3850 = SURFACE_SIDE_STYLE ('',( #1797 ) ) ;
#3851 = ORIENTED_EDGE ( 'NONE', *, *, #2220, .T. ) ;
#3852 = ORIENTED_EDGE ( 'NONE', *, *, #8571, .T. ) ;
#3853 = ADVANCED_FACE ( 'NONE', ( #5398 ), #2745, .T. ) ;
#3854 = ORIENTED_EDGE ( 'NONE', *, *, #6826, .F. ) ;
#3855 = CARTESIAN_POINT ( 'NONE',  ( -0.07047146707949827893, -0.1599234489190879127, 0.2134020470028331617 ) ) ;
#3856 = VECTOR ( 'NONE', #128, 1000.000000000000000 ) ;
#3857 =( GEOMETRIC_REPRESENTATION_CONTEXT ( 3 ) GLOBAL_UNCERTAINTY_ASSIGNED_CONTEXT ( ( #7896 ) ) GLOBAL_UNIT_ASSIGNED_CONTEXT ( ( #7359, #2217, #5910 ) ) REPRESENTATION_CONTEXT ( 'NONE', 'WORKASPACE' ) );
#3858 = PLANE ( 'NONE',  #9164 ) ;
#3859 = CARTESIAN_POINT ( 'NONE',  ( 0.05626198200656017112, 0.06492351511550167875, 0.1764667115752134585 ) ) ;
#3860 = EDGE_LOOP ( 'NONE', ( #7408, #7251, #1193, #7565 ) ) ;
#3861 = ORIENTED_EDGE ( 'NONE', *, *, #31, .T. ) ;
#3862 = STYLED_ITEM ( 'NONE', ( #1898 ), #6062 ) ;
#3863 = CARTESIAN_POINT ( 'NONE',  ( -0.05877322003750033025, 0.05999999999999998390, 0.1800000000000000211 ) ) ;
#3864 = CARTESIAN_POINT ( 'NONE',  ( 0.004359783777142589752, -0.1770022647352252065, -0.1328260867731301809 ) ) ;
#3865 = EDGE_CURVE ( 'NONE', #6380, #204, #6409, .T. ) ;
#3866 = CARTESIAN_POINT ( 'NONE',  ( -0.1181273583841139785, -0.2299999999999999545, -0.07407182481331292534 ) ) ;
#3867 = CARTESIAN_POINT ( 'NONE',  ( 0.04174343265777232664, 0.07850502150267235635, -0.1072625030480235664 ) ) ;
#3868 = FACE_OUTER_BOUND ( 'NONE', #586, .T. ) ;
#3869 = CARTESIAN_POINT ( 'NONE',  ( -0.01314198247471285927, 0.04689492196060065371, 0.1598808892726673314 ) ) ;
#3870 = ORIENTED_EDGE ( 'NONE', *, *, #7771, .T. ) ;
#3871 = ORIENTED_EDGE ( 'NONE', *, *, #2108, .F. ) ;
#3872 = DIRECTION ( 'NONE',  ( -1.000000000000000000, 5.892403111334263550E-17, 0.000000000000000000 ) ) ;
#3873 = COLOUR_RGB ( '',1.000000000000000000, 1.000000000000000000, 1.000000000000000000 ) ;
#3874 = CARTESIAN_POINT ( 'NONE',  ( -0.02489351837718983829, -0.01275979038064796109, -0.1865616231169145989 ) ) ;
#3875 = CARTESIAN_POINT ( 'NONE',  ( -0.04731139758500389758, 0.02281287462209763417, 0.1879005367437291407 ) ) ;
#3876 = COLOUR_RGB ( '',1.000000000000000000, 1.000000000000000000, 0.5019607843137254832 ) ;
#3877 = ORIENTED_EDGE ( 'NONE', *, *, #7641, .T. ) ;
#3878 = CARTESIAN_POINT ( 'NONE',  ( -0.003353173424535848841, -0.1603685763994930902, 0.1851888070347412207 ) ) ;
#3879 = CARTESIAN_POINT ( 'NONE',  ( 0.05770389011858127748, 0.06476888773024659651, -0.1614893495495917375 ) ) ;
#3880 = CARTESIAN_POINT ( 'NONE',  ( 0.01823768015470340897, -0.1411675075421274794, 0.1777345802540879482 ) ) ;
#3881 = CARTESIAN_POINT ( 'NONE',  ( 0.002898260295413436494, -0.1603795977150363483, -0.1762706485460340256 ) ) ;
#3882 = VERTEX_POINT ( 'NONE', #811 ) ;
#3883 = DIRECTION ( 'NONE',  ( 0.9993792147296974848, -0.02614344219221960072, -0.02361579125490281816 ) ) ;
#3884 = CARTESIAN_POINT ( 'NONE',  ( 0.07157099500306539352, 0.08152233994041113707, -0.1059657400982781938 ) ) ;
#3885 = EDGE_CURVE ( 'NONE', #7513, #7066, #8132, .T. ) ;
#3886 = CARTESIAN_POINT ( 'NONE',  ( -0.007117538489212068067, -0.08760744389634947393, -0.2053286706802570916 ) ) ;
#3887 = DIRECTION ( 'NONE',  ( -1.000000000000000000, 0.000000000000000000, 0.000000000000000000 ) ) ;
#3888 = CARTESIAN_POINT ( 'NONE',  ( 0.03882841321154756331, 0.07849138835906371847, -0.05417481111629973006 ) ) ;
#3889 = CARTESIAN_POINT ( 'NONE',  ( 0.1221691108118792973, -0.1800000000072704831, 0.04470776666783285447 ) ) ;
#3890 = VERTEX_POINT ( 'NONE', #846 ) ;
#3891 = CARTESIAN_POINT ( 'NONE',  ( 0.1160626654612614550, -0.1600000000000000311, 0.05141510554491868917 ) ) ;
#3892 = MECHANICAL_DESIGN_GEOMETRIC_PRESENTATION_REPRESENTATION (  '', ( #5665 ), #4696 ) ;
#3893 = CARTESIAN_POINT ( 'NONE',  ( 0.03981597754316170551, 0.1083393227715823415, -0.1603754720577575954 ) ) ;
#3894 = CARTESIAN_POINT ( 'NONE',  ( -0.07902721111205819604, -0.1228574207385720318, 0.1720995250047832048 ) ) ;
#3895 = PRESENTATION_STYLE_ASSIGNMENT (( #3505 ) ) ;
#3896 = VERTEX_POINT ( 'NONE', #2966 ) ;
#3897 = CARTESIAN_POINT ( 'NONE',  ( 0.1220678006666754273, -0.1778263153682095032, 0.04478455411159266986 ) ) ;
#3898 = CARTESIAN_POINT ( 'NONE',  ( -0.2650000000000000133, 0.1700000000000000122, -0.2000000000000000111 ) ) ;
#3899 = ADVANCED_FACE ( 'NONE', ( #5948 ), #5848, .T. ) ;
#3900 = CARTESIAN_POINT ( 'NONE',  ( 0.05469489186670584147, 0.1113633691429880279, 0.1337463621646574896 ) ) ;
#3901 = CARTESIAN_POINT ( 'NONE',  ( -0.01568352880647135017, 0.07553508554169061084, 0.02571827680933060079 ) ) ;
#3902 = STYLED_ITEM ( 'NONE', ( #2872 ), #972 ) ;
#3903 = DIRECTION ( 'NONE',  ( 5.892403111334263550E-17, 1.000000000000000000, 0.000000000000000000 ) ) ;
#3904 =( LENGTH_UNIT ( ) NAMED_UNIT ( * ) SI_UNIT ( .MILLI., .METRE. ) );
#3905 = UNCERTAINTY_MEASURE_WITH_UNIT (LENGTH_MEASURE( 1.000000000000000082E-05 ), #5813, 'distance_accuracy_value', 'NONE');
#3906 = PLANE ( 'NONE',  #7464 ) ;
#3907 = CARTESIAN_POINT ( 'NONE',  ( 0.01891225521023444378, -0.1227761479094068436, 0.1777328277816520308 ) ) ;
#3908 = FILL_AREA_STYLE_COLOUR ( '', #1141 ) ;
#3909 = DIRECTION ( 'NONE',  ( -0.8218505135806247752, 0.5683293225068334342, 0.03954130127078386847 ) ) ;
#3910 = DIRECTION ( 'NONE',  ( -0.9544681135048440623, -0.2976636645781976509, -0.01967137749071950006 ) ) ;
#3911 =( NAMED_UNIT ( * ) PLANE_ANGLE_UNIT ( ) SI_UNIT ( $, .RADIAN. ) );
#3912 = PRESENTATION_STYLE_ASSIGNMENT (( #8681 ) ) ;
#3913 = SURFACE_SIDE_STYLE ('',( #6162 ) ) ;
#3914 = B_SPLINE_CURVE_WITH_KNOTS ( 'NONE', 3,
 ( #2951, #8797, #8828, #1065, #6850, #6887, #1037, #6091 ),
 .UNSPECIFIED., .F., .F.,
 ( 4, 1, 1, 1, 1, 4 ),
 ( 0.5000000000000011102, 0.5846169476978876345, 0.7491849293604234683, 0.8454087080526229148, 0.9060393886626013638, 0.9999999999999998890 ),
 .UNSPECIFIED. ) ;
#3915 = AXIS2_PLACEMENT_3D ( 'NONE', #6248, #5530, #1249 ) ;
#3916 = CIRCLE ( 'NONE', #7215, 0.01499999999999999598 ) ;
#3917 = COLOUR_RGB ( '',1.000000000000000000, 1.000000000000000000, 0.5019607843137254832 ) ;
#3918 = CARTESIAN_POINT ( 'NONE',  ( -0.2017251974013796190, -0.1700000000000000122, -0.1177992224742518967 ) ) ;
#3919 = CARTESIAN_POINT ( 'NONE',  ( -0.05877322003750033025, 0.05999999999999998390, 0.1800000000000000211 ) ) ;
#3920 = CARTESIAN_POINT ( 'NONE',  ( 0.06789493444100580533, -0.1599857055168055764, -0.1599844472747599666 ) ) ;
#3921 = CARTESIAN_POINT ( 'NONE',  ( 0.007107306169619426010, 0.08447173138404535930, 0.1338269443907603162 ) ) ;
#3922 = DIRECTION ( 'NONE',  ( -0.6621529135837129765, 0.000000000000000000, 0.7493687470348626700 ) ) ;
#3923 = CARTESIAN_POINT ( 'NONE',  ( 0.1178956952799869728, -0.1800000000000000488, 0.04201191350592746454 ) ) ;
#3924 = PLANE ( 'NONE',  #5232 ) ;
#3925 = PRESENTATION_LAYER_ASSIGNMENT (  '', '', ( #2165 ) ) ;
#3926 = CARTESIAN_POINT ( 'NONE',  ( 0.06561048288363054148, 0.1113565750268369764, -0.05255964321304265607 ) ) ;
#3927 = CARTESIAN_POINT ( 'NONE',  ( 0.2650000000000000133, -0.2300000000000000100, 0.2000000000000000111 ) ) ;
#3928 = DIRECTION ( 'NONE',  ( 0.000000000000000000, 1.000000000000000000, 0.000000000000000000 ) ) ;
#3929 = FACE_OUTER_BOUND ( 'NONE', #6350, .T. ) ;
#3930 =( LENGTH_UNIT ( ) NAMED_UNIT ( * ) SI_UNIT ( .MILLI., .METRE. ) );
#3931 = SURFACE_STYLE_USAGE ( .BOTH. , #3803 ) ;
#3932 = ORIENTED_EDGE ( 'NONE', *, *, #3022, .T. ) ;
#3933 = DIRECTION ( 'NONE',  ( -0.04805693313322133980, 1.040834085586084565E-17, -0.9988445981121535366 ) ) ;
#3934 = CARTESIAN_POINT ( 'NONE',  ( -0.06001733102831764005, -0.1799999999999998546, -0.0007208539969983206305 ) ) ;
#3935 = EDGE_CURVE ( 'NONE', #4791, #4098, #5964, .T. ) ;
#3936 = SURFACE_STYLE_FILL_AREA ( #1562 ) ;
#3937 = DIRECTION ( 'NONE',  ( -0.02362802936328305126, -0.0001592579951429050616, -0.9997208064581326603 ) ) ;
#3938 = DIRECTION ( 'NONE',  ( 0.000000000000000000, 0.000000000000000000, -1.000000000000000000 ) ) ;
#3939 = DIRECTION ( 'NONE',  ( 1.000000000000000000, 0.000000000000000000, 0.000000000000000000 ) ) ;
#3940 = CARTESIAN_POINT ( 'NONE',  ( 0.01660827184139029855, -0.06749653455280084369, 0.2073881559011671594 ) ) ;
#3941 = ORIENTED_EDGE ( 'NONE', *, *, #5312, .T. ) ;
#3942 = CARTESIAN_POINT ( 'NONE',  ( 0.003189443632720122528, 0.06519676609142589785, -0.005154235462422703494 ) ) ;
#3943 = DIRECTION ( 'NONE',  ( -0.000000000000000000, 1.000000000000000000, -0.000000000000000000 ) ) ;
#3944 = CARTESIAN_POINT ( 'NONE',  ( -0.005749036835199468516, 0.05955729211065416417, -0.1762706481732030095 ) ) ;
#3945 = CARTESIAN_POINT ( 'NONE',  ( 0.007138076120192220035, -0.1582856615079500651, 0.1593925299764863690 ) ) ;
#3946 = ADVANCED_FACE ( 'NONE', ( #5407 ), #3239, .T. ) ;
#3947 = DIRECTION ( 'NONE',  ( -0.9196353003962208783, 0.3921679738779000890, 0.02179895707723860515 ) ) ;
#3948 = CARTESIAN_POINT ( 'NONE',  ( -0.1988062389287093279, -0.1700000000000000122, -0.08175643111878473646 ) ) ;
#3949 = EDGE_CURVE ( 'NONE', #5036, #6593, #8821, .T. ) ;
#3950 = ORIENTED_EDGE ( 'NONE', *, *, #7697, .F. ) ;
#3951 = CARTESIAN_POINT ( 'NONE',  ( 0.04224685976086230838, 0.07999999999999983513, 0.1599999999999999756 ) ) ;
#3952 = CARTESIAN_POINT ( 'NONE',  ( 0.1212317971636562713, -0.1600000000000000311, 0.04556511883094787468 ) ) ;
#3953 = CARTESIAN_POINT ( 'NONE',  ( -0.01568352880647135017, 0.07553508554169061084, 0.02571827680933060079 ) ) ;
#3954 = CARTESIAN_POINT ( 'NONE',  ( -0.05581664559855094299, 0.05688178262846207284, 0.1465979681576721760 ) ) ;
#3955 = CARTESIAN_POINT ( 'NONE',  ( 0.005389193447102359931, -0.1769980436699775117, -0.1060620133735730580 ) ) ;
#3956 = STYLED_ITEM ( 'NONE', ( #6541 ), #201 ) ;
#3957 = VERTEX_POINT ( 'NONE', #6619 ) ;
#3958 = ORIENTED_EDGE ( 'NONE', *, *, #2405, .F. ) ;
#3959 = PLANE ( 'NONE',  #1623 ) ;
#3960 = CARTESIAN_POINT ( 'NONE',  ( 0.03581637891814706820, 0.1083392668633236799, -0.05435361686202731801 ) ) ;
#3961 = EDGE_LOOP ( 'NONE', ( #1001, #4279, #5599, #6263 ) ) ;
#3962 = DIRECTION ( 'NONE',  ( -0.02052340527576554732, 0.0002562270569843368845, 0.9997893399029528227 ) ) ;
#3963 = PRESENTATION_STYLE_ASSIGNMENT (( #232 ) ) ;
#3964 = UNCERTAINTY_MEASURE_WITH_UNIT (LENGTH_MEASURE( 1.000000000000000082E-05 ), #5562, 'distance_accuracy_value', 'NONE');
#3965 = DIRECTION ( 'NONE',  ( -0.000000000000000000, -0.000000000000000000, 1.000000000000000000 ) ) ;
#3966 = DIRECTION ( 'NONE',  ( 0.6478960474732828878, 0.000000000000000000, 0.7617287651575839202 ) ) ;
#3967 = CARTESIAN_POINT ( 'NONE',  ( -0.04474264559673851033, -0.1741217486853661178, -0.1328600348769796713 ) ) ;
#3968 = CARTESIAN_POINT ( 'NONE',  ( 0.05095421952804124466, -0.1604336320867412735, -0.2092166760525700497 ) ) ;
#3969 = CARTESIAN_POINT ( 'NONE',  ( -0.07196933971382124540, 0.04558415070908202610, 0.1720995463656873614 ) ) ;
#3970 = EDGE_CURVE ( 'NONE', #5980, #3413, #2160, .T. ) ;
#3971 = AXIS2_PLACEMENT_3D ( 'NONE', #478, #7886, #6322 ) ;
#3972 = CARTESIAN_POINT ( 'NONE',  ( -0.03210506555899409614, -0.1599857055168054931, -0.1599844472747598279 ) ) ;
#3973 = STYLED_ITEM ( 'NONE', ( #318 ), #4719 ) ;
#3974 = CARTESIAN_POINT ( 'NONE',  ( -0.1182695710930550537, -0.1653828843422816275, -0.06478591991480835144 ) ) ;
#3975 = CARTESIAN_POINT ( 'NONE',  ( 0.001576696194675669075, 0.06503505233144045439, -0.003665470291163383867 ) ) ;
#3976 = CARTESIAN_POINT ( 'NONE',  ( -0.09783348573682119909, -0.1799999999999998546, -0.02935581481343481694 ) ) ;
#3977 = CARTESIAN_POINT ( 'NONE',  ( 0.05771061989657728930, 0.08151548931438569456, 0.1338605640702588695 ) ) ;
#3978 =( LENGTH_UNIT ( ) NAMED_UNIT ( * ) SI_UNIT ( .MILLI., .METRE. ) );
#3979 = VERTEX_POINT ( 'NONE', #7520 ) ;
#3980 = ORIENTED_EDGE ( 'NONE', *, *, #4451, .T. ) ;
#3981 = CARTESIAN_POINT ( 'NONE',  ( -0.1229017327928497716, 0.06518394147448915155, -0.2000000000000000111 ) ) ;
#3982 = SURFACE_SIDE_STYLE ('',( #7264 ) ) ;
#3983 = PRESENTATION_LAYER_ASSIGNMENT (  '', '', ( #472 ) ) ;
#3984 = CARTESIAN_POINT ( 'NONE',  ( -0.2650000000000000133, 0.05000000000000002359, -0.2000000000000000111 ) ) ;
#3985 = CARTESIAN_POINT ( 'NONE',  ( -0.05729639538284619221, 0.09499303869986538973, 0.1600132166784634380 ) ) ;
#3986 =( NAMED_UNIT ( * ) SI_UNIT ( $, .STERADIAN. ) SOLID_ANGLE_UNIT ( ) );
#3987 = CARTESIAN_POINT ( 'NONE',  ( -0.03149142828299716923, -0.1596314237595157226, 0.1748111763077719594 ) ) ;
#3988 = CARTESIAN_POINT ( 'NONE',  ( -0.03054243998749914951, 0.04903491505296834335, 0.1623989672421564112 ) ) ;
#3989 = ORIENTED_EDGE ( 'NONE', *, *, #6933, .T. ) ;
#3990 = ORIENTED_EDGE ( 'NONE', *, *, #7006, .T. ) ;
#3991 = PLANE ( 'NONE',  #6838 ) ;
#3992 = DIRECTION ( 'NONE',  ( 0.000000000000000000, 0.000000000000000000, 1.000000000000000000 ) ) ;
#3993 = ADVANCED_FACE ( 'NONE', ( #2762 ), #3959, .T. ) ;
#3994 = PRESENTATION_STYLE_ASSIGNMENT (( #5965 ) ) ;
#3995 = EDGE_LOOP ( 'NONE', ( #6720, #7203, #6243, #6528 ) ) ;
#3996 = AXIS2_PLACEMENT_3D ( 'NONE', #8756, #8694, #8626 ) ;
#3997 = CARTESIAN_POINT ( 'NONE',  ( -0.05836279877952892797, 0.05998743945579414899, 0.1599823585076222132 ) ) ;
#3998 = CARTESIAN_POINT ( 'NONE',  ( -0.07167269682041772783, 0.05548729996126795794, 0.1720995200910196143 ) ) ;
#3999 = CARTESIAN_POINT ( 'NONE',  ( 0.01438099417703697300, -0.1226078638773924756, 0.2073881718923919759 ) ) ;
#4000 = FACE_OUTER_BOUND ( 'NONE', #8577, .T. ) ;
#4001 = CARTESIAN_POINT ( 'NONE',  ( 0.002078842949995349763, 0.06508597719937289638, -0.002476265450959673313 ) ) ;
#4002 = CARTESIAN_POINT ( 'NONE',  ( 0.1655526671241021597, -0.2300000000000000100, 0.05290356562635827736 ) ) ;
#4003 = EDGE_CURVE ( 'NONE', #8615, #6380, #5816, .T. ) ;
#4004 = DIRECTION ( 'NONE',  ( -0.03046997120607389600, 0.9995356826287381535, 2.569782755049154765E-06 ) ) ;
#4005 = CARTESIAN_POINT ( 'NONE',  ( 0.004579134836574249440, 0.06532497413246320106, -0.1605409878944977775 ) ) ;
#4006 = CARTESIAN_POINT ( 'NONE',  ( -0.01614907080835655331, -0.1858825241331697742, -0.1071918697355455086 ) ) ;
#4007 = ORIENTED_EDGE ( 'NONE', *, *, #5601, .F. ) ;
#4008 = CARTESIAN_POINT ( 'NONE',  ( -0.1214394895286329545, -0.1746851175884087670, -0.04533007021106250783 ) ) ;
#4009 = EDGE_CURVE ( 'NONE', #2589, #7268, #2986, .T. ) ;
#4010 = CARTESIAN_POINT ( 'NONE',  ( -0.1655526671241021874, -0.2300000000000000655, -0.05290356562635827736 ) ) ;
#4011 = PRESENTATION_STYLE_ASSIGNMENT (( #3673 ) ) ;
#4012 = DIRECTION ( 'NONE',  ( -0.9764899268500454310, 0.000000000000000000, 0.2155630366282511867 ) ) ;
#4013 = CARTESIAN_POINT ( 'NONE',  ( 0.03494452575782742987, 0.06631006443876805156, 0.1624952926431229294 ) ) ;
#4014 = UNCERTAINTY_MEASURE_WITH_UNIT (LENGTH_MEASURE( 1.000000000000000082E-05 ), #1947, 'distance_accuracy_value', 'NONE');
#4015 = CARTESIAN_POINT ( 'NONE',  ( -0.02570527695740475529, -0.01269288039901280037, 0.1748111854397168541 ) ) ;
#4016 = CARTESIAN_POINT ( 'NONE',  ( -0.1332233852639164717, -0.1700000000000000122, -0.09549743043520020347 ) ) ;
#4017 = CARTESIAN_POINT ( 'NONE',  ( 0.2415971205140184652, 0.07078765774638730301, -0.2000000000000000111 ) ) ;
#4018 = CARTESIAN_POINT ( 'NONE',  ( 0.04174343265777232664, 0.07850502150267235635, -0.1072625030480235664 ) ) ;
#4019 = AXIS2_PLACEMENT_3D ( 'NONE', #4745, #438, #344 ) ;
#4020 = FILL_AREA_STYLE_COLOUR ( '', #155 ) ;
#4021 = FILL_AREA_STYLE ('',( #275 ) ) ;
#4022 = CARTESIAN_POINT ( 'NONE',  ( -0.06981461619190469647, 0.04996306946909345736, 0.2000000000000000666 ) ) ;
#4023 = CARTESIAN_POINT ( 'NONE',  ( -0.06284782821803974739, 0.02643965121420824640, 0.2134021236581867542 ) ) ;
#4024 = STYLED_ITEM ( 'NONE', ( #2483 ), #2034 ) ;
#4025 = CARTESIAN_POINT ( 'NONE',  ( 0.008362842552245730587, 0.05998743853633663886, -0.1599823553555815014 ) ) ;
#4026 = DIRECTION ( 'NONE',  ( -0.02614935266312797338, 0.9996580472117948535, -1.499433840549970603E-18 ) ) ;
#4027 = FILL_AREA_STYLE ('',( #6966 ) ) ;
#4028 = CARTESIAN_POINT ( 'NONE',  ( -0.06755809286250524792, 0.05547211130733094991, 0.1923758057207971828 ) ) ;
#4029 = CARTESIAN_POINT ( 'NONE',  ( -0.1209385553968675142, -0.1731284191984814314, -0.04589960923112218483 ) ) ;
#4030 = FILL_AREA_STYLE ('',( #2570 ) ) ;
#4031 = CARTESIAN_POINT ( 'NONE',  ( -0.03257769607660393474, -0.1600000000000004752, -0.1799999999999997713 ) ) ;
#4032 = CARTESIAN_POINT ( 'NONE',  ( -0.03021488882206823517, 0.08725415704604817801, -0.1060435389906886766 ) ) ;
#4033 = FACE_OUTER_BOUND ( 'NONE', #1939, .T. ) ;
#4034 = AXIS2_PLACEMENT_3D ( 'NONE', #8096, #1536, #5941 ) ;
#4035 = ADVANCED_FACE ( 'NONE', ( #1849 ), #6924, .T. ) ;
#4036 = ORIENTED_EDGE ( 'NONE', *, *, #7771, .F. ) ;
#4037 = DIRECTION ( 'NONE',  ( 0.8457699189191014710, 0.000000000000000000, 0.5335477900353224889 ) ) ;
#4038 = EDGE_CURVE ( 'NONE', #889, #1323, #5632, .T. ) ;
#4039 = CARTESIAN_POINT ( 'NONE',  ( -0.08604467737574322816, -0.1714750601623973580, 0.02726104084680526507 ) ) ;
#4040 = TOROIDAL_SURFACE ( 'NONE', #2115, 0.02002113720135016359, 0.01499999999999999598 ) ;
#4041 = CARTESIAN_POINT ( 'NONE',  ( 0.01270844285554920475, 0.06593475342036729525, -0.1482993818137602338 ) ) ;
#4042 = CARTESIAN_POINT ( 'NONE',  ( 0.03615882510893128621, 0.06627665119290764018, 0.1602443305434846643 ) ) ;
#4043 = CARTESIAN_POINT ( 'NONE',  ( -0.006197993628276912866, 0.02316599307354944709, 0.2133368161365910287 ) ) ;
#4044 = CARTESIAN_POINT ( 'NONE',  ( -0.04153422711857442107, 0.05999058918576647553, -0.1650031540755130810 ) ) ;
#4045 = VECTOR ( 'NONE', #3966, 1000.000000000000114 ) ;
#4046 = VERTEX_POINT ( 'NONE', #7586 ) ;
#4047 = FILL_AREA_STYLE_COLOUR ( '', #796 ) ;
#4048 = CYLINDRICAL_SURFACE ( 'NONE', #1081, 0.02500000000000001180 ) ;
#4049 = DIRECTION ( 'NONE',  ( 0.000000000000000000, 1.000000000000000000, 0.000000000000000000 ) ) ;
#4050 = STYLED_ITEM ( 'NONE', ( #5649 ), #7560 ) ;
#4051 = CARTESIAN_POINT ( 'NONE',  ( 0.02486340862955106409, 0.1083460577648065332, 0.1326421544052882873 ) ) ;
#4052 = SURFACE_SIDE_STYLE ('',( #2754 ) ) ;
#4053 = CARTESIAN_POINT ( 'NONE',  ( -0.01841810677207893904, -0.1799999999999999378, 0.1599999999999999478 ) ) ;
#4054 = CYLINDRICAL_SURFACE ( 'NONE', #8358, 0.01500000000000000291 ) ;
#4055 = FILL_AREA_STYLE_COLOUR ( '', #6163 ) ;
#4056 = CARTESIAN_POINT ( 'NONE',  ( -0.1210718620247217825, -0.1600000000000000866, -0.04574611991424980956 ) ) ;
#4057 = SURFACE_STYLE_FILL_AREA ( #7652 ) ;
#4058 = CARTESIAN_POINT ( 'NONE',  ( -0.07044163217467079574, 0.07276502793229307209, 0.1380297873273175213 ) ) ;
#4059 = EDGE_CURVE ( 'NONE', #4541, #5309, #7711, .T. ) ;
#4060 = CIRCLE ( 'NONE', #7541, 0.01499999999999998210 ) ;
#4061 =( NAMED_UNIT ( * ) SI_UNIT ( $, .STERADIAN. ) SOLID_ANGLE_UNIT ( ) );
#4062 = CARTESIAN_POINT ( 'NONE',  ( -0.07115979459017794662, 0.05547481270679423954, 0.1888299714229444981 ) ) ;
#4063 = DIRECTION ( 'NONE',  ( 0.000000000000000000, 1.000000000000000000, 0.000000000000000000 ) ) ;
#4064 = DIRECTION ( 'NONE',  ( -0.02052558504614596102, -0.0002560480453980134587, 0.9997892952006997014 ) ) ;
#4065 = FACE_OUTER_BOUND ( 'NONE', #6864, .T. ) ;
#4066 = SURFACE_STYLE_FILL_AREA ( #8254 ) ;
#4067 = PRESENTATION_LAYER_ASSIGNMENT (  '', '', ( #5838 ) ) ;
#4068 = CARTESIAN_POINT ( 'NONE',  ( 0.1988062389287093279, -0.2299999999999999545, 0.08175643111878472258 ) ) ;
#4069 = FILL_AREA_STYLE ('',( #1874 ) ) ;
#4070 = CARTESIAN_POINT ( 'NONE',  ( -0.05538097305629863937, 0.07275960128011772776, -0.1602677579499604543 ) ) ;
#4071 = ORIENTED_EDGE ( 'NONE', *, *, #3159, .F. ) ;
#4072 = VERTEX_POINT ( 'NONE', #3130 ) ;
#4073 = ORIENTED_EDGE ( 'NONE', *, *, #5206, .F. ) ;
#4074 = AXIS2_PLACEMENT_3D ( 'NONE', #8855, #8167, #6845 ) ;
#4075 = CARTESIAN_POINT ( 'NONE',  ( 0.006612478297979231326, 0.06550141886842324179, -0.04006646266711358373 ) ) ;
#4076 = CARTESIAN_POINT ( 'NONE',  ( 0.02643934912654236427, 0.06638828715962641347, 0.1795950662390036479 ) ) ;
#4077 = ORIENTED_EDGE ( 'NONE', *, *, #8901, .T. ) ;
#4078 = ORIENTED_EDGE ( 'NONE', *, *, #5300, .F. ) ;
#4079 = SURFACE_STYLE_FILL_AREA ( #5764 ) ;
#4080 = VERTEX_POINT ( 'NONE', #6828 ) ;
#4081 = CARTESIAN_POINT ( 'NONE',  ( -0.05132615663255261224, -0.06887224267577003733, 0.1879004905987600171 ) ) ;
#4082 = UNCERTAINTY_MEASURE_WITH_UNIT (LENGTH_MEASURE( 1.000000000000000082E-05 ), #6146, 'distance_accuracy_value', 'NONE');
#4083 = AXIS2_PLACEMENT_3D ( 'NONE', #7573, #8236, #4583 ) ;
#4084 = VECTOR ( 'NONE', #316, 1000.000000000000000 ) ;
#4085 = CARTESIAN_POINT ( 'NONE',  ( -0.06981461619190469647, 0.04996306946909345736, -0.2000000000000000111 ) ) ;
#4086 = CARTESIAN_POINT ( 'NONE',  ( 0.1263304363684769061, -0.1700000000000000122, 0.08571248745034223959 ) ) ;
#4087 = ADVANCED_FACE ( 'NONE', ( #135 ), #3924, .T. ) ;
#4088 = ORIENTED_EDGE ( 'NONE', *, *, #8073, .T. ) ;
#4089 = ORIENTED_EDGE ( 'NONE', *, *, #7260, .T. ) ;
#4090 = SURFACE_STYLE_USAGE ( .BOTH. , #4052 ) ;
#4091 = CARTESIAN_POINT ( 'NONE',  ( -0.07279225769380755218, 0.02384145569598937128, 0.1720995550641016836 ) ) ;
#4092 = CARTESIAN_POINT ( 'NONE',  ( -0.1215706202752425552, -0.2300000000000000655, -0.04522770759022995413 ) ) ;
#4093 = CARTESIAN_POINT ( 'NONE',  ( -0.05211581234927879780, -0.08718367367537752100, 0.1879004750435559756 ) ) ;
#4094 = COLOUR_RGB ( '',1.000000000000000000, 1.000000000000000000, 0.5019607843137254832 ) ;
#4095 = PRESENTATION_LAYER_ASSIGNMENT (  '', '', ( #6889 ) ) ;
#4096 = SURFACE_STYLE_FILL_AREA ( #2230 ) ;
#4097 = VERTEX_POINT ( 'NONE', #334 ) ;
#4098 = VERTEX_POINT ( 'NONE', #2676 ) ;
#4099 = CARTESIAN_POINT ( 'NONE',  ( 0.2016309254299941678, 0.06798944191067401999, 0.2000000000000000111 ) ) ;
#4100 = AXIS2_PLACEMENT_3D ( 'NONE', #2917, #5823, #2982 ) ;
#4101 =( NAMED_UNIT ( * ) PLANE_ANGLE_UNIT ( ) SI_UNIT ( $, .RADIAN. ) );
#4102 = FILL_AREA_STYLE_COLOUR ( '', #1170 ) ;
#4103 = CARTESIAN_POINT ( 'NONE',  ( -0.04372448813994637973, -0.1741175282685538395, -0.1060997899311329484 ) ) ;
#4104 = CARTESIAN_POINT ( 'NONE',  ( 0.08182705203576158548, -0.1800000000000000488, 0.05472891238100792421 ) ) ;
#4105 = CARTESIAN_POINT ( 'NONE',  ( 0.2017251974013795635, -0.2299999999999999545, 0.1177992224742518967 ) ) ;
#4106 = CARTESIAN_POINT ( 'NONE',  ( -0.04122677996249966142, 0.06000000000000001860, -0.1799999999999998546 ) ) ;
#4107 = CARTESIAN_POINT ( 'NONE',  ( -0.07088710494496802683, 0.07275947084674075360, 0.1597285065621297240 ) ) ;
#4108 = FILL_AREA_STYLE_COLOUR ( '', #8800 ) ;
#4109 = LINE ( 'NONE', #1046, #8557 ) ;
#4110 = CARTESIAN_POINT ( 'NONE',  ( -0.04224685976086223899, 0.08000000000000004330, -0.1599999999999999756 ) ) ;
#4111 = EDGE_LOOP ( 'NONE', ( #2743, #6558, #9215, #2255 ) ) ;
#4112 = STYLED_ITEM ( 'NONE', ( #8262 ), #3396 ) ;
#4113 = CARTESIAN_POINT ( 'NONE',  ( -0.06381799042389500742, -0.1467917463775304798, 0.1553842429929222502 ) ) ;
#4114 = CARTESIAN_POINT ( 'NONE',  ( 0.01203979159322599198, 0.06589411807624624695, -0.1299036412892380921 ) ) ;
#4115 = MECHANICAL_DESIGN_GEOMETRIC_PRESENTATION_REPRESENTATION (  '', ( #4050 ), #8469 ) ;
#4116 = CARTESIAN_POINT ( 'NONE',  ( -0.04669513410276944498, 0.03773728313358827580, 0.1879005454501715966 ) ) ;
#4117 = VERTEX_POINT ( 'NONE', #5377 ) ;
#4118 = ORIENTED_EDGE ( 'NONE', *, *, #4219, .T. ) ;
#4119 = EDGE_CURVE ( 'NONE', #6673, #1258, #7119, .T. ) ;
#4120 = DIRECTION ( 'NONE',  ( -0.02615301167375805313, -0.9996579468436914695, -9.639838070798351088E-05 ) ) ;
#4121 = DIRECTION ( 'NONE',  ( 0.000000000000000000, 0.000000000000000000, -1.000000000000000000 ) ) ;
#4122 = CARTESIAN_POINT ( 'NONE',  ( -0.03632827958025656306, -0.08783652855376514190, 0.1623989264745942518 ) ) ;
#4123 = DIRECTION ( 'NONE',  ( -0.9988445981121533146, 0.000000000000000000, 0.04805693313322131899 ) ) ;
#4124 = EDGE_LOOP ( 'NONE', ( #5785, #6381, #1804, #3412 ) ) ;
#4125 = FACE_OUTER_BOUND ( 'NONE', #3995, .T. ) ;
#4126 = CARTESIAN_POINT ( 'NONE',  ( -0.07007642808663332168, 0.05545921839282256377, 0.1901641756359316593 ) ) ;
#4127 = CARTESIAN_POINT ( 'NONE',  ( 0.2650000000000000133, 0.1700000000000000122, -0.1750000000000000167 ) ) ;
#4128 = CARTESIAN_POINT ( 'NONE',  ( 0.1244805217859632079, -0.1700000000000000122, 0.08245206481447012181 ) ) ;
#4129 = EDGE_CURVE ( 'NONE', #9137, #2124, #7850, .T. ) ;
#4130 = CARTESIAN_POINT ( 'NONE',  ( -0.04396866915088002564, 0.08724864394693580827, 0.1285857063507560849 ) ) ;
#4131 = ADVANCED_FACE ( 'NONE', ( #6443 ), #8247, .F. ) ;
#4132 = UNCERTAINTY_MEASURE_WITH_UNIT (LENGTH_MEASURE( 1.000000000000000082E-05 ), #2604, 'distance_accuracy_value', 'NONE');
#4133 = PRESENTATION_LAYER_ASSIGNMENT (  '', '', ( #1308 ) ) ;
#4134 = CARTESIAN_POINT ( 'NONE',  ( 0.03200268577051364194, 0.07849130379308980054, 0.05240611079259199084 ) ) ;
#4135 = CARTESIAN_POINT ( 'NONE',  ( -0.1221691108782663043, -0.1799999999998387890, -0.04470776659476562859 ) ) ;
#4136 = CARTESIAN_POINT ( 'NONE',  ( -0.04461917553330744385, 0.08724052915325926361, 0.1602714934378702549 ) ) ;
#4137 = TOROIDAL_SURFACE ( 'NONE', #6529, 0.02002113720135019134, 0.01499999999999999598 ) ;
#4138 = CARTESIAN_POINT ( 'NONE',  ( -0.008773220037500317064, 0.06000000000000003247, 0.1799999999999999933 ) ) ;
#4139 = CARTESIAN_POINT ( 'NONE',  ( -0.2650000000000000133, -0.1700000000000000122, 0.2000000000000000111 ) ) ;
#4140 = CARTESIAN_POINT ( 'NONE',  ( -0.06284782821803974739, 0.02643965121420824640, 0.2134021236581867542 ) ) ;
#4141 = EDGE_CURVE ( 'NONE', #5582, #8103, #4395, .T. ) ;
#4142 = CARTESIAN_POINT ( 'NONE',  ( 0.001270463722378962525, 0.04690862146465878124, -0.1068510698661353508 ) ) ;
#4143 = AXIS2_PLACEMENT_3D ( 'NONE', #3200, #7481, #2437 ) ;
#4144 = ORIENTED_EDGE ( 'NONE', *, *, #2752, .F. ) ;
#4145 = CARTESIAN_POINT ( 'NONE',  ( 0.002363622258348194085, 0.04689497528720031061, -0.1601021503777157462 ) ) ;
#4146 = CARTESIAN_POINT ( 'NONE',  ( -0.04669513410276944498, 0.03773728313358827580, 0.1879005454501715966 ) ) ;
#4147 = CARTESIAN_POINT ( 'NONE',  ( 0.05244599694193767536, -0.1603917168665567050, -0.1792538183240137417 ) ) ;
#4148 = CARTESIAN_POINT ( 'NONE',  ( -0.08241796049103122801, -0.1714750815506327353, 0.1071406757243149044 ) ) ;
#4149 = LINE ( 'NONE', #5852, #1527 ) ;
#4150 = CARTESIAN_POINT ( 'NONE',  ( 0.0003341977938218504830, -0.08728511133057782756, -0.1762706641737999125 ) ) ;
#4151 = PLANE ( 'NONE',  #3915 ) ;
#4152 = ORIENTED_EDGE ( 'NONE', *, *, #7180, .F. ) ;
#4153 =( LENGTH_UNIT ( ) NAMED_UNIT ( * ) SI_UNIT ( .MILLI., .METRE. ) );
#4154 = CARTESIAN_POINT ( 'NONE',  ( 0.01306482131690224653, 0.06595553835185154201, -0.1603459076138653849 ) ) ;
#4155 = B_SPLINE_CURVE_WITH_KNOTS ( 'NONE', 3,
 ( #6650, #4375, #6615, #7381, #8781, #2213, #5836, #5241 ),
 .UNSPECIFIED., .F., .F.,
 ( 4, 1, 1, 1, 1, 4 ),
 ( 0.5000000000000011102, 0.5846169476978876345, 0.7491849293604234683, 0.8454087080526229148, 0.9060393886626013638, 0.9999999999999998890 ),
 .UNSPECIFIED. ) ;
#4156 =( GEOMETRIC_REPRESENTATION_CONTEXT ( 3 ) GLOBAL_UNCERTAINTY_ASSIGNED_CONTEXT ( ( #4374 ) ) GLOBAL_UNIT_ASSIGNED_CONTEXT ( ( #9285, #6388, #6144 ) ) REPRESENTATION_CONTEXT ( 'NONE', 'WORKASPACE' ) );
#4157 = CARTESIAN_POINT ( 'NONE',  ( -0.1221691108118792973, -0.1800000000072702055, -0.04470776666783285447 ) ) ;
#4158 = STYLED_ITEM ( 'NONE', ( #2671 ), #6689 ) ;
#4159 = DIRECTION ( 'NONE',  ( -0.03046778570332212693, -0.9995357492496584895, 2.502094344221383881E-06 ) ) ;
#4160 = EDGE_CURVE ( 'NONE', #1323, #5819, #8508, .T. ) ;
#4161 = EDGE_LOOP ( 'NONE', ( #6851, #6624, #8431, #9337, #3638, #2233, #3193, #9471, #7394, #2634, #2823, #174 ) ) ;
#4162 = CARTESIAN_POINT ( 'NONE',  ( -0.05184640278434354127, -0.01390998239999764567, -0.1734383760420361853 ) ) ;
#4163 = CARTESIAN_POINT ( 'NONE',  ( -0.09869537620125283517, -0.1961650908155704309, 0.1228871308659750389 ) ) ;
#4164 = CARTESIAN_POINT ( 'NONE',  ( 0.04379874731805850907, 0.05954351437568160960, -0.1792538179515145713 ) ) ;
#4165 = FACE_OUTER_BOUND ( 'NONE', #6398, .T. ) ;
#4166 = DIRECTION ( 'NONE',  ( -0.04805693313322136062, 1.040834085586085335E-17, -0.9988445981121535366 ) ) ;
#4167 = DIRECTION ( 'NONE',  ( 0.000000000000000000, 1.000000000000000000, 0.000000000000000000 ) ) ;
#4168 = CARTESIAN_POINT ( 'NONE',  ( 0.03793742418048772630, 0.06621890305381467057, 0.1099006061166815651 ) ) ;
#4169 = CARTESIAN_POINT ( 'NONE',  ( -0.06182200845597225769, 0.06009301659026487774, 0.2134020394151813493 ) ) ;
#4170 = SURFACE_STYLE_FILL_AREA ( #9297 ) ;
#4171 = VECTOR ( 'NONE', #4630, 1000.000000000000000 ) ;
#4172 = ORIENTED_EDGE ( 'NONE', *, *, #4685, .F. ) ;
#4173 = CARTESIAN_POINT ( 'NONE',  ( -0.03099834140870788568, 0.1041751681020532672, 0.1595289694026111316 ) ) ;
#4174 = MECHANICAL_DESIGN_GEOMETRIC_PRESENTATION_REPRESENTATION (  '', ( #5645 ), #5522 ) ;
#4175 = CARTESIAN_POINT ( 'NONE',  ( -0.1210718620247217547, -0.1700000000000000122, -0.04574611991424979568 ) ) ;
#4176 = CARTESIAN_POINT ( 'NONE',  ( 0.001943122174736397478, -0.1238703825727191510, -0.1762741687276841163 ) ) ;
#4177 = CARTESIAN_POINT ( 'NONE',  ( -0.2017251974013796190, -0.1599999999999999756, -0.1177992224742518967 ) ) ;
#4178 = DIRECTION ( 'NONE',  ( -0.000000000000000000, 1.000000000000000000, -0.000000000000000000 ) ) ;
#4179 = CARTESIAN_POINT ( 'NONE',  ( -0.05607951069852717269, -0.1885249513792336407, 0.1597097399175971821 ) ) ;
#4180 = FACE_OUTER_BOUND ( 'NONE', #391, .T. ) ;
#4181 = CIRCLE ( 'NONE', #5689, 0.01499999999999999424 ) ;
#4182 = EDGE_CURVE ( 'NONE', #6519, #7513, #4634, .T. ) ;
#4183 = SURFACE_STYLE_FILL_AREA ( #4069 ) ;
#4184 = ORIENTED_EDGE ( 'NONE', *, *, #4182, .T. ) ;
#4185 = ORIENTED_EDGE ( 'NONE', *, *, #1421, .T. ) ;
#4186 = ORIENTED_EDGE ( 'NONE', *, *, #5830, .F. ) ;
#4187 = CIRCLE ( 'NONE', #4718, 0.01499999999999999598 ) ;
#4188 = CARTESIAN_POINT ( 'NONE',  ( -0.005186615136144056420, 0.04110915473220588812, -0.1762706952914081526 ) ) ;
#4189 = DIRECTION ( 'NONE',  ( -0.9379416239734139626, 0.02457174936562032605, -0.3459215794818644718 ) ) ;
#4190 = CARTESIAN_POINT ( 'NONE',  ( -0.1216892608405206050, -0.1756567062605448037, -0.04511133124626319491 ) ) ;
#4191 = EDGE_CURVE ( 'NONE', #4665, #6957, #486, .T. ) ;
#4192 =( LENGTH_UNIT ( ) NAMED_UNIT ( * ) SI_UNIT ( .MILLI., .METRE. ) );
#4193 = CARTESIAN_POINT ( 'NONE',  ( 0.008732653557423570786, 0.06566836407551875088, -0.1945378738692571940 ) ) ;
#4194 = ORIENTED_EDGE ( 'NONE', *, *, #3836, .F. ) ;
#4195 = EDGE_LOOP ( 'NONE', ( #9250, #355, #2223, #6480, #6228, #3877 ) ) ;
#4196 =( GEOMETRIC_REPRESENTATION_CONTEXT ( 3 ) GLOBAL_UNCERTAINTY_ASSIGNED_CONTEXT ( ( #713 ) ) GLOBAL_UNIT_ASSIGNED_CONTEXT ( ( #8558, #6355, #1991 ) ) REPRESENTATION_CONTEXT ( 'NONE', 'WORKASPACE' ) );
#4197 = CARTESIAN_POINT ( 'NONE',  ( 0.01789493444100608011, -0.1599857055168055486, -0.1599844472747599666 ) ) ;
#4198 = UNCERTAINTY_MEASURE_WITH_UNIT (LENGTH_MEASURE( 1.000000000000000082E-05 ), #6918, 'distance_accuracy_value', 'NONE');
#4199 = CARTESIAN_POINT ( 'NONE',  ( -0.04159206312676494433, 0.05998877843411740823, -0.1464609713574414607 ) ) ;
#4200 = CARTESIAN_POINT ( 'NONE',  ( 0.001287310664184644409, 0.06500525288284243752, -0.009148647038860806269 ) ) ;
#4201 = CARTESIAN_POINT ( 'NONE',  ( -0.05877322003750033025, 0.05999999999999998390, 0.1800000000000000211 ) ) ;
#4202 = EDGE_CURVE ( 'NONE', #5663, #4536, #5874, .T. ) ;
#4203 = DIRECTION ( 'NONE',  ( -0.9682695751988397159, -0.02530651433573688838, 0.2486234302643932359 ) ) ;
#4204 = CARTESIAN_POINT ( 'NONE',  ( -0.04461917553330741609, 0.08724052915325927748, 0.1602714934378702549 ) ) ;
#4205 = EDGE_LOOP ( 'NONE', ( #4270, #3710, #8684, #5452 ) ) ;
#4206 = VERTEX_POINT ( 'NONE', #607 ) ;
#4207 =( GEOMETRIC_REPRESENTATION_CONTEXT ( 3 ) GLOBAL_UNCERTAINTY_ASSIGNED_CONTEXT ( ( #3214 ) ) GLOBAL_UNIT_ASSIGNED_CONTEXT ( ( #3930, #7590, #8970 ) ) REPRESENTATION_CONTEXT ( 'NONE', 'WORKASPACE' ) );
#4208 = DIRECTION ( 'NONE',  ( 0.9993792182221447051, 0.02614205897144400090, -0.02361717464957195992 ) ) ;
#4209 = CARTESIAN_POINT ( 'NONE',  ( 0.03206686117224764876, 0.02422619671843324884, -0.1546713457808197578 ) ) ;
#4210 = ORIENTED_EDGE ( 'NONE', *, *, #114, .T. ) ;
#4211 = ORIENTED_EDGE ( 'NONE', *, *, #608, .F. ) ;
#4212 = CARTESIAN_POINT ( 'NONE',  ( -0.1226720556252461902, -0.1550000000000000266, -0.07898615739290824889 ) ) ;
#4213 = PRESENTATION_LAYER_ASSIGNMENT (  '', '', ( #5685 ) ) ;
#4214 = CARTESIAN_POINT ( 'NONE',  ( 0.1655526671241021597, -0.1600000000000000311, 0.05290356562635827736 ) ) ;
#4215 = CARTESIAN_POINT ( 'NONE',  ( -0.03618974801024662374, -0.1741175299307869129, 0.05398880098566725960 ) ) ;
#4216 = CARTESIAN_POINT ( 'NONE',  ( -0.06452373603752792341, 0.07275950614702159092, 0.02579026958041856499 ) ) ;
#4217 = CARTESIAN_POINT ( 'NONE',  ( -0.01251483327297488006, -0.1858824854666283610, -0.02732612514237603429 ) ) ;
#4218 = CARTESIAN_POINT ( 'NONE',  ( -0.006418300469425590460, 0.06409185706482796452, -0.1809554823117661693 ) ) ;
#4219 = EDGE_CURVE ( 'NONE', #7395, #3769, #2231, .T. ) ;
#4220 = ORIENTED_EDGE ( 'NONE', *, *, #6495, .T. ) ;
#4221 = B_SPLINE_CURVE_WITH_KNOTS ( 'NONE', 3,
 ( #1796, #8376, #7111, #1053, #4923, #8348 ),
 .UNSPECIFIED., .F., .F.,
 ( 4, 1, 1, 4 ),
 ( 0.4315864381069969280, 0.5168845989054258183, 0.6343751370429560055, 0.7147744945020814145 ),
 .UNSPECIFIED. ) ;
#4222 = SURFACE_STYLE_USAGE ( .BOTH. , #446 ) ;
#4223 = FACE_OUTER_BOUND ( 'NONE', #89, .T. ) ;
#4224 = CARTESIAN_POINT ( 'NONE',  ( -0.03983424010840080215, 0.02631313534967262557, -0.2135391152795464709 ) ) ;
#4225 = CARTESIAN_POINT ( 'NONE',  ( 0.003622766226823814859, 0.06523641723945508564, -0.1103189017845516151 ) ) ;
#4226 = CARTESIAN_POINT ( 'NONE',  ( -0.1220874158388036840, -0.1817193206404728867, -0.04477311891412619205 ) ) ;
#4227 = CARTESIAN_POINT ( 'NONE',  ( 0.03373482484458720232, 0.07849132467248870482, 0.02568504823611458820 ) ) ;
#4228 = CARTESIAN_POINT ( 'NONE',  ( 0.05204398364287322887, 0.06533198238890576548, -0.08534462730794878382 ) ) ;
#4229 = PRESENTATION_STYLE_ASSIGNMENT (( #1575 ) ) ;
#4230 = CARTESIAN_POINT ( 'NONE',  ( -0.05007454677528902498, 0.04648590295817336959, 0.02674921222360961137 ) ) ;
#4231 = CARTESIAN_POINT ( 'NONE',  ( 0.04854746888711253261, -0.1238705457039133706, 0.1822672037671390910 ) ) ;
#4232 = CARTESIAN_POINT ( 'NONE',  ( 0.08998266897168233358, -0.1800000000000000488, -0.0007208539969983174863 ) ) ;
#4233 = CARTESIAN_POINT ( 'NONE',  ( -0.01657673494057359739, 0.1041889445152969079, -0.1076215824951461258 ) ) ;
#4234 = EDGE_CURVE ( 'NONE', #2383, #4072, #8566, .T. ) ;
#4235 = LINE ( 'NONE', #3487, #3663 ) ;
#4236 =( NAMED_UNIT ( * ) SI_UNIT ( $, .STERADIAN. ) SOLID_ANGLE_UNIT ( ) );
#4237 = CARTESIAN_POINT ( 'NONE',  ( 0.02614545028248305841, -0.01271537659288296714, -0.1837293514062841582 ) ) ;
#4238 = CARTESIAN_POINT ( 'NONE',  ( -0.2150475757587198278, -0.2300000000000000655, -0.1516348429493271366 ) ) ;
#4239 = CARTESIAN_POINT ( 'NONE',  ( -0.01789490674919829230, -0.1599857056563633306, 0.1599844460355385745 ) ) ;
#4240 = CARTESIAN_POINT ( 'NONE',  ( -0.1332233863607316104, -0.1700000000000000122, -0.09549743200289455280 ) ) ;
#4241 = AXIS2_PLACEMENT_3D ( 'NONE', #3662, #5771, #2869 ) ;
#4242 = UNCERTAINTY_MEASURE_WITH_UNIT (LENGTH_MEASURE( 1.000000000000000082E-05 ), #6753, 'distance_accuracy_value', 'NONE');
#4243 = CARTESIAN_POINT ( 'NONE',  ( 0.1988062389287093279, -0.1600000000000000311, 0.08175643111878472258 ) ) ;
#4244 = CARTESIAN_POINT ( 'NONE',  ( 0.007107306169619426010, 0.08447173138404535930, 0.1338269443907603162 ) ) ;
#4245 = CARTESIAN_POINT ( 'NONE',  ( -0.03221269244390718295, -0.1741175072621676256, 0.1603250928051200008 ) ) ;
#4246 = CARTESIAN_POINT ( 'NONE',  ( -0.01789490674919828883, -0.1599857056563633306, 0.1599844460355385745 ) ) ;
#4247 = CARTESIAN_POINT ( 'NONE',  ( 0.02329287928212560657, 0.06634790386622929637, -0.1756312344804926706 ) ) ;
#4248 = PLANE ( 'NONE',  #1414 ) ;
#4249 = CIRCLE ( 'NONE', #5703, 0.01499999999999999771 ) ;
#4250 = CIRCLE ( 'NONE', #7881, 0.01499999999999999598 ) ;
#4251 = STYLED_ITEM ( 'NONE', ( #1988 ), #54 ) ;
#4252 = CARTESIAN_POINT ( 'NONE',  ( 0.001622082418231438582, 0.06503971636276900670, -0.003240045485383310792 ) ) ;
#4253 = CARTESIAN_POINT ( 'NONE',  ( 0.05302722103815157850, 0.06524224389426253046, -0.09681315722631791965 ) ) ;
#4254 = CARTESIAN_POINT ( 'NONE',  ( -0.0001203060224233287745, 0.06880045316905487873, 0.2000000000000000111 ) ) ;
#4255 = CARTESIAN_POINT ( 'NONE',  ( 0.03882841321154756331, 0.07849138835906371847, -0.05417481111629973006 ) ) ;
#4256 = CARTESIAN_POINT ( 'NONE',  ( 0.04943940080900096484, 0.06555144131473200630, 0.08050992320392542922 ) ) ;
#4257 = CARTESIAN_POINT ( 'NONE',  ( -0.05471349660071212623, 0.04648596633745986223, 0.1066926758020101673 ) ) ;
#4258 = SURFACE_STYLE_FILL_AREA ( #7664 ) ;
#4259 = VERTEX_POINT ( 'NONE', #7106 ) ;
#4260 = CARTESIAN_POINT ( 'NONE',  ( 0.009107347932262033208, 0.1131050982601266575, -0.05295011527024889170 ) ) ;
#4261 = CARTESIAN_POINT ( 'NONE',  ( 0.03359737454582074900, -0.01239737355524086343, -0.1546713449397771056 ) ) ;
#4262 = CARTESIAN_POINT ( 'NONE',  ( -0.02207016194171037074, 0.07553504503132692227, 0.1597049293376392176 ) ) ;
#4263 = CARTESIAN_POINT ( 'NONE',  ( 0.04307048717648955666, -0.1536088890213051505, -0.05429071050772838608 ) ) ;
#4264 = CARTESIAN_POINT ( 'NONE',  ( -0.06711258584903408153, -0.06819408491691671126, 0.2134020391818707008 ) ) ;
#4265 = VECTOR ( 'NONE', #551, 1000.000000000000000 ) ;
#4266 = ADVANCED_FACE ( 'NONE', ( #2680 ), #4054, .F. ) ;
#4267 = AXIS2_PLACEMENT_3D ( 'NONE', #4784, #2601, #3909 ) ;
#4268 = CARTESIAN_POINT ( 'NONE',  ( 0.2650000000000000133, -0.2300000000000000100, 0.2000000000000000111 ) ) ;
#4269 = DIRECTION ( 'NONE',  ( -0.9881728765356639910, 0.02586711497997949694, -0.1511464800842014788 ) ) ;
#4270 = ORIENTED_EDGE ( 'NONE', *, *, #2479, .T. ) ;
#4271 = CARTESIAN_POINT ( 'NONE',  ( -0.02284064125887375757, 0.06042878925800158202, 0.1748111851109646619 ) ) ;
#4272 =( LENGTH_UNIT ( ) NAMED_UNIT ( * ) SI_UNIT ( .MILLI., .METRE. ) );
#4273 = CARTESIAN_POINT ( 'NONE',  ( -0.0006426625713745802524, 0.1131050979785666322, 0.1068809710448803546 ) ) ;
#4274 = LINE ( 'NONE', #5070, #7382 ) ;
#4275 = CARTESIAN_POINT ( 'NONE',  ( -0.05650169825423152076, -0.2017185759003704004, -0.1324677427847295308 ) ) ;
#4276 = CARTESIAN_POINT ( 'NONE',  ( -0.04396866915088002564, 0.08724864394693580827, 0.1285857063507560849 ) ) ;
#4277 = CIRCLE ( 'NONE', #4846, 0.01499999999999999944 ) ;
#4278 = CARTESIAN_POINT ( 'NONE',  ( -0.006002726208039774539, 0.06414673273193093050, -0.1828335084386553122 ) ) ;
#4279 = ORIENTED_EDGE ( 'NONE', *, *, #6454, .F. ) ;
#4280 = AXIS2_PLACEMENT_3D ( 'NONE', #3247, #9140, #1867 ) ;
#4281 = DIRECTION ( 'NONE',  ( -0.9682695751988397159, -0.02530651433573688838, 0.2486234302643932359 ) ) ;
#4282 = MECHANICAL_DESIGN_GEOMETRIC_PRESENTATION_REPRESENTATION (  '', ( #5278 ), #1167 ) ;
#4283 = CARTESIAN_POINT ( 'NONE',  ( -0.01638511832069360422, -0.2134793239677144905, 0.1599572844132734206 ) ) ;
#4284 = COLOUR_RGB ( '',1.000000000000000000, 1.000000000000000000, 0.5019607843137254832 ) ;
#4285 = FILL_AREA_STYLE_COLOUR ( '', #820 ) ;
#4286 = CARTESIAN_POINT ( 'NONE',  ( 0.004366295691684164877, 0.06530566078371474736, -0.1417712528386627369 ) ) ;
#4287 = ORIENTED_EDGE ( 'NONE', *, *, #1873, .T. ) ;
#4288 = ORIENTED_EDGE ( 'NONE', *, *, #80, .T. ) ;
#4289 = CARTESIAN_POINT ( 'NONE',  ( 0.2016309254299941678, 0.06798944191067401999, 0.2000000000000000111 ) ) ;
#4290 = CARTESIAN_POINT ( 'NONE',  ( 0.06351873699713068977, 0.08150863288046322763, 0.02763886995029388519 ) ) ;
#4291 = CARTESIAN_POINT ( 'NONE',  ( 0.05460079260539926760, 0.06509180694446156656, -0.1093070047350977320 ) ) ;
#4292 = ORIENTED_EDGE ( 'NONE', *, *, #7863, .T. ) ;
#4293 = VECTOR ( 'NONE', #3452, 1000.000000000000000 ) ;
#4294 = DIRECTION ( 'NONE',  ( -0.02052340527576413873, 0.0002562270569816748971, 0.9997893399029527117 ) ) ;
#4295 = CARTESIAN_POINT ( 'NONE',  ( 0.05039361619911595508, 0.02288957246332467416, 0.2119226241201712102 ) ) ;
#4296 = CARTESIAN_POINT ( 'NONE',  ( -0.02925150875304061496, 0.1041753114320380369, 0.1055270909415237240 ) ) ;
#4297 = AXIS2_PLACEMENT_3D ( 'NONE', #1756, #8396, #9035 ) ;
#4298 = ORIENTED_EDGE ( 'NONE', *, *, #6598, .T. ) ;
#4299 = ORIENTED_EDGE ( 'NONE', *, *, #18, .T. ) ;
#4300 = UNCERTAINTY_MEASURE_WITH_UNIT (LENGTH_MEASURE( 1.000000000000000082E-05 ), #7869, 'distance_accuracy_value', 'NONE');
#4301 = CARTESIAN_POINT ( 'NONE',  ( 0.02640599147334834335, 0.06045176066515148272, 0.1777328121248425985 ) ) ;
#4302 = CARTESIAN_POINT ( 'NONE',  ( 0.02007692248893304734, 0.05582468839303730834, 0.05473169054330073724 ) ) ;
#4303 = ORIENTED_EDGE ( 'NONE', *, *, #3836, .T. ) ;
#4304 = LINE ( 'NONE', #7624, #6594 ) ;
#4305 = CARTESIAN_POINT ( 'NONE',  ( 0.05877322003750036494, 0.06000000000000001166, -0.1799999999999998546 ) ) ;
#4306 = CARTESIAN_POINT ( 'NONE',  ( -0.08732775770370936053, -0.1714750601623973580, 0.0005931195190617610455 ) ) ;
#4307 = EDGE_CURVE ( 'NONE', #9097, #307, #38, .T. ) ;
#4308 = SURFACE_STYLE_FILL_AREA ( #7762 ) ;
#4309 = ORIENTED_EDGE ( 'NONE', *, *, #6905, .F. ) ;
#4310 = ORIENTED_EDGE ( 'NONE', *, *, #2054, .T. ) ;
#4311 = ORIENTED_EDGE ( 'NONE', *, *, #1188, .T. ) ;
#4312 = CARTESIAN_POINT ( 'NONE',  ( -0.02633696264221843664, 0.1041752273100694237, 0.05188937116746734912 ) ) ;
#4313 = CARTESIAN_POINT ( 'NONE',  ( -0.02037685779762893334, -0.2134793513032030299, 0.05321449710821569978 ) ) ;
#4314 = CARTESIAN_POINT ( 'NONE',  ( -0.03021488882206823517, 0.08725415704604817801, -0.1060435389906886766 ) ) ;
#4315 = UNCERTAINTY_MEASURE_WITH_UNIT (LENGTH_MEASURE( 1.000000000000000082E-05 ), #6408, 'distance_accuracy_value', 'NONE');
#4316 = EDGE_CURVE ( 'NONE', #4570, #4875, #8180, .T. ) ;
#4317 = SURFACE_STYLE_USAGE ( .BOTH. , #3559 ) ;
#4318 = CARTESIAN_POINT ( 'NONE',  ( 0.002363622258348194085, 0.04689497528720031061, -0.1601021503777157462 ) ) ;
#4319 = CARTESIAN_POINT ( 'NONE',  ( 0.1058367025873511308, -0.1800000000000000488, 0.01666926602964840035 ) ) ;
#4320 = LINE ( 'NONE', #8927, #2717 ) ;
#4321 = CARTESIAN_POINT ( 'NONE',  ( -0.05713828095033455373, -0.2017142887114537764, -0.1593994066789437003 ) ) ;
#4322 = VERTEX_POINT ( 'NONE', #5103 ) ;
#4323 = VERTEX_POINT ( 'NONE', #5163 ) ;
#4324 = CARTESIAN_POINT ( 'NONE',  ( -0.04086149679823435077, 0.06001122156588263590, -0.2135390286425585538 ) ) ;
#4325 = DIRECTION ( 'NONE',  ( -0.04805693313322133980, 1.040834085586084565E-17, -0.9988445981121535366 ) ) ;
#4326 = CARTESIAN_POINT ( 'NONE',  ( 0.05367279078643773932, 0.06518163397124758507, -0.1034003154085006426 ) ) ;
#4327 = EDGE_CURVE ( 'NONE', #5681, #288, #4274, .T. ) ;
#4328 = CARTESIAN_POINT ( 'NONE',  ( 0.05836284255224575418, 0.05998743853633667356, -0.1599823553555815292 ) ) ;
#4329 = ADVANCED_FACE ( 'NONE', ( #156 ), #3026, .T. ) ;
#4330 = CARTESIAN_POINT ( 'NONE',  ( 0.07458613559038640428, 0.05167446082113478362, -0.1058372330185853305 ) ) ;
#4331 = CARTESIAN_POINT ( 'NONE',  ( 0.05541199960488392418, 0.06501067809893619487, -0.09999007261635899091 ) ) ;
#4332 = CARTESIAN_POINT ( 'NONE',  ( -0.05275677018931364953, 0.1135140545949213930, 0.02656856676377312293 ) ) ;
#4333 = CARTESIAN_POINT ( 'NONE',  ( 0.08869948980913960890, -0.1800000000000000488, -0.02739082947506823323 ) ) ;
#4334 = B_SPLINE_CURVE_WITH_KNOTS ( 'NONE', 3,
 ( #8330, #3249, #6908, #6843 ),
 .UNSPECIFIED., .F., .F.,
 ( 4, 4 ),
 ( 0.8862669857841730670, 0.8878698205947218591 ),
 .UNSPECIFIED. ) ;
#4335 = CARTESIAN_POINT ( 'NONE',  ( 0.05873526738759400623, -0.2100000000000000477, -0.02592593678564418525 ) ) ;
#4336 = AXIS2_PLACEMENT_3D ( 'NONE', #2264, #3784, #5986 ) ;
#4337 = FACE_OUTER_BOUND ( 'NONE', #2597, .T. ) ;
#4338 = ORIENTED_EDGE ( 'NONE', *, *, #9340, .T. ) ;
#4339 = EDGE_LOOP ( 'NONE', ( #7425, #1113, #8874, #4426, #6143, #6498, #1573, #8900 ) ) ;
#4340 = SURFACE_SIDE_STYLE ('',( #5769 ) ) ;
#4341 = B_SPLINE_SURFACE_WITH_KNOTS ( 'NONE', 3, 1, ( 
 ( #1800, #2537 ),
 ( #7660, #3277 ),
 ( #8945, #185 ),
 ( #6801, #2412 ),
 ( #8497, #6304 ),
 ( #9160, #6275 ),
 ( #6241, #4022 ),
 ( #1897, #5526 ),
 ( #7021, #1124 ),
 ( #1935, #1965 ),
 ( #4769, #367 ),
 ( #7080, #8473 ),
 ( #5554, #7695 ) ),
 .UNSPECIFIED., .F., .F., .F.,
 ( 4, 1, 1, 1, 1, 1, 1, 1, 1, 1, 4 ),
 ( 2, 2 ),
 ( 0.000000000000000000, 0.08125249521118288465, 0.1198496107998578836, 0.1845807110164505438, 0.2607815769963077179, 0.3656248629570439390, 0.4831154010945742372, 0.6540397345420932984, 0.7849655303996231348, 0.8602438119646695913, 1.000000000000000000 ),
 ( 0.000000000000000000, 1.000000000000000000 ),
 .UNSPECIFIED. ) ;
#4342 = CARTESIAN_POINT ( 'NONE',  ( 0.02207025368785180131, 0.08446481330335606219, -0.1597072464127865798 ) ) ;
#4343 = CARTESIAN_POINT ( 'NONE',  ( -0.01948089802885005078, 0.1041753118370922632, -0.05467693315858458691 ) ) ;
#4344 = DIRECTION ( 'NONE',  ( 1.000000000000000000, 0.000000000000000000, 0.000000000000000000 ) ) ;
#4345 = CARTESIAN_POINT ( 'NONE',  ( 0.04438635493664365439, -0.1536089033205350618, -0.02765582156331632818 ) ) ;
#4346 = ORIENTED_EDGE ( 'NONE', *, *, #5814, .T. ) ;
#4347 = PRESENTATION_LAYER_ASSIGNMENT (  '', '', ( #7796 ) ) ;
#4348 = FILL_AREA_STYLE_COLOUR ( '', #8256 ) ;
#4349 = AXIS2_PLACEMENT_3D ( 'NONE', #2180, #1458, #9371 ) ;
#4350 = CARTESIAN_POINT ( 'NONE',  ( -0.02033162852806202903, 0.07553514886684735419, 0.1059518483957106738 ) ) ;
#4351 = CARTESIAN_POINT ( 'NONE',  ( -0.04492967602188336490, 0.04648596662705563320, -0.05319930092437843983 ) ) ;
#4352 = CARTESIAN_POINT ( 'NONE',  ( -0.04862626995949131947, -0.08724005733912827687, -0.1734383924563743795 ) ) ;
#4353 = SURFACE_STYLE_USAGE ( .BOTH. , #7239 ) ;
#4354 = EDGE_CURVE ( 'NONE', #5080, #3211, #1084, .T. ) ;
#4355 = PLANE ( 'NONE',  #5444 ) ;
#4356 = ORIENTED_EDGE ( 'NONE', *, *, #1192, .F. ) ;
#4357 = CARTESIAN_POINT ( 'NONE',  ( -0.04862626995949131947, -0.08724005733912827687, -0.1734383924563743795 ) ) ;
#4358 = VECTOR ( 'NONE', #3001, 1000.000000000000000 ) ;
#4359 = CARTESIAN_POINT ( 'NONE',  ( -0.03221228022381912581, -0.1599936748410707155, -0.2135390284779819237 ) ) ;
#4360 = DIRECTION ( 'NONE',  ( -5.892403111334263550E-17, -1.000000000000000000, -0.000000000000000000 ) ) ;
#4361 = CARTESIAN_POINT ( 'NONE',  ( 0.05454946834211735207, 0.06509685814606572252, -0.1091829189434317809 ) ) ;
#4362 = CARTESIAN_POINT ( 'NONE',  ( -0.04163715744775425831, 0.05998743853633690948, -0.1599823553555817512 ) ) ;
#4363 = CARTESIAN_POINT ( 'NONE',  ( 0.02732607901079321666, 0.07849128147365572183, 0.1596932913163382206 ) ) ;
#4364 = AXIS2_PLACEMENT_3D ( 'NONE', #7768, #349, #3947 ) ;
#4365 = CARTESIAN_POINT ( 'NONE',  ( 0.05283600306478665465, 0.06526048498044420554, 0.004541270679322180134 ) ) ;
#4366 = CARTESIAN_POINT ( 'NONE',  ( 0.01823768015470340897, -0.1411675075421274794, 0.1777345802540879482 ) ) ;
#4367 = CARTESIAN_POINT ( 'NONE',  ( 0.06001733102831773720, -0.1800000000000000488, 0.0007208539969983217147 ) ) ;
#4368 = DIRECTION ( 'NONE',  ( -0.9881728765356639910, 0.02586711497997949694, -0.1511464800842014788 ) ) ;
#4369 = EDGE_CURVE ( 'NONE', #8328, #6026, #379, .T. ) ;
#4370 = CIRCLE ( 'NONE', #9409, 0.03502185467385524054 ) ;
#4371 = CYLINDRICAL_SURFACE ( 'NONE', #5605, 0.01500000000000003761 ) ;
#4372 = CARTESIAN_POINT ( 'NONE',  ( -0.01657673494057359739, 0.1041889445152969079, -0.1076215824951461258 ) ) ;
#4373 = CARTESIAN_POINT ( 'NONE',  ( -0.04669513410276944498, 0.03773728313358827580, 0.1879005454501715966 ) ) ;
#4374 = UNCERTAINTY_MEASURE_WITH_UNIT (LENGTH_MEASURE( 1.000000000000000082E-05 ), #9285, 'distance_accuracy_value', 'NONE');
#4375 = CARTESIAN_POINT ( 'NONE',  ( -0.2119780917785163143, -0.1600000000000000311, -0.1558400173204970429 ) ) ;
#4376 = CARTESIAN_POINT ( 'NONE',  ( 0.04027217091575945040, -0.2123950456290333300, 0.1597997691304703649 ) ) ;
#4377 = AXIS2_PLACEMENT_3D ( 'NONE', #7037, #2635, #6259 ) ;
#4378 = FACE_OUTER_BOUND ( 'NONE', #5686, .T. ) ;
#4379 = AXIS2_PLACEMENT_3D ( 'NONE', #1244, #5622, #487 ) ;
#4380 = PLANE ( 'NONE',  #1532 ) ;
#4381 = CARTESIAN_POINT ( 'NONE',  ( 0.05836284255224575418, 0.05998743853633667356, -0.1599823553555815292 ) ) ;
#4382 = ORIENTED_EDGE ( 'NONE', *, *, #7401, .T. ) ;
#4383 = CARTESIAN_POINT ( 'NONE',  ( 0.1150000000000000050, -0.1200000000000000094, 0.03860745626545005610 ) ) ;
#4384 = CARTESIAN_POINT ( 'NONE',  ( 0.05509763939828897505, -0.1800000261901395782, -0.1060476283986299950 ) ) ;
#4385 = FACE_BOUND ( 'NONE', #9464, .T. ) ;
#4386 = PRESENTATION_LAYER_ASSIGNMENT (  '', '', ( #956 ) ) ;
#4387 = ORIENTED_EDGE ( 'NONE', *, *, #3236, .T. ) ;
#4388 = CARTESIAN_POINT ( 'NONE',  ( -0.008311942212789502279, 0.06383131918515935754, 0.1632136127464130226 ) ) ;
#4389 = CARTESIAN_POINT ( 'NONE',  ( 0.07523936626947612394, 0.06050188095309824710, -0.1507833242175617150 ) ) ;
#4390 = CARTESIAN_POINT ( 'NONE',  ( 0.05427223909081875519, 0.06512397363880462198, -0.1079843903589793874 ) ) ;
#4391 = CARTESIAN_POINT ( 'NONE',  ( 0.07981676973540997866, -0.08600596400996664281, -0.1807461978869688846 ) ) ;
#4392 = CARTESIAN_POINT ( 'NONE',  ( -0.06789490674919831936, -0.1599857056563633306, 0.1599844460355385745 ) ) ;
#4393 = CARTESIAN_POINT ( 'NONE',  ( 0.05473968027774696321, 0.06507808892395020028, -0.1094426791009448646 ) ) ;
#4394 = DIRECTION ( 'NONE',  ( -0.03046991852340184131, 0.9995356842380251905, 0.000000000000000000 ) ) ;
#4395 = LINE ( 'NONE', #9306, #4265 ) ;
#4396 = ORIENTED_EDGE ( 'NONE', *, *, #1403, .T. ) ;
#4397 = CARTESIAN_POINT ( 'NONE',  ( -0.06180805360615754251, -0.08678109279879070437, 0.1465979448379764183 ) ) ;
#4398 = PRESENTATION_STYLE_ASSIGNMENT (( #2418 ) ) ;
#4399 = STYLED_ITEM ( 'NONE', ( #1519 ), #2697 ) ;
#4400 = CARTESIAN_POINT ( 'NONE',  ( 0.01802111689646825748, 0.08446493565238885615, -0.05241436003526540877 ) ) ;
#4401 = CARTESIAN_POINT ( 'NONE',  ( -0.02207016194171037074, 0.07553504503132692227, 0.1597049293376392176 ) ) ;
#4402 = MECHANICAL_DESIGN_GEOMETRIC_PRESENTATION_REPRESENTATION (  '', ( #3973 ), #975 ) ;
#4403 = CARTESIAN_POINT ( 'NONE',  ( 0.07267395238361197551, 0.08150857145238467327, -0.1596940962204190240 ) ) ;
#4404 = CARTESIAN_POINT ( 'NONE',  ( 0.05100629866936572110, -0.1536174671152260862, 0.1057652144928343807 ) ) ;
#4405 = ORIENTED_EDGE ( 'NONE', *, *, #3678, .T. ) ;
#4406 = ORIENTED_EDGE ( 'NONE', *, *, #3735, .T. ) ;
#4407 =( NAMED_UNIT ( * ) SI_UNIT ( $, .STERADIAN. ) SOLID_ANGLE_UNIT ( ) );
#4408 = DIRECTION ( 'NONE',  ( 0.9694834313197184805, 0.000000000000000000, -0.2451568404033317161 ) ) ;
#4409 = CARTESIAN_POINT ( 'NONE',  ( -0.04224685976086223899, 0.08000000000000004330, -0.1599999999999999756 ) ) ;
#4410 = CARTESIAN_POINT ( 'NONE',  ( -0.01434853082098024382, 0.05166984850717366851, -0.1595842419334807250 ) ) ;
#4411 = CARTESIAN_POINT ( 'NONE',  ( 0.07523936626947612394, 0.06050188095309824710, -0.1507833242175617150 ) ) ;
#4412 = CIRCLE ( 'NONE', #1397, 0.01499999999999999598 ) ;
#4413 = CARTESIAN_POINT ( 'NONE',  ( 0.03257769607660405270, -0.1599999999999998368, 0.1800000000000000766 ) ) ;
#4414 = B_SPLINE_SURFACE_WITH_KNOTS ( 'NONE', 3, 1, ( 
 ( #6680, #5237 ),
 ( #5272, #877 ),
 ( #6756, #2366 ),
 ( #2309, #7351 ),
 ( #7479, #3095 ),
 ( #14, #3731 ),
 ( #2960, #3891 ),
 ( #6919, #5369 ),
 ( #2466, #3952 ),
 ( #4663, #2435 ),
 ( #1661, #4595 ) ),
 .UNSPECIFIED., .F., .F., .F.,
 ( 4, 1, 1, 1, 1, 3, 4 ),
 ( 2, 2 ),
 ( 0.4999999571271777077, 0.5846169476978876345, 0.7491849293604234683, 0.8454087080526229148, 0.9060393886626013638, 0.9999999999999998890, 1.003000002742602259 ),
 ( 0.000000000000000000, 1.000000000000000000 ),
 .UNSPECIFIED. ) ;
#4415 = VERTEX_POINT ( 'NONE', #2208 ) ;
#4416 = VERTEX_POINT ( 'NONE', #5136 ) ;
#4417 = CARTESIAN_POINT ( 'NONE',  ( 0.1150000000000000050, 0.05382126585984049055, 0.2000000000000000111 ) ) ;
#4418 = CARTESIAN_POINT ( 'NONE',  ( 0.05149099006641463805, -0.1238875184769430565, -0.1792573380220374157 ) ) ;
#4419 = CARTESIAN_POINT ( 'NONE',  ( -0.05775314023913770412, 0.07999999999999993228, 0.1599999999999999756 ) ) ;
#4420 = EDGE_CURVE ( 'NONE', #549, #1690, #8620, .T. ) ;
#4421 = SURFACE_STYLE_USAGE ( .BOTH. , #71 ) ;
#4422 = CARTESIAN_POINT ( 'NONE',  ( 0.04379874731805850213, 0.05954351437568160960, -0.1792538179515145713 ) ) ;
#4423 = VECTOR ( 'NONE', #2714, 1000.000000000000000 ) ;
#4424 =( NAMED_UNIT ( * ) SI_UNIT ( $, .STERADIAN. ) SOLID_ANGLE_UNIT ( ) );
#4425 = ORIENTED_EDGE ( 'NONE', *, *, #514, .F. ) ;
#4426 = ORIENTED_EDGE ( 'NONE', *, *, #6652, .T. ) ;
#4427 = UNCERTAINTY_MEASURE_WITH_UNIT (LENGTH_MEASURE( 1.000000000000000082E-05 ), #8897, 'distance_accuracy_value', 'NONE');
#4428 = ADVANCED_FACE ( 'NONE', ( #6452 ), #9454, .F. ) ;
#4429 = CARTESIAN_POINT ( 'NONE',  ( -0.1233248796206155573, -0.1838607323893742262, -0.08031000606441875134 ) ) ;
#4430 = CARTESIAN_POINT ( 'NONE',  ( 0.1525014675670199049, -0.1700000000000000955, 0.1230518830271274400 ) ) ;
#4431 = CARTESIAN_POINT ( 'NONE',  ( 0.008277217653604023243, 0.08446493541337594946, 0.1073057284990673044 ) ) ;
#4432 = CARTESIAN_POINT ( 'NONE',  ( -0.2152613609851926069, -0.2299999999999999545, -0.1513163763863970557 ) ) ;
#4433 = ORIENTED_EDGE ( 'NONE', *, *, #8571, .F. ) ;
#4434 = ORIENTED_EDGE ( 'NONE', *, *, #224, .T. ) ;
#4435 = CARTESIAN_POINT ( 'NONE',  ( -0.08016871703130686033, -0.1596657669923492173, 0.1720995417108199532 ) ) ;
#4436 = CARTESIAN_POINT ( 'NONE',  ( -0.09869537620125283517, -0.1961650908155704309, 0.1228871308659750389 ) ) ;
#4437 = CARTESIAN_POINT ( 'NONE',  ( 0.01889746868922057010, -0.1476049776487283749, 0.05374023319904857460 ) ) ;
#4438 =( LENGTH_UNIT ( ) NAMED_UNIT ( * ) SI_UNIT ( .MILLI., .METRE. ) );
#4439 = CARTESIAN_POINT ( 'NONE',  ( -0.02033162852806202903, 0.07553514886684735419, 0.1059518483957106738 ) ) ;
#4440 = CIRCLE ( 'NONE', #2610, 0.01500000000000000291 ) ;
#4441 =( GEOMETRIC_REPRESENTATION_CONTEXT ( 3 ) GLOBAL_UNCERTAINTY_ASSIGNED_CONTEXT ( ( #8188 ) ) GLOBAL_UNIT_ASSIGNED_CONTEXT ( ( #7905, #5692, #7848 ) ) REPRESENTATION_CONTEXT ( 'NONE', 'WORKASPACE' ) );
#4442 = CARTESIAN_POINT ( 'NONE',  ( -0.06173722761192441955, -0.08780789002666676557, -0.2004157976314048795 ) ) ;
#4443 = CARTESIAN_POINT ( 'NONE',  ( 0.08090683349095786903, -0.1596501983536279812, -0.2107090394045425252 ) ) ;
#4444 = B_SPLINE_CURVE_WITH_KNOTS ( 'NONE', 3,
 ( #321, #4008, #5483, #1845, #6976, #2575, #4157 ),
 .UNSPECIFIED., .F., .F.,
 ( 4, 3, 4 ),
 ( 0.0001006536442539721245, 0.0001044680844359010099, 0.0001072960116864030090 ),
 .UNSPECIFIED. ) ;
#4445 = CARTESIAN_POINT ( 'NONE',  ( -0.01574389540271731169, 0.06098055610365419460, -0.1054173326258477789 ) ) ;
#4446 = CARTESIAN_POINT ( 'NONE',  ( -0.02325557461147213095, 0.06137348738583153079, 0.1758609126826844171 ) ) ;
#4447 = CARTESIAN_POINT ( 'NONE',  ( 0.1727154805785203751, -0.1700000000000000122, 0.1472490126125821919 ) ) ;
#4448 = CARTESIAN_POINT ( 'NONE',  ( 0.04529042083059239138, 0.05958890970446145685, -0.1492909601205910930 ) ) ;
#4449 = CARTESIAN_POINT ( 'NONE',  ( 0.05475372097484277473, 0.06507669820300857055, -0.1094382610196616007 ) ) ;
#4450 = EDGE_LOOP ( 'NONE', ( #6836, #3747, #7259, #1202 ) ) ;
#4451 = EDGE_CURVE ( 'NONE', #2819, #4656, #2012, .T. ) ;
#4452 = CARTESIAN_POINT ( 'NONE',  ( -0.1203907717378885217, -0.1884149016220270645, -0.04658117371216581593 ) ) ;
#4453 = CARTESIAN_POINT ( 'NONE',  ( 0.002266917901683574398, 0.04139243589432348158, -0.1472126888247425047 ) ) ;
#4454 = SURFACE_SIDE_STYLE ('',( #4096 ) ) ;
#4455 = CARTESIAN_POINT ( 'NONE',  ( 0.02787913665942245989, 0.07849817793620419981, 0.1327563563108895006 ) ) ;
#4456 = CARTESIAN_POINT ( 'NONE',  ( 0.1217548925522692338, -0.1759110094691613280, 0.04505190493522848172 ) ) ;
#4457 = EDGE_LOOP ( 'NONE', ( #2254, #3590 ) ) ;
#4458 = CARTESIAN_POINT ( 'NONE',  ( 0.05317149098954745273, -0.01400888410304170460, 0.1822671883759724165 ) ) ;
#4459 = COLOUR_RGB ( '',1.000000000000000000, 1.000000000000000000, 0.5019607843137254832 ) ;
#4460 = CARTESIAN_POINT ( 'NONE',  ( 0.006530311472578560934, 0.06549469168344157488, 0.1790834452820627698 ) ) ;
#4461 = CARTESIAN_POINT ( 'NONE',  ( -0.06711258584903408153, -0.06819408491691671126, 0.2134020391818707008 ) ) ;
#4462 = CARTESIAN_POINT ( 'NONE',  ( 0.03034303733933077507, 0.04864341698340243769, 0.1597475851036911088 ) ) ;
#4463 = CARTESIAN_POINT ( 'NONE',  ( -0.04662235944712012775, 0.05733422593891305402, 0.1711485249789822527 ) ) ;
#4464 = CARTESIAN_POINT ( 'NONE',  ( 0.03239243022199188304, -0.2123950371374371537, -0.02707595857200019440 ) ) ;
#4465 = COLOUR_RGB ( '',1.000000000000000000, 1.000000000000000000, 0.5019607843137254832 ) ;
#4466 = ADVANCED_FACE ( 'NONE', ( #2348 ), #4040, .T. ) ;
#4467 = COLOUR_RGB ( '',1.000000000000000000, 1.000000000000000000, 1.000000000000000000 ) ;
#4468 = SURFACE_STYLE_USAGE ( .BOTH. , #752 ) ;
#4469 = STYLED_ITEM ( 'NONE', ( #2900 ), #6316 ) ;
#4470 = CARTESIAN_POINT ( 'NONE',  ( 0.007107306169619426010, 0.08447173138404535930, 0.1338269443907603162 ) ) ;
#4471 = ADVANCED_FACE ( 'NONE', ( #7039 ), #1043, .T. ) ;
#4472 = SURFACE_SIDE_STYLE ('',( #134 ) ) ;
#4473 = CARTESIAN_POINT ( 'NONE',  ( 0.1237912600538252500, -0.1799999999999776223, 0.08120172720662248433 ) ) ;
#4474 = CARTESIAN_POINT ( 'NONE',  ( -0.03983424010840080215, 0.02631313534967262557, -0.2135391152795464709 ) ) ;
#4475 = CARTESIAN_POINT ( 'NONE',  ( 0.07430336292429100264, 0.04222976660089600848, -0.1807462291666992182 ) ) ;
#4476 = CARTESIAN_POINT ( 'NONE',  ( -0.05938439204331855820, 0.07275956983467629646, -0.05407232402845882357 ) ) ;
#4477 = CARTESIAN_POINT ( 'NONE',  ( -0.06452373603752792341, 0.07275950614702159092, 0.02579026958041856499 ) ) ;
#4478 = CARTESIAN_POINT ( 'NONE',  ( 0.04459033385644804726, 0.06589374925773897052, -0.1849469174795842219 ) ) ;
#4479 = CARTESIAN_POINT ( 'NONE',  ( 0.1244805217859632079, -0.2300000000000001765, 0.08245206481447006630 ) ) ;
#4480 = CARTESIAN_POINT ( 'NONE',  ( 0.05520045882711243496, 0.06503206759435016526, -0.1063275469359768327 ) ) ;
#4481 =( NAMED_UNIT ( * ) SI_UNIT ( $, .STERADIAN. ) SOLID_ANGLE_UNIT ( ) );
#4482 = STYLED_ITEM ( 'NONE', ( #7112 ), #7797 ) ;
#4483 = CARTESIAN_POINT ( 'NONE',  ( 0.04694471918631386298, 0.06573745081408303992, 0.1575000000000000289 ) ) ;
#4484 = CARTESIAN_POINT ( 'NONE',  ( 0.06001733102831773720, -0.2100000000000000477, 0.0007208539969983218231 ) ) ;
#4485 = CYLINDRICAL_SURFACE ( 'NONE', #2761, 0.01500000000000000465 ) ;
#4486 = CARTESIAN_POINT ( 'NONE',  ( -0.02911274646542583514, 0.08724039871988237271, -0.1597322420500395246 ) ) ;
#4487 = ORIENTED_EDGE ( 'NONE', *, *, #6115, .T. ) ;
#4488 = CARTESIAN_POINT ( 'NONE',  ( -0.01358460083295291547, 0.02347686290907035830, 0.1466633674648662178 ) ) ;
#4489 = UNCERTAINTY_MEASURE_WITH_UNIT (LENGTH_MEASURE( 1.000000000000000082E-05 ), #9081, 'distance_accuracy_value', 'NONE');
#4490 = CARTESIAN_POINT ( 'NONE',  ( 0.04184044750494803760, 0.04864350985480373618, -0.05399600537057213517 ) ) ;
#4491 = EDGE_CURVE ( 'NONE', #3510, #6035, #1439, .T. ) ;
#4492 = CARTESIAN_POINT ( 'NONE',  ( -0.07196933971382124540, 0.04558415070908202610, 0.1720995463656873614 ) ) ;
#4493 = CARTESIAN_POINT ( 'NONE',  ( -0.1210718620247217825, -0.2299999999999999545, -0.04574611991424980956 ) ) ;
#4494 = CIRCLE ( 'NONE', #6133, 0.01499999999999999771 ) ;
#4495 = CARTESIAN_POINT ( 'NONE',  ( -0.07047146707949827893, -0.1599234489190879127, 0.2134020470028331617 ) ) ;
#4496 = CARTESIAN_POINT ( 'NONE',  ( 0.06072634792644873020, 0.05166760948578333346, 0.1339747659758602216 ) ) ;
#4497 = CARTESIAN_POINT ( 'NONE',  ( 0.01290053401576154307, -0.1769980456568087390, 0.05403062533482731050 ) ) ;
#4498 = ORIENTED_EDGE ( 'NONE', *, *, #2722, .F. ) ;
#4499 = CARTESIAN_POINT ( 'NONE',  ( 0.01688944998909807163, -0.1769980238659117078, 0.1603467722081255431 ) ) ;
#4500 = EDGE_CURVE ( 'NONE', #8899, #5697, #1505, .T. ) ;
#4501 = FILL_AREA_STYLE_COLOUR ( '', #3917 ) ;
#4502 = CARTESIAN_POINT ( 'NONE',  ( 0.06480801263504055998, 0.05166073338746193094, 0.05439996602138243154 ) ) ;
#4503 = CARTESIAN_POINT ( 'NONE',  ( 0.03882841321154756331, 0.07849138835906371847, -0.05417481111629973006 ) ) ;
#4504 = CARTESIAN_POINT ( 'NONE',  ( -0.05647067506860625058, 0.07277320431515266197, -0.1071850233187526952 ) ) ;
#4505 = LINE ( 'NONE', #8276, #2563 ) ;
#4506 = CARTESIAN_POINT ( 'NONE',  ( -0.05337968955480298927, 0.02277780862093585143, -0.1734383768830768391 ) ) ;
#4507 = CARTESIAN_POINT ( 'NONE',  ( -0.03158189322792102904, -0.1799999999999999656, -0.1600000000000000033 ) ) ;
#4508 = ORIENTED_EDGE ( 'NONE', *, *, #695, .T. ) ;
#4509 = B_SPLINE_CURVE_WITH_KNOTS ( 'NONE', 3,
 ( #3023, #804, #4456, #6677, #3693, #8144, #2305 ),
 .UNSPECIFIED., .F., .F.,
 ( 4, 3, 4 ),
 ( 0.0001006536442539711080, 0.0001044680844359001560, 0.0001072960116864021417 ),
 .UNSPECIFIED. ) ;
#4510 = CARTESIAN_POINT ( 'NONE',  ( -0.05647067506860625058, 0.07277320431515266197, -0.1071850233187526952 ) ) ;
#4511 = AXIS2_PLACEMENT_3D ( 'NONE', #6496, #661, #7270 ) ;
#4512 = LINE ( 'NONE', #3743, #8963 ) ;
#4513 = CARTESIAN_POINT ( 'NONE',  ( -0.01525061971210386717, 0.06277035756662432964, 0.1658745934577748327 ) ) ;
#4514 = PRESENTATION_LAYER_ASSIGNMENT (  '', '', ( #6995 ) ) ;
#4515 = CARTESIAN_POINT ( 'NONE',  ( 0.1263304363684769616, -0.2300000000000001488, 0.08571248745034228123 ) ) ;
#4516 = ORIENTED_EDGE ( 'NONE', *, *, #5694, .F. ) ;
#4517 = CARTESIAN_POINT ( 'NONE',  ( -0.1177280350190142016, -0.1950053259068073586, -0.05791550827672212187 ) ) ;
#4518 = CARTESIAN_POINT ( 'NONE',  ( 0.03075071963344652021, 0.06066989973681457399, -0.1546713453603865418 ) ) ;
#4519 = SURFACE_STYLE_USAGE ( .BOTH. , #3913 ) ;
#4520 = B_SPLINE_CURVE_WITH_KNOTS ( 'NONE', 3,
 ( #8168, #6601, #4452, #5855, #8893, #129, #7340, #8108, #3782, #6564, #6637, #4517, #2918, #1513, #8766, #3014, #102, #2201, #7369, #2948, #3683, #8796, #2262, #696, #69, #5191, #5824, #5922, #1451, #8139, #8075 ),
 .UNSPECIFIED., .F., .F.,
 ( 4, 3, 3, 3, 3, 3, 3, 3, 3, 3, 4 ),
 ( 6.657429615989194250E-06, 9.978340650181712816E-06, 1.485987774160849434E-05, 1.903322163944867206E-05, 2.458505523812373620E-05, 3.216468881395436017E-05, 3.993372622618197258E-05, 4.621777689910453916E-05, 4.978469461050937271E-05, 5.258014918145151551E-05, 5.361292778058567585E-05 ),
 .UNSPECIFIED. ) ;
#4521 = CARTESIAN_POINT ( 'NONE',  ( 0.05244599694193768230, -0.1603917168665567050, -0.1792538183240137417 ) ) ;
#4522 = ADVANCED_FACE ( 'NONE', ( #5072, #1180, #952, #6556, #4385, #6230, #4965 ), #7171, .T. ) ;
#4523 = FILL_AREA_STYLE_COLOUR ( '', #3275 ) ;
#4524 = SURFACE_STYLE_USAGE ( .BOTH. , #10 ) ;
#4525 = ORIENTED_EDGE ( 'NONE', *, *, #3083, .F. ) ;
#4526 = ORIENTED_EDGE ( 'NONE', *, *, #6081, .T. ) ;
#4527 = STYLED_ITEM ( 'NONE', ( #5742 ), #2843 ) ;
#4528 = CARTESIAN_POINT ( 'NONE',  ( -0.07978607075600704923, -0.1450397118861447843, 0.1721009521212837068 ) ) ;
#4529 = ORIENTED_EDGE ( 'NONE', *, *, #484, .F. ) ;
#4530 = CARTESIAN_POINT ( 'NONE',  ( 0.01563460315966882022, -0.1770064808639575660, 0.1072549813255708334 ) ) ;
#4531 = AXIS2_PLACEMENT_3D ( 'NONE', #5913, #1540, #6659 ) ;
#4532 = SURFACE_SIDE_STYLE ('',( #7071 ) ) ;
#4533 = CARTESIAN_POINT ( 'NONE',  ( -0.07167269682041772783, 0.05548729996126795794, 0.1720995200910196143 ) ) ;
#4534 = EDGE_CURVE ( 'NONE', #7965, #7104, #6853, .T. ) ;
#4535 = SURFACE_STYLE_FILL_AREA ( #272 ) ;
#4536 = VERTEX_POINT ( 'NONE', #7733 ) ;
#4537 = ORIENTED_EDGE ( 'NONE', *, *, #1011, .F. ) ;
#4538 = CARTESIAN_POINT ( 'NONE',  ( 0.04163720122047109146, 0.05998743945579433634, 0.1599823585076224075 ) ) ;
#4539 = PRESENTATION_STYLE_ASSIGNMENT (( #8668 ) ) ;
#4540 = CARTESIAN_POINT ( 'NONE',  ( 0.03034303733933077507, 0.04864341698340243769, 0.1597475851036911088 ) ) ;
#4541 = VERTEX_POINT ( 'NONE', #350 ) ;
#4542 = CARTESIAN_POINT ( 'NONE',  ( 0.03072406406402571760, 0.1083392031783184245, 0.02548626400938239223 ) ) ;
#4543 = CARTESIAN_POINT ( 'NONE',  ( -0.02207016194171037074, 0.07553504503132692227, 0.1597049293376392176 ) ) ;
#4544 = CARTESIAN_POINT ( 'NONE',  ( -0.03478518046427853116, -0.08663842701669530189, -0.2135390445609176846 ) ) ;
#4545 = CARTESIAN_POINT ( 'NONE',  ( 0.07281203324023140244, 0.04217307612781279885, -0.2107090869978859859 ) ) ;
#4546 = CIRCLE ( 'NONE', #6935, 0.01500000000000000118 ) ;
#4547 = MECHANICAL_DESIGN_GEOMETRIC_PRESENTATION_REPRESENTATION (  '', ( #5954 ), #5038 ) ;
#4548 = EDGE_LOOP ( 'NONE', ( #6067, #5105, #8154, #1028, #946, #8458 ) ) ;
#4549 = UNCERTAINTY_MEASURE_WITH_UNIT (LENGTH_MEASURE( 1.000000000000000082E-05 ), #1906, 'distance_accuracy_value', 'NONE');
#4550 = FILL_AREA_STYLE_COLOUR ( '', #3347 ) ;
#4551 = DIRECTION ( 'NONE',  ( 0.000000000000000000, 0.000000000000000000, 1.000000000000000000 ) ) ;
#4552 = CARTESIAN_POINT ( 'NONE',  ( 0.02344351624343191109, -0.1229444319414212533, 0.1480774836709121134 ) ) ;
#4553 = CARTESIAN_POINT ( 'NONE',  ( -0.007753140239137710880, 0.07999999999999989064, 0.1600000000000000033 ) ) ;
#4554 =( NAMED_UNIT ( * ) PLANE_ANGLE_UNIT ( ) SI_UNIT ( $, .RADIAN. ) );
#4555 = DIRECTION ( 'NONE',  ( 0.04805693313322132593, 0.000000000000000000, 0.9988445981121534256 ) ) ;
#4556 = EDGE_CURVE ( 'NONE', #7268, #1784, #6482, .T. ) ;
#4557 = CARTESIAN_POINT ( 'NONE',  ( 0.1150000000000000050, 0.05382126775608768454, -0.2000000000000000111 ) ) ;
#4558 = CARTESIAN_POINT ( 'NONE',  ( -0.1373303468199086885, 0.06276119428264621825, 0.1999999999999999833 ) ) ;
#4559 = CARTESIAN_POINT ( 'NONE',  ( 0.05405656552228464001, -0.2100042486362429517, -0.1328099108967382980 ) ) ;
#4560 = ORIENTED_EDGE ( 'NONE', *, *, #7450, .T. ) ;
#4561 = VERTEX_POINT ( 'NONE', #6467 ) ;
#4562 =( GEOMETRIC_REPRESENTATION_CONTEXT ( 3 ) GLOBAL_UNCERTAINTY_ASSIGNED_CONTEXT ( ( #2154 ) ) GLOBAL_UNIT_ASSIGNED_CONTEXT ( ( #2827, #8459, #3378 ) ) REPRESENTATION_CONTEXT ( 'NONE', 'WORKASPACE' ) );
#4563 = CARTESIAN_POINT ( 'NONE',  ( 0.02430912068225565825, 0.1083391459639089643, 0.1596389975289853325 ) ) ;
#4564 = CARTESIAN_POINT ( 'NONE',  ( -0.09481767416992330222, -0.1222797244707338887, 0.1976010736303302207 ) ) ;
#4565 = CARTESIAN_POINT ( 'NONE',  ( 0.05076663320341168184, -0.06896086507194341964, 0.1822671877951881070 ) ) ;
#4566 = PLANE ( 'NONE',  #865 ) ;
#4567 = STYLED_ITEM ( 'NONE', ( #9237 ), #8832 ) ;
#4568 = CARTESIAN_POINT ( 'NONE',  ( 0.04174343265777232664, 0.07850502150267235635, -0.1072625030480235664 ) ) ;
#4569 = ORIENTED_EDGE ( 'NONE', *, *, #5777, .F. ) ;
#4570 = VERTEX_POINT ( 'NONE', #7772 ) ;
#4571 = SURFACE_SIDE_STYLE ('',( #5627 ) ) ;
#4572 = ADVANCED_FACE ( 'NONE', ( #6025 ), #8648, .T. ) ;
#4573 = CARTESIAN_POINT ( 'NONE',  ( 0.07121319023880830212, 0.06294738627091189809, -0.1881359625029922766 ) ) ;
#4574 = DIRECTION ( 'NONE',  ( -1.000000000000000000, 0.000000000000000000, -0.000000000000000000 ) ) ;
#4575 = AXIS2_PLACEMENT_3D ( 'NONE', #3677, #1473, #1401 ) ;
#4576 = CARTESIAN_POINT ( 'NONE',  ( 0.04512833791789729737, 0.02271706848293186115, -0.1792538183720273348 ) ) ;
#4577 = B_SPLINE_CURVE_WITH_KNOTS ( 'NONE', 3,
 ( #2354, #6911, #6058, #8237, #9053, #4686, #9083, #1064 ),
 .UNSPECIFIED., .F., .F.,
 ( 4, 1, 1, 1, 1, 4 ),
 ( 0.000000000000000000, 0.1274639945884469550, 0.2621587074575456033, 0.4330378518549585221, 0.4971100557800189335, 0.5000000000000011102 ),
 .UNSPECIFIED. ) ;
#4578 = ORIENTED_EDGE ( 'NONE', *, *, #5999, .T. ) ;
#4579 = CARTESIAN_POINT ( 'NONE',  ( -0.002875776339621803797, -0.1421217031622966642, 0.1851905820988625773 ) ) ;
#4580 = SURFACE_SIDE_STYLE ('',( #9070 ) ) ;
#4581 = CARTESIAN_POINT ( 'NONE',  ( 0.05384580864673244038, 0.06516512800582559273, -0.02078704949663896795 ) ) ;
#4582 = DIRECTION ( 'NONE',  ( 0.000000000000000000, 0.000000000000000000, -1.000000000000000000 ) ) ;
#4583 = DIRECTION ( 'NONE',  ( 0.5335477900353226000, 0.000000000000000000, -0.8457699189191014710 ) ) ;
#4584 = CARTESIAN_POINT ( 'NONE',  ( 0.05716764051093140009, 0.08150871852634393455, 0.1603067086836617583 ) ) ;
#4585 = CARTESIAN_POINT ( 'NONE',  ( -0.2325630728473178921, 0.04653785154078909914, -0.2000000000000000111 ) ) ;
#4586 =( NAMED_UNIT ( * ) SI_UNIT ( $, .STERADIAN. ) SOLID_ANGLE_UNIT ( ) );
#4587 = ORIENTED_EDGE ( 'NONE', *, *, #7634, .T. ) ;
#4588 =( GEOMETRIC_REPRESENTATION_CONTEXT ( 3 ) GLOBAL_UNCERTAINTY_ASSIGNED_CONTEXT ( ( #3905 ) ) GLOBAL_UNIT_ASSIGNED_CONTEXT ( ( #5813, #3584, #2123 ) ) REPRESENTATION_CONTEXT ( 'NONE', 'WORKASPACE' ) );
#4589 = SURFACE_STYLE_FILL_AREA ( #3829 ) ;
#4590 = AXIS2_PLACEMENT_3D ( 'NONE', #6766, #8943, #4574 ) ;
#4591 = CARTESIAN_POINT ( 'NONE',  ( 0.07267395238361197551, 0.08150857145238467327, -0.1596940962204190240 ) ) ;
#4592 =( LENGTH_UNIT ( ) NAMED_UNIT ( * ) SI_UNIT ( .MILLI., .METRE. ) );
#4593 = LINE ( 'NONE', #3404, #3336 ) ;
#4594 = CARTESIAN_POINT ( 'NONE',  ( 0.02096756751788050877, 0.08447857841192439599, -0.1059920774311447905 ) ) ;
#4595 = CARTESIAN_POINT ( 'NONE',  ( 0.1215706202752425968, -0.1600000000000000311, 0.04522770759022987086 ) ) ;
#4596 = CARTESIAN_POINT ( 'NONE',  ( -0.02395375127464411183, 0.02391315327401234356, 0.1748112765039873395 ) ) ;
#4597 = CARTESIAN_POINT ( 'NONE',  ( -0.05994522428560374733, 0.05581986621540170612, 0.1649434885134783701 ) ) ;
#4598 = AXIS2_PLACEMENT_3D ( 'NONE', #9109, #4743, #7025 ) ;
#4599 = CIRCLE ( 'NONE', #5511, 0.01499999999999998557 ) ;
#4600 = UNCERTAINTY_MEASURE_WITH_UNIT (LENGTH_MEASURE( 1.000000000000000082E-05 ), #3205, 'distance_accuracy_value', 'NONE');
#4601 = DIRECTION ( 'NONE',  ( -0.000000000000000000, 1.000000000000000000, -0.000000000000000000 ) ) ;
#4602 = STYLED_ITEM ( 'NONE', ( #525 ), #7410 ) ;
#4603 = CARTESIAN_POINT ( 'NONE',  ( 0.008362842552245730587, 0.05998743853633663886, -0.1599823553555815014 ) ) ;
#4604 = CARTESIAN_POINT ( 'NONE',  ( 0.05589588985345325667, 0.1113565747650763771, 0.1071966882977194169 ) ) ;
#4605 = CARTESIAN_POINT ( 'NONE',  ( 0.03099784915577624006, 0.05582460189391248717, -0.1595166432032888437 ) ) ;
#4606 = FILL_AREA_STYLE ('',( #3175 ) ) ;
#4607 = FILL_AREA_STYLE_COLOUR ( '', #2468 ) ;
#4608 = FACE_OUTER_BOUND ( 'NONE', #742, .T. ) ;
#4609 = CARTESIAN_POINT ( 'NONE',  ( 0.05244599694193768230, -0.1603917168665567050, -0.1792538183240137417 ) ) ;
#4610 = CARTESIAN_POINT ( 'NONE',  ( -0.07151807544422841834, 0.06038846810218673200, 0.1720995093066837178 ) ) ;
#4611 = EDGE_CURVE ( 'NONE', #6026, #3445, #4776, .T. ) ;
#4612 = SURFACE_STYLE_FILL_AREA ( #3751 ) ;
#4613 = ORIENTED_EDGE ( 'NONE', *, *, #4003, .F. ) ;
#4614 = DIRECTION ( 'NONE',  ( 0.9993792147296974848, -0.02614344219221960072, -0.02361579125490281816 ) ) ;
#4615 = CARTESIAN_POINT ( 'NONE',  ( 0.05608778427284858564, 0.06494161498702653856, -0.1612568435699301972 ) ) ;
#4616 = CARTESIAN_POINT ( 'NONE',  ( -0.2650000000000000133, -0.1700000000000000122, -0.2000000000000000111 ) ) ;
#4617 = CARTESIAN_POINT ( 'NONE',  ( 0.05492430017308392448, 0.02269937257802019312, 0.1822672801020014943 ) ) ;
#4618 = SURFACE_SIDE_STYLE ('',( #4806 ) ) ;
#4619 = CARTESIAN_POINT ( 'NONE',  ( -0.02033162852806202903, 0.07553514886684735419, 0.1059518483957106738 ) ) ;
#4620 = CARTESIAN_POINT ( 'NONE',  ( 0.04224685976086230838, 0.07999999999999983513, 0.1599999999999999756 ) ) ;
#4621 = AXIS2_PLACEMENT_3D ( 'NONE', #2368, #113, #175 ) ;
#4622 = CARTESIAN_POINT ( 'NONE',  ( -0.06841810677207897651, -0.1800000000000001044, 0.1599999999999998646 ) ) ;
#4623 = CARTESIAN_POINT ( 'NONE',  ( -0.0004507495551352280055, 0.1449999999999999900, 0.1749999999999999611 ) ) ;
#4624 = CARTESIAN_POINT ( 'NONE',  ( -0.008362798779528949483, 0.05998743945579443348, 0.1599823585076225185 ) ) ;
#4625 = ADVANCED_FACE ( 'NONE', ( #6724 ), #7946, .F. ) ;
#4626 = CARTESIAN_POINT ( 'NONE',  ( -0.01115300196607027679, -0.08681002948121478713, 0.2133367084830173066 ) ) ;
#4627 = VERTEX_POINT ( 'NONE', #9178 ) ;
#4628 = CARTESIAN_POINT ( 'NONE',  ( -0.1727154805785204583, -0.1700000000000000122, -0.1472490126125821919 ) ) ;
#4629 = EDGE_CURVE ( 'NONE', #7531, #8398, #5454, .T. ) ;
#4630 = DIRECTION ( 'NONE',  ( -0.000000000000000000, 1.000000000000000000, -0.000000000000000000 ) ) ;
#4631 = LINE ( 'NONE', #1209, #7944 ) ;
#4632 = FILL_AREA_STYLE_COLOUR ( '', #845 ) ;
#4633 = CARTESIAN_POINT ( 'NONE',  ( 0.02787913665942245989, 0.07849817793620419981, 0.1327563563108895006 ) ) ;
#4634 = CIRCLE ( 'NONE', #9441, 0.01499999999999999251 ) ;
#4635 = CARTESIAN_POINT ( 'NONE',  ( -0.07279225769380755218, 0.02384145569598937128, 0.1720995550641016836 ) ) ;
#4636 = LINE ( 'NONE', #7460, #7497 ) ;
#4637 = EDGE_CURVE ( 'NONE', #6986, #6036, #3734, .T. ) ;
#4638 = VERTEX_POINT ( 'NONE', #1160 ) ;
#4639 = CARTESIAN_POINT ( 'NONE',  ( 0.000000000000000000, 0.000000000000000000, -0.2000000000000000111 ) ) ;
#4640 = CARTESIAN_POINT ( 'NONE',  ( 0.05877322003750036494, 0.06000000000000001166, -0.1799999999999998546 ) ) ;
#4641 = CARTESIAN_POINT ( 'NONE',  ( 0.06026046665502509531, 0.06448255642921710273, -0.1624412269751353000 ) ) ;
#4642 = CARTESIAN_POINT ( 'NONE',  ( -0.03257769607660393474, -0.1600000000000004752, -0.1799999999999997713 ) ) ;
#4643 = CARTESIAN_POINT ( 'NONE',  ( 0.04091929997809587438, 0.06000941012645279182, 0.1949968452518758277 ) ) ;
#4644 = CIRCLE ( 'NONE', #6821, 0.01499999999999999771 ) ;
#4645 = CARTESIAN_POINT ( 'NONE',  ( 0.04666160848939131939, -0.01397366860696561651, -0.1792538175309876802 ) ) ;
#4646 = DIRECTION ( 'NONE',  ( -0.02614935266313265366, 0.9996580472117948535, 0.000000000000000000 ) ) ;
#4647 = VERTEX_POINT ( 'NONE', #5789 ) ;
#4648 = EDGE_CURVE ( 'NONE', #579, #8632, #4546, .T. ) ;
#4649 = VERTEX_POINT ( 'NONE', #2611 ) ;
#4650 = DIRECTION ( 'NONE',  ( 3.614007241618347785E-16, 0.000000000000000000, 1.000000000000000000 ) ) ;
#4651 = DIRECTION ( 'NONE',  ( 0.9694834313197185915, 0.000000000000000000, -0.2451568404033317161 ) ) ;
#4652 = CARTESIAN_POINT ( 'NONE',  ( 0.002193785690617217239, 0.06509749619826753209, -0.002650142225538350011 ) ) ;
#4653 = PRESENTATION_STYLE_ASSIGNMENT (( #117 ) ) ;
#4654 = CARTESIAN_POINT ( 'NONE',  ( -0.1149999999999999772, -0.1700000000000000122, 0.2000000000000000111 ) ) ;
#4655 = CARTESIAN_POINT ( 'NONE',  ( 0.08998266897168234746, -0.1800000000000000488, -0.0007208539969983181368 ) ) ;
#4656 = VERTEX_POINT ( 'NONE', #32 ) ;
#4657 = ORIENTED_EDGE ( 'NONE', *, *, #3467, .F. ) ;
#4658 = ORIENTED_EDGE ( 'NONE', *, *, #2405, .T. ) ;
#4659 = CARTESIAN_POINT ( 'NONE',  ( -0.03321345106879080439, 0.06074504305421840611, 0.2029590944504461314 ) ) ;
#4660 = CARTESIAN_POINT ( 'NONE',  ( -0.1525014675670198216, -0.2300000000000000655, -0.1230518830271274400 ) ) ;
#4661 = CARTESIAN_POINT ( 'NONE',  ( -0.07151807544422841834, 0.06038846810218673200, 0.1720995093066837178 ) ) ;
#4662 =( GEOMETRIC_REPRESENTATION_CONTEXT ( 3 ) GLOBAL_UNCERTAINTY_ASSIGNED_CONTEXT ( ( #4956 ) ) GLOBAL_UNIT_ASSIGNED_CONTEXT ( ( #652, #5078, #6545 ) ) REPRESENTATION_CONTEXT ( 'NONE', 'WORKASPACE' ) );
#4663 = CARTESIAN_POINT ( 'NONE',  ( 0.1213981180467328391, -0.2300000000000000655, 0.04539237682713890415 ) ) ;
#4664 = ORIENTED_EDGE ( 'NONE', *, *, #114, .F. ) ;
#4665 = VERTEX_POINT ( 'NONE', #2171 ) ;
#4666 = PRESENTATION_LAYER_ASSIGNMENT (  '', '', ( #241 ) ) ;
#4667 = CARTESIAN_POINT ( 'NONE',  ( -0.1149999999999999772, 0.1710000000000000409, -0.1575000000000000011 ) ) ;
#4668 = EDGE_CURVE ( 'NONE', #9137, #8222, #2605, .T. ) ;
#4669 = CARTESIAN_POINT ( 'NONE',  ( -0.1988062389287093279, -0.1700000000000000122, -0.08175643111878473646 ) ) ;
#4670 = SURFACE_SIDE_STYLE ('',( #6082 ) ) ;
#4671 = DIRECTION ( 'NONE',  ( -0.02052340527576413873, 0.0002562270569816748971, 0.9997893399029527117 ) ) ;
#4672 =( NAMED_UNIT ( * ) SI_UNIT ( $, .STERADIAN. ) SOLID_ANGLE_UNIT ( ) );
#4673 = VERTEX_POINT ( 'NONE', #5514 ) ;
#4674 = ORIENTED_EDGE ( 'NONE', *, *, #7303, .F. ) ;
#4675 = UNCERTAINTY_MEASURE_WITH_UNIT (LENGTH_MEASURE( 1.000000000000000082E-05 ), #451, 'distance_accuracy_value', 'NONE');
#4676 = CARTESIAN_POINT ( 'NONE',  ( 0.2017251974013795635, -0.1599999999999999478, 0.1177992224742518967 ) ) ;
#4677 = DIRECTION ( 'NONE',  ( -0.000000000000000000, 0.000000000000000000, 1.000000000000000000 ) ) ;
#4678 = CARTESIAN_POINT ( 'NONE',  ( -0.02167422281184537211, -0.08607059432915681318, -0.1865616393858872679 ) ) ;
#4679 = MECHANICAL_DESIGN_GEOMETRIC_PRESENTATION_REPRESENTATION (  '', ( #8767 ), #1930 ) ;
#4680 = CARTESIAN_POINT ( 'NONE',  ( 0.004171156813414360690, 0.02272970270860739245, 0.1851889070974699070 ) ) ;
#4681 = SURFACE_STYLE_USAGE ( .BOTH. , #3313 ) ;
#4682 = DIRECTION ( 'NONE',  ( -0.9794942761024153510, 0.2001337104721970239, 0.02318320545645399799 ) ) ;
#4683 = CARTESIAN_POINT ( 'NONE',  ( 0.04623641659554863365, -0.06876664894519583793, 0.2119225319047737255 ) ) ;
#4684 = CARTESIAN_POINT ( 'NONE',  ( 0.001793643462902311898, 0.06505717777703505511, -0.002623260176493002159 ) ) ;
#4685 = EDGE_CURVE ( 'NONE', #2523, #4790, #9324, .T. ) ;
#4686 = CARTESIAN_POINT ( 'NONE',  ( -0.2174977118581830071, -0.1600000000000000311, -0.1476558756124145555 ) ) ;
#4687 = CARTESIAN_POINT ( 'NONE',  ( -0.07151807544422839058, 0.06038846810218672506, 0.1720995093066837178 ) ) ;
#4688 = CARTESIAN_POINT ( 'NONE',  ( 0.005865821113897242561, -0.1582942358159560303, 0.1055642161484204311 ) ) ;
#4689 = FACE_OUTER_BOUND ( 'NONE', #8461, .T. ) ;
#4690 = EDGE_CURVE ( 'NONE', #6591, #9129, #425, .T. ) ;
#4691 = CARTESIAN_POINT ( 'NONE',  ( -0.06267224229629062004, -0.1885249398376023233, -0.0005931195190617568171 ) ) ;
#4692 = DIRECTION ( 'NONE',  ( -0.02052340527576259482, 0.0002562270569695206655, 0.9997893399029529338 ) ) ;
#4693 = ORIENTED_EDGE ( 'NONE', *, *, #6136, .T. ) ;
#4694 = CARTESIAN_POINT ( 'NONE',  ( -0.02151754748105509651, 0.07554193604853857991, 0.1327892651147117298 ) ) ;
#4695 = DIRECTION ( 'NONE',  ( -0.03046991852340233398, 0.9995356842380251905, 3.719675056887077259E-19 ) ) ;
#4696 =( GEOMETRIC_REPRESENTATION_CONTEXT ( 3 ) GLOBAL_UNCERTAINTY_ASSIGNED_CONTEXT ( ( #8122 ) ) GLOBAL_UNIT_ASSIGNED_CONTEXT ( ( #1417, #7951, #2892 ) ) REPRESENTATION_CONTEXT ( 'NONE', 'WORKASPACE' ) );
#4697 = CARTESIAN_POINT ( 'NONE',  ( -0.03607213664493619243, -0.01221984099825072084, 0.2029590947170044346 ) ) ;
#4698 = CARTESIAN_POINT ( 'NONE',  ( -0.04609589079712019671, 0.05741430388443003602, 0.1879004960365207866 ) ) ;
#4699 = CARTESIAN_POINT ( 'NONE',  ( -0.1655526671241021874, -0.1700000000000000122, -0.05290356562635827736 ) ) ;
#4700 = VECTOR ( 'NONE', #8718, 1000.000000000000000 ) ;
#4701 = CARTESIAN_POINT ( 'NONE',  ( 0.2650000000000000133, 0.1700000000000000122, -0.2000000000000000111 ) ) ;
#4702 = CARTESIAN_POINT ( 'NONE',  ( 0.03882841321154756331, 0.07849138835906371847, -0.05417481111629973006 ) ) ;
#4703 = CARTESIAN_POINT ( 'NONE',  ( 0.05825408993245752981, 0.06470726648547334148, -0.1616942027239448021 ) ) ;
#4704 = MECHANICAL_DESIGN_GEOMETRIC_PRESENTATION_REPRESENTATION (  '', ( #8918 ), #6991 ) ;
#4705 = SURFACE_SIDE_STYLE ('',( #5277 ) ) ;
#4706 = FILL_AREA_STYLE ('',( #9072 ) ) ;
#4707 = CARTESIAN_POINT ( 'NONE',  ( -0.07680421981838510270, -0.06777777249568327222, 0.1720995089880098250 ) ) ;
#4708 = TOROIDAL_SURFACE ( 'NONE', #6948, 0.02002113720135016359, 0.01499999999999999598 ) ;
#4709 = LINE ( 'NONE', #3243, #7120 ) ;
#4710 = CARTESIAN_POINT ( 'NONE',  ( 0.02614545028248305841, -0.01271537659288296714, -0.1837293514062841582 ) ) ;
#4711 = CARTESIAN_POINT ( 'NONE',  ( 0.1150000000000000328, -0.1700000000000000122, 0.2000000000000000111 ) ) ;
#4712 = CARTESIAN_POINT ( 'NONE',  ( 0.01901708071834672803, -0.01245429388155032055, 0.2073881565720247511 ) ) ;
#4713 = CARTESIAN_POINT ( 'NONE',  ( 0.1210718620247220462, -0.1735372582328823798, 0.04574611991424950425 ) ) ;
#4714 =( NAMED_UNIT ( * ) SI_UNIT ( $, .STERADIAN. ) SOLID_ANGLE_UNIT ( ) );
#4715 = VECTOR ( 'NONE', #4836, 1000.000000000000000 ) ;
#4716 =( NAMED_UNIT ( * ) SI_UNIT ( $, .STERADIAN. ) SOLID_ANGLE_UNIT ( ) );
#4717 = B_SPLINE_CURVE_WITH_KNOTS ( 'NONE', 3,
 ( #5316, #1033, #3217, #7569, #1718, #5354 ),
 .UNSPECIFIED., .F., .F.,
 ( 4, 2, 4 ),
 ( 0.9557658224638853062, 0.9778824883449259708, 1.000000000000000000 ),
 .UNSPECIFIED. ) ;
#4718 = AXIS2_PLACEMENT_3D ( 'NONE', #8238, #9054, #6191 ) ;
#4719 = ADVANCED_FACE ( 'NONE', ( #7090 ), #5190, .F. ) ;
#4720 = CARTESIAN_POINT ( 'NONE',  ( -0.02395375127464411183, 0.02391315327401234356, 0.1748112765039873395 ) ) ;
#4721 = PRESENTATION_LAYER_ASSIGNMENT (  '', '', ( #2083 ) ) ;
#4722 = CARTESIAN_POINT ( 'NONE',  ( 0.01289463137290461706, 0.08446487201132911460, 0.02760257471332332180 ) ) ;
#4723 = SURFACE_STYLE_USAGE ( .BOTH. , #3982 ) ;
#4724 = EDGE_CURVE ( 'NONE', #9129, #5271, #3650, .T. ) ;
#4725 = CARTESIAN_POINT ( 'NONE',  ( -0.2650000000000000133, 0.1700000000000000122, 0.1749999999999999889 ) ) ;
#4726 = CARTESIAN_POINT ( 'NONE',  ( 0.03099784915577624006, 0.05582460189391248717, -0.1595166432032888437 ) ) ;
#4727 = CARTESIAN_POINT ( 'NONE',  ( -0.04224685976086223899, 0.08000000000000004330, -0.1599999999999999756 ) ) ;
#4728 = ORIENTED_EDGE ( 'NONE', *, *, #5830, .T. ) ;
#4729 = CARTESIAN_POINT ( 'NONE',  ( -0.01853928658077071481, -0.08650274834164334292, 0.1466632599674078941 ) ) ;
#4730 = CARTESIAN_POINT ( 'NONE',  ( -0.03023472080557222663, 0.05913004720536158693, 0.1623989419714512716 ) ) ;
#4731 = LINE ( 'NONE', #9077, #818 ) ;
#4732 = CARTESIAN_POINT ( 'NONE',  ( -0.2650000000000000133, -0.1700000000000000122, -0.2000000000000000111 ) ) ;
#4733 =( GEOMETRIC_REPRESENTATION_CONTEXT ( 3 ) GLOBAL_UNCERTAINTY_ASSIGNED_CONTEXT ( ( #6865 ) ) GLOBAL_UNIT_ASSIGNED_CONTEXT ( ( #9295, #1097, #4716 ) ) REPRESENTATION_CONTEXT ( 'NONE', 'WORKASPACE' ) );
#4734 = CARTESIAN_POINT ( 'NONE',  ( 0.04224685976086230838, 0.07999999999999983513, 0.1599999999999999756 ) ) ;
#4735 = SURFACE_STYLE_USAGE ( .BOTH. , #2535 ) ;
#4736 = CARTESIAN_POINT ( 'NONE',  ( -0.04537642273386433001, -0.1741174803918314473, -0.1596730156438414261 ) ) ;
#4737 = ORIENTED_EDGE ( 'NONE', *, *, #4611, .F. ) ;
#4738 = FILL_AREA_STYLE ('',( #6079 ) ) ;
#4739 = CARTESIAN_POINT ( 'NONE',  ( -0.07088710494496802683, 0.07275947084674075360, 0.1597285065621297240 ) ) ;
#4740 = FACE_OUTER_BOUND ( 'NONE', #3477, .T. ) ;
#4741 = CARTESIAN_POINT ( 'NONE',  ( -0.1278671797069859395, -0.1700000000000000122, -0.03805575324395597120 ) ) ;
#4742 = EDGE_CURVE ( 'NONE', #1464, #8632, #8472, .T. ) ;
#4743 = DIRECTION ( 'NONE',  ( 0.000000000000000000, 1.000000000000000000, -0.000000000000000000 ) ) ;
#4744 = CARTESIAN_POINT ( 'NONE',  ( -0.03210506555899409614, -0.1599857055168054931, -0.1599844472747598279 ) ) ;
#4745 = CARTESIAN_POINT ( 'NONE',  ( 0.03210509325080170701, -0.1599857056563633306, 0.1599844460355385745 ) ) ;
#4746 = CARTESIAN_POINT ( 'NONE',  ( -0.1222279740515356400, -0.1727244994879180706, -0.07806551604133658839 ) ) ;
#4747 = ORIENTED_EDGE ( 'NONE', *, *, #3221, .F. ) ;
#4748 = DIRECTION ( 'NONE',  ( -0.04805693313322023652, 0.000000000000000000, -0.9988445981121533146 ) ) ;
#4749 = FILL_AREA_STYLE_COLOUR ( '', #4998 ) ;
#4750 = CARTESIAN_POINT ( 'NONE',  ( -0.03830758092707468865, 0.08724045140607317173, 0.02752750940696415891 ) ) ;
#4751 = FILL_AREA_STYLE ('',( #6913 ) ) ;
#4752 = CARTESIAN_POINT ( 'NONE',  ( 0.04627433646674402462, -0.1830019761340885287, 0.1596532277918742138 ) ) ;
#4753 = EDGE_LOOP ( 'NONE', ( #5344, #4311, #2143, #222, #4657, #6352 ) ) ;
#4754 = DIRECTION ( 'NONE',  ( 0.9993792182221449272, 0.02614205897145211593, -0.02361717464955841519 ) ) ;
#4755 = CARTESIAN_POINT ( 'NONE',  ( 0.003613976647808877368, 0.06523558700746828753, -0.01021390877395064213 ) ) ;
#4756 = CARTESIAN_POINT ( 'NONE',  ( 0.03597241840465554424, 0.06628218850568032283, 0.1609146164282913294 ) ) ;
#4757 = CARTESIAN_POINT ( 'NONE',  ( -0.02811727516756383494, -0.06772200186959062562, 0.1748111847824336818 ) ) ;
#4758 = CARTESIAN_POINT ( 'NONE',  ( -0.07196933971382124540, 0.04558415070908202610, 0.1720995463656873614 ) ) ;
#4759 = AXIS2_PLACEMENT_3D ( 'NONE', #7804, #9246, #3421 ) ;
#4760 = CARTESIAN_POINT ( 'NONE',  ( -0.1727154805785204583, -0.1700000000000000122, -0.1472490126125821919 ) ) ;
#4761 = VECTOR ( 'NONE', #3066, 1000.000000000000000 ) ;
#4762 = ORIENTED_EDGE ( 'NONE', *, *, #1362, .F. ) ;
#4763 = ORIENTED_EDGE ( 'NONE', *, *, #8775, .T. ) ;
#4764 = FILL_AREA_STYLE ('',( #363 ) ) ;
#4765 = ADVANCED_FACE ( 'NONE', ( #447 ), #1493, .F. ) ;
#4766 = ORIENTED_EDGE ( 'NONE', *, *, #1496, .F. ) ;
#4767 =( NAMED_UNIT ( * ) PLANE_ANGLE_UNIT ( ) SI_UNIT ( $, .RADIAN. ) );
#4768 = CARTESIAN_POINT ( 'NONE',  ( 0.05405657511183244168, -0.1800042480035775605, -0.1328115040018194304 ) ) ;
#4769 = CARTESIAN_POINT ( 'NONE',  ( 0.2016309254299941678, 0.06798944191067401999, -0.2000000000000000111 ) ) ;
#4770 = CARTESIAN_POINT ( 'NONE',  ( -0.06466084986946986357, -0.01319886348187595572, 0.2134020623510640979 ) ) ;
#4771 = DIRECTION ( 'NONE',  ( -0.02052558504614596102, -0.0002560480453980134587, 0.9997892952006997014 ) ) ;
#4772 = SURFACE_STYLE_FILL_AREA ( #2058 ) ;
#4773 = EDGE_LOOP ( 'NONE', ( #8280, #1002, #7194, #8467, #2132 ) ) ;
#4774 = ORIENTED_EDGE ( 'NONE', *, *, #2981, .F. ) ;
#4775 = STYLED_ITEM ( 'NONE', ( #3153 ), #2519 ) ;
#4776 = CIRCLE ( 'NONE', #6339, 0.01500000000000000118 ) ;
#4777 = EDGE_LOOP ( 'NONE', ( #1665, #3649, #7095, #6551, #7990, #7084 ) ) ;
#4778 = PRESENTATION_STYLE_ASSIGNMENT (( #48 ) ) ;
#4779 = CARTESIAN_POINT ( 'NONE',  ( 0.1210718620244087135, -0.1864627417672135024, 0.04574611991463339161 ) ) ;
#4780 = MECHANICAL_DESIGN_GEOMETRIC_PRESENTATION_REPRESENTATION (  '', ( #8863 ), #5269 ) ;
#4781 =( LENGTH_UNIT ( ) NAMED_UNIT ( * ) SI_UNIT ( .MILLI., .METRE. ) );
#4782 = CARTESIAN_POINT ( 'NONE',  ( -0.07196710245954021645, 0.05549367882141538477, 0.1725905024218262196 ) ) ;
#4783 = CARTESIAN_POINT ( 'NONE',  ( -0.03221269244390718295, -0.1741175072621676256, 0.1603250928051200008 ) ) ;
#4784 = CARTESIAN_POINT ( 'NONE',  ( -0.07499999999999999722, -0.1799999999999998546, 1.694065894508600678E-18 ) ) ;
#4785 = SURFACE_SIDE_STYLE ('',( #5739 ) ) ;
#4786 =( LENGTH_UNIT ( ) NAMED_UNIT ( * ) SI_UNIT ( .MILLI., .METRE. ) );
#4787 = CARTESIAN_POINT ( 'NONE',  ( -0.05275677018931364953, 0.1135140545949213930, 0.02656856676377312293 ) ) ;
#4788 = B_SPLINE_CURVE_WITH_KNOTS ( 'NONE', 3,
 ( #4687, #320, #2455, #285, #7537, #2393, #7507, #8300, #5419, #5449 ),
 .UNSPECIFIED., .F., .F.,
 ( 4, 2, 2, 2, 4 ),
 ( 0.8862669857841730670, 0.9014713004687116005, 0.9166756151532500230, 0.9318798208180109066, 0.9470836837220865112 ),
 .UNSPECIFIED. ) ;
#4789 = SURFACE_STYLE_FILL_AREA ( #9291 ) ;
#4790 = VERTEX_POINT ( 'NONE', #5130 ) ;
#4791 = VERTEX_POINT ( 'NONE', #5854 ) ;
#4792 = DIRECTION ( 'NONE',  ( 1.000000000000000000, 0.000000000000000000, 0.000000000000000000 ) ) ;
#4793 = AXIS2_PLACEMENT_3D ( 'NONE', #6365, #2654, #7114 ) ;
#4794 = CARTESIAN_POINT ( 'NONE',  ( 0.1150000000000000050, -0.1200000000000000094, -0.2000000000000000666 ) ) ;
#4795 = CARTESIAN_POINT ( 'NONE',  ( 0.05435149358486666971, 0.06511717366319547118, 0.1872021268828406027 ) ) ;
#4796 = AXIS2_PLACEMENT_3D ( 'NONE', #8667, #3624, #5820 ) ;
#4797 = CARTESIAN_POINT ( 'NONE',  ( 0.01454030725510562297, 0.02229341234366532046, 0.1570409980583487852 ) ) ;
#4798 = FACE_OUTER_BOUND ( 'NONE', #5698, .T. ) ;
#4799 = CARTESIAN_POINT ( 'NONE',  ( -0.03553972741607113600, -0.06955040043462333565, 0.1623989420156493335 ) ) ;
#4800 = VERTEX_POINT ( 'NONE', #7339 ) ;
#4801 = ORIENTED_EDGE ( 'NONE', *, *, #1248, .T. ) ;
#4802 = CARTESIAN_POINT ( 'NONE',  ( -0.02033162852806202903, 0.07553514886684735419, 0.1059518483957106738 ) ) ;
#4803 = DIRECTION ( 'NONE',  ( -0.9947208096316116910, -0.1005714301589786391, -0.02039358530539940248 ) ) ;
#4804 = CARTESIAN_POINT ( 'NONE',  ( -0.1210718620247217547, -0.2300000000000000100, -0.04574611991424979568 ) ) ;
#4805 = CARTESIAN_POINT ( 'NONE',  ( -0.07151807544422841834, 0.06038846810218673200, 0.1720995093066837178 ) ) ;
#4806 = SURFACE_STYLE_FILL_AREA ( #7571 ) ;
#4808 = VERTEX_POINT ( 'NONE', #6669 ) ;
#4807 = SURFACE_STYLE_USAGE ( .BOTH. , #9134 ) ;
#4809 = VERTEX_POINT ( 'NONE', #7402 ) ;
#4810 = CARTESIAN_POINT ( 'NONE',  ( -0.1210718620247217825, -0.1550000000000000266, -0.04574611991424980956 ) ) ;
#4811 = PRESENTATION_LAYER_ASSIGNMENT (  '', '', ( #4567 ) ) ;
#4812 = CARTESIAN_POINT ( 'NONE',  ( -0.04007926135285547892, -0.1741174881557715493, -0.02598927859092788409 ) ) ;
#4813 = CIRCLE ( 'NONE', #4364, 0.01499999999999999424 ) ;
#4814 = EDGE_CURVE ( 'NONE', #7309, #7977, #8023, .T. ) ;
#4815 = APPLICATION_PROTOCOL_DEFINITION ( 'draft international standard', 'automotive_design', 1998, #9173 ) ;
#4816 = CARTESIAN_POINT ( 'NONE',  ( -0.03014102942454478448, 0.06096698939709645215, 0.1605619997797164134 ) ) ;
#4817 = ORIENTED_EDGE ( 'NONE', *, *, #3142, .T. ) ;
#4818 = ADVANCED_FACE ( 'NONE', ( #4125 ), #2606, .T. ) ;
#4819 = EDGE_CURVE ( 'NONE', #3622, #7268, #2974, .T. ) ;
#4820 =( NAMED_UNIT ( * ) SI_UNIT ( $, .STERADIAN. ) SOLID_ANGLE_UNIT ( ) );
#4821 = FACE_OUTER_BOUND ( 'NONE', #4111, .T. ) ;
#4822 = CARTESIAN_POINT ( 'NONE',  ( 0.03526659999431305814, 0.06630193724589236726, 0.1620946705290649825 ) ) ;
#4823 = CARTESIAN_POINT ( 'NONE',  ( -0.002213048029611217569, -0.1238395305235085730, 0.1851888307776549114 ) ) ;
#4824 = CARTESIAN_POINT ( 'NONE',  ( -0.09013686613586162355, -0.01205657634275084968, 0.1976010807802103530 ) ) ;
#4825 = EDGE_CURVE ( 'NONE', #650, #669, #1697, .T. ) ;
#4826 = CARTESIAN_POINT ( 'NONE',  ( -0.2491252820972974513, 0.07515281250366884214, -0.2000000000000000111 ) ) ;
#4827 = CARTESIAN_POINT ( 'NONE',  ( 0.1150000000000000050, -0.2300000000000000100, 0.08484943922164063512 ) ) ;
#4828 = PRESENTATION_STYLE_ASSIGNMENT (( #4317 ) ) ;
#4829 = CARTESIAN_POINT ( 'NONE',  ( 0.04767293924885415007, -0.1700000000000000122, -0.04054869702127727321 ) ) ;
#4830 = CARTESIAN_POINT ( 'NONE',  ( -0.05354256937190649684, -0.1237879983408049778, 0.1879005065440109978 ) ) ;
#4831 = CARTESIAN_POINT ( 'NONE',  ( -0.06917882806347422364, 0.07275956946719475127, 0.1060121954197597721 ) ) ;
#4832 = COLOUR_RGB ( '',0.7921568627450980005, 0.8196078431372548767, 0.9333333333333333481 ) ;
#4833 = CARTESIAN_POINT ( 'NONE',  ( -0.2650000000000000133, -0.2300000000000000100, -0.2000000000000000111 ) ) ;
#4834 = CARTESIAN_POINT ( 'NONE',  ( 0.000000000000000000, -0.2300000000000000100, 0.000000000000000000 ) ) ;
#4835 = CARTESIAN_POINT ( 'NONE',  ( -0.04744029081862310981, 0.05721713963940083109, 0.1898740924858989820 ) ) ;
#4836 = DIRECTION ( 'NONE',  ( 0.000000000000000000, 1.000000000000000000, 0.000000000000000000 ) ) ;
#4837 = FACE_OUTER_BOUND ( 'NONE', #517, .T. ) ;
#4838 = CARTESIAN_POINT ( 'NONE',  ( -0.1221691108782663043, -0.1799999999998387890, -0.04470776659476562859 ) ) ;
#4839 = CARTESIAN_POINT ( 'NONE',  ( -0.01778736372197772461, -0.1858825196081684838, -0.1603269843561585806 ) ) ;
#4840 = FILL_AREA_STYLE ('',( #258 ) ) ;
#4841 = CARTESIAN_POINT ( 'NONE',  ( -0.05938439204331855820, 0.07275956983467629646, -0.05407232402845882357 ) ) ;
#4842 = AXIS2_PLACEMENT_3D ( 'NONE', #4268, #613, #8034 ) ;
#4843 = PRESENTATION_STYLE_ASSIGNMENT (( #7759 ) ) ;
#4844 = UNCERTAINTY_MEASURE_WITH_UNIT (LENGTH_MEASURE( 1.000000000000000082E-05 ), #3171, 'distance_accuracy_value', 'NONE');
#4845 = CIRCLE ( 'NONE', #5250, 0.005021852419134921475 ) ;
#4846 = AXIS2_PLACEMENT_3D ( 'NONE', #8913, #8322, #6047 ) ;
#4847 = VERTEX_POINT ( 'NONE', #8983 ) ;
#4848 = EDGE_CURVE ( 'NONE', #4882, #4808, #8886, .T. ) ;
#4849 = CARTESIAN_POINT ( 'NONE',  ( -0.03903446061527732908, -0.1638409323973089582, 0.1593029542744319182 ) ) ;
#4850 = TOROIDAL_SURFACE ( 'NONE', #2801, 0.02002185467385547354, 0.01499999999999999598 ) ;
#4851 = CARTESIAN_POINT ( 'NONE',  ( 0.02732607901079320972, 0.07849128147365572183, 0.1596932913163382206 ) ) ;
#4852 = CARTESIAN_POINT ( 'NONE',  ( 0.05302722103815157850, 0.06524224389426253046, -0.09681315722631791965 ) ) ;
#4853 = ORIENTED_EDGE ( 'NONE', *, *, #2853, .T. ) ;
#4854 = COLOUR_RGB ( '',1.000000000000000000, 1.000000000000000000, 0.5019607843137254832 ) ;
#4855 = CARTESIAN_POINT ( 'NONE',  ( 0.02989116684935663390, 0.05583841688660499264, -0.1056068211166397708 ) ) ;
#4856 = DIRECTION ( 'NONE',  ( -0.7493687470348626700, 0.000000000000000000, -0.6621529135837129765 ) ) ;
#4857 = ADVANCED_FACE ( 'NONE', ( #8542 ), #5566, .T. ) ;
#4858 = FILL_AREA_STYLE_COLOUR ( '', #1153 ) ;
#4859 = CARTESIAN_POINT ( 'NONE',  ( -0.06437314076729357126, -0.1600765510809122882, 0.1465979529971667694 ) ) ;
#4860 = PRESENTATION_STYLE_ASSIGNMENT (( #1457 ) ) ;
#4861 = SURFACE_STYLE_USAGE ( .BOTH. , #7784 ) ;
#4862 = VECTOR ( 'NONE', #2081, 1000.000000000000000 ) ;
#4863 = CARTESIAN_POINT ( 'NONE',  ( -0.06323674805419310374, -0.1234351170064101333, 0.1465979763792362167 ) ) ;
#4864 = DIRECTION ( 'NONE',  ( -0.8497608738607280721, 0.02228220051005870561, -0.5266972192786679718 ) ) ;
#4865 = VERTEX_POINT ( 'NONE', #5357 ) ;
#4866 = EDGE_CURVE ( 'NONE', #4541, #5784, #2152, .T. ) ;
#4867 = DIRECTION ( 'NONE',  ( -0.9544681135048440623, -0.2976636645781976509, -0.01967137749071950006 ) ) ;
#4868 = CARTESIAN_POINT ( 'NONE',  ( -0.1210718620247217547, -0.1735372582328818247, -0.04574611991424979568 ) ) ;
#4869 = CARTESIAN_POINT ( 'NONE',  ( -0.02964923649483402340, -0.1465206486521072049, -0.05321890530641435607 ) ) ;
#4870 = DIRECTION ( 'NONE',  ( 0.9993792182221449272, 0.02614205897145211593, -0.02361717464955841519 ) ) ;
#4871 = PRESENTATION_STYLE_ASSIGNMENT (( #4524 ) ) ;
#4872 = STYLED_ITEM ( 'NONE', ( #4860 ), #4329 ) ;
#4873 = CARTESIAN_POINT ( 'NONE',  ( -0.01463513676551816967, 0.06096671518632675035, -0.1594283161450758546 ) ) ;
#4874 = ORIENTED_EDGE ( 'NONE', *, *, #8251, .T. ) ;
#4875 = VERTEX_POINT ( 'NONE', #7436 ) ;
#4876 = ORIENTED_EDGE ( 'NONE', *, *, #5486, .F. ) ;
#4877 = CARTESIAN_POINT ( 'NONE',  ( -0.05470921896246532662, 0.05958898276749546863, -0.1734383764625826996 ) ) ;
#4878 = CARTESIAN_POINT ( 'NONE',  ( -0.07841962604927427138, -0.2132089752261086268, 0.02688826688366048254 ) ) ;
#4879 = CARTESIAN_POINT ( 'NONE',  ( 0.02787913665942245989, 0.07849817793620419981, 0.1327563563108895006 ) ) ;
#4880 = CARTESIAN_POINT ( 'NONE',  ( 0.03793742418048772630, 0.06621890305381467057, 0.1099006061166815651 ) ) ;
#4881 = VERTEX_POINT ( 'NONE', #5320 ) ;
#4882 = VERTEX_POINT ( 'NONE', #3810 ) ;
#4883 = CARTESIAN_POINT ( 'NONE',  ( -0.08075670284563077339, -0.1714750486207665403, 0.1602902600824025747 ) ) ;
#4884 = CARTESIAN_POINT ( 'NONE',  ( 0.03714116325957766973, 0.06624556728681436912, 0.1298862525610373353 ) ) ;
#4885 = ORIENTED_EDGE ( 'NONE', *, *, #5782, .T. ) ;
#4886 = CARTESIAN_POINT ( 'NONE',  ( -0.03309052361965135469, -0.01461433208400175938, 0.1623989651354351416 ) ) ;
#4887 = DIRECTION ( 'NONE',  ( -0.8218505135806247752, 0.5683293225068334342, 0.03954130127078386847 ) ) ;
#4888 = AXIS2_PLACEMENT_3D ( 'NONE', #1769, #8949, #3111 ) ;
#4889 = COLOUR_RGB ( '',1.000000000000000000, 1.000000000000000000, 0.5019607843137254832 ) ;
#4890 = CARTESIAN_POINT ( 'NONE',  ( 0.2231091093434084682, -0.1700000000000000122, 0.1582779960609690673 ) ) ;
#4891 = VERTEX_POINT ( 'NONE', #901 ) ;
#4892 = ORIENTED_EDGE ( 'NONE', *, *, #5359, .F. ) ;
#4893 = CARTESIAN_POINT ( 'NONE',  ( 0.01639771516721180017, 0.04192939170690691136, -0.2127874054117332159 ) ) ;
#4894 = CARTESIAN_POINT ( 'NONE',  ( -0.01056712906464392018, 0.07553514922935447573, -0.05414117792360108317 ) ) ;
#4895 = CARTESIAN_POINT ( 'NONE',  ( 0.002898260295413436494, -0.1603795977150363483, -0.1762706485460340256 ) ) ;
#4896 = DIRECTION ( 'NONE',  ( -0.9544742299142688902, -0.2976542202237386636, -0.01951690581423030230 ) ) ;
#4897 = CARTESIAN_POINT ( 'NONE',  ( -0.06381799042389500742, -0.1467917463775304798, 0.1553842429929222502 ) ) ;
#4898 = CIRCLE ( 'NONE', #3074, 0.01499999999999999598 ) ;
#4899 = ORIENTED_EDGE ( 'NONE', *, *, #6848, .T. ) ;
#4900 = VERTEX_POINT ( 'NONE', #3187 ) ;
#4901 = CARTESIAN_POINT ( 'NONE',  ( 0.04224685976086230838, 0.07999999999999983513, 0.1599999999999999756 ) ) ;
#4902 = AXIS2_PLACEMENT_3D ( 'NONE', #8892, #2391, #7503 ) ;
#4903 = FILL_AREA_STYLE_COLOUR ( '', #1279 ) ;
#4904 = CARTESIAN_POINT ( 'NONE',  ( -0.0007636896719451590322, -0.1582856588678656640, -0.02789690212145815376 ) ) ;
#4905 = CARTESIAN_POINT ( 'NONE',  ( -0.05877322003750033025, 0.05999999999999998390, 0.1800000000000000211 ) ) ;
#4906 = CARTESIAN_POINT ( 'NONE',  ( -0.005281549836680519104, 0.06424243886262262504, -0.1733046461151812045 ) ) ;
#4907 = CARTESIAN_POINT ( 'NONE',  ( 0.2650000000000000133, 0.1700000000000000122, 0.1749999999999999889 ) ) ;
#4908 = FACE_OUTER_BOUND ( 'NONE', #7978, .T. ) ;
#4909 = CARTESIAN_POINT ( 'NONE',  ( -0.03873508272332532726, -0.01335049549940717055, -0.1464609709368047963 ) ) ;
#4910 = CARTESIAN_POINT ( 'NONE',  ( -0.08075670284563075951, -0.1714750486207665403, 0.1602902600824025470 ) ) ;
#4911 = CARTESIAN_POINT ( 'NONE',  ( 0.001925023365897547169, 0.06507048084520165865, -0.002442143269708730528 ) ) ;
#4912 = CARTESIAN_POINT ( 'NONE',  ( 0.03619511394899902618, 0.06627556737546727583, 0.1598722433435727230 ) ) ;
#4913 = AXIS2_PLACEMENT_3D ( 'NONE', #1453, #8770, #4394 ) ;
#4914 = CARTESIAN_POINT ( 'NONE',  ( 0.05418415813247701163, 0.06513254369536611299, -0.1074848242015889188 ) ) ;
#4915 = CARTESIAN_POINT ( 'NONE',  ( -0.07978607075600704923, -0.1450397118861447843, 0.1721009521212837068 ) ) ;
#4916 = CARTESIAN_POINT ( 'NONE',  ( 0.01314265821992736775, 0.1131050247127996788, -0.1598978496222843437 ) ) ;
#4917 = EDGE_CURVE ( 'NONE', #4080, #2340, #6802, .T. ) ;
#4918 = CARTESIAN_POINT ( 'NONE',  ( 0.1655526671241021597, -0.1700000000000000122, 0.05290356562635827736 ) ) ;
#4919 = CARTESIAN_POINT ( 'NONE',  ( 0.03194634755137860938, -0.1596204022849642135, -0.1837293514539657946 ) ) ;
#4920 = CARTESIAN_POINT ( 'NONE',  ( -0.2176966577303005024, -0.1599999999999999756, -0.1480324711079107902 ) ) ;
#4921 = CARTESIAN_POINT ( 'NONE',  ( -0.05940865522617085753, -0.03180107987498257544, 0.1465979608126706801 ) ) ;
#4922 = CARTESIAN_POINT ( 'NONE',  ( 0.1210718620247217964, -0.3794892511997078333, 0.04574611991424980956 ) ) ;
#4923 = CARTESIAN_POINT ( 'NONE',  ( -0.1006593730175381063, 0.05907200805820855133, 0.1574999999999999456 ) ) ;
#4924 = FACE_OUTER_BOUND ( 'NONE', #5680, .T. ) ;
#4925 = CARTESIAN_POINT ( 'NONE',  ( -0.05775353733764598818, -0.1885249708726764450, 0.1061533933985962797 ) ) ;
#4926 = ORIENTED_EDGE ( 'NONE', *, *, #1563, .F. ) ;
#4927 = CARTESIAN_POINT ( 'NONE',  ( 0.01802111689646825748, 0.08446493565238885615, -0.05241436003526540877 ) ) ;
#4928 = CARTESIAN_POINT ( 'NONE',  ( -0.03044264125108054470, 0.1041820975962990115, 0.1324630377675732329 ) ) ;
#4929 = DIRECTION ( 'NONE',  ( 0.9993792182221449272, 0.02614205897144400784, -0.02361717464957196685 ) ) ;
#4930 = DIRECTION ( 'NONE',  ( -0.9544681135048440623, -0.2976636645781976509, -0.01967137749071950006 ) ) ;
#4931 = CARTESIAN_POINT ( 'NONE',  ( 0.2650000000000000133, 0.1449999999999999900, 0.2000000000000000111 ) ) ;
#4932 = CARTESIAN_POINT ( 'NONE',  ( 0.01325684816842650701, 0.06596659252711982446, -0.1608000057471020705 ) ) ;
#4933 = FILL_AREA_STYLE ('',( #4108 ) ) ;
#4934 = SURFACE_STYLE_USAGE ( .BOTH. , #348 ) ;
#4935 = AXIS2_PLACEMENT_3D ( 'NONE', #7211, #2854, #3614 ) ;
#4936 = CARTESIAN_POINT ( 'NONE',  ( -0.1030742236040244342, -0.1961590955509036893, 0.02809358231653116128 ) ) ;
#4937 = CARTESIAN_POINT ( 'NONE',  ( 0.001793643462902311898, 0.06505717777703505511, -0.002623260176493002159 ) ) ;
#4938 = CARTESIAN_POINT ( 'NONE',  ( 0.04533864787516099504, 0.06584636319716635766, 0.0001460366472936218559 ) ) ;
#4939 = LINE ( 'NONE', #9145, #2091 ) ;
#4940 = FILL_AREA_STYLE ('',( #7776 ) ) ;
#4941 = CARTESIAN_POINT ( 'NONE',  ( 0.01706820526791741691, -0.1600107095439070037, -0.1949958160647513594 ) ) ;
#4942 = CARTESIAN_POINT ( 'NONE',  ( 0.05307872992030997911, -0.1240388297359276831, 0.1526118596563993401 ) ) ;
#4943 = EDGE_CURVE ( 'NONE', #2364, #632, #9219, .T. ) ;
#4944 = CARTESIAN_POINT ( 'NONE',  ( -0.1525014675670198216, -0.1700000000000000122, -0.1230518830271274400 ) ) ;
#4945 = STYLED_ITEM ( 'NONE', ( #6715 ), #1949 ) ;
#4946 = CARTESIAN_POINT ( 'NONE',  ( 0.01584023418695398172, 0.06021551604187715817, -0.2127873582932065244 ) ) ;
#4947 = VERTEX_POINT ( 'NONE', #6017 ) ;
#4948 = CARTESIAN_POINT ( 'NONE',  ( 0.03707307476327377505, -0.1830019563044494590, -0.05400954762272686810 ) ) ;
#4950 = CIRCLE ( 'NONE', #3603, 0.03502185241913501751 ) ;
#4949 = CARTESIAN_POINT ( 'NONE',  ( -0.07978607075600704923, -0.1450397118861447843, 0.1721009521212837068 ) ) ;
#4951 = PRESENTATION_LAYER_ASSIGNMENT (  '', '', ( #3439 ) ) ;
#4952 = SURFACE_SIDE_STYLE ('',( #1674 ) ) ;
#4953 = SURFACE_STYLE_USAGE ( .BOTH. , #1247 ) ;
#4954 = PRESENTATION_STYLE_ASSIGNMENT (( #2912 ) ) ;
#4955 = COLOUR_RGB ( '',1.000000000000000000, 1.000000000000000000, 1.000000000000000000 ) ;
#4956 = UNCERTAINTY_MEASURE_WITH_UNIT (LENGTH_MEASURE( 1.000000000000000082E-05 ), #652, 'distance_accuracy_value', 'NONE');
#4957 = DIRECTION ( 'NONE',  ( 0.000000000000000000, 0.000000000000000000, -1.000000000000000000 ) ) ;
#4958 = CARTESIAN_POINT ( 'NONE',  ( -0.01549156867750067258, 0.1041753981060875023, -0.1604833567967112462 ) ) ;
#4959 = CARTESIAN_POINT ( 'NONE',  ( 0.01789493444100607664, -0.1599857055168055486, -0.1599844472747599666 ) ) ;
#4960 = ORIENTED_EDGE ( 'NONE', *, *, #4534, .F. ) ;
#4961 = CARTESIAN_POINT ( 'NONE',  ( -0.06917882806347422364, 0.07275956946719475127, 0.1060121954197597721 ) ) ;
#4962 = CARTESIAN_POINT ( 'NONE',  ( -0.1149999999999999911, -0.2300000000000000100, -0.08067978065948146205 ) ) ;
#4963 = CARTESIAN_POINT ( 'NONE',  ( 0.005385273987585472918, 0.06540164664566992803, -0.1943072764936364383 ) ) ;
#4964 = STYLED_ITEM ( 'NONE', ( #3376 ), #3331 ) ;
#4965 = FACE_OUTER_BOUND ( 'NONE', #3961, .T. ) ;
#4966 = PRESENTATION_LAYER_ASSIGNMENT (  '', '', ( #2216 ) ) ;
#4967 = CARTESIAN_POINT ( 'NONE',  ( -0.05650169825423152076, -0.2017185759003704004, -0.1324677427847295308 ) ) ;
#4968 = ORIENTED_EDGE ( 'NONE', *, *, #7322, .T. ) ;
#4969 = CARTESIAN_POINT ( 'NONE',  ( -0.06698692643010095704, 0.03165195734996600896, -0.2004158523652946333 ) ) ;
#4970 = CARTESIAN_POINT ( 'NONE',  ( 0.001994274832587880023, 0.06507746872914214886, -0.002426560445510534628 ) ) ;
#4971 = CARTESIAN_POINT ( 'NONE',  ( 0.01881007176823162874, -0.1949948733795036915, -0.1600116522291543664 ) ) ;
#4972 = CARTESIAN_POINT ( 'NONE',  ( -0.05119142479153255404, 0.05969627581462878807, -0.1952853634889054613 ) ) ;
#4973 = FILL_AREA_STYLE ('',( #421 ) ) ;
#4974 = CARTESIAN_POINT ( 'NONE',  ( 0.02228802113361772613, -0.1597277235970885334, 0.1480774616434079316 ) ) ;
#4975 = CARTESIAN_POINT ( 'NONE',  ( 0.08341391856937818705, -0.1800000236444624646, -0.1603544411649671930 ) ) ;
#4976 = ORIENTED_EDGE ( 'NONE', *, *, #7764, .F. ) ;
#4977 = CARTESIAN_POINT ( 'NONE',  ( -0.02633696264221843664, 0.1041752273100694237, 0.05188937116746734912 ) ) ;
#4978 = AXIS2_PLACEMENT_3D ( 'NONE', #2742, #7166, #2684 ) ;
#4979 = CARTESIAN_POINT ( 'NONE',  ( -0.005510736130267573224, -0.1241531069396776960, -0.2053321670602196169 ) ) ;
#4980 = CARTESIAN_POINT ( 'NONE',  ( -0.2150475757587198278, -0.1599999999999999756, -0.1516348429493271366 ) ) ;
#4981 = CARTESIAN_POINT ( 'NONE',  ( -0.03023472080557222663, 0.05913004720536158693, 0.1623989419714512716 ) ) ;
#4982 = DIRECTION ( 'NONE',  ( -0.9982981812961249091, -0.03043237495455983210, 0.04974546989901943578 ) ) ;
#4983 = FILL_AREA_STYLE ('',( #7082 ) ) ;
#4984 = PRESENTATION_STYLE_ASSIGNMENT (( #3547 ) ) ;
#4985 = EDGE_CURVE ( 'NONE', #7824, #6035, #6600, .T. ) ;
#4986 = ORIENTED_EDGE ( 'NONE', *, *, #1604, .T. ) ;
#4987 = DIRECTION ( 'NONE',  ( 0.000000000000000000, 0.000000000000000000, 1.000000000000000000 ) ) ;
#4988 = EDGE_LOOP ( 'NONE', ( #3161, #2808, #5917, #5413, #2852, #5552 ) ) ;
#4989 = CIRCLE ( 'NONE', #37, 0.02500000000000001180 ) ;
#4990 = CARTESIAN_POINT ( 'NONE',  ( 0.2152613609851926901, -0.1600000000000000311, 0.1513163763863970557 ) ) ;
#4991 = CARTESIAN_POINT ( 'NONE',  ( -0.03099834140870788568, 0.1041751681020532672, 0.1595289694026111316 ) ) ;
#4992 = CARTESIAN_POINT ( 'NONE',  ( -0.03014102942454478448, 0.06096698939709645215, 0.1605619997797164134 ) ) ;
#4993 = EDGE_CURVE ( 'NONE', #1258, #2364, #3628, .T. ) ;
#4994 = DIRECTION ( 'NONE',  ( -0.02052340527576259482, 0.0002562270569695206655, 0.9997893399029529338 ) ) ;
#4995 = DIRECTION ( 'NONE',  ( 0.000000000000000000, 0.000000000000000000, 1.000000000000000000 ) ) ;
#4996 = CARTESIAN_POINT ( 'NONE',  ( 0.01433555269268711567, 0.06602636704901310161, -0.1622659117025476994 ) ) ;
#4997 = CARTESIAN_POINT ( 'NONE',  ( -0.05611441608955697324, 0.05615349398721445479, 0.1948379142724174784 ) ) ;
#4998 = COLOUR_RGB ( '',0.7921568627450980005, 0.8196078431372548767, 0.9333333333333333481 ) ;
#4999 = ORIENTED_EDGE ( 'NONE', *, *, #1733, .F. ) ;
#5000 = EDGE_LOOP ( 'NONE', ( #4899, #8772, #6817, #4382, #7873 ) ) ;
#5001 = PRESENTATION_LAYER_ASSIGNMENT (  '', '', ( #2373 ) ) ;
#5002 = CARTESIAN_POINT ( 'NONE',  ( -0.01715978366282631604, -0.1858867461619983508, -0.1337761613190534271 ) ) ;
#5003 = CARTESIAN_POINT ( 'NONE',  ( 0.002006110824683760268, 0.06507866092633819710, -0.002429955116437301776 ) ) ;
#5004 = DIRECTION ( 'NONE',  ( 0.5335477900353226000, 0.000000000000000000, -0.8457699189191013600 ) ) ;
#5005 = CARTESIAN_POINT ( 'NONE',  ( -0.09013686613586162355, -0.01205657634275084968, 0.1976010807802103530 ) ) ;
#5006 = CARTESIAN_POINT ( 'NONE',  ( 0.04806309362675503100, 0.06565809545488891785, 0.1146085013535417807 ) ) ;
#5007 = CARTESIAN_POINT ( 'NONE',  ( -0.05538097305629863937, 0.07275960128011772776, -0.1602677579499604543 ) ) ;
#5008 = ORIENTED_EDGE ( 'NONE', *, *, #5312, .F. ) ;
#5009 = AXIS2_PLACEMENT_3D ( 'NONE', #5740, #2740, #7163 ) ;
#5010 =( NAMED_UNIT ( * ) PLANE_ANGLE_UNIT ( ) SI_UNIT ( $, .RADIAN. ) );
#5011 = CARTESIAN_POINT ( 'NONE',  ( -0.01742357537140429291, 0.07553506467072447494, 0.05243358991517151069 ) ) ;
#5012 = UNCERTAINTY_MEASURE_WITH_UNIT (LENGTH_MEASURE( 1.000000000000000082E-05 ), #4153, 'distance_accuracy_value', 'NONE');
#5013 = CARTESIAN_POINT ( 'NONE',  ( 0.004565783776786893830, -0.01363636682257442397, -0.1472126412861589351 ) ) ;
#5014 = CARTESIAN_POINT ( 'NONE',  ( -0.01742357537140429291, 0.07553506467072447494, 0.05243358991517151069 ) ) ;
#5015 = EDGE_LOOP ( 'NONE', ( #2469, #2916, #6363, #6011, #5330, #4762 ) ) ;
#5016 = ORIENTED_EDGE ( 'NONE', *, *, #5480, .T. ) ;
#5017 = CARTESIAN_POINT ( 'NONE',  ( -0.06371165276238091590, -0.1467910296388418301, 0.1598834744392372831 ) ) ;
#5018 = AXIS2_PLACEMENT_3D ( 'NONE', #8531, #9041, #5591 ) ;
#5019 =( LENGTH_UNIT ( ) NAMED_UNIT ( * ) SI_UNIT ( .MILLI., .METRE. ) );
#5020 = AXIS2_PLACEMENT_3D ( 'NONE', #3429, #1292, #7046 ) ;
#5021 = CARTESIAN_POINT ( 'NONE',  ( -0.02925150875304061496, 0.1041753114320380369, 0.1055270909415237240 ) ) ;
#5022 = CARTESIAN_POINT ( 'NONE',  ( -0.01764745208497562820, -0.2134878314221675677, 0.1065487052436605159 ) ) ;
#5023 = VECTOR ( 'NONE', #965, 1000.000000000000000 ) ;
#5024 = FILL_AREA_STYLE_COLOUR ( '', #7753 ) ;
#5025 =( BOUNDED_SURFACE ( )  B_SPLINE_SURFACE ( 3, 3, ( 
 ( #3594, #8734, #4255, #7221, #9459, #5037, #9392, #4363 ),
 ( #5096, #2863, #570, #3535, #603, #7187, #5065, #8020 ),
 ( #8669, #4330, #9332, #5732, #1346, #5702, #638, #3629 ),
 ( #8635, #5672, #6468, #4290, #2100, #8699, #1285, #1379 ),
 ( #9424, #2828, #1315, #2793, #5765, #6407, #2039, #671 ),
 ( #2760, #7947, #6505, #3568, #7985, #2134, #7245, #5791 ),
 ( #1413, #6533, #7155, #4227, #7885, #3500, #8602, #5888 ) ),
 .UNSPECIFIED., .T., .F., .F. ) 
 B_SPLINE_SURFACE_WITH_KNOTS ( ( 4, 3, 4 ),
 ( 4, 2, 2, 4 ),
 ( 0.000000000000000000, 0.5000000000000000000, 1.000000000000000000 ),
 ( 0.1224153570411147529, 0.1666656434494600547, 0.1887940325006644271, 0.2109176686151477131 ),
 .UNSPECIFIED. ) 
 GEOMETRIC_REPRESENTATION_ITEM ( )  RATIONAL_B_SPLINE_SURFACE ( (
 ( 1.000000000000000000, 1.000000000000000000, 1.000000000000000000, 1.000000000000000000, 1.000000000000000000, 1.000000000000000000, 1.000000000000000000, 1.000000000000000000),
 ( 0.3333333333333333703, 0.3333333333333333703, 0.3333333333333333703, 0.3333333333333333703, 0.3333333333333333703, 0.3333333333333333703, 0.3333333333333333703, 0.3333333333333333703),
 ( 0.3333333333333333703, 0.3333333333333333703, 0.3333333333333333703, 0.3333333333333333703, 0.3333333333333333703, 0.3333333333333333703, 0.3333333333333333703, 0.3333333333333333703),
 ( 1.000000000000000000, 1.000000000000000000, 1.000000000000000000, 1.000000000000000000, 1.000000000000000000, 1.000000000000000000, 1.000000000000000000, 1.000000000000000000),
 ( 0.3333333333333333703, 0.3333333333333333703, 0.3333333333333333703, 0.3333333333333333703, 0.3333333333333333703, 0.3333333333333333703, 0.3333333333333333703, 0.3333333333333333703),
 ( 0.3333333333333333703, 0.3333333333333333703, 0.3333333333333333703, 0.3333333333333333703, 0.3333333333333333703, 0.3333333333333333703, 0.3333333333333333703, 0.3333333333333333703),
 ( 1.000000000000000000, 1.000000000000000000, 1.000000000000000000, 1.000000000000000000, 1.000000000000000000, 1.000000000000000000, 1.000000000000000000, 1.000000000000000000) ) ) 
 REPRESENTATION_ITEM ( '' )  SURFACE ( )  );
#5026 = FILL_AREA_STYLE_COLOUR ( '', #2766 ) ;
#5027 = CARTESIAN_POINT ( 'NONE',  ( 0.02282531296914472665, 0.06633887102693480919, -0.1842583466993232832 ) ) ;
#5028 = EDGE_CURVE ( 'NONE', #7824, #3979, #3058, .T. ) ;
#5029 = VERTEX_POINT ( 'NONE', #4713 ) ;
#5030 = B_SPLINE_CURVE_WITH_KNOTS ( 'NONE', 3,
 ( #9048, #4680, #3807, #8919, #3109, #8948, #4579, #3878 ),
 .UNSPECIFIED., .F., .F.,
 ( 4, 2, 2, 4 ),
 ( 0.5529334042478109001, 0.5833420381817321365, 0.5985462493099465986, 0.6137500830758146897 ),
 .UNSPECIFIED. ) ;
#5031 = SURFACE_SIDE_STYLE ('',( #1814 ) ) ;
#5032 = CARTESIAN_POINT ( 'NONE',  ( -0.02426597687400460987, -0.2134793120653910303, -0.02675534816329390789 ) ) ;
#5033 = CARTESIAN_POINT ( 'NONE',  ( -0.08241796049103122801, -0.1714750815506327353, 0.1071406757243149044 ) ) ;
#5034 = CARTESIAN_POINT ( 'NONE',  ( 0.05137307106209209467, -0.08724092421953225096, -0.1492909761168670912 ) ) ;
#5035 = CARTESIAN_POINT ( 'NONE',  ( 0.05431621469006391034, 0.06511969492317809527, -0.1082338054601254124 ) ) ;
#5036 = VERTEX_POINT ( 'NONE', #5448 ) ;
#5037 = CARTESIAN_POINT ( 'NONE',  ( 0.02909521289674309522, 0.07849138800471212873, 0.1059181345838505622 ) ) ;
#5038 =( GEOMETRIC_REPRESENTATION_CONTEXT ( 3 ) GLOBAL_UNCERTAINTY_ASSIGNED_CONTEXT ( ( #4300 ) ) GLOBAL_UNIT_ASSIGNED_CONTEXT ( ( #7869, #7843, #7205 ) ) REPRESENTATION_CONTEXT ( 'NONE', 'WORKASPACE' ) );
#5039 = CARTESIAN_POINT ( 'NONE',  ( 0.05468916458770611833, 0.06508308658759563714, -0.1094297500830115760 ) ) ;
#5040 = CARTESIAN_POINT ( 'NONE',  ( 0.06001733102831773720, -0.1500000000000000222, 0.0007208539969983218231 ) ) ;
#5041 = DIRECTION ( 'NONE',  ( 0.9764899268500454310, 0.000000000000000000, -0.2155630366282511867 ) ) ;
#5042 = CARTESIAN_POINT ( 'NONE',  ( 0.02787913665942245989, 0.07849817793620419981, 0.1327563563108895006 ) ) ;
#5043 = EDGE_CURVE ( 'NONE', #5109, #6986, #999, .T. ) ;
#5044 = VECTOR ( 'NONE', #4957, 1000.000000000000000 ) ;
#5045 = CARTESIAN_POINT ( 'NONE',  ( 0.02529310571693026144, 0.02394346736818656063, 0.1777329034994873935 ) ) ;
#5046 = CARTESIAN_POINT ( 'NONE',  ( -0.01549156867750067258, 0.1041753981060875023, -0.1604833567967112462 ) ) ;
#5047 = DIRECTION ( 'NONE',  ( 0.02615073541497701937, 0.9996580110404037489, 0.000000000000000000 ) ) ;
#5048 = CARTESIAN_POINT ( 'NONE',  ( 0.01036068162156727861, -0.1476091968779353336, -0.1330287512822579676 ) ) ;
#5049 = MECHANICAL_DESIGN_GEOMETRIC_PRESENTATION_REPRESENTATION (  '', ( #4872 ), #1299 ) ;
#5050 = LINE ( 'NONE', #4833, #8484 ) ;
#5051 = MECHANICAL_DESIGN_GEOMETRIC_PRESENTATION_REPRESENTATION (  '', ( #4567 ), #7035 ) ;
#5052 = SURFACE_SIDE_STYLE ('',( #115 ) ) ;
#5053 = SURFACE_SIDE_STYLE ('',( #4772 ) ) ;
#5054 = DIRECTION ( 'NONE',  ( 0.9988445981121533146, 0.000000000000000000, -0.04805693313322140225 ) ) ;
#5055 = CARTESIAN_POINT ( 'NONE',  ( -0.02207016194171037074, 0.07553504503132692227, 0.1597049293376392176 ) ) ;
#5056 = CARTESIAN_POINT ( 'NONE',  ( -0.1149999999999999911, -0.2300000000000000100, 0.2000000000000000111 ) ) ;
#5057 = CARTESIAN_POINT ( 'NONE',  ( 0.05825408993245752981, 0.06470726648547334148, -0.1616942027239448021 ) ) ;
#5058 = FACE_OUTER_BOUND ( 'NONE', #6751, .T. ) ;
#5059 = CARTESIAN_POINT ( 'NONE',  ( -0.05183040495388521046, -0.2017143147545342741, -0.02541850161184575421 ) ) ;
#5060 = AXIS2_PLACEMENT_3D ( 'NONE', #3082, #4555, #6777 ) ;
#5061 = CARTESIAN_POINT ( 'NONE',  ( -0.06173722761192441955, -0.08780789002666676557, -0.2004157976314048795 ) ) ;
#5062 = CARTESIAN_POINT ( 'NONE',  ( 0.07832576655508126373, -0.08606969703510908287, -0.2107090557254026053 ) ) ;
#5063 = CARTESIAN_POINT ( 'NONE',  ( 0.05444102982402975605, 0.06510749875713008061, -0.1088126406400285878 ) ) ;
#5064 = CARTESIAN_POINT ( 'NONE',  ( 0.08143428500343918852, -0.1227479011113265656, -0.1807497357110948166 ) ) ;
#5065 = CARTESIAN_POINT ( 'NONE',  ( 0.03089486468929385568, 0.04865029810760185258, 0.1328705582164906862 ) ) ;
#5066 = CARTESIAN_POINT ( 'NONE',  ( 0.05450083578007320489, 0.06510163560476017741, -0.1090341743592215668 ) ) ;
#5067 = CARTESIAN_POINT ( 'NONE',  ( 0.08507385888791421658, -0.1800000262116592253, -0.1072464406680612575 ) ) ;
#5068 = CARTESIAN_POINT ( 'NONE',  ( 0.05742025327286093273, -0.2099999738119067150, -0.05261640399852135497 ) ) ;
#5069 = ORIENTED_EDGE ( 'NONE', *, *, #6095, .T. ) ;
#5070 = CARTESIAN_POINT ( 'NONE',  ( -0.1210718620247217547, -0.2800000000000000266, -0.04574611991424979568 ) ) ;
#5071 = CIRCLE ( 'NONE', #4019, 0.03502113778643676373 ) ;
#5072 = FACE_BOUND ( 'NONE', #4457, .T. ) ;
#5073 = MECHANICAL_DESIGN_GEOMETRIC_PRESENTATION_REPRESENTATION (  '', ( #775 ), #167 ) ;
#5074 = CARTESIAN_POINT ( 'NONE',  ( -0.02870987613420051404, 0.06038154563826559490, -0.1717427885167550072 ) ) ;
#5075 = CARTESIAN_POINT ( 'NONE',  ( -0.07196933971382124540, 0.04558415070908202610, 0.1720995463656873614 ) ) ;
#5076 = UNCERTAINTY_MEASURE_WITH_UNIT (LENGTH_MEASURE( 1.000000000000000082E-05 ), #6289, 'distance_accuracy_value', 'NONE');
#5077 = AXIS2_PLACEMENT_3D ( 'NONE', #4409, #22, #755 ) ;
#5078 =( NAMED_UNIT ( * ) PLANE_ANGLE_UNIT ( ) SI_UNIT ( $, .RADIAN. ) );
#5079 = CARTESIAN_POINT ( 'NONE',  ( 0.04307048717648955666, -0.1536088890213051505, -0.05429071050772838608 ) ) ;
#5080 = VERTEX_POINT ( 'NONE', #3315 ) ;
#5081 = SURFACE_STYLE_USAGE ( .BOTH. , #8007 ) ;
#5082 = CARTESIAN_POINT ( 'NONE',  ( 0.06018459883946897931, 0.05166085403609065041, 0.1603610024710146464 ) ) ;
#5083 = DIRECTION ( 'NONE',  ( 0.02615073541497716508, 0.9996580110404037489, 0.000000000000000000 ) ) ;
#5084 = FILL_AREA_STYLE_COLOUR ( '', #6663 ) ;
#5085 = CARTESIAN_POINT ( 'NONE',  ( -0.007653135609097315266, 0.07554878298997783070, -0.1072363261806407314 ) ) ;
#5086 = B_SPLINE_CURVE_WITH_KNOTS ( 'NONE', 3,
 ( #2876, #685, #6419, #2183, #2052, #7165, #7898 ),
 .UNSPECIFIED., .F., .F.,
 ( 4, 3, 4 ),
 ( 0.000000000000000000, 4.947537213628491518E-06, 6.660901404972453592E-06 ),
 .UNSPECIFIED. ) ;
#5087 = ORIENTED_EDGE ( 'NONE', *, *, #8940, .T. ) ;
#5088 =( GEOMETRIC_REPRESENTATION_CONTEXT ( 3 ) GLOBAL_UNCERTAINTY_ASSIGNED_CONTEXT ( ( #1858 ) ) GLOBAL_UNIT_ASSIGNED_CONTEXT ( ( #4272, #8658, #9378 ) ) REPRESENTATION_CONTEXT ( 'NONE', 'WORKASPACE' ) );
#5089 = VECTOR ( 'NONE', #8462, 1000.000000000000000 ) ;
#5090 = AXIS2_PLACEMENT_3D ( 'NONE', #6988, #3298, #8345 ) ;
#5091 = CARTESIAN_POINT ( 'NONE',  ( 0.03222361817840200399, -0.1599892905609641980, 0.1650041834450431399 ) ) ;
#5092 = CYLINDRICAL_SURFACE ( 'NONE', #1666, 0.01500000000000006189 ) ;
#5093 = CARTESIAN_POINT ( 'NONE',  ( 0.04839106470143439420, -0.08736839026981735312, -0.2092166917937340886 ) ) ;
#5094 = ORIENTED_EDGE ( 'NONE', *, *, #3655, .T. ) ;
#5095 = ORIENTED_EDGE ( 'NONE', *, *, #4668, .T. ) ;
#5096 = CARTESIAN_POINT ( 'NONE',  ( 0.04584867864616552074, 0.04864353432364824925, -0.1602363355014044255 ) ) ;
#5097 = EDGE_CURVE ( 'NONE', #2805, #3737, #3180, .T. ) ;
#5098 = CARTESIAN_POINT ( 'NONE',  ( 0.05475372097484277473, 0.06507669820300857055, -0.1094382610196616007 ) ) ;
#5099 = ORIENTED_EDGE ( 'NONE', *, *, #2969, .F. ) ;
#5100 = PRESENTATION_STYLE_ASSIGNMENT (( #8339 ) ) ;
#5101 = CARTESIAN_POINT ( 'NONE',  ( -0.05538097305629863937, 0.07275960128011772776, -0.1602677579499604543 ) ) ;
#5102 = CARTESIAN_POINT ( 'NONE',  ( 0.04331168693132569220, 0.06455496215587590292, 0.1575000000000000011 ) ) ;
#5103 = CARTESIAN_POINT ( 'NONE',  ( -0.02870987613420051404, 0.06038154563826559490, -0.1717427885167550072 ) ) ;
#5104 =( GEOMETRIC_REPRESENTATION_CONTEXT ( 3 ) GLOBAL_UNCERTAINTY_ASSIGNED_CONTEXT ( ( #1924 ) ) GLOBAL_UNIT_ASSIGNED_CONTEXT ( ( #1822, #3296, #985 ) ) REPRESENTATION_CONTEXT ( 'NONE', 'WORKASPACE' ) );
#5105 = ORIENTED_EDGE ( 'NONE', *, *, #4307, .T. ) ;
#5106 = CARTESIAN_POINT ( 'NONE',  ( 0.1278671797069859672, -0.1700000000000000955, 0.03805575324395597814 ) ) ;
#5107 = CARTESIAN_POINT ( 'NONE',  ( 0.01116353521811892444, 0.08446485103238228487, 0.05418747179559656874 ) ) ;
#5108 = CARTESIAN_POINT ( 'NONE',  ( -0.09259064903486652343, -0.06709961473682994615, 0.1976010575711205364 ) ) ;
#5109 = VERTEX_POINT ( 'NONE', #3442 ) ;
#5110 = PRESENTATION_STYLE_ASSIGNMENT (( #6134 ) ) ;
#5111 = FILL_AREA_STYLE ('',( #4055 ) ) ;
#5112 = CARTESIAN_POINT ( 'NONE',  ( 0.07458613559038640428, 0.05167446082113478362, -0.1058372330185853305 ) ) ;
#5113 = CARTESIAN_POINT ( 'NONE',  ( 0.005389193447102359931, -0.1769980436699775117, -0.1060620133735730580 ) ) ;
#5114 = EDGE_CURVE ( 'NONE', #4259, #8899, #8325, .T. ) ;
#5115 = PRESENTATION_STYLE_ASSIGNMENT (( #4421 ) ) ;
#5116 = ORIENTED_EDGE ( 'NONE', *, *, #9239, .T. ) ;
#5117 = EDGE_LOOP ( 'NONE', ( #7288, #8655, #1709, #7057, #2352, #619, #526, #6345 ) ) ;
#5118 = CARTESIAN_POINT ( 'NONE',  ( 0.002250147947304805864, 0.1131050136717272198, 0.05364325304789240023 ) ) ;
#5119 = FILL_AREA_STYLE ('',( #5720 ) ) ;
#5120 = CARTESIAN_POINT ( 'NONE',  ( -0.05538097305629863937, 0.07275960128011772776, -0.1602677579499604543 ) ) ;
#5121 =( GEOMETRIC_REPRESENTATION_CONTEXT ( 3 ) GLOBAL_UNCERTAINTY_ASSIGNED_CONTEXT ( ( #9400 ) ) GLOBAL_UNIT_ASSIGNED_CONTEXT ( ( #9354, #626, #8661 ) ) REPRESENTATION_CONTEXT ( 'NONE', 'WORKASPACE' ) );
#5122 =( NAMED_UNIT ( * ) PLANE_ANGLE_UNIT ( ) SI_UNIT ( $, .RADIAN. ) );
#5123 = CARTESIAN_POINT ( 'NONE',  ( 0.04767293924885415007, -0.2300000000000000100, -0.04054869702127727321 ) ) ;
#5124 = ORIENTED_EDGE ( 'NONE', *, *, #7105, .T. ) ;
#5125 = CARTESIAN_POINT ( 'NONE',  ( -0.05470921896246532662, 0.05958898276749546863, -0.1734383764625826996 ) ) ;
#5126 = SURFACE_STYLE_USAGE ( .BOTH. , #6632 ) ;
#5127 = CARTESIAN_POINT ( 'NONE',  ( 0.04230707380552461983, 0.05949811904690176234, -0.2092166757824379664 ) ) ;
#5128 = CARTESIAN_POINT ( 'NONE',  ( 0.05442147580429256004, 0.06510941210439163962, -0.1087293446165091271 ) ) ;
#5129 = EDGE_CURVE ( 'NONE', #7637, #3510, #637, .T. ) ;
#5130 = CARTESIAN_POINT ( 'NONE',  ( 0.02732607901079320972, 0.07849128147365572183, 0.1596932913163382206 ) ) ;
#5131 = CARTESIAN_POINT ( 'NONE',  ( 0.05171231415497557632, 0.06536150795668281555, 0.02986456531180939691 ) ) ;
#5132 = CARTESIAN_POINT ( 'NONE',  ( 0.02354677466976643277, -0.01266044815156360664, 0.1777328124504940765 ) ) ;
#5133 = CIRCLE ( 'NONE', #1140, 0.01499999999999999598 ) ;
#5134 = ORIENTED_EDGE ( 'NONE', *, *, #5788, .T. ) ;
#5135 = VERTEX_POINT ( 'NONE', #4104 ) ;
#5136 = CARTESIAN_POINT ( 'NONE',  ( -0.2650000000000000133, -0.1700000000000000122, 0.2000000000000000111 ) ) ;
#5137 = CARTESIAN_POINT ( 'NONE',  ( -0.08016871703130686033, -0.1596657669923492173, 0.1720995417108199532 ) ) ;
#5138 = CARTESIAN_POINT ( 'NONE',  ( 0.008277217653604023243, 0.08446493541337594946, 0.1073057284990673044 ) ) ;
#5139 =( NAMED_UNIT ( * ) SI_UNIT ( $, .STERADIAN. ) SOLID_ANGLE_UNIT ( ) );
#5140 = ORIENTED_EDGE ( 'NONE', *, *, #2981, .T. ) ;
#5141 = ORIENTED_EDGE ( 'NONE', *, *, #4219, .F. ) ;
#5142 = PLANE ( 'NONE',  #8041 ) ;
#5143 = AXIS2_PLACEMENT_3D ( 'NONE', #3920, #4754, #352 ) ;
#5144 = CARTESIAN_POINT ( 'NONE',  ( -0.01056712906464392018, 0.07553514922935447573, -0.05414117792360108317 ) ) ;
#5145 = SURFACE_STYLE_USAGE ( .BOTH. , #4472 ) ;
#5146 = CARTESIAN_POINT ( 'NONE',  ( 0.1150000000000000050, -0.2300000000000000100, 0.03860745626545011161 ) ) ;
#5147 = CARTESIAN_POINT ( 'NONE',  ( -0.01462718512683357924, 0.06081081289912651511, -0.1595842184322760759 ) ) ;
#5148 = EDGE_CURVE ( 'NONE', #3737, #4665, #6587, .T. ) ;
#5149 = VECTOR ( 'NONE', #5503, 1000.000000000000000 ) ;
#5150 = CARTESIAN_POINT ( 'NONE',  ( 0.04436126930686402209, 0.04109208343936445601, -0.1792538650697167169 ) ) ;
#5151 =( NAMED_UNIT ( * ) SI_UNIT ( $, .STERADIAN. ) SOLID_ANGLE_UNIT ( ) );
#5152 = ORIENTED_EDGE ( 'NONE', *, *, #4316, .T. ) ;
#5153 = CARTESIAN_POINT ( 'NONE',  ( -0.09085403361566876668, -0.1799999999999998546, -0.01739012002664663131 ) ) ;
#5154 = CARTESIAN_POINT ( 'NONE',  ( -0.08983026888629135065, -0.1799999999999998546, -0.04204236359722136884 ) ) ;
#5155 = CARTESIAN_POINT ( 'NONE',  ( 0.07890104281438416189, -0.03094155460567109620, -0.1507833163017137101 ) ) ;
#5156 = CARTESIAN_POINT ( 'NONE',  ( 0.05453658818683332354, 0.06509812394197535268, -0.1091452466039798258 ) ) ;
#5157 = DIRECTION ( 'NONE',  ( -0.03046778570332068711, -0.9995357492496584895, 2.502094356048728541E-06 ) ) ;
#5158 = DIRECTION ( 'NONE',  ( 0.02615073541497721366, 0.9996580110404036379, 3.284281681383466349E-18 ) ) ;
#5159 = CARTESIAN_POINT ( 'NONE',  ( 0.02385124820503943185, 0.04221267286902459503, -0.1837293989450675680 ) ) ;
#5160 = PRESENTATION_STYLE_ASSIGNMENT (( #992 ) ) ;
#5161 = CARTESIAN_POINT ( 'NONE',  ( -0.1149999999999999911, -0.2300000000000000100, -0.2000000000000000666 ) ) ;
#5162 = CARTESIAN_POINT ( 'NONE',  ( -0.08456411085397974592, 0.09904300449013139773, 0.1204149276079723579 ) ) ;
#5163 = CARTESIAN_POINT ( 'NONE',  ( -0.2650000000000000133, 0.1449999999999999900, -0.2000000000000000111 ) ) ;
#5164 = EDGE_CURVE ( 'NONE', #9453, #2589, #8653, .T. ) ;
#5165 = CARTESIAN_POINT ( 'NONE',  ( -0.03023472080557222663, 0.05913004720536158693, 0.1623989419714512716 ) ) ;
#5166 = CARTESIAN_POINT ( 'NONE',  ( 0.1339912419873329763, -0.1550000000000001377, 0.09659493958315976125 ) ) ;
#5167 = COLOUR_RGB ( '',0.7529411764705882248, 1.000000000000000000, 1.000000000000000000 ) ;
#5168 = CARTESIAN_POINT ( 'NONE',  ( 0.002250147947304805864, 0.1131050136717272198, 0.05364325304789240023 ) ) ;
#5169 = CARTESIAN_POINT ( 'NONE',  ( 0.04740029253712194079, -0.1603880068092707889, 0.1822671755301701058 ) ) ;
#5170 = CARTESIAN_POINT ( 'NONE',  ( -0.002850184412726163106, 0.06454882987827398333, 0.1936182731338223773 ) ) ;
#5171 = CARTESIAN_POINT ( 'NONE',  ( 0.02732607901079321666, 0.07849128147365572183, 0.1596932913163382206 ) ) ;
#5172 = CARTESIAN_POINT ( 'NONE',  ( 0.04225882053344761496, -0.1830020070973177038, 0.05260110419479833294 ) ) ;
#5173 = CARTESIAN_POINT ( 'NONE',  ( 0.009728138185485896497, -0.1476049369086982754, -0.1597894453168648699 ) ) ;
#5174 = EDGE_CURVE ( 'NONE', #2702, #3401, #3299, .T. ) ;
#5175 =( GEOMETRIC_REPRESENTATION_CONTEXT ( 3 ) GLOBAL_UNCERTAINTY_ASSIGNED_CONTEXT ( ( #5593 ) ) GLOBAL_UNIT_ASSIGNED_CONTEXT ( ( #2089, #9385, #7269 ) ) REPRESENTATION_CONTEXT ( 'NONE', 'WORKASPACE' ) );
#5176 = COLOUR_RGB ( '',1.000000000000000000, 1.000000000000000000, 0.5019607843137254832 ) ;
#5177 = CARTESIAN_POINT ( 'NONE',  ( 0.01742230392339601946, -0.1600000000000002531, -0.1799999999999999101 ) ) ;
#5178 = COLOUR_RGB ( '',1.000000000000000000, 1.000000000000000000, 0.5019607843137254832 ) ;
#5179 = DIRECTION ( 'NONE',  ( 0.9993255101729127121, 0.03046351156190880982, 0.02050607668387986748 ) ) ;
#5180 = CARTESIAN_POINT ( 'NONE',  ( 0.1227283816620384077, -0.1739569468150849729, 0.07912195454025063024 ) ) ;
#5181 = CARTESIAN_POINT ( 'NONE',  ( -0.05103198152823617412, -0.03225706243498603631, -0.1734383684654335900 ) ) ;
#5182 = DIRECTION ( 'NONE',  ( 0.000000000000000000, 0.000000000000000000, 1.000000000000000000 ) ) ;
#5183 = CARTESIAN_POINT ( 'NONE',  ( 0.07994287076084287402, -0.1228036973541708626, -0.2107125921014233183 ) ) ;
#5184 = B_SPLINE_CURVE_WITH_KNOTS ( 'NONE', 3,
 ( #4342, #3666, #4400, #682, #3694, #5138, #2273, #1523 ),
 .UNSPECIFIED., .F., .F.,
 ( 4, 2, 2, 4 ),
 ( 0.4557485375414591089, 0.4999987791610235321, 0.5221270836600493404, 0.5442510124641972702 ),
 .UNSPECIFIED. ) ;
#5185 = CARTESIAN_POINT ( 'NONE',  ( -0.05739860464631623554, 0.1135141179427377883, 0.1065611519788924877 ) ) ;
#5186 = AXIS2_PLACEMENT_3D ( 'NONE', #1738, #1023, #6274 ) ;
#5187 = CARTESIAN_POINT ( 'NONE',  ( -0.05337968955480298927, 0.02277780862093585143, -0.1734383768830768391 ) ) ;
#5188 = CARTESIAN_POINT ( 'NONE',  ( 0.05076663320341168184, -0.06896086507194341964, 0.1822671877951881070 ) ) ;
#5189 = CARTESIAN_POINT ( 'NONE',  ( 0.05337790590106902128, 0.06520991583130160418, -0.008121500700585744179 ) ) ;
#5190 = PLANE ( 'NONE',  #2333 ) ;
#5191 = CARTESIAN_POINT ( 'NONE',  ( -0.1235511052073629823, -0.1828754285849016892, -0.08075121622084294182 ) ) ;
#5192 = CARTESIAN_POINT ( 'NONE',  ( -0.1149999999999993250, 0.06074636252514592494, -0.1999999999999999833 ) ) ;
#5193 = CARTESIAN_POINT ( 'NONE',  ( 0.1178956952799869728, -0.1800000000000000488, 0.04201191350592746454 ) ) ;
#5194 = CARTESIAN_POINT ( 'NONE',  ( 0.05742038853032824242, -0.1499999738058110377, -0.05261328258936751739 ) ) ;
#5195 = ADVANCED_FACE ( 'NONE', ( #187 ), #8211, .T. ) ;
#5196 = SURFACE_STYLE_FILL_AREA ( #1003 ) ;
#5197 = MANIFOLD_SOLID_BREP ( 'Cut-Extrude7[2]', #3310 ) ;
#5198 = ORIENTED_EDGE ( 'NONE', *, *, #3935, .F. ) ;
#5199 = CARTESIAN_POINT ( 'NONE',  ( 0.07569030293511386231, 0.05166067722841764104, -0.1596245279422424390 ) ) ;
#5200 = CARTESIAN_POINT ( 'NONE',  ( -0.03054243998749914951, 0.04903491505296834335, 0.1623989672421564112 ) ) ;
#5201 = MECHANICAL_DESIGN_GEOMETRIC_PRESENTATION_REPRESENTATION (  '', ( #5685 ), #1460 ) ;
#5202 = CARTESIAN_POINT ( 'NONE',  ( -0.007459563764207659611, 0.06395464199399933380, 0.1948002049143154890 ) ) ;
#5203 =( GEOMETRIC_REPRESENTATION_CONTEXT ( 3 ) GLOBAL_UNCERTAINTY_ASSIGNED_CONTEXT ( ( #6538 ) ) GLOBAL_UNIT_ASSIGNED_CONTEXT ( ( #5831, #6571, #4236 ) ) REPRESENTATION_CONTEXT ( 'NONE', 'WORKASPACE' ) );
#5204 = CARTESIAN_POINT ( 'NONE',  ( 0.04584867864616552074, 0.04864353432364824925, -0.1602363355014044255 ) ) ;
#5205 = CARTESIAN_POINT ( 'NONE',  ( 0.04225882053344761496, -0.1830020070973177038, 0.05260110419479833294 ) ) ;
#5206 = EDGE_CURVE ( 'NONE', #2376, #6569, #1116, .T. ) ;
#5207 = VERTEX_POINT ( 'NONE', #8452 ) ;
#5208 = CARTESIAN_POINT ( 'NONE',  ( 0.1210718620247217547, -0.2800000000000000266, 0.04574611991424980956 ) ) ;
#5209 = CARTESIAN_POINT ( 'NONE',  ( -0.002364298003562567696, 0.1131050780393991484, 0.1601191107273327030 ) ) ;
#5210 = CARTESIAN_POINT ( 'NONE',  ( 0.06480801263504055998, 0.05166073338746193094, 0.05439996602138243154 ) ) ;
#5211 = CARTESIAN_POINT ( 'NONE',  ( -0.06495772284536174834, -0.01446946930058811386, -0.2004157811472674910 ) ) ;
#5212 = CARTESIAN_POINT ( 'NONE',  ( -0.02395375127464411183, 0.02391315327401234356, 0.1748112765039873395 ) ) ;
#5213 = CARTESIAN_POINT ( 'NONE',  ( 0.07591923254621761596, -0.03107351326781155471, -0.2107090319563468817 ) ) ;
#5214 = CARTESIAN_POINT ( 'NONE',  ( -0.03830758092707468865, 0.08724045140607317173, 0.02752750940696415891 ) ) ;
#5215 = ORIENTED_EDGE ( 'NONE', *, *, #7370, .F. ) ;
#5216 = ORIENTED_EDGE ( 'NONE', *, *, #3752, .T. ) ;
#5217 = STYLED_ITEM ( 'NONE', ( #4843 ), #6943 ) ;
#5218 = ORIENTED_EDGE ( 'NONE', *, *, #6136, .F. ) ;
#5219 = VECTOR ( 'NONE', #9302, 1000.000000000000000 ) ;
#5220 = CARTESIAN_POINT ( 'NONE',  ( -0.06627140969980210849, 0.07275948528167891505, 0.05249772287053580677 ) ) ;
#5221 = CARTESIAN_POINT ( 'NONE',  ( 0.02807646862118614445, -0.01286660242157689447, 0.1480774683289634019 ) ) ;
#5222 = CARTESIAN_POINT ( 'NONE',  ( 0.05283600306478665465, 0.06526048498044420554, 0.004541270679322180134 ) ) ;
#5223 = CARTESIAN_POINT ( 'NONE',  ( -0.01742357537140429291, 0.07553506467072447494, 0.05243358991517151069 ) ) ;
#5224 = EDGE_CURVE ( 'NONE', #5697, #8665, #9104, .T. ) ;
#5225 = CARTESIAN_POINT ( 'NONE',  ( 0.03194634755137860938, -0.1596204022849642135, -0.1837293514539657946 ) ) ;
#5226 = CARTESIAN_POINT ( 'NONE',  ( 0.1180844409695533531, -0.1938628555048846069, 0.05292948600256318359 ) ) ;
#5227 = CIRCLE ( 'NONE', #6653, 0.01499999999999999944 ) ;
#5228 = CARTESIAN_POINT ( 'NONE',  ( -0.07383910806475374455, 0.09903317304229697360, -0.05494534713253924202 ) ) ;
#5229 = ORIENTED_EDGE ( 'NONE', *, *, #5338, .F. ) ;
#5230 = LINE ( 'NONE', #8149, #996 ) ;
#5231 = CARTESIAN_POINT ( 'NONE',  ( -0.03149142828299716923, -0.1596314237595157226, 0.1748111763077719594 ) ) ;
#5232 = AXIS2_PLACEMENT_3D ( 'NONE', #8493, #4049, #6237 ) ;
#5233 = CARTESIAN_POINT ( 'NONE',  ( 0.07157099500306539352, 0.08152233994041113707, -0.1059657400982781938 ) ) ;
#5234 = CARTESIAN_POINT ( 'NONE',  ( -0.05700409448261830464, 0.02320414525415202822, 0.1465980065236661412 ) ) ;
#5235 = COLOUR_RGB ( '',1.000000000000000000, 1.000000000000000000, 1.000000000000000000 ) ;
#5236 = CARTESIAN_POINT ( 'NONE',  ( 0.05492430017308392448, 0.02269937257802019312, 0.1822672801020014943 ) ) ;
#5237 = CARTESIAN_POINT ( 'NONE',  ( 0.2151529347530393155, -0.1600000000000000311, 0.1514657644844085160 ) ) ;
#5238 = COLOUR_RGB ( '',1.000000000000000000, 1.000000000000000000, 0.5019607843137254832 ) ;
#5239 = ORIENTED_EDGE ( 'NONE', *, *, #9307, .T. ) ;
#5240 = ORIENTED_EDGE ( 'NONE', *, *, #5129, .T. ) ;
#5241 = CARTESIAN_POINT ( 'NONE',  ( -0.1210718620247217825, -0.1600000000000000311, -0.04574611991424980956 ) ) ;
#5242 = CARTESIAN_POINT ( 'NONE',  ( 0.009634914764267180423, -0.2063995336668072444, 0.1075063227214984596 ) ) ;
#5243 = FILL_AREA_STYLE ('',( #4501 ) ) ;
#5244 =( LENGTH_UNIT ( ) NAMED_UNIT ( * ) SI_UNIT ( .MILLI., .METRE. ) );
#5245 = ADVANCED_FACE ( 'NONE', ( #3048 ), #8642, .F. ) ;
#5246 = CARTESIAN_POINT ( 'NONE',  ( 0.06855585441574435501, 0.1113702190596875113, -0.1060942471779710711 ) ) ;
#5247 = CARTESIAN_POINT ( 'NONE',  ( 0.1222279740515356122, -0.1727244994879181261, 0.07806551604133675493 ) ) ;
#5248 = ORIENTED_EDGE ( 'NONE', *, *, #8152, .T. ) ;
#5249 = ORIENTED_EDGE ( 'NONE', *, *, #2323, .F. ) ;
#5250 = AXIS2_PLACEMENT_3D ( 'NONE', #9273, #6376, #2008 ) ;
#5251 = CARTESIAN_POINT ( 'NONE',  ( -0.01909359012575352621, -0.1596478807837577174, -0.1865616231805697356 ) ) ;
#5252 = CARTESIAN_POINT ( 'NONE',  ( 0.05836284255224575418, 0.05998743853633667356, -0.1599823553555815292 ) ) ;
#5253 = CARTESIAN_POINT ( 'NONE',  ( 0.08143428500343918852, -0.1227479011113265656, -0.1807497357110948166 ) ) ;
#5254 = B_SPLINE_CURVE_WITH_KNOTS ( 'NONE', 3,
 ( #110, #5236, #4458, #4565, #3791, #7350, #911, #5169 ),
 .UNSPECIFIED., .F., .F.,
 ( 4, 2, 2, 4 ),
 ( 0.2196000603987613153, 0.2500086994425866349, 0.2652129161892203268, 0.2804167206486350983 ),
 .UNSPECIFIED. ) ;
#5255 = CARTESIAN_POINT ( 'NONE',  ( 0.007753140239137775065, 0.07999999999999997391, -0.1600000000000000311 ) ) ;
#5256 = UNCERTAINTY_MEASURE_WITH_UNIT (LENGTH_MEASURE( 1.000000000000000082E-05 ), #1083, 'distance_accuracy_value', 'NONE');
#5257 = ORIENTED_EDGE ( 'NONE', *, *, #1068, .F. ) ;
#5258 = CARTESIAN_POINT ( 'NONE',  ( -0.009565281181497553228, 0.06365133331983026388, 0.1947843709744683516 ) ) ;
#5259 = CARTESIAN_POINT ( 'NONE',  ( 0.05712811414415022021, 0.06483167019702557043, -0.1613138896769377717 ) ) ;
#5260 = CARTESIAN_POINT ( 'NONE',  ( 0.05470664501148736480, 0.06508135817062128681, -0.1094388463116271748 ) ) ;
#5261 = ORIENTED_EDGE ( 'NONE', *, *, #1985, .F. ) ;
#5262 = SURFACE_STYLE_USAGE ( .BOTH. , #3151 ) ;
#5263 = CARTESIAN_POINT ( 'NONE',  ( 0.06351873699713068977, 0.08150863288046322763, 0.02763886995029388519 ) ) ;
#5264 = CARTESIAN_POINT ( 'NONE',  ( 0.02329547691020024749, 0.06044270788934585914, -0.1837293518267965331 ) ) ;
#5265 = CARTESIAN_POINT ( 'NONE',  ( 0.1233596089891616648, -0.1837118335874652342, 0.08037784150486572410 ) ) ;
#5266 = DIRECTION ( 'NONE',  ( 0.03046773440284203383, 0.9995357508165269023, 0.000000000000000000 ) ) ;
#5267 = B_SPLINE_CURVE_WITH_KNOTS ( 'NONE', 3,
 ( #7504, #3884, #5291, #5263, #864, #3114, #6088, #6742 ),
 .UNSPECIFIED., .F., .F.,
 ( 4, 2, 2, 4 ),
 ( 0.1224153570411147529, 0.1666656434494600547, 0.1887940325006644271, 0.2109176686151477131 ),
 .UNSPECIFIED. ) ;
#5268 = PRESENTATION_LAYER_ASSIGNMENT (  '', '', ( #8029 ) ) ;
#5269 =( GEOMETRIC_REPRESENTATION_CONTEXT ( 3 ) GLOBAL_UNCERTAINTY_ASSIGNED_CONTEXT ( ( #5381 ) ) GLOBAL_UNIT_ASSIGNED_CONTEXT ( ( #2121, #7971, #5721 ) ) REPRESENTATION_CONTEXT ( 'NONE', 'WORKASPACE' ) );
#5270 = CARTESIAN_POINT ( 'NONE',  ( 0.03089486468929385568, 0.04865029810760185258, 0.1328705582164906862 ) ) ;
#5271 = VERTEX_POINT ( 'NONE', #691 ) ;
#5272 = CARTESIAN_POINT ( 'NONE',  ( 0.2119781053466708032, -0.2300000000000000655, 0.1558400203457860900 ) ) ;
#5273 = CARTESIAN_POINT ( 'NONE',  ( 0.03872829207045157263, 0.1083529006219487445, -0.1073910101277164297 ) ) ;
#5274 = CARTESIAN_POINT ( 'NONE',  ( 0.03900692187856252824, -0.2124035727209253321, 0.1062678972846845676 ) ) ;
#5275 = CARTESIAN_POINT ( 'NONE',  ( 0.02710807535867232679, -0.2123950630913020443, -0.1602105546831351368 ) ) ;
#5276 = MECHANICAL_DESIGN_GEOMETRIC_PRESENTATION_REPRESENTATION (  '', ( #7908 ), #7241 ) ;
#5277 = SURFACE_STYLE_FILL_AREA ( #8944 ) ;
#5278 = STYLED_ITEM ( 'NONE', ( #7731 ), #6314 ) ;
#5279 = CARTESIAN_POINT ( 'NONE',  ( 0.06018459883946897931, 0.05166085403609065041, 0.1603610024710146464 ) ) ;
#5280 = CARTESIAN_POINT ( 'NONE',  ( 0.06040100084813727899, 0.06446229186908049302, -0.1946887474964925924 ) ) ;
#5281 = CARTESIAN_POINT ( 'NONE',  ( -0.006563973209576236430, 0.07553518669664388563, -0.1602927535872134823 ) ) ;
#5282 = CARTESIAN_POINT ( 'NONE',  ( -0.05918049212551992205, -0.1606979132735562865, -0.2004157821168419396 ) ) ;
#5283 = DIRECTION ( 'NONE',  ( -0.02052340527576554732, 0.0002562270569843368845, 0.9997893399029528227 ) ) ;
#5284 = CARTESIAN_POINT ( 'NONE',  ( 0.07225601924440834545, 0.06041109029553856646, -0.2107090398794085884 ) ) ;
#5285 = CARTESIAN_POINT ( 'NONE',  ( -0.04468588224141916559, 0.1135277579884421406, -0.1066697453555295882 ) ) ;
#5286 = DIRECTION ( 'NONE',  ( -0.8225730715701192741, 0.5683300919489029379, 0.01935067216018016706 ) ) ;
#5287 = CARTESIAN_POINT ( 'NONE',  ( 0.05519036500100099607, 0.06503308414265701609, -0.1614724675344028082 ) ) ;
#5288 = CARTESIAN_POINT ( 'NONE',  ( 0.2017251974013795635, -0.2300000000000001488, 0.1177992224742518967 ) ) ;
#5289 = CARTESIAN_POINT ( 'NONE',  ( 0.05473968027774696321, 0.06507808892395020028, -0.1094426791009448646 ) ) ;
#5290 = CARTESIAN_POINT ( 'NONE',  ( 0.2650000000000000133, 0.06000000000000001166, 0.2000000000000000111 ) ) ;
#5291 = CARTESIAN_POINT ( 'NONE',  ( 0.06862251717703113374, 0.08150869652257698716, -0.05238083746731506812 ) ) ;
#5292 = STYLED_ITEM ( 'NONE', ( #5928 ), #8929 ) ;
#5293 = CARTESIAN_POINT ( 'NONE',  ( 0.01869352601914535394, -0.01303337963052507605, -0.2127873578727912385 ) ) ;
#5294 = CARTESIAN_POINT ( 'NONE',  ( 0.1227928440324038278, -0.1857602049243425313, 0.07925355877265163884 ) ) ;
#5295 = CARTESIAN_POINT ( 'NONE',  ( -0.1149999999999999911, -0.1807442485475588279, -0.04018518524012758969 ) ) ;
#5296 = COLOUR_RGB ( '',1.000000000000000000, 1.000000000000000000, 0.5019607843137254832 ) ;
#5297 = ADVANCED_FACE ( 'NONE', ( #7644 ), #7787, .T. ) ;
#5298 = CARTESIAN_POINT ( 'NONE',  ( 0.01037285527785176270, -0.06937376108276864517, 0.1570409055546504451 ) ) ;
#5299 = CARTESIAN_POINT ( 'NONE',  ( 0.06862251717703113374, 0.08150869652257698716, -0.05238083746731506812 ) ) ;
#5300 = EDGE_CURVE ( 'NONE', #5374, #5029, #3712, .T. ) ;
#5301 = CARTESIAN_POINT ( 'NONE',  ( -0.09596429329532014940, -0.1592549829037861742, 0.1976011304244731370 ) ) ;
#5302 = CARTESIAN_POINT ( 'NONE',  ( 0.04925023811555490072, 0.06556969466716153216, 0.1643666354873294100 ) ) ;
#5303 = EDGE_CURVE ( 'NONE', #4046, #83, #1320, .T. ) ;
#5304 = VECTOR ( 'NONE', #3637, 1000.000000000000000 ) ;
#5305 = CIRCLE ( 'NONE', #7158, 0.01500000000000000118 ) ;
#5306 = CARTESIAN_POINT ( 'NONE',  ( 0.1221691108778173301, -0.1789164186488890473, 0.04470776659520532548 ) ) ;
#5307 = CARTESIAN_POINT ( 'NONE',  ( 0.07282306559747155073, 0.06268614109801018408, -0.1852077478881353489 ) ) ;
#5308 = DIRECTION ( 'NONE',  ( -0.8989403967233602355, -0.02347461441618442848, 0.4374415453713322299 ) ) ;
#5309 = VERTEX_POINT ( 'NONE', #587 ) ;
#5310 = CARTESIAN_POINT ( 'NONE',  ( 0.04517060013746518332, -0.01403727908045238407, -0.2092166753620111896 ) ) ;
#5311 = CARTESIAN_POINT ( 'NONE',  ( -0.07088710494496802683, 0.07275947084674075360, 0.1597285065621297240 ) ) ;
#5312 = EDGE_CURVE ( 'NONE', #7531, #1216, #7286, .T. ) ;
#5313 = UNCERTAINTY_MEASURE_WITH_UNIT (LENGTH_MEASURE( 1.000000000000000082E-05 ), #5899, 'distance_accuracy_value', 'NONE');
#5314 = CARTESIAN_POINT ( 'NONE',  ( -0.05836279877952892797, 0.05998743945579414899, 0.1599823585076222132 ) ) ;
#5315 =( NAMED_UNIT ( * ) SI_UNIT ( $, .STERADIAN. ) SOLID_ANGLE_UNIT ( ) );
#5316 = CARTESIAN_POINT ( 'NONE',  ( -0.08075670284563077339, -0.1714750486207665403, 0.1602902600824025747 ) ) ;
#5317 = CARTESIAN_POINT ( 'NONE',  ( 0.2017251974013795635, -0.1699999999999999845, 0.1177992224742518967 ) ) ;
#5318 = CARTESIAN_POINT ( 'NONE',  ( 0.05171231415497557632, 0.06536150795668281555, 0.02986456531180939691 ) ) ;
#5319 = ORIENTED_EDGE ( 'NONE', *, *, #2323, .T. ) ;
#5320 = CARTESIAN_POINT ( 'NONE',  ( -0.02911274646542583514, 0.08724039871988237271, -0.1597322420500395246 ) ) ;
#5321 = FILL_AREA_STYLE_COLOUR ( '', #5296 ) ;
#5322 = CARTESIAN_POINT ( 'NONE',  ( -0.002886140486550816710, -0.01395436986021653288, -0.1762706477526660431 ) ) ;
#5323 = CARTESIAN_POINT ( 'NONE',  ( 0.1244805217859632079, -0.1700000000000000122, 0.08245206481447017732 ) ) ;
#5324 = VECTOR ( 'NONE', #1145, 1000.000000000000000 ) ;
#5325 = CARTESIAN_POINT ( 'NONE',  ( 0.05775314023913778738, 0.07999999999999998779, -0.1600000000000000033 ) ) ;
#5326 = CARTESIAN_POINT ( 'NONE',  ( -0.03848536668753513995, -0.06727705765413723171, 0.2029590940321191750 ) ) ;
#5327 = CARTESIAN_POINT ( 'NONE',  ( 0.01789493444100608011, -0.1599857055168055486, -0.1599844472747599666 ) ) ;
#5328 = CARTESIAN_POINT ( 'NONE',  ( -0.2650000000000000133, -0.2300000000000000100, -0.2000000000000000111 ) ) ;
#5329 = ORIENTED_EDGE ( 'NONE', *, *, #3221, .T. ) ;
#5330 = ORIENTED_EDGE ( 'NONE', *, *, #1695, .F. ) ;
#5331 = EDGE_LOOP ( 'NONE', ( #5778, #3302, #7757, #5124, #8206, #8645 ) ) ;
#5332 = CARTESIAN_POINT ( 'NONE',  ( 0.008277217653604023243, 0.08446493541337594946, 0.1073057284990673044 ) ) ;
#5333 = PRESENTATION_STYLE_ASSIGNMENT (( #4353 ) ) ;
#5334 = CARTESIAN_POINT ( 'NONE',  ( 0.04690078410537555642, 0.06574052792415120694, 0.1600918927722245477 ) ) ;
#5335 = AXIS2_PLACEMENT_3D ( 'NONE', #5878, #1503, #4987 ) ;
#5336 = CARTESIAN_POINT ( 'NONE',  ( 0.1150000000000000050, -0.1550000000000000266, -0.2000000000000000666 ) ) ;
#5337 = CARTESIAN_POINT ( 'NONE',  ( -0.001641114067282099321, -0.2063953325925150240, -0.1326234222640024218 ) ) ;
#5338 = EDGE_CURVE ( 'NONE', #8656, #2936, #3398, .T. ) ;
#5339 = VECTOR ( 'NONE', #718, 1000.000000000000000 ) ;
#5340 = ORIENTED_EDGE ( 'NONE', *, *, #2659, .F. ) ;
#5341 = CARTESIAN_POINT ( 'NONE',  ( 0.1213843660293290050, -0.1854423772537502901, 0.04540811918265003772 ) ) ;
#5342 = CARTESIAN_POINT ( 'NONE',  ( 0.03089486468929385568, 0.04865029810760185258, 0.1328705582164906862 ) ) ;
#5343 = ADVANCED_FACE ( 'NONE', ( #863 ), #8097, .F. ) ;
#5344 = ORIENTED_EDGE ( 'NONE', *, *, #4500, .F. ) ;
#5345 = CARTESIAN_POINT ( 'NONE',  ( 0.06351873699713068977, 0.08150863288046322763, 0.02763886995029388519 ) ) ;
#5346 = CARTESIAN_POINT ( 'NONE',  ( 0.02693488586067447829, 0.05582477304465111034, -0.05187860480028192584 ) ) ;
#5347 = DIRECTION ( 'NONE',  ( -0.02615301167375811559, -0.9996579468436914695, -9.639838070536060899E-05 ) ) ;
#5348 = CARTESIAN_POINT ( 'NONE',  ( -0.07519379774260888383, -0.03109362048599495151, 0.1720995094240694578 ) ) ;
#5349 = MECHANICAL_DESIGN_GEOMETRIC_PRESENTATION_REPRESENTATION (  '', ( #8291 ), #2709 ) ;
#5350 = ORIENTED_EDGE ( 'NONE', *, *, #4943, .F. ) ;
#5351 = ORIENTED_EDGE ( 'NONE', *, *, #213, .F. ) ;
#5352 = SURFACE_STYLE_USAGE ( .BOTH. , #6052 ) ;
#5353 =( NAMED_UNIT ( * ) SI_UNIT ( $, .STERADIAN. ) SOLID_ANGLE_UNIT ( ) );
#5354 = CARTESIAN_POINT ( 'NONE',  ( -0.08732775770370937440, -0.1714750601623973303, 0.0005931195190617599613 ) ) ;
#5355 = CARTESIAN_POINT ( 'NONE',  ( 0.02187372307107353017, 0.06058998721983255287, 0.2073881562730618411 ) ) ;
#5356 =( NAMED_UNIT ( * ) SI_UNIT ( $, .STERADIAN. ) SOLID_ANGLE_UNIT ( ) );
#5357 = CARTESIAN_POINT ( 'NONE',  ( 0.05908066719357517316, 0.06000941081423370738, -0.1949968459244867114 ) ) ;
#5358 = CARTESIAN_POINT ( 'NONE',  ( -0.1210718620247217825, -0.3794892511997078333, -0.04574611991424980956 ) ) ;
#5359 = EDGE_CURVE ( 'NONE', #5870, #6760, #8426, .T. ) ;
#5360 = CARTESIAN_POINT ( 'NONE',  ( -0.2650000000000000133, 0.1700000000000000122, 0.2000000000000000111 ) ) ;
#5361 = FILL_AREA_STYLE_COLOUR ( '', #4094 ) ;
#5362 = VECTOR ( 'NONE', #970, 1000.000000000000000 ) ;
#5363 = CARTESIAN_POINT ( 'NONE',  ( -0.02111725954527864102, -0.1599001180110951603, 0.1466632736079168664 ) ) ;
#5364 = ORIENTED_EDGE ( 'NONE', *, *, #2853, .F. ) ;
#5365 = CLOSED_SHELL ( 'NONE', ( #3374, #9389, #6854, #3756, #7560, #54, #3240, #2785, #6314, #4471, #6107, #3430, #7508, #2649 ) ) ;
#5366 = CARTESIAN_POINT ( 'NONE',  ( -0.1727154805785204583, -0.2300000000000000655, -0.1472490126125821919 ) ) ;
#5367 = CARTESIAN_POINT ( 'NONE',  ( -0.05409886421971344533, -0.1382782943188765601, 0.1879025851734620889 ) ) ;
#5368 = CARTESIAN_POINT ( 'NONE',  ( 0.01289463137290461706, 0.08446487201132911460, 0.02760257471332332180 ) ) ;
#5369 = CARTESIAN_POINT ( 'NONE',  ( 0.1210718620247218102, -0.1600000000000000311, 0.04574611991424980956 ) ) ;
#5370 = CARTESIAN_POINT ( 'NONE',  ( -0.06933303242977158221, -0.1232103020729669457, 0.2134020551695579859 ) ) ;
#5371 = CARTESIAN_POINT ( 'NONE',  ( 0.02608141810279529169, 0.1083392664942441630, 0.1057715460922218353 ) ) ;
#5372 = VECTOR ( 'NONE', #255, 1000.000000000000000 ) ;
#5373 = CARTESIAN_POINT ( 'NONE',  ( -0.04376186857579343614, 0.05776970862280999403, 0.1807442988341606271 ) ) ;
#5374 = VERTEX_POINT ( 'NONE', #955 ) ;
#5375 = CARTESIAN_POINT ( 'NONE',  ( -0.001641114067282099321, -0.2063953325925150240, -0.1326234222640024218 ) ) ;
#5376 = ORIENTED_EDGE ( 'NONE', *, *, #2300, .F. ) ;
#5377 = CARTESIAN_POINT ( 'NONE',  ( -0.2650000000000000133, -0.2300000000000000100, 0.2000000000000000111 ) ) ;
#5378 = CARTESIAN_POINT ( 'NONE',  ( 0.06862251717703113374, 0.08150869652257698716, -0.05238083746731506812 ) ) ;
#5379 = CARTESIAN_POINT ( 'NONE',  ( 0.06050797621656925362, 0.1113565113862929751, 0.02744008572356169268 ) ) ;
#5380 = CARTESIAN_POINT ( 'NONE',  ( 0.01719709787858262826, 0.05582477284818525287, 0.1077304859532542819 ) ) ;
#5381 = UNCERTAINTY_MEASURE_WITH_UNIT (LENGTH_MEASURE( 1.000000000000000082E-05 ), #2121, 'distance_accuracy_value', 'NONE');
#5382 = STYLED_ITEM ( 'NONE', ( #7601 ), #1206 ) ;
#5383 = CARTESIAN_POINT ( 'NONE',  ( 0.2147773133390572520, -0.2300000000000000100, 0.1519035544740385268 ) ) ;
#5384 = CARTESIAN_POINT ( 'NONE',  ( 0.007753140239137775065, 0.07999999999999997391, -0.1600000000000000311 ) ) ;
#5385 = PRESENTATION_STYLE_ASSIGNMENT (( #7963 ) ) ;
#5387 = ORIENTED_EDGE ( 'NONE', *, *, #213, .T. ) ;
#5386 = CARTESIAN_POINT ( 'NONE',  ( 0.08239861090485432749, -0.1596082831334433849, -0.1807461816759862172 ) ) ;
#5388 = B_SPLINE_CURVE_WITH_KNOTS ( 'NONE', 3,
 ( #7913, #1979, #3566, #4226, #7186, #7219, #4135 ),
 .UNSPECIFIED., .F., .F.,
 ( 4, 3, 4 ),
 ( 9.301714591960443346E-18, 4.947537213628543187E-06, 6.660901404972586576E-06 ),
 .UNSPECIFIED. ) ;
#5389 = ORIENTED_EDGE ( 'NONE', *, *, #2234, .F. ) ;
#5390 = DIRECTION ( 'NONE',  ( 0.9993255319173289797, -0.03046132653440545082, 0.02050826282043631543 ) ) ;
#5391 = CARTESIAN_POINT ( 'NONE',  ( -0.1190835131830707272, -0.1684415173068629923, -0.04904296024970998535 ) ) ;
#5392 = CIRCLE ( 'NONE', #7495, 0.01499999999999999771 ) ;
#5393 = CARTESIAN_POINT ( 'NONE',  ( 0.002060514913966273592, 0.06508413596500954579, -0.002458458885643353530 ) ) ;
#5394 = CARTESIAN_POINT ( 'NONE',  ( -0.09259064903486652343, -0.06709961473682994615, 0.1976010575711205364 ) ) ;
#5395 = DIRECTION ( 'NONE',  ( -1.000000000000000000, 0.000000000000000000, 0.000000000000000000 ) ) ;
#5396 = PRESENTATION_LAYER_ASSIGNMENT (  '', '', ( #4399 ) ) ;
#5397 = ADVANCED_FACE ( 'NONE', ( #1107 ), #3801, .F. ) ;
#5398 = FACE_OUTER_BOUND ( 'NONE', #171, .T. ) ;
#5399 = CARTESIAN_POINT ( 'NONE',  ( 0.03707307476327377505, -0.1830019563044494590, -0.05400954762272686810 ) ) ;
#5400 = CARTESIAN_POINT ( 'NONE',  ( 0.009107347932262033208, 0.1131050982601266575, -0.05295011527024889170 ) ) ;
#5401 = CARTESIAN_POINT ( 'NONE',  ( 0.09783348573682129623, -0.1800000000000000488, 0.02935581481343490368 ) ) ;
#5402 = CARTESIAN_POINT ( 'NONE',  ( 0.06351873699713068977, 0.08150863288046322763, 0.02763886995029388519 ) ) ;
#5403 = DIRECTION ( 'NONE',  ( 0.000000000000000000, -0.000000000000000000, -1.000000000000000000 ) ) ;
#5404 = SURFACE_STYLE_FILL_AREA ( #8003 ) ;
#5405 = VECTOR ( 'NONE', #1747, 1000.000000000000000 ) ;
#5406 = CARTESIAN_POINT ( 'NONE',  ( 0.1219204132468515583, -0.1833489139892353070, 0.04488767615673248945 ) ) ;
#5407 = FACE_OUTER_BOUND ( 'NONE', #3610, .T. ) ;
#5408 = CARTESIAN_POINT ( 'NONE',  ( 0.04512833791789729737, 0.02271706848293186115, -0.1792538183720273348 ) ) ;
#5409 = CARTESIAN_POINT ( 'NONE',  ( -0.03346796698381065277, -0.1741259671488289140, 0.1072151652631458535 ) ) ;
#5410 = CARTESIAN_POINT ( 'NONE',  ( 0.04230707380552461983, 0.05949811904690176234, -0.2092166757824379664 ) ) ;
#5411 = DIRECTION ( 'NONE',  ( 0.000000000000000000, 0.000000000000000000, -1.000000000000000000 ) ) ;
#5412 = EDGE_CURVE ( 'NONE', #8632, #6726, #5556, .T. ) ;
#5413 = ORIENTED_EDGE ( 'NONE', *, *, #7450, .F. ) ;
#5414 =( NAMED_UNIT ( * ) PLANE_ANGLE_UNIT ( ) SI_UNIT ( $, .RADIAN. ) );
#5415 = CARTESIAN_POINT ( 'NONE',  ( 0.01688944998909807163, -0.1769980238659117078, 0.1603467722081255431 ) ) ;
#5416 = CARTESIAN_POINT ( 'NONE',  ( 0.01775510292856911226, -0.1596119932753001236, 0.1777328027987370440 ) ) ;
#5417 = CARTESIAN_POINT ( 'NONE',  ( 0.001415830412750542161, 0.06501852579001095311, -0.02939400048878641758 ) ) ;
#5418 = CARTESIAN_POINT ( 'NONE',  ( 0.2231091093434084682, -0.2300000000000000100, 0.1582779960609690673 ) ) ;
#5419 = CARTESIAN_POINT ( 'NONE',  ( -0.07978607075600704923, -0.1450397118861447843, 0.1721009521212837068 ) ) ;
#5420 = CARTESIAN_POINT ( 'NONE',  ( -0.0007636896719451590322, -0.1582856588678656640, -0.02789690212145815376 ) ) ;
#5421 = CARTESIAN_POINT ( 'NONE',  ( -0.03034207140520951348, -0.1228065206388667535, 0.1748112007711367377 ) ) ;
#5422 = ORIENTED_EDGE ( 'NONE', *, *, #798, .T. ) ;
#5423 = CARTESIAN_POINT ( 'NONE',  ( -0.05684075535698539239, -0.1885300823318092900, 0.1275008700129230954 ) ) ;
#5424 = CARTESIAN_POINT ( 'NONE',  ( -0.05211581234927879780, -0.08718367367537752100, 0.1879004750435559756 ) ) ;
#5425 = DIRECTION ( 'NONE',  ( -0.000000000000000000, -1.000000000000000000, -0.000000000000000000 ) ) ;
#5426 = CARTESIAN_POINT ( 'NONE',  ( -0.01657673494057359739, 0.1041889445152969079, -0.1076215824951461258 ) ) ;
#5427 = CARTESIAN_POINT ( 'NONE',  ( 0.04752232409101346533, 0.06569649658952309013, 0.1619674134695796297 ) ) ;
#5428 = UNCERTAINTY_MEASURE_WITH_UNIT (LENGTH_MEASURE( 1.000000000000000082E-05 ), #3636, 'distance_accuracy_value', 'NONE');
#5429 = CARTESIAN_POINT ( 'NONE',  ( -0.0007841585506423768247, -0.08723758113057611396, 0.1851887992188993304 ) ) ;
#5430 = VECTOR ( 'NONE', #7132, 1000.000000000000000 ) ;
#5431 = SURFACE_STYLE_USAGE ( .BOTH. , #6897 ) ;
#5432 = PRESENTATION_LAYER_ASSIGNMENT (  '', '', ( #7096 ) ) ;
#5433 = ORIENTED_EDGE ( 'NONE', *, *, #4420, .T. ) ;
#5434 = CARTESIAN_POINT ( 'NONE',  ( -0.1278671797069859395, -0.1700000000000000122, -0.03805575324395597120 ) ) ;
#5435 =( NAMED_UNIT ( * ) PLANE_ANGLE_UNIT ( ) SI_UNIT ( $, .RADIAN. ) );
#5436 = ADVANCED_FACE ( 'NONE', ( #7061 ), #5774, .T. ) ;
#5437 = CARTESIAN_POINT ( 'NONE',  ( 0.06742230392339600142, -0.1600000000000000311, -0.1799999999999999656 ) ) ;
#5438 = CARTESIAN_POINT ( 'NONE',  ( -0.1149999999999999911, -0.1199999999999999956, -0.2000000000000000666 ) ) ;
#5439 = PRESENTATION_STYLE_ASSIGNMENT (( #8676 ) ) ;
#5440 = PLANE ( 'NONE',  #1834 ) ;
#5441 = ORIENTED_EDGE ( 'NONE', *, *, #2507, .T. ) ;
#5442 = EDGE_CURVE ( 'NONE', #4561, #4097, #6359, .T. ) ;
#5443 = SURFACE_STYLE_FILL_AREA ( #1730 ) ;
#5444 = AXIS2_PLACEMENT_3D ( 'NONE', #8692, #7306, #759 ) ;
#5445 =( NAMED_UNIT ( * ) PLANE_ANGLE_UNIT ( ) SI_UNIT ( $, .RADIAN. ) );
#5446 =( GEOMETRIC_REPRESENTATION_CONTEXT ( 3 ) GLOBAL_UNCERTAINTY_ASSIGNED_CONTEXT ( ( #428 ) ) GLOBAL_UNIT_ASSIGNED_CONTEXT ( ( #3342, #7790, #3407 ) ) REPRESENTATION_CONTEXT ( 'NONE', 'WORKASPACE' ) );
#5447 = CARTESIAN_POINT ( 'NONE',  ( -0.1177162586463843391, -0.1649665359981793422, -0.05798526095103186118 ) ) ;
#5448 = CARTESIAN_POINT ( 'NONE',  ( -0.2650000000000000133, 0.1449999999999999900, 0.2000000000000000111 ) ) ;
#5449 = CARTESIAN_POINT ( 'NONE',  ( -0.08016869454209274437, -0.1596657675772099050, 0.1720995054026247528 ) ) ;
#5450 = ORIENTED_EDGE ( 'NONE', *, *, #3885, .F. ) ;
#5451 = VERTEX_POINT ( 'NONE', #2056 ) ;
#5452 = ORIENTED_EDGE ( 'NONE', *, *, #7123, .F. ) ;
#5453 = CARTESIAN_POINT ( 'NONE',  ( -0.1525014675670198216, -0.1700000000000000122, -0.1230518830271274400 ) ) ;
#5454 = LINE ( 'NONE', #1143, #5678 ) ;
#5455 = COLOUR_RGB ( '',1.000000000000000000, 1.000000000000000000, 0.5019607843137254832 ) ;
#5456 = MECHANICAL_DESIGN_GEOMETRIC_PRESENTATION_REPRESENTATION (  '', ( #4112 ), #2162 ) ;
#5457 = DIRECTION ( 'NONE',  ( 0.9993792147296975958, -0.02614344219221959378, -0.02361579125490145467 ) ) ;
#5458 = CARTESIAN_POINT ( 'NONE',  ( 0.03368812960218658253, 0.06633957066073520314, 0.1639380267562549898 ) ) ;
#5459 = PRESENTATION_STYLE_ASSIGNMENT (( #4807 ) ) ;
#5460 = EDGE_LOOP ( 'NONE', ( #7377, #5140, #3402, #6685, #161 ) ) ;
#5461 = STYLED_ITEM ( 'NONE', ( #3696 ), #6840 ) ;
#5462 = CARTESIAN_POINT ( 'NONE',  ( 0.009584684864785524006, -0.08766513277993742692, 0.1570408899547813819 ) ) ;
#5463 = FACE_OUTER_BOUND ( 'NONE', #1603, .T. ) ;
#5464 = CARTESIAN_POINT ( 'NONE',  ( -0.2231091093434084127, -0.1700000000000000122, -0.1582779960609690673 ) ) ;
#5465 = CARTESIAN_POINT ( 'NONE',  ( -0.04602836463077224910, 0.05961153189781323580, 0.1879004906933163244 ) ) ;
#5466 = COLOUR_RGB ( '',0.7921568627450980005, 0.8196078431372548767, 0.9333333333333333481 ) ;
#5467 = ORIENTED_EDGE ( 'NONE', *, *, #538, .T. ) ;
#5468 = CARTESIAN_POINT ( 'NONE',  ( -0.07499999999999998335, -0.1799999999999998546, -8.470329472543003391E-19 ) ) ;
#5469 =( LENGTH_UNIT ( ) NAMED_UNIT ( * ) SI_UNIT ( .MILLI., .METRE. ) );
#5470 = FILL_AREA_STYLE ('',( #1175 ) ) ;
#5471 = CARTESIAN_POINT ( 'NONE',  ( 0.02207025368785180131, 0.08446481330335606219, -0.1597072464127865798 ) ) ;
#5472 = CARTESIAN_POINT ( 'NONE',  ( -0.0004507495551352280055, 0.1449999999999999900, 0.1999999999999999833 ) ) ;
#5473 = AXIS2_PLACEMENT_3D ( 'NONE', #7149, #1190, #6315 ) ;
#5474 = VECTOR ( 'NONE', #8056, 1000.000000000000000 ) ;
#5475 = ORIENTED_EDGE ( 'NONE', *, *, #6332, .T. ) ;
#5476 = CARTESIAN_POINT ( 'NONE',  ( 0.02385124820503943185, 0.04221267286902459503, -0.1837293989450675680 ) ) ;
#5477 = CARTESIAN_POINT ( 'NONE',  ( -0.07372818242715686865, 0.05554920744467074789, 0.1776096335158737771 ) ) ;
#5478 = CARTESIAN_POINT ( 'NONE',  ( -0.1217411881023139075, -0.1716458028771304933, -0.07690317571663388141 ) ) ;
#5479 = CARTESIAN_POINT ( 'NONE',  ( 0.002006110824683760268, 0.06507866092633819710, -0.002429955116437301776 ) ) ;
#5480 = EDGE_CURVE ( 'NONE', #2798, #8362, #8012, .T. ) ;
#5481 = CARTESIAN_POINT ( 'NONE',  ( -0.04199968164925601405, 0.04649960337275867162, -0.1065588169539117835 ) ) ;
#5482 = ADVANCED_FACE ( 'NONE', ( #1561 ), #8477, .F. ) ;
#5483 = CARTESIAN_POINT ( 'NONE',  ( -0.1217548925522692477, -0.1759110094691611614, -0.04505190493522843315 ) ) ;
#5484 = PRESENTATION_STYLE_ASSIGNMENT (( #5431 ) ) ;
#5485 = ORIENTED_EDGE ( 'NONE', *, *, #2799, .F. ) ;
#5486 = EDGE_CURVE ( 'NONE', #2168, #1464, #4181, .T. ) ;
#5487 = FILL_AREA_STYLE_COLOUR ( '', #5756 ) ;
#5488 = ORIENTED_EDGE ( 'NONE', *, *, #4327, .F. ) ;
#5489 = CARTESIAN_POINT ( 'NONE',  ( 0.009586752817038430435, 0.06573288395695457698, -0.07996195145682656602 ) ) ;
#5490 = CARTESIAN_POINT ( 'NONE',  ( 0.08998266897168234746, -0.1800000000000000488, -0.0007208539969983181368 ) ) ;
#5491 = MECHANICAL_DESIGN_GEOMETRIC_PRESENTATION_REPRESENTATION (  '', ( #3152 ), #883 ) ;
#5492 = CARTESIAN_POINT ( 'NONE',  ( -0.03100910114337037879, -0.1411963759059665646, 0.1748129528537775979 ) ) ;
#5493 = FILL_AREA_STYLE_COLOUR ( '', #2184 ) ;
#5494 =( BOUNDED_SURFACE ( )  B_SPLINE_SURFACE ( 3, 3, ( 
 ( #7921, #3545, #4894, #521, #5014, #9373, #6441, #4262 ),
 ( #4145, #485, #5648, #1267, #5620, #2019, #9310, #5683 ),
 ( #1294, #2773, #1242, #2959, #4302, #6514, #8777, #2182 ),
 ( #2146, #707, #7291, #1423, #5107, #4431, #2211, #9466 ),
 ( #5834, #7997, #5865, #2899, #5168, #8743, #7324, #3575 ),
 ( #5046, #4372, #4343, #2874, #8057, #8084, #9436, #649 ),
 ( #8031, #9404, #777, #1462, #7255, #6574, #7349, #4401 ) ),
 .UNSPECIFIED., .T., .F., .F. ) 
 B_SPLINE_SURFACE_WITH_KNOTS ( ( 4, 3, 4 ),
 ( 4, 2, 2, 4 ),
 ( 0.000000000000000000, 0.5000000000000000000, 1.000000000000000000 ),
 ( 0.4557485375414591089, 0.4999987791610235321, 0.5221270836600493404, 0.5442510124641972702 ),
 .UNSPECIFIED. ) 
 GEOMETRIC_REPRESENTATION_ITEM ( )  RATIONAL_B_SPLINE_SURFACE ( (
 ( 1.000000000000000000, 1.000000000000000000, 1.000000000000000000, 1.000000000000000000, 1.000000000000000000, 1.000000000000000000, 1.000000000000000000, 1.000000000000000000),
 ( 0.3333333333333333703, 0.3333333333333333703, 0.3333333333333333703, 0.3333333333333333703, 0.3333333333333333703, 0.3333333333333333703, 0.3333333333333333703, 0.3333333333333333703),
 ( 0.3333333333333333703, 0.3333333333333333703, 0.3333333333333333703, 0.3333333333333333703, 0.3333333333333333703, 0.3333333333333333703, 0.3333333333333333703, 0.3333333333333333703),
 ( 1.000000000000000000, 1.000000000000000000, 1.000000000000000000, 1.000000000000000000, 1.000000000000000000, 1.000000000000000000, 1.000000000000000000, 1.000000000000000000),
 ( 0.3333333333333333703, 0.3333333333333333703, 0.3333333333333333703, 0.3333333333333333703, 0.3333333333333333703, 0.3333333333333333703, 0.3333333333333333703, 0.3333333333333333703),
 ( 0.3333333333333333703, 0.3333333333333333703, 0.3333333333333333703, 0.3333333333333333703, 0.3333333333333333703, 0.3333333333333333703, 0.3333333333333333703, 0.3333333333333333703),
 ( 1.000000000000000000, 1.000000000000000000, 1.000000000000000000, 1.000000000000000000, 1.000000000000000000, 1.000000000000000000, 1.000000000000000000, 1.000000000000000000) ) ) 
 REPRESENTATION_ITEM ( '' )  SURFACE ( )  );
#5495 = COLOUR_RGB ( '',1.000000000000000000, 1.000000000000000000, 0.5019607843137254832 ) ;
#5496 = CARTESIAN_POINT ( 'NONE',  ( -0.04224685976086223899, 0.08000000000000004330, -0.1599999999999999756 ) ) ;
#5497 = SURFACE_SIDE_STYLE ('',( #7475 ) ) ;
#5498 = CARTESIAN_POINT ( 'NONE',  ( 0.02787913665942245989, 0.07849817793620419981, 0.1327563563108895006 ) ) ;
#5499 =( NAMED_UNIT ( * ) PLANE_ANGLE_UNIT ( ) SI_UNIT ( $, .RADIAN. ) );
#5500 =( LENGTH_UNIT ( ) NAMED_UNIT ( * ) SI_UNIT ( .MILLI., .METRE. ) );
#5501 = CARTESIAN_POINT ( 'NONE',  ( -0.2151529347530393155, -0.2300000000000000100, -0.1514657644844083773 ) ) ;
#5502 = LINE ( 'NONE', #5799, #2636 ) ;
#5503 = DIRECTION ( 'NONE',  ( -1.000000000000000000, 0.000000000000000000, -0.000000000000000000 ) ) ;
#5504 = DIRECTION ( 'NONE',  ( 0.03046773440284091319, 0.9995357508165266802, 0.000000000000000000 ) ) ;
#5505 = CARTESIAN_POINT ( 'NONE',  ( -0.05820988509542925071, 0.06500696130013457197, 0.1599867833215365132 ) ) ;
#5506 = CARTESIAN_POINT ( 'NONE',  ( 0.004359783777142589752, -0.1770022647352252065, -0.1328260867731301809 ) ) ;
#5507 = CARTESIAN_POINT ( 'NONE',  ( -0.03298359293924550684, -0.1465249214703617797, -0.1332523269692298395 ) ) ;
#5508 = CARTESIAN_POINT ( 'NONE',  ( 0.01116353521811892444, 0.08446485103238228487, 0.05418747179559656874 ) ) ;
#5509 = CARTESIAN_POINT ( 'NONE',  ( 0.1655526671241021597, -0.2299999999999999545, 0.05290356562635827736 ) ) ;
#5510 = CARTESIAN_POINT ( 'NONE',  ( -0.07094166848795648017, 0.09904680525754663845, -0.1078112296835935791 ) ) ;
#5511 = AXIS2_PLACEMENT_3D ( 'NONE', #8560, #3962, #4896 ) ;
#5512 = CIRCLE ( 'NONE', #2999, 0.005021852419135219847 ) ;
#5513 = AXIS2_PLACEMENT_3D ( 'NONE', #4603, #181, #3100 ) ;
#5514 = CARTESIAN_POINT ( 'NONE',  ( -0.03197385822407352446, -0.1650051266204962952, -0.1599883477708455570 ) ) ;
#5515 = EDGE_CURVE ( 'NONE', #3401, #6593, #60, .T. ) ;
#5516 = CARTESIAN_POINT ( 'NONE',  ( -0.06901513114746203603, -0.1467910247738910545, 0.02642849937707937580 ) ) ;
#5517 = CARTESIAN_POINT ( 'NONE',  ( -0.03601143331955650867, 0.06015902348540713013, -0.1948596219520669359 ) ) ;
#5518 = CARTESIAN_POINT ( 'NONE',  ( 0.02740196076643285419, 0.06639315723428768079, 0.1846078766059006393 ) ) ;
#5519 = CARTESIAN_POINT ( 'NONE',  ( -0.01997144315572450465, -0.1231883715306884702, 0.1466632915174823359 ) ) ;
#5520 = CARTESIAN_POINT ( 'NONE',  ( -0.07047146707949827893, -0.1599234489190879127, 0.2134020470028331617 ) ) ;
#5521 = CARTESIAN_POINT ( 'NONE',  ( -0.2650000000000000133, 0.05000000000000002359, -0.2000000000000000111 ) ) ;
#5522 =( GEOMETRIC_REPRESENTATION_CONTEXT ( 3 ) GLOBAL_UNCERTAINTY_ASSIGNED_CONTEXT ( ( #2447 ) ) GLOBAL_UNIT_ASSIGNED_CONTEXT ( ( #1307, #2755, #5568 ) ) REPRESENTATION_CONTEXT ( 'NONE', 'WORKASPACE' ) );
#5523 = SURFACE_SIDE_STYLE ('',( #1213 ) ) ;
#5524 = ADVANCED_FACE ( 'NONE', ( #615 ), #8628, .T. ) ;
#5525 = SURFACE_SIDE_STYLE ('',( #5537 ) ) ;
#5526 = CARTESIAN_POINT ( 'NONE',  ( -0.0001203060224233287745, 0.06880045316905487873, 0.2000000000000000666 ) ) ;
#5527 = DIRECTION ( 'NONE',  ( -0.5335477900353220448, 0.000000000000000000, 0.8457699189191016931 ) ) ;
#5528 = EDGE_CURVE ( 'NONE', #8430, #5663, #4412, .T. ) ;
#5529 = CARTESIAN_POINT ( 'NONE',  ( 0.1531995975575633218, 0.04830536985635373870, 0.2000000000000000111 ) ) ;
#5530 = DIRECTION ( 'NONE',  ( 0.000000000000000000, 1.000000000000000000, 0.000000000000000000 ) ) ;
#5531 = ORIENTED_EDGE ( 'NONE', *, *, #1733, .T. ) ;
#5532 = DIRECTION ( 'NONE',  ( -0.02052558504614403201, -0.0002560480453828502408, 0.9997892952006997014 ) ) ;
#5533 = PRESENTATION_LAYER_ASSIGNMENT (  '', '', ( #2303 ) ) ;
#5534 = CARTESIAN_POINT ( 'NONE',  ( -0.1727154805785204583, -0.1550000000000000266, -0.1472490126125821919 ) ) ;
#5535 = DIRECTION ( 'NONE',  ( -0.02615162913723788340, 0.9996579830122664934, -9.640184560099837596E-05 ) ) ;
#5536 = CARTESIAN_POINT ( 'NONE',  ( -0.01870399914927206586, 0.06096691183954550119, -0.05161007736896324610 ) ) ;
#5537 = SURFACE_STYLE_FILL_AREA ( #1964 ) ;
#5538 = UNCERTAINTY_MEASURE_WITH_UNIT (LENGTH_MEASURE( 1.000000000000000082E-05 ), #2360, 'distance_accuracy_value', 'NONE');
#5539 = PRESENTATION_LAYER_ASSIGNMENT (  '', '', ( #8894 ) ) ;
#5540 = DIRECTION ( 'NONE',  ( -0.02052340527576259482, 0.0002562270569695206655, 0.9997893399029529338 ) ) ;
#5541 = ORIENTED_EDGE ( 'NONE', *, *, #5515, .F. ) ;
#5542 = SURFACE_SIDE_STYLE ('',( #4170 ) ) ;
#5543 = CARTESIAN_POINT ( 'NONE',  ( 0.03610027961822200038, 0.06627839574248929611, 0.1605846567724112106 ) ) ;
#5544 = CARTESIAN_POINT ( 'NONE',  ( -0.03432290171633532727, 0.02434944363895433922, 0.2029591855431084613 ) ) ;
#5545 = CARTESIAN_POINT ( 'NONE',  ( -0.03775210631404141842, -0.1243656946086430098, 0.1623989579184639820 ) ) ;
#5546 = STYLED_ITEM ( 'NONE', ( #4828 ), #772 ) ;
#5547 = FACE_OUTER_BOUND ( 'NONE', #6499, .T. ) ;
#5548 = ORIENTED_EDGE ( 'NONE', *, *, #564, .F. ) ;
#5549 = ORIENTED_EDGE ( 'NONE', *, *, #2300, .T. ) ;
#5550 = CARTESIAN_POINT ( 'NONE',  ( -0.01314198247471285927, 0.04689492196060065371, 0.1598808892726673314 ) ) ;
#5551 = CARTESIAN_POINT ( 'NONE',  ( -0.1210718620247217547, -0.1700000000000000122, -0.04574611991424979568 ) ) ;
#5552 = ORIENTED_EDGE ( 'NONE', *, *, #257, .T. ) ;
#5553 = CARTESIAN_POINT ( 'NONE',  ( -0.1278671797069859395, -0.2300000000000000100, -0.03805575324395597120 ) ) ;
#5554 = CARTESIAN_POINT ( 'NONE',  ( 0.2650000000000000133, 0.06000000000000000472, -0.2000000000000000111 ) ) ;
#5555 = DIRECTION ( 'NONE',  ( 0.9993255101729127121, 0.03046351156190877860, 0.02050607668388119975 ) ) ;
#5556 = CIRCLE ( 'NONE', #6544, 0.01500000000000000118 ) ;
#5557 = ORIENTED_EDGE ( 'NONE', *, *, #257, .F. ) ;
#5558 = ORIENTED_EDGE ( 'NONE', *, *, #882, .T. ) ;
#5559 = ORIENTED_EDGE ( 'NONE', *, *, #8460, .T. ) ;
#5560 =( NAMED_UNIT ( * ) PLANE_ANGLE_UNIT ( ) SI_UNIT ( $, .RADIAN. ) );
#5561 = STYLED_ITEM ( 'NONE', ( #6793 ), #4818 ) ;
#5562 =( LENGTH_UNIT ( ) NAMED_UNIT ( * ) SI_UNIT ( .MILLI., .METRE. ) );
#5563 = CARTESIAN_POINT ( 'NONE',  ( 0.003725692630542883164, -0.1769979943429172142, -0.1596522519181532151 ) ) ;
#5564 = FILL_AREA_STYLE ('',( #3341 ) ) ;
#5565 = CARTESIAN_POINT ( 'NONE',  ( -0.05739860464631623554, 0.1135141179427377883, 0.1065611519788924877 ) ) ;
#5566 = TOROIDAL_SURFACE ( 'NONE', #1327, 0.02002113778643668449, 0.01499999999999999598 ) ;
#5567 = ADVANCED_FACE ( 'NONE', ( #6847 ), #6364, .F. ) ;
#5568 =( NAMED_UNIT ( * ) SI_UNIT ( $, .STERADIAN. ) SOLID_ANGLE_UNIT ( ) );
#5569 = EDGE_LOOP ( 'NONE', ( #2167, #4853, #1642, #8964, #8318, #7182 ) ) ;
#5570 = CARTESIAN_POINT ( 'NONE',  ( 0.2016309254299941678, 0.06798944191067401999, -0.2000000000000000111 ) ) ;
#5571 = STYLED_ITEM ( 'NONE', ( #7806 ), #3853 ) ;
#5572 = FILL_AREA_STYLE_COLOUR ( '', #2690 ) ;
#5573 = CARTESIAN_POINT ( 'NONE',  ( -0.05607951069852717269, -0.1885249513792336407, 0.1597097399175971821 ) ) ;
#5574 = CARTESIAN_POINT ( 'NONE',  ( -0.1226720531771727241, -0.1739443014778757901, -0.07898615224064993445 ) ) ;
#5575 = CARTESIAN_POINT ( 'NONE',  ( 0.02798314772433423137, 0.06639503755922965267, 0.1861820552269515539 ) ) ;
#5576 = FACE_OUTER_BOUND ( 'NONE', #7103, .T. ) ;
#5577 = DIRECTION ( 'NONE',  ( 0.03046773440284203729, 0.9995357508165267912, 1.240023949330540363E-19 ) ) ;
#5578 =( GEOMETRIC_REPRESENTATION_CONTEXT ( 3 ) GLOBAL_UNCERTAINTY_ASSIGNED_CONTEXT ( ( #1983 ) ) GLOBAL_UNIT_ASSIGNED_CONTEXT ( ( #4781, #3248, #6842 ) ) REPRESENTATION_CONTEXT ( 'NONE', 'WORKASPACE' ) );
#5579 = CARTESIAN_POINT ( 'NONE',  ( 0.05322675103707237565, 0.06522374918983055159, -0.09901037006455729039 ) ) ;
#5580 = CARTESIAN_POINT ( 'NONE',  ( -0.03632827958025656306, -0.08783652855376514190, 0.1623989264745942518 ) ) ;
#5581 = EDGE_LOOP ( 'NONE', ( #1442, #6182, #6045, #3989 ) ) ;
#5582 = VERTEX_POINT ( 'NONE', #3830 ) ;
#5583 = DIRECTION ( 'NONE',  ( -0.02052340527576259482, 0.0002562270569695206655, 0.9997893399029529338 ) ) ;
#5584 = CARTESIAN_POINT ( 'NONE',  ( 0.01603239993964471546, 0.05583156983628496245, 0.1341531717378988131 ) ) ;
#5585 = EDGE_CURVE ( 'NONE', #8757, #7104, #7168, .T. ) ;
#5586 = CARTESIAN_POINT ( 'NONE',  ( 0.09783348573682131011, -0.1800000000000000488, 0.02935581481343491062 ) ) ;
#5587 = CARTESIAN_POINT ( 'NONE',  ( -0.1226720531819162768, -0.2300000000000000100, -0.07898615225063329581 ) ) ;
#5588 = CIRCLE ( 'NONE', #8408, 0.01499999999999999771 ) ;
#5590 = ORIENTED_EDGE ( 'NONE', *, *, #2192, .T. ) ;
#5589 = CARTESIAN_POINT ( 'NONE',  ( -0.1160626654612614272, -0.1600000000000000866, -0.05141510554491869611 ) ) ;
#5591 = DIRECTION ( 'NONE',  ( -0.8989403967233602355, -0.02347461441618442848, 0.4374415453713322299 ) ) ;
#5592 = ORIENTED_EDGE ( 'NONE', *, *, #4985, .F. ) ;
#5593 = UNCERTAINTY_MEASURE_WITH_UNIT (LENGTH_MEASURE( 1.000000000000000082E-05 ), #2089, 'distance_accuracy_value', 'NONE');
#5594 = CARTESIAN_POINT ( 'NONE',  ( -0.004419424060367676925, 0.02273545266833847112, -0.1762706485937064749 ) ) ;
#5595 = CARTESIAN_POINT ( 'NONE',  ( -0.1149999999999999911, -0.1777775253552758283, -0.04038093602253252368 ) ) ;
#5596 = DIRECTION ( 'NONE',  ( -0.2155630366282512145, 0.000000000000000000, -0.9764899268500455420 ) ) ;
#5597 = FACE_OUTER_BOUND ( 'NONE', #4753, .T. ) ;
#5598 = DIRECTION ( 'NONE',  ( -0.02362802936328170164, -0.0001592579951429536338, -0.9997208064581326603 ) ) ;
#5599 = ORIENTED_EDGE ( 'NONE', *, *, #4119, .T. ) ;
#5600 = CARTESIAN_POINT ( 'NONE',  ( -0.01715978366282631604, -0.1858867461619983508, -0.1337761613190534271 ) ) ;
#5601 = EDGE_CURVE ( 'NONE', #900, #579, #7632, .T. ) ;
#5602 = CARTESIAN_POINT ( 'NONE',  ( -0.02559324032509149860, 0.06096682716242207006, 0.05500985068603686523 ) ) ;
#5603 = ORIENTED_EDGE ( 'NONE', *, *, #7146, .T. ) ;
#5604 =( BOUNDED_CURVE ( )  B_SPLINE_CURVE ( 3, ( #1592, #8896, #8926, #5890 ),
 .UNSPECIFIED., .F., .T. ) 
 B_SPLINE_CURVE_WITH_KNOTS ( ( 4, 4 ),
 ( 3.290305163813613820, 3.587026518801670782 ),
 .UNSPECIFIED. ) 
 CURVE ( )  GEOMETRIC_REPRESENTATION_ITEM ( )  RATIONAL_B_SPLINE_CURVE ( ( 1.000000000000000000, 0.9926764843463140586, 0.9926764843463140586, 1.000000000000000000 ) ) 
 REPRESENTATION_ITEM ( '' )  );
#5605 = AXIS2_PLACEMENT_3D ( 'NONE', #2515, #1908, #1872 ) ;
#5606 = CIRCLE ( 'NONE', #3996, 0.03502185241913520486 ) ;
#5607 = CARTESIAN_POINT ( 'NONE',  ( -0.03294311192938872285, -0.1600063251589302626, -0.1464609715220175912 ) ) ;
#5608 = CARTESIAN_POINT ( 'NONE',  ( -0.06371165276238091590, -0.1467910296388418301, 0.1598834744392372831 ) ) ;
#5609 = CARTESIAN_POINT ( 'NONE',  ( 0.001981554985014991402, 0.06507618662177333535, -0.002425301775153491241 ) ) ;
#5610 = ORIENTED_EDGE ( 'NONE', *, *, #5028, .T. ) ;
#5611 = CARTESIAN_POINT ( 'NONE',  ( -0.02870987613420051404, 0.06038154563826559490, -0.1717427885167550072 ) ) ;
#5612 = CARTESIAN_POINT ( 'NONE',  ( 0.05404250727499376045, 0.06514622838440209396, -0.1064799600882749275 ) ) ;
#5613 = DIRECTION ( 'NONE',  ( -0.9544742299142688902, -0.2976542202237386636, -0.01951690581423030230 ) ) ;
#5614 = EDGE_CURVE ( 'NONE', #8131, #7415, #5894, .T. ) ;
#5615 = DIRECTION ( 'NONE',  ( -0.02052558504614596102, -0.0002560480453980134587, 0.9997892952006997014 ) ) ;
#5616 = ADVANCED_FACE ( 'NONE', ( #9092 ), #8414, .T. ) ;
#5617 = PRESENTATION_STYLE_ASSIGNMENT (( #274 ) ) ;
#5618 = STYLED_ITEM ( 'NONE', ( #5110 ), #1892 ) ;
#5619 = CARTESIAN_POINT ( 'NONE',  ( -0.005749036835199473720, 0.05955729211065416417, -0.1762706481732030095 ) ) ;
#5620 = CARTESIAN_POINT ( 'NONE',  ( -0.008510188100590142246, 0.04689490203137950536, 0.05297780866287567919 ) ) ;
#5621 = CARTESIAN_POINT ( 'NONE',  ( -0.07902721111205819604, -0.1228574207385720318, 0.1720995250047832048 ) ) ;
#5622 = DIRECTION ( 'NONE',  ( 1.000000000000000000, 0.000000000000000000, 0.000000000000000000 ) ) ;
#5623 = CARTESIAN_POINT ( 'NONE',  ( -0.03309052361965135469, -0.01461433208400175938, 0.1623989651354351416 ) ) ;
#5624 = CARTESIAN_POINT ( 'NONE',  ( -0.04436053359271143609, -0.1638409044490960476, 0.02522318394420869705 ) ) ;
#5625 = SURFACE_STYLE_FILL_AREA ( #3434 ) ;
#5626 = COLOUR_RGB ( '',1.000000000000000000, 1.000000000000000000, 0.5019607843137254832 ) ;
#5627 = SURFACE_STYLE_FILL_AREA ( #5243 ) ;
#5628 = LINE ( 'NONE', #7117, #2094 ) ;
#5629 = CARTESIAN_POINT ( 'NONE',  ( -0.006025505505507488743, -0.1582857112885460715, -0.1606005933210563064 ) ) ;
#5630 = DIRECTION ( 'NONE',  ( -0.02362802936328305126, -0.0001592579951429050616, -0.9997208064581326603 ) ) ;
#5631 = CARTESIAN_POINT ( 'NONE',  ( 0.004160690051191608986, 0.06528675017650673040, -0.1614078531499522351 ) ) ;
#5632 = B_SPLINE_CURVE_WITH_KNOTS ( 'NONE', 3,
 ( #6074, #8253, #6040, #6105, #1668, #3866, #2470, #8965 ),
 .UNSPECIFIED., .F., .F.,
 ( 4, 1, 1, 1, 1, 4 ),
 ( 0.5000000000000011102, 0.5846169476978876345, 0.7491849293604234683, 0.8454087080526229148, 0.9060393886626013638, 0.9999999999999998890 ),
 .UNSPECIFIED. ) ;
#5633 = AXIS2_PLACEMENT_3D ( 'NONE', #3197, #1042, #8244 ) ;
#5634 = CARTESIAN_POINT ( 'NONE',  ( -0.008773220037500317064, 0.06000000000000003247, 0.1799999999999999933 ) ) ;
#5635 = EDGE_CURVE ( 'NONE', #6036, #8838, #854, .T. ) ;
#5636 = CARTESIAN_POINT ( 'NONE',  ( -0.04026738151488762352, 0.02331366841272656046, -0.1464609717778475040 ) ) ;
#5637 = FACE_OUTER_BOUND ( 'NONE', #1087, .T. ) ;
#5638 = CARTESIAN_POINT ( 'NONE',  ( 0.002929395574468797621, 0.06517093578369724527, -0.08334279664612059824 ) ) ;
#5639 = CARTESIAN_POINT ( 'NONE',  ( 0.05431621469006391034, 0.06511969492317809527, -0.1082338054601254124 ) ) ;
#5640 = CARTESIAN_POINT ( 'NONE',  ( -0.07151807544422841834, 0.06038846810218673200, 0.1720995093066837178 ) ) ;
#5641 = CARTESIAN_POINT ( 'NONE',  ( 0.01823768015470340897, -0.1411675075421274794, 0.1777345802540879482 ) ) ;
#5642 = FACE_OUTER_BOUND ( 'NONE', #4548, .T. ) ;
#5643 = VERTEX_POINT ( 'NONE', #2648 ) ;
#5644 = CARTESIAN_POINT ( 'NONE',  ( -0.007653135609097315266, 0.07554878298997783070, -0.1072363261806407314 ) ) ;
#5645 = STYLED_ITEM ( 'NONE', ( #7216 ), #7706 ) ;
#5646 = CARTESIAN_POINT ( 'NONE',  ( 0.1278671797069859672, -0.1700000000000000122, 0.03805575324395597814 ) ) ;
#5647 = CARTESIAN_POINT ( 'NONE',  ( 0.01035433901240362213, -0.1601817401935210772, -0.1472126420320416240 ) ) ;
#5648 = CARTESIAN_POINT ( 'NONE',  ( -0.001653360100437788064, 0.04689498662161671605, -0.05360542268861757248 ) ) ;
#5649 = PRESENTATION_STYLE_ASSIGNMENT (( #6103 ) ) ;
#5650 = CARTESIAN_POINT ( 'NONE',  ( 0.04988206788176324791, -0.08730465724467480204, -0.1792538339553005899 ) ) ;
#5651 = CARTESIAN_POINT ( 'NONE',  ( -0.04304420479289329526, -0.1638408667455607259, 0.05193930028215694439 ) ) ;
#5652 = EDGE_LOOP ( 'NONE', ( #2413, #2026, #7744, #4737, #3070, #8559 ) ) ;
#5653 = EDGE_CURVE ( 'NONE', #288, #8390, #2586, .T. ) ;
#5654 = LINE ( 'NONE', #4794, #5324 ) ;
#5655 = UNCERTAINTY_MEASURE_WITH_UNIT (LENGTH_MEASURE( 1.000000000000000082E-05 ), #5244, 'distance_accuracy_value', 'NONE');
#5656 = CARTESIAN_POINT ( 'NONE',  ( -0.06841810677207897651, -0.1800000000000001044, 0.1599999999999998646 ) ) ;
#5657 = CARTESIAN_POINT ( 'NONE',  ( -0.02207016194171037074, 0.07553504503132692227, 0.1597049293376392176 ) ) ;
#5658 = CARTESIAN_POINT ( 'NONE',  ( -0.01715978366282631604, -0.1858867461619983508, -0.1337761613190534271 ) ) ;
#5659 = SURFACE_STYLE_USAGE ( .BOTH. , #1944 ) ;
#5660 = LINE ( 'NONE', #5328, #4171 ) ;
#5661 = EDGE_CURVE ( 'NONE', #7844, #6140, #6955, .T. ) ;
#5662 = CARTESIAN_POINT ( 'NONE',  ( 0.01967064115925860543, 0.06625975292742761202, -0.1678655513799044707 ) ) ;
#5663 = VERTEX_POINT ( 'NONE', #2710 ) ;
#5664 = FACE_OUTER_BOUND ( 'NONE', #9014, .T. ) ;
#5665 = STYLED_ITEM ( 'NONE', ( #2384 ), #9069 ) ;
#5666 = VECTOR ( 'NONE', #9308, 1000.000000000000114 ) ;
#5667 = SURFACE_STYLE_USAGE ( .BOTH. , #540 ) ;
#5668 = CARTESIAN_POINT ( 'NONE',  ( 0.001284238426527204010, 0.06500496853671440534, -0.02264670862415530533 ) ) ;
#5669 = CARTESIAN_POINT ( 'NONE',  ( 0.04690434431197809673, 0.06574027884409613942, -0.01979214917103883087 ) ) ;
#5670 = VERTEX_POINT ( 'NONE', #5586 ) ;
#5671 = EDGE_LOOP ( 'NONE', ( #2930, #8228, #3730, #3040, #2595, #2588, #1129 ) ) ;
#5672 = CARTESIAN_POINT ( 'NONE',  ( 0.07157099500306539352, 0.08152233994041113707, -0.1059657400982781938 ) ) ;
#5673 = CARTESIAN_POINT ( 'NONE',  ( 0.04457167130824135626, 0.06589336453602959165, 0.01011638866690422675 ) ) ;
#5674 = ORIENTED_EDGE ( 'NONE', *, *, #4825, .T. ) ;
#5675 = CARTESIAN_POINT ( 'NONE',  ( -0.02385839166483573470, 0.06096684821722492265, 0.02848645205015520182 ) ) ;
#5676 = CARTESIAN_POINT ( 'NONE',  ( 0.05873526738759400623, -0.1500000000000000222, -0.02592593678564418525 ) ) ;
#5677 = AXIS2_PLACEMENT_3D ( 'NONE', #4734, #6992, #7749 ) ;
#5678 = VECTOR ( 'NONE', #1879, 1000.000000000000000 ) ;
#5679 = CARTESIAN_POINT ( 'NONE',  ( 0.01742230392339601946, -0.1600000000000002531, -0.1799999999999999101 ) ) ;
#5680 = EDGE_LOOP ( 'NONE', ( #7170, #872, #5488, #6112 ) ) ;
#5681 = VERTEX_POINT ( 'NONE', #5551 ) ;
#5682 = CARTESIAN_POINT ( 'NONE',  ( -0.01033806474988853072, -0.01427237289785864352, -0.2053286542191730957 ) ) ;
#5683 = CARTESIAN_POINT ( 'NONE',  ( -0.01314198247471285927, 0.04689492196060065371, 0.1598808892726673314 ) ) ;
#5684 = CARTESIAN_POINT ( 'NONE',  ( -0.07427944824566432014, -0.2132167545508292794, 0.1112523139494495106 ) ) ;
#5685 = STYLED_ITEM ( 'NONE', ( #9428 ), #2284 ) ;
#5686 = EDGE_LOOP ( 'NONE', ( #6930, #7608, #2673, #785 ) ) ;
#5687 = ORIENTED_EDGE ( 'NONE', *, *, #3349, .F. ) ;
#5688 = CARTESIAN_POINT ( 'NONE',  ( -0.006563973209576249440, 0.07553518669664388563, -0.1602927535872134823 ) ) ;
#5689 = AXIS2_PLACEMENT_3D ( 'NONE', #4640, #3172, #7455 ) ;
#5690 = CARTESIAN_POINT ( 'NONE',  ( -0.02033162852806202903, 0.07553514886684735419, 0.1059518483957106738 ) ) ;
#5691 = CARTESIAN_POINT ( 'NONE',  ( -0.07094166848795648017, 0.09904680525754663845, -0.1078112296835935791 ) ) ;
#5692 =( NAMED_UNIT ( * ) PLANE_ANGLE_UNIT ( ) SI_UNIT ( $, .RADIAN. ) );
#5693 = CARTESIAN_POINT ( 'NONE',  ( 0.01364477143582513291, 0.06598849592904647288, -0.1936189439798014222 ) ) ;
#5694 = EDGE_CURVE ( 'NONE', #7656, #178, #8532, .T. ) ;
#5695 = B_SPLINE_CURVE_WITH_KNOTS ( 'NONE', 3,
 ( #4147, #1246, #5650, #7141, #6357, #5408, #7842, #3460 ),
 .UNSPECIFIED., .F., .F.,
 ( 4, 2, 2, 4 ),
 ( 0.05291631629125233965, 0.08332439132964528095, 0.09852884505092862621, 0.1137329655242615284 ),
 .UNSPECIFIED. ) ;
#5696 = CARTESIAN_POINT ( 'NONE',  ( -0.04397428966435009551, -0.2017143384920498939, 0.1606074700235135544 ) ) ;
#5697 = VERTEX_POINT ( 'NONE', #9221 ) ;
#5698 = EDGE_LOOP ( 'NONE', ( #7518, #1708, #9452, #8773 ) ) ;
#5699 = CARTESIAN_POINT ( 'NONE',  ( -0.02005746896988046951, -0.1228045847590054224, -0.1865651755685253932 ) ) ;
#5700 = CARTESIAN_POINT ( 'NONE',  ( -0.08125668331257390742, -0.1714784185965504693, 0.1391356869294486376 ) ) ;
#5701 = CARTESIAN_POINT ( 'NONE',  ( 0.001912551489841866686, 0.06506922023011631195, -0.002451468400230549707 ) ) ;
#5702 = CARTESIAN_POINT ( 'NONE',  ( 0.06192347944134903026, 0.05166081778601237101, 0.1074898652809770094 ) ) ;
#5703 = AXIS2_PLACEMENT_3D ( 'NONE', #6567, #770, #8829 ) ;
#5704 = CARTESIAN_POINT ( 'NONE',  ( -0.03315871517070716895, 0.08724051504716617833, -0.05248310047304365067 ) ) ;
#5705 = CARTESIAN_POINT ( 'NONE',  ( 0.08341375844479428925, -0.2100000232642906528, -0.1603592144938798536 ) ) ;
#5706 = CIRCLE ( 'NONE', #7708, 0.01499999999999998557 ) ;
#5707 = EDGE_LOOP ( 'NONE', ( #6164, #4288, #5906, #1923, #3425, #3169, #6734, #2345, #2136, #8977, #762 ) ) ;
#5708 = ORIENTED_EDGE ( 'NONE', *, *, #3826, .T. ) ;
#5709 = EDGE_CURVE ( 'NONE', #3957, #6957, #3726, .T. ) ;
#5710 = UNCERTAINTY_MEASURE_WITH_UNIT (LENGTH_MEASURE( 1.000000000000000082E-05 ), #8077, 'distance_accuracy_value', 'NONE');
#5711 = CARTESIAN_POINT ( 'NONE',  ( -0.004419424060367676925, 0.02273545266833847112, -0.1762706485937064749 ) ) ;
#5712 = CARTESIAN_POINT ( 'NONE',  ( -0.2017251974013796190, -0.2300000000000000655, -0.1177992224742518967 ) ) ;
#5713 = CARTESIAN_POINT ( 'NONE',  ( -0.03775210631404141842, -0.1243656946086430098, 0.1623989579184639820 ) ) ;
#5714 = PLANE ( 'NONE',  #6618 ) ;
#5715 =( GEOMETRIC_REPRESENTATION_CONTEXT ( 3 ) GLOBAL_UNCERTAINTY_ASSIGNED_CONTEXT ( ( #5949 ) ) GLOBAL_UNIT_ASSIGNED_CONTEXT ( ( #8346, #5435, #1052 ) ) REPRESENTATION_CONTEXT ( 'NONE', 'WORKASPACE' ) );
#5716 = ORIENTED_EDGE ( 'NONE', *, *, #1604, .F. ) ;
#5717 = CARTESIAN_POINT ( 'NONE',  ( -0.04606180202745432939, -0.1603521192162432329, -0.1734383768194297792 ) ) ;
#5718 = DIRECTION ( 'NONE',  ( 0.000000000000000000, 0.000000000000000000, -1.000000000000000000 ) ) ;
#5719 = CARTESIAN_POINT ( 'NONE',  ( -0.002364298003562567696, 0.1131050780393991484, 0.1601191107273327030 ) ) ;
#5720 = FILL_AREA_STYLE_COLOUR ( '', #7140 ) ;
#5721 =( NAMED_UNIT ( * ) SI_UNIT ( $, .STERADIAN. ) SOLID_ANGLE_UNIT ( ) );
#5722 = CARTESIAN_POINT ( 'NONE',  ( -0.004623521100250697728, -0.1858824927378322500, 0.1596749071948798948 ) ) ;
#5723 = CARTESIAN_POINT ( 'NONE',  ( 0.01368204718495920173, 0.06599069906898739901, -0.1614877275063548168 ) ) ;
#5724 = COLOUR_RGB ( '',1.000000000000000000, 1.000000000000000000, 1.000000000000000000 ) ;
#5725 = CARTESIAN_POINT ( 'NONE',  ( -0.07368389340205114268, 0.05554746895022295156, 0.1826461501223508865 ) ) ;
#5726 = CARTESIAN_POINT ( 'NONE',  ( -0.03346796698381065277, -0.1741259671488289140, 0.1072151652631458535 ) ) ;
#5727 =( GEOMETRIC_REPRESENTATION_CONTEXT ( 3 ) GLOBAL_UNCERTAINTY_ASSIGNED_CONTEXT ( ( #1374 ) ) GLOBAL_UNIT_ASSIGNED_CONTEXT ( ( #6294, #3385, #2616 ) ) REPRESENTATION_CONTEXT ( 'NONE', 'WORKASPACE' ) );
#5728 = CARTESIAN_POINT ( 'NONE',  ( -0.008563265159412197444, -0.08550276164161835224, -0.1595842342108567957 ) ) ;
#5729 = CARTESIAN_POINT ( 'NONE',  ( 0.001901484138013606346, 0.06506810094767540020, -0.002461888313877984118 ) ) ;
#5730 = DIRECTION ( 'NONE',  ( -0.03046991852340172682, 0.9995356842380251905, 8.679241799403619863E-19 ) ) ;
#5731 = DIRECTION ( 'NONE',  ( -0.8756075530290937659, -0.4826932479921549612, -0.01785052999736495838 ) ) ;
#5732 = CARTESIAN_POINT ( 'NONE',  ( 0.06652949777769212591, 0.05166075437463350101, 0.02783765417702608116 ) ) ;
#5733 = CARTESIAN_POINT ( 'NONE',  ( 0.05112919963898135411, 0.06541210313454141889, 0.04252519961248489577 ) ) ;
#5734 = CARTESIAN_POINT ( 'NONE',  ( 0.02034821052199713501, -0.08604594910481687398, 0.1777327962403565387 ) ) ;
#5735 = CARTESIAN_POINT ( 'NONE',  ( 0.05509763939828897505, -0.1800000261901395782, -0.1060476283986299950 ) ) ;
#5736 = CARTESIAN_POINT ( 'NONE',  ( 0.007107306169619426010, 0.08447173138404535930, 0.1338269443907603162 ) ) ;
#5737 = MECHANICAL_DESIGN_GEOMETRIC_PRESENTATION_REPRESENTATION (  '', ( #8029 ), #8990 ) ;
#5738 = CARTESIAN_POINT ( 'NONE',  ( -0.004419424060367676925, 0.02273545266833847112, -0.1762706485937064749 ) ) ;
#5739 = SURFACE_STYLE_FILL_AREA ( #4030 ) ;
#5740 = CARTESIAN_POINT ( 'NONE',  ( -0.04122677996249966142, 0.06000000000000001860, -0.1799999999999998546 ) ) ;
#5742 = PRESENTATION_STYLE_ASSIGNMENT (( #5145 ) ) ;
#5741 = CARTESIAN_POINT ( 'NONE',  ( -0.06933303242977158221, -0.1232103020729669457, 0.2134020551695579859 ) ) ;
#5743 = PRESENTATION_LAYER_ASSIGNMENT (  '', '', ( #8863 ) ) ;
#5744 = CARTESIAN_POINT ( 'NONE',  ( 0.06802614177592639089, -0.1650051266204963785, -0.1599883477708456680 ) ) ;
#5745 = PRESENTATION_STYLE_ASSIGNMENT (( #2195 ) ) ;
#5746 = DIRECTION ( 'NONE',  ( -0.5335477900353220448, 0.000000000000000000, 0.8457699189191016931 ) ) ;
#5747 = CARTESIAN_POINT ( 'NONE',  ( 0.01295046294508560639, 0.06594888417542087156, -0.1575000000000000289 ) ) ;
#5748 = CARTESIAN_POINT ( 'NONE',  ( -0.01802612104045251892, -0.1650051271632557992, 0.1599883468427513999 ) ) ;
#5749 = ORIENTED_EDGE ( 'NONE', *, *, #3700, .T. ) ;
#5750 = DIRECTION ( 'NONE',  ( 0.9993792147296975958, -0.02614344219221959378, -0.02361579125490010159 ) ) ;
#5751 = CARTESIAN_POINT ( 'NONE',  ( 0.07587136464398655522, -0.1800000000000000488, 0.01811097402364503922 ) ) ;
#5752 = CARTESIAN_POINT ( 'NONE',  ( 0.002925051921497677770, 0.06517158443667027401, -0.1630132826010241287 ) ) ;
#5753 = AXIS2_PLACEMENT_3D ( 'NONE', #226, #3937, #5286 ) ;
#5754 =( NAMED_UNIT ( * ) PLANE_ANGLE_UNIT ( ) SI_UNIT ( $, .RADIAN. ) );
#5755 = CIRCLE ( 'NONE', #8133, 0.005021137201350154601 ) ;
#5756 = COLOUR_RGB ( '',0.7529411764705882248, 1.000000000000000000, 1.000000000000000000 ) ;
#5757 = PRESENTATION_LAYER_ASSIGNMENT (  '', '', ( #4469 ) ) ;
#5758 = ORIENTED_EDGE ( 'NONE', *, *, #8120, .T. ) ;
#5759 = CARTESIAN_POINT ( 'NONE',  ( -0.03719114621028205697, -0.03164963153062511775, -0.2135390206833253368 ) ) ;
#5760 = CARTESIAN_POINT ( 'NONE',  ( 0.1988062389287093279, -0.1700000000000000122, 0.08175643111878472258 ) ) ;
#5761 = CARTESIAN_POINT ( 'NONE',  ( 0.04999957582381788640, -0.1239433147197871177, -0.2092201944123659174 ) ) ;
#5762 = LINE ( 'NONE', #7693, #1659 ) ;
#5763 = CARTESIAN_POINT ( 'NONE',  ( 0.05343394484036941700, 0.06520434352097621844, -0.1012070677203716768 ) ) ;
#5764 = FILL_AREA_STYLE ('',( #3414 ) ) ;
#5765 = CARTESIAN_POINT ( 'NONE',  ( 0.05878413987582704198, 0.1113564904296304031, 0.05403844077778863914 ) ) ;
#5766 = CARTESIAN_POINT ( 'NONE',  ( 0.05482258759217577271, 0.06506986746338774830, -0.1093657723909987195 ) ) ;
#5767 = CARTESIAN_POINT ( 'NONE',  ( -0.06452373603752792341, 0.07275950614702159092, 0.02579026958041856499 ) ) ;
#5768 = CARTESIAN_POINT ( 'NONE',  ( 0.05604756845165104195, 0.05954823933484844345, 0.1822671878751574437 ) ) ;
#5769 = SURFACE_STYLE_FILL_AREA ( #8054 ) ;
#5770 = EDGE_LOOP ( 'NONE', ( #9229, #2267, #9177, #5796 ) ) ;
#5771 = DIRECTION ( 'NONE',  ( -0.02362941044756635897, 0.0001591926594850766048, -0.9997207738261707499 ) ) ;
#5772 = MECHANICAL_DESIGN_GEOMETRIC_PRESENTATION_REPRESENTATION (  '', ( #5292 ), #6778 ) ;
#5773 = FILL_AREA_STYLE ('',( #11 ) ) ;
#5774 =( BOUNDED_SURFACE ( )  B_SPLINE_SURFACE ( 3, 3, ( 
 ( #5281, #3068, #7562, #3901, #8187, #8912, #2475, #4543 ),
 ( #148, #6043, #8257, #3102, #6798, #2410, #7525, #3869 ),
 ( #4605, #218, #5346, #1707, #2442, #5380, #8573, #7758 ),
 ( #2686, #5872, #8240, #4722, #5508, #2029, #4244, #2156 ),
 ( #2811, #9350, #3520, #7208, #7262, #4273, #2084, #5719 ),
 ( #4958, #9379, #7930, #9411, #4312, #5021, #4928, #4991 ),
 ( #561, #2849, #2119, #6391, #654, #5690, #2748, #7236 ) ),
 .UNSPECIFIED., .T., .F., .F. ) 
 B_SPLINE_SURFACE_WITH_KNOTS ( ( 4, 3, 4 ),
 ( 4, 2, 2, 4 ),
 ( 0.000000000000000000, 0.5000000000000000000, 1.000000000000000000 ),
 ( 0.4557485375414591089, 0.4999987791610235321, 0.5221270836600493404, 0.5442510124641972702 ),
 .UNSPECIFIED. ) 
 GEOMETRIC_REPRESENTATION_ITEM ( )  RATIONAL_B_SPLINE_SURFACE ( (
 ( 1.000000000000000000, 1.000000000000000000, 1.000000000000000000, 1.000000000000000000, 1.000000000000000000, 1.000000000000000000, 1.000000000000000000, 1.000000000000000000),
 ( 0.3333333333333333703, 0.3333333333333333703, 0.3333333333333333703, 0.3333333333333333703, 0.3333333333333333703, 0.3333333333333333703, 0.3333333333333333703, 0.3333333333333333703),
 ( 0.3333333333333333703, 0.3333333333333333703, 0.3333333333333333703, 0.3333333333333333703, 0.3333333333333333703, 0.3333333333333333703, 0.3333333333333333703, 0.3333333333333333703),
 ( 1.000000000000000000, 1.000000000000000000, 1.000000000000000000, 1.000000000000000000, 1.000000000000000000, 1.000000000000000000, 1.000000000000000000, 1.000000000000000000),
 ( 0.3333333333333333703, 0.3333333333333333703, 0.3333333333333333703, 0.3333333333333333703, 0.3333333333333333703, 0.3333333333333333703, 0.3333333333333333703, 0.3333333333333333703),
 ( 0.3333333333333333703, 0.3333333333333333703, 0.3333333333333333703, 0.3333333333333333703, 0.3333333333333333703, 0.3333333333333333703, 0.3333333333333333703, 0.3333333333333333703),
 ( 1.000000000000000000, 1.000000000000000000, 1.000000000000000000, 1.000000000000000000, 1.000000000000000000, 1.000000000000000000, 1.000000000000000000, 1.000000000000000000) ) ) 
 REPRESENTATION_ITEM ( '' )  SURFACE ( )  );
#5775 = DIRECTION ( 'NONE',  ( 0.000000000000000000, 0.000000000000000000, -1.000000000000000000 ) ) ;
#5776 = CARTESIAN_POINT ( 'NONE',  ( 0.003725692630542891837, -0.1769979943429172142, -0.1596522519181532151 ) ) ;
#5777 = EDGE_CURVE ( 'NONE', #5681, #2062, #95, .T. ) ;
#5778 = ORIENTED_EDGE ( 'NONE', *, *, #8061, .F. ) ;
#5779 = EDGE_LOOP ( 'NONE', ( #2736, #8011, #3162, #3540, #2050, #2627 ) ) ;
#5780 = ORIENTED_EDGE ( 'NONE', *, *, #2716, .F. ) ;
#5781 = DIRECTION ( 'NONE',  ( -0.9794942761024153510, 0.2001337104721970239, 0.02318320545645399799 ) ) ;
#5782 = EDGE_CURVE ( 'NONE', #2372, #7169, #1309, .T. ) ;
#5783 = CARTESIAN_POINT ( 'NONE',  ( 0.03373482484458720232, 0.07849132467248870482, 0.02568504823611458820 ) ) ;
#5784 = VERTEX_POINT ( 'NONE', #4827 ) ;
#5785 = ORIENTED_EDGE ( 'NONE', *, *, #1999, .T. ) ;
#5786 = ORIENTED_EDGE ( 'NONE', *, *, #2799, .T. ) ;
#5787 = CARTESIAN_POINT ( 'NONE',  ( 0.1339912417916209464, -0.1700000000000000122, 0.09659493930342560875 ) ) ;
#5788 = EDGE_CURVE ( 'NONE', #650, #204, #3176, .T. ) ;
#5789 = CARTESIAN_POINT ( 'NONE',  ( 0.2650000000000000133, 0.06000000000000000472, 0.2000000000000000111 ) ) ;
#5790 = COLOUR_RGB ( '',1.000000000000000000, 1.000000000000000000, 0.5019607843137254832 ) ;
#5791 = CARTESIAN_POINT ( 'NONE',  ( 0.02430912068225565825, 0.1083391459639089643, 0.1596389975289853325 ) ) ;
#5792 = CARTESIAN_POINT ( 'NONE',  ( 0.05471595069945393852, 0.06508059977447326616, -0.04612145085010346118 ) ) ;
#5793 = CARTESIAN_POINT ( 'NONE',  ( -0.08072531560202440837, 0.09903308854216835710, 0.05160695826557185062 ) ) ;
#5794 = CARTESIAN_POINT ( 'NONE',  ( 0.01581763706490952812, -0.08586008953016845135, 0.2073881403567512938 ) ) ;
#5795 = ORIENTED_EDGE ( 'NONE', *, *, #7594, .F. ) ;
#5796 = ORIENTED_EDGE ( 'NONE', *, *, #1291, .F. ) ;
#5797 = CARTESIAN_POINT ( 'NONE',  ( 0.08404098694701248040, -0.2100042474186338548, -0.1338234623034245674 ) ) ;
#5798 = AXIS2_PLACEMENT_3D ( 'NONE', #5255, #186, #3713 ) ;
#5799 = CARTESIAN_POINT ( 'NONE',  ( -0.02232645484785964612, -0.2300000000000000100, -0.1011377395782614708 ) ) ;
#5800 = DIRECTION ( 'NONE',  ( -0.03046991852340169560, 0.9995356842380251905, -1.239891685629168994E-19 ) ) ;
#5801 = CARTESIAN_POINT ( 'NONE',  ( -0.06309956079619305491, 0.02345018506393498070, 0.2134020852841647109 ) ) ;
#5802 = VERTEX_POINT ( 'NONE', #2046 ) ;
#5803 = ORIENTED_EDGE ( 'NONE', *, *, #2479, .F. ) ;
#5804 = SURFACE_SIDE_STYLE ('',( #5404 ) ) ;
#5805 = CARTESIAN_POINT ( 'NONE',  ( 0.007712424457248946014, -0.1769979912919411869, -0.05262528563575717688 ) ) ;
#5806 = CARTESIAN_POINT ( 'NONE',  ( 0.000000000000000000, -0.2300000000000000100, 0.000000000000000000 ) ) ;
#5807 = STYLED_ITEM ( 'NONE', ( #502 ), #5616 ) ;
#5808 = CARTESIAN_POINT ( 'NONE',  ( -0.01948089802885005078, 0.1041753118370922632, -0.05467693315858458691 ) ) ;
#5809 = COLOUR_RGB ( '',1.000000000000000000, 1.000000000000000000, 0.5019607843137254832 ) ;
#5810 = CARTESIAN_POINT ( 'NONE',  ( -0.02385839166483573470, 0.06096684821722492265, 0.02848645205015520182 ) ) ;
#5811 = ORIENTED_EDGE ( 'NONE', *, *, #3949, .T. ) ;
#5812 = CARTESIAN_POINT ( 'NONE',  ( -0.05103198152823617412, -0.03225706243498603631, -0.1734383684654335900 ) ) ;
#5813 =( LENGTH_UNIT ( ) NAMED_UNIT ( * ) SI_UNIT ( .MILLI., .METRE. ) );
#5814 = EDGE_CURVE ( 'NONE', #8243, #2719, #8864, .T. ) ;
#5815 = ORIENTED_EDGE ( 'NONE', *, *, #5174, .T. ) ;
#5816 = B_SPLINE_CURVE_WITH_KNOTS ( 'NONE', 3,
 ( #3238, #5306, #3897, #6870, #918, #6899, #9040 ),
 .UNSPECIFIED., .F., .F.,
 ( 4, 3, 4 ),
 ( 6.660901404972453592E-06, 9.909721206264515068E-06, 1.333164839470805726E-05 ),
 .UNSPECIFIED. ) ;
#5817 = SURFACE_SIDE_STYLE ('',( #6546 ) ) ;
#5818 = CARTESIAN_POINT ( 'NONE',  ( -0.05337968955480298927, 0.02277780862093585143, -0.1734383768830768391 ) ) ;
#5819 = VERTEX_POINT ( 'NONE', #3457 ) ;
#5820 = DIRECTION ( 'NONE',  ( 0.03046773440284101728, 0.9995357508165267912, -1.736033529062866094E-18 ) ) ;
#5821 = CARTESIAN_POINT ( 'NONE',  ( 0.1655526671241021597, -0.1699999999999999845, 0.05290356562635827736 ) ) ;
#5822 = CARTESIAN_POINT ( 'NONE',  ( 0.05458937524939083685, 0.06509293135676554043, -0.1092821397597932426 ) ) ;
#5823 = DIRECTION ( 'NONE',  ( -0.02615162913724264349, 0.9996579830122662713, -9.640184557387467337E-05 ) ) ;
#5824 = CARTESIAN_POINT ( 'NONE',  ( -0.1236958700803039435, -0.1819653683157076429, -0.08102292883081368968 ) ) ;
#5825 =( GEOMETRIC_REPRESENTATION_CONTEXT ( 3 ) GLOBAL_UNCERTAINTY_ASSIGNED_CONTEXT ( ( #595 ) ) GLOBAL_UNIT_ASSIGNED_CONTEXT ( ( #1676, #278, #252 ) ) REPRESENTATION_CONTEXT ( 'NONE', 'WORKASPACE' ) );
#5826 = CARTESIAN_POINT ( 'NONE',  ( 0.05465584381772091438, 0.06508637781909387687, -0.1093969749836251615 ) ) ;
#5827 = CARTESIAN_POINT ( 'NONE',  ( 0.03974698758949760102, 0.06473377855398985969, 0.1575000000000000011 ) ) ;
#5828 =( BOUNDED_SURFACE ( )  B_SPLINE_SURFACE ( 3, 3, ( 
 ( #4301, #5045, #513, #7130, #5734, #1349, #5641, #3476 ),
 ( #6472, #7192, #6411, #7831, #9395, #7888, #1261, #4974 ),
 ( #2104, #2765, #3454, #3503, #6379, #4942, #2011, #7950 ),
 ( #5768, #8672, #8604, #2071, #545, #4231, #573, #2796 ),
 ( #7224, #4295, #641, #2891, #1416, #3686, #1516, #771 ),
 ( #2953, #3658, #2266, #36, #5794, #2923, #8, #6537 ),
 ( #7282, #733, #5132, #8771, #6641, #5857, #4366, #5926 ) ),
 .UNSPECIFIED., .T., .F., .F. ) 
 B_SPLINE_SURFACE_WITH_KNOTS ( ( 4, 3, 4 ),
 ( 4, 2, 2, 4 ),
 ( 0.000000000000000000, 0.5000000000000000000, 1.000000000000000000 ),
 ( 0.2196000603987613153, 0.2500086994425866349, 0.2652129161892203268, 0.2804167206486350983 ),
 .UNSPECIFIED. ) 
 GEOMETRIC_REPRESENTATION_ITEM ( )  RATIONAL_B_SPLINE_SURFACE ( (
 ( 1.000000000000000000, 1.000000000000000000, 1.000000000000000000, 1.000000000000000000, 1.000000000000000000, 1.000000000000000000, 1.000000000000000000, 1.000000000000000000),
 ( 0.3333333333333333703, 0.3333333333333333703, 0.3333333333333333703, 0.3333333333333333703, 0.3333333333333333703, 0.3333333333333333703, 0.3333333333333333703, 0.3333333333333333703),
 ( 0.3333333333333333703, 0.3333333333333333703, 0.3333333333333333703, 0.3333333333333333703, 0.3333333333333333703, 0.3333333333333333703, 0.3333333333333333703, 0.3333333333333333703),
 ( 1.000000000000000000, 1.000000000000000000, 1.000000000000000000, 1.000000000000000000, 1.000000000000000000, 1.000000000000000000, 1.000000000000000000, 1.000000000000000000),
 ( 0.3333333333333333703, 0.3333333333333333703, 0.3333333333333333703, 0.3333333333333333703, 0.3333333333333333703, 0.3333333333333333703, 0.3333333333333333703, 0.3333333333333333703),
 ( 0.3333333333333333703, 0.3333333333333333703, 0.3333333333333333703, 0.3333333333333333703, 0.3333333333333333703, 0.3333333333333333703, 0.3333333333333333703, 0.3333333333333333703),
 ( 1.000000000000000000, 1.000000000000000000, 1.000000000000000000, 1.000000000000000000, 1.000000000000000000, 1.000000000000000000, 1.000000000000000000, 1.000000000000000000) ) ) 
 REPRESENTATION_ITEM ( '' )  SURFACE ( )  );
#5829 =( LENGTH_UNIT ( ) NAMED_UNIT ( * ) SI_UNIT ( .MILLI., .METRE. ) );
#5830 = EDGE_CURVE ( 'NONE', #4656, #2062, #7392, .T. ) ;
#5831 =( LENGTH_UNIT ( ) NAMED_UNIT ( * ) SI_UNIT ( .MILLI., .METRE. ) );
#5832 = ORIENTED_EDGE ( 'NONE', *, *, #3379, .T. ) ;
#5833 =( NAMED_UNIT ( * ) PLANE_ANGLE_UNIT ( ) SI_UNIT ( $, .RADIAN. ) );
#5834 = CARTESIAN_POINT ( 'NONE',  ( 0.01314265821992736775, 0.1131050247127996788, -0.1598978496222843437 ) ) ;
#5835 = CARTESIAN_POINT ( 'NONE',  ( -0.09338311914420192872, -0.08547538304201571235, 0.1976010419758998937 ) ) ;
#5836 = CARTESIAN_POINT ( 'NONE',  ( -0.1160626654612614272, -0.1600000000000000311, -0.05141510554491869611 ) ) ;
#5837 = CARTESIAN_POINT ( 'NONE',  ( 0.01502738862150995378, -0.1476049364850210432, -0.02624036764333190913 ) ) ;
#5838 = STYLED_ITEM ( 'NONE', ( #4539 ), #4572 ) ;
#5839 = AXIS2_PLACEMENT_3D ( 'NONE', #6213, #6330, #4121 ) ;
#5840 = CARTESIAN_POINT ( 'NONE',  ( -0.02925150875304061496, 0.1041753114320380369, 0.1055270909415237240 ) ) ;
#5841 = CARTESIAN_POINT ( 'NONE',  ( 0.03674558562514866622, 0.04864344616665897819, 0.02588383246284679112 ) ) ;
#5842 = CARTESIAN_POINT ( 'NONE',  ( 0.1236905723088012610, -0.1782179516837438249, 0.08101260432579680815 ) ) ;
#5843 = CARTESIAN_POINT ( 'NONE',  ( 0.02909521289674309522, 0.07849138800471212873, 0.1059181345838505622 ) ) ;
#5844 = CARTESIAN_POINT ( 'NONE',  ( 0.05342213485019592367, -0.2099999759753657658, -0.1596503321639455297 ) ) ;
#5845 = B_SPLINE_CURVE_WITH_KNOTS ( 'NONE', 3,
 ( #3709, #791, #7928, #6626, #8654, #1579, #6695 ),
 .UNSPECIFIED., .F., .F.,
 ( 4, 3, 4 ),
 ( 2.282409166683870399E-14, 4.991223793194241573E-06, 6.657429615989194250E-06 ),
 .UNSPECIFIED. ) ;
#5846 = CARTESIAN_POINT ( 'NONE',  ( -0.07151807544422841834, 0.06038846810218673200, 0.1720995093066837178 ) ) ;
#5847 = LINE ( 'NONE', #5358, #8941 ) ;
#5848 = TOROIDAL_SURFACE ( 'NONE', #534, 0.02002185467385547354, 0.01499999999999999598 ) ;
#5849 = CIRCLE ( 'NONE', #9155, 0.01500000000000000291 ) ;
#5850 = MECHANICAL_DESIGN_GEOMETRIC_PRESENTATION_REPRESENTATION (  '', ( #5382 ), #6349 ) ;
#5851 = CARTESIAN_POINT ( 'NONE',  ( -0.008962937483841132771, 0.06373860611055295888, 0.1947975668099073687 ) ) ;
#5852 = CARTESIAN_POINT ( 'NONE',  ( 0.2650000000000000133, -0.1700000000000000122, -0.2000000000000000111 ) ) ;
#5853 = CARTESIAN_POINT ( 'NONE',  ( 0.04666160848939131939, -0.01397366860696561651, -0.1792538175309876802 ) ) ;
#5854 = CARTESIAN_POINT ( 'NONE',  ( -0.05820988509542925071, 0.06500696130013457197, 0.1599867833215365132 ) ) ;
#5855 = CARTESIAN_POINT ( 'NONE',  ( -0.1200386451867181403, -0.1892856129354570094, -0.04717050854947144739 ) ) ;
#5856 = CARTESIAN_POINT ( 'NONE',  ( 0.05457875369994356907, 0.06509397684413988083, -0.1092569838997971415 ) ) ;
#5857 = CARTESIAN_POINT ( 'NONE',  ( 0.01891225521023444378, -0.1227761479094068436, 0.1777328277816520308 ) ) ;
#5858 = CIRCLE ( 'NONE', #477, 0.01500000000000000118 ) ;
#5859 = CARTESIAN_POINT ( 'NONE',  ( 0.05405656552228464001, -0.2100042486362429517, -0.1328099108967382980 ) ) ;
#5860 = ORIENTED_EDGE ( 'NONE', *, *, #1917, .F. ) ;
#5861 = CARTESIAN_POINT ( 'NONE',  ( -0.1236457916953565966, -0.1822981009250096152, -0.08092844602469297099 ) ) ;
#5862 = CARTESIAN_POINT ( 'NONE',  ( -0.06429290854873367933, -0.1570098000743053723, 0.1465982487281535518 ) ) ;
#5863 = MECHANICAL_DESIGN_GEOMETRIC_PRESENTATION_REPRESENTATION (  '', ( #4399 ), #2144 ) ;
#5864 = CARTESIAN_POINT ( 'NONE',  ( 0.1210718620247217964, -0.1550000000000001377, 0.04574611991424980956 ) ) ;
#5865 = CARTESIAN_POINT ( 'NONE',  ( 0.009107347932262033208, 0.1131050982601266575, -0.05295011527024889170 ) ) ;
#5866 = CARTESIAN_POINT ( 'NONE',  ( -0.09596429329532014940, -0.1592549829037861742, 0.1976011304244731370 ) ) ;
#5867 = CARTESIAN_POINT ( 'NONE',  ( -0.2174977118581830071, -0.2299999999999999545, -0.1476558756124145555 ) ) ;
#5868 = STYLED_ITEM ( 'NONE', ( #4653 ), #5524 ) ;
#5869 = CARTESIAN_POINT ( 'NONE',  ( 0.03911296646855833697, -0.1536089482228641667, -0.1604849414805585017 ) ) ;
#5870 = VERTEX_POINT ( 'NONE', #680 ) ;
#5871 = CARTESIAN_POINT ( 'NONE',  ( 0.005389193447102359931, -0.1769980436699775117, -0.1060620133735730580 ) ) ;
#5872 = CARTESIAN_POINT ( 'NONE',  ( 0.02096756751788050877, 0.08447857841192439599, -0.1059920774311447905 ) ) ;
#5873 = CARTESIAN_POINT ( 'NONE',  ( -0.01742357537140429291, 0.07553506467072447494, 0.05243358991517151069 ) ) ;
#5874 = CIRCLE ( 'NONE', #8303, 0.01499999999999999598 ) ;
#5875 = CARTESIAN_POINT ( 'NONE',  ( 0.02787913665942245989, 0.07849817793620419981, 0.1327563563108895006 ) ) ;
#5876 = CARTESIAN_POINT ( 'NONE',  ( -0.08364415952623631412, 0.09903317259692964725, 0.1053317150375093769 ) ) ;
#5877 = CARTESIAN_POINT ( 'NONE',  ( -0.04701725506040087960, -0.1238308671010242140, -0.1734418981614820054 ) ) ;
#5878 = CARTESIAN_POINT ( 'NONE',  ( 0.2650000000000000133, -0.2300000000000000100, -0.2000000000000000111 ) ) ;
#5879 = EDGE_LOOP ( 'NONE', ( #4986, #1657, #8314, #2920, #2024, #3400, #5008 ) ) ;
#5880 =( NAMED_UNIT ( * ) SI_UNIT ( $, .STERADIAN. ) SOLID_ANGLE_UNIT ( ) );
#5881 = FACE_OUTER_BOUND ( 'NONE', #8747, .T. ) ;
#5882 = PRESENTATION_STYLE_ASSIGNMENT (( #503 ) ) ;
#5883 = CARTESIAN_POINT ( 'NONE',  ( 0.2151529299272666174, -0.1600000000000000311, 0.1514657711333050050 ) ) ;
#5884 = CARTESIAN_POINT ( 'NONE',  ( 0.2017251974013795635, -0.1700000000000000122, 0.1177992224742518967 ) ) ;
#5885 = CARTESIAN_POINT ( 'NONE',  ( 0.1210718620247217964, -0.1700000000000000122, 0.04574611991424980956 ) ) ;
#5886 = ORIENTED_EDGE ( 'NONE', *, *, #309, .T. ) ;
#5887 = CARTESIAN_POINT ( 'NONE',  ( -0.05877322003750033025, 0.05999999999999998390, 0.1800000000000000211 ) ) ;
#5888 = CARTESIAN_POINT ( 'NONE',  ( 0.02732607901079321666, 0.07849128147365572183, 0.1596932913163382206 ) ) ;
#5889 = EDGE_CURVE ( 'NONE', #178, #7769, #8192, .T. ) ;
#5890 = CARTESIAN_POINT ( 'NONE',  ( -0.1210718620247217547, -0.1864627417671275156, -0.04574611991424980262 ) ) ;
#5891 = CARTESIAN_POINT ( 'NONE',  ( 0.1178956952799869590, -0.1777542182377303548, 0.04201191350592747148 ) ) ;
#5892 = CARTESIAN_POINT ( 'NONE',  ( 0.007712424457248946014, -0.1769979912919411869, -0.05262528563575717688 ) ) ;
#5893 = MANIFOLD_SOLID_BREP ( 'Cut-Extrude7[3]', #518 ) ;
#5894 = CIRCLE ( 'NONE', #6197, 0.01499999999999999077 ) ;
#5895 = CARTESIAN_POINT ( 'NONE',  ( 0.03373482484458720232, 0.07849132467248870482, 0.02568504823611458820 ) ) ;
#5896 = CARTESIAN_POINT ( 'NONE',  ( -0.04602836463077222828, 0.05961153189781322886, 0.1879004906933163244 ) ) ;
#5897 = ORIENTED_EDGE ( 'NONE', *, *, #3225, .T. ) ;
#5898 = CARTESIAN_POINT ( 'NONE',  ( 0.1988062389287093279, -0.1700000000000000955, 0.08175643111878472258 ) ) ;
#5899 =( LENGTH_UNIT ( ) NAMED_UNIT ( * ) SI_UNIT ( .MILLI., .METRE. ) );
#5900 = DIRECTION ( 'NONE',  ( 0.000000000000000000, 0.000000000000000000, 1.000000000000000000 ) ) ;
#5901 = ORIENTED_EDGE ( 'NONE', *, *, #6284, .T. ) ;
#5902 = CARTESIAN_POINT ( 'NONE',  ( -0.07680421981838510270, -0.06777777249568327222, 0.1720995089880098250 ) ) ;
#5903 = CARTESIAN_POINT ( 'NONE',  ( 0.03838939257931776178, -0.1830019702289861216, -0.02736589006765825088 ) ) ;
#5904 = CARTESIAN_POINT ( 'NONE',  ( 0.03373778724202080442, -0.1830062300829545796, -0.1338102927549473520 ) ) ;
#5905 = FACE_OUTER_BOUND ( 'NONE', #3294, .T. ) ;
#5906 = ORIENTED_EDGE ( 'NONE', *, *, #8169, .T. ) ;
#5907 = FILL_AREA_STYLE_COLOUR ( '', #7692 ) ;
#5908 = CARTESIAN_POINT ( 'NONE',  ( 0.006563881463434948979, 0.08446495496867284514, 0.1602950706623608168 ) ) ;
#5909 = ADVANCED_FACE ( 'NONE', ( #2357 ), #2691, .T. ) ;
#5910 =( NAMED_UNIT ( * ) SI_UNIT ( $, .STERADIAN. ) SOLID_ANGLE_UNIT ( ) );
#5911 =( GEOMETRIC_REPRESENTATION_CONTEXT ( 3 ) GLOBAL_UNCERTAINTY_ASSIGNED_CONTEXT ( ( #1806 ) ) GLOBAL_UNIT_ASSIGNED_CONTEXT ( ( #6018, #1648, #1616 ) ) REPRESENTATION_CONTEXT ( 'NONE', 'WORKASPACE' ) );
#5912 = CARTESIAN_POINT ( 'NONE',  ( -0.02709138546469052472, 0.03899149192842314704, -0.1865616786065135979 ) ) ;
#5913 = CARTESIAN_POINT ( 'NONE',  ( -0.1058367025873510336, -0.1799999999999998546, -0.01666926602964832402 ) ) ;
#5914 = DIRECTION ( 'NONE',  ( 0.9993255101729127121, 0.03046351156190880982, 0.02050607668387986748 ) ) ;
#5915 = FACE_OUTER_BOUND ( 'NONE', #4773, .T. ) ;
#5916 = ORIENTED_EDGE ( 'NONE', *, *, #8073, .F. ) ;
#5917 = ORIENTED_EDGE ( 'NONE', *, *, #2242, .F. ) ;
#5918 = CARTESIAN_POINT ( 'NONE',  ( 0.1727154805785203751, -0.2300000000000001488, 0.1472490126125821919 ) ) ;
#5919 = CARTESIAN_POINT ( 'NONE',  ( 0.04726363421857714825, 0.06571514440135926838, 0.1377785078022644438 ) ) ;
#5920 = EDGE_CURVE ( 'NONE', #5029, #5980, #4509, .T. ) ;
#5921 = CARTESIAN_POINT ( 'NONE',  ( 0.07430336292429100264, 0.04222976660089600848, -0.1807462291666992182 ) ) ;
#5922 = CARTESIAN_POINT ( 'NONE',  ( -0.1237569752400658196, -0.1810386614427729746, -0.08113752961412554199 ) ) ;
#5923 = CARTESIAN_POINT ( 'NONE',  ( 0.004565783776786893830, -0.01363636682257442397, -0.1472126412861589351 ) ) ;
#5924 = CARTESIAN_POINT ( 'NONE',  ( 0.1236958700803038463, -0.1819653683157078650, 0.08102292883081364805 ) ) ;
#5925 = CARTESIAN_POINT ( 'NONE',  ( -0.07088710494496802683, 0.07275947084674075360, 0.1597285065621297240 ) ) ;
#5926 = CARTESIAN_POINT ( 'NONE',  ( 0.01775510292856911226, -0.1596119932753001236, 0.1777328027987370440 ) ) ;
#5927 =( GEOMETRIC_REPRESENTATION_CONTEXT ( 3 ) GLOBAL_UNCERTAINTY_ASSIGNED_CONTEXT ( ( #7489 ) ) GLOBAL_UNIT_ASSIGNED_CONTEXT ( ( #8871, #6718, #5139 ) ) REPRESENTATION_CONTEXT ( 'NONE', 'WORKASPACE' ) );
#5928 = PRESENTATION_STYLE_ASSIGNMENT (( #1388 ) ) ;
#5929 = ORIENTED_EDGE ( 'NONE', *, *, #2370, .T. ) ;
#5930 = STYLED_ITEM ( 'NONE', ( #7073 ), #5197 ) ;
#5931 = DIRECTION ( 'NONE',  ( 0.000000000000000000, 0.000000000000000000, 1.000000000000000000 ) ) ;
#5932 = CARTESIAN_POINT ( 'NONE',  ( -0.04887568674456060913, -0.01390659778293885755, 0.1879005137432496475 ) ) ;
#5933 = SURFACE_SIDE_STYLE ('',( #322 ) ) ;
#5934 = CARTESIAN_POINT ( 'NONE',  ( 0.03200268577051364194, 0.07849130379308980054, 0.05240611079259199084 ) ) ;
#5935 = CARTESIAN_POINT ( 'NONE',  ( 0.01563460315966882022, -0.1770064808639575660, 0.1072549813255708334 ) ) ;
#5936 = ORIENTED_EDGE ( 'NONE', *, *, #5920, .T. ) ;
#5937 = ORIENTED_EDGE ( 'NONE', *, *, #5635, .T. ) ;
#5938 =( GEOMETRIC_REPRESENTATION_CONTEXT ( 3 ) GLOBAL_UNCERTAINTY_ASSIGNED_CONTEXT ( ( #3387 ) ) GLOBAL_UNIT_ASSIGNED_CONTEXT ( ( #6083, #5414, #1742 ) ) REPRESENTATION_CONTEXT ( 'NONE', 'WORKASPACE' ) );
#5939 = AXIS2_PLACEMENT_3D ( 'NONE', #6903, #9043, #4677 ) ;
#5940 = CARTESIAN_POINT ( 'NONE',  ( 0.01204396818640438363, 0.1131187399372438340, -0.1063773337456498241 ) ) ;
#5941 = DIRECTION ( 'NONE',  ( 0.000000000000000000, 0.000000000000000000, 1.000000000000000000 ) ) ;
#5942 = CARTESIAN_POINT ( 'NONE',  ( 0.1178068834861336484, -0.1653186633679595008, 0.05605494007199304102 ) ) ;
#5943 = CARTESIAN_POINT ( 'NONE',  ( -0.03317217246240962425, -0.1233027515601612389, -0.2135425661767300642 ) ) ;
#5944 = DIRECTION ( 'NONE',  ( -0.03046991852340155335, 0.9995356842380253015, 0.000000000000000000 ) ) ;
#5945 = CIRCLE ( 'NONE', #1740, 0.01500000000000000118 ) ;
#5946 = CARTESIAN_POINT ( 'NONE',  ( -0.06627140969980210849, 0.07275948528167891505, 0.05249772287053580677 ) ) ;
#5947 = VERTEX_POINT ( 'NONE', #2995 ) ;
#5948 = FACE_OUTER_BOUND ( 'NONE', #2396, .T. ) ;
#5949 = UNCERTAINTY_MEASURE_WITH_UNIT (LENGTH_MEASURE( 1.000000000000000082E-05 ), #8346, 'distance_accuracy_value', 'NONE');
#5950 = CARTESIAN_POINT ( 'NONE',  ( 0.04749275828908981062, 0.06570178182423611069, -0.1896407427109893795 ) ) ;
#5951 = CARTESIAN_POINT ( 'NONE',  ( 0.02566870505711653372, -0.06788496680629603486, 0.1480774676819958946 ) ) ;
#5952 =( NAMED_UNIT ( * ) PLANE_ANGLE_UNIT ( ) SI_UNIT ( $, .RADIAN. ) );
#5953 = FILL_AREA_STYLE_COLOUR ( '', #5176 ) ;
#5955 = CIRCLE ( 'NONE', #9359, 0.01500000000000000465 ) ;
#5954 = STYLED_ITEM ( 'NONE', ( #7000 ), #8173 ) ;
#5956 = CARTESIAN_POINT ( 'NONE',  ( -0.002886140486550816710, -0.01395436986021653288, -0.1762706477526660431 ) ) ;
#5957 = CARTESIAN_POINT ( 'NONE',  ( 0.1195234402462690693, -0.1905595718825826013, 0.04803277871555076267 ) ) ;
#5958 = ADVANCED_FACE ( 'NONE', ( #7742 ), #6979, .T. ) ;
#5959 = CARTESIAN_POINT ( 'NONE',  ( -0.1149999999999999772, 0.1710000000000000409, 0.1575000000000000011 ) ) ;
#5960 = CARTESIAN_POINT ( 'NONE',  ( 0.06965760183211006096, 0.1113564656763517402, -0.1597636644985956089 ) ) ;
#5961 = EDGE_CURVE ( 'NONE', #1530, #1721, #5660, .T. ) ;
#5962 = CARTESIAN_POINT ( 'NONE',  ( -0.07680421981838510270, -0.06777777249568327222, 0.1720995089880098250 ) ) ;
#5963 = CARTESIAN_POINT ( 'NONE',  ( 0.01777640257887463243, -0.1599892904560935580, -0.1650041839352484885 ) ) ;
#5964 = CIRCLE ( 'NONE', #3796, 0.005021852419135219847 ) ;
#5965 = SURFACE_STYLE_USAGE ( .BOTH. , #5933 ) ;
#5966 = CARTESIAN_POINT ( 'NONE',  ( 0.06018459883946897931, 0.05166085403609065041, 0.1603610024710146464 ) ) ;
#5967 = EDGE_CURVE ( 'NONE', #2187, #8975, #8851, .T. ) ;
#5968 = FACE_OUTER_BOUND ( 'NONE', #5460, .T. ) ;
#5969 = STYLED_ITEM ( 'NONE', ( #6873 ), #9029 ) ;
#5970 =( NAMED_UNIT ( * ) PLANE_ANGLE_UNIT ( ) SI_UNIT ( $, .RADIAN. ) );
#5971 = CARTESIAN_POINT ( 'NONE',  ( 0.06072634792644873020, 0.05166760948578333346, 0.1339747659758602216 ) ) ;
#5972 = CARTESIAN_POINT ( 'NONE',  ( 0.05893351473869588852, 0.06463032169529817073, -0.1946903987176683004 ) ) ;
#5973 = CARTESIAN_POINT ( 'NONE',  ( 0.1210718620247220462, -0.1735372582328823798, 0.04574611991424950425 ) ) ;
#5974 = CARTESIAN_POINT ( 'NONE',  ( -0.04026738151488762352, 0.02331366841272656046, -0.1464609717778475040 ) ) ;
#5975 = B_SPLINE_CURVE_WITH_KNOTS ( 'NONE', 3,
 ( #4533, #3097, #6719, #3126, #916, #6651, #2282, #2403, #8216, #8250, #4597, #7383, #2998, #1570, #3733, #8837, #2339, #7449, #3766, #4463, #3063, #6684, #8906, #3027, #1732, #5373, #9127, #9091, #2495, #6206, #4698 ),
 .UNSPECIFIED., .F., .F.,
 ( 4, 3, 3, 3, 3, 3, 3, 3, 3, 3, 4 ),
 ( 0.000000000000000000, 2.482336286042518995E-06, 7.553943942195815544E-06, 1.262258956605821204E-05, 1.769764956819979982E-05, 2.282544509277624356E-05, 2.800723374911960321E-05, 3.317883878865254864E-05, 3.827629453353897400E-05, 4.329987595918213578E-05, 4.757926621176668746E-05 ),
 .UNSPECIFIED. ) ;
#5976 = CARTESIAN_POINT ( 'NONE',  ( -0.04761343119214226510, 0.1135141182547868416, -0.05335612357712406217 ) ) ;
#5977 = CIRCLE ( 'NONE', #340, 0.01499999999999999251 ) ;
#5978 = VECTOR ( 'NONE', #6462, 1000.000000000000000 ) ;
#5979 =( GEOMETRIC_REPRESENTATION_CONTEXT ( 3 ) GLOBAL_UNCERTAINTY_ASSIGNED_CONTEXT ( ( #91 ) ) GLOBAL_UNIT_ASSIGNED_CONTEXT ( ( #2591, #5499, #9189 ) ) REPRESENTATION_CONTEXT ( 'NONE', 'WORKASPACE' ) );
#5980 = VERTEX_POINT ( 'NONE', #3889 ) ;
#5981 = CARTESIAN_POINT ( 'NONE',  ( -0.01880313957078880160, 0.06216192228456439428, 0.1910421436320267063 ) ) ;
#5982 = MECHANICAL_DESIGN_GEOMETRIC_PRESENTATION_REPRESENTATION (  '', ( #7648 ), #3184 ) ;
#5983 =( NAMED_UNIT ( * ) PLANE_ANGLE_UNIT ( ) SI_UNIT ( $, .RADIAN. ) );
#5984 = CARTESIAN_POINT ( 'NONE',  ( -0.01568352880647135017, 0.07553508554169061084, 0.02571827680933060079 ) ) ;
#5985 = CARTESIAN_POINT ( 'NONE',  ( 0.02449026883438842894, -0.1598182598064794568, -0.2127873579679582239 ) ) ;
#5986 = DIRECTION ( 'NONE',  ( -0.8755976470553532565, -0.4827019435506179623, -0.01809956252468488888 ) ) ;
#5987 = CARTESIAN_POINT ( 'NONE',  ( 0.1150000000000000189, 0.1710000000000000409, -0.1575000000000000011 ) ) ;
#5988 = CARTESIAN_POINT ( 'NONE',  ( 0.08507392651406157913, -0.2100000262086114955, -0.1072448800231697308 ) ) ;
#5989 = CARTESIAN_POINT ( 'NONE',  ( -0.005078608626043929451, 0.05988746453821530008, 0.2133367242285167387 ) ) ;
#5990 = ORIENTED_EDGE ( 'NONE', *, *, #5114, .F. ) ;
#5991 = CARTESIAN_POINT ( 'NONE',  ( -0.05581664559855094299, 0.05688178262846207284, 0.1465979681576721760 ) ) ;
#5992 = CYLINDRICAL_SURFACE ( 'NONE', #7953, 0.01500000000000002894 ) ;
#5993 = CARTESIAN_POINT ( 'NONE',  ( 0.1178956952799869728, -0.1800000000000000488, 0.04201191350592746454 ) ) ;
#5994 =( NAMED_UNIT ( * ) PLANE_ANGLE_UNIT ( ) SI_UNIT ( $, .RADIAN. ) );
#5995 = AXIS2_PLACEMENT_3D ( 'NONE', #5252, #8160, #5944 ) ;
#5996 = CARTESIAN_POINT ( 'NONE',  ( 0.1178956952799869728, -0.1822457817624789922, 0.04201191350592747148 ) ) ;
#5997 = CARTESIAN_POINT ( 'NONE',  ( 0.001715012044033118214, -0.2063910585750854676, -0.05234412275075565196 ) ) ;
#5998 = COLOUR_RGB ( '',1.000000000000000000, 1.000000000000000000, 1.000000000000000000 ) ;
#5999 = EDGE_CURVE ( 'NONE', #3445, #4649, #276, .T. ) ;
#6000 = EDGE_LOOP ( 'NONE', ( #5687, #1716, #4118, #4693, #3435, #8673 ) ) ;
#6001 = FACE_OUTER_BOUND ( 'NONE', #7900, .T. ) ;
#6002 = CARTESIAN_POINT ( 'NONE',  ( 0.06855585441574435501, 0.1113702190596875113, -0.1060942471779710711 ) ) ;
#6003 = ADVANCED_FACE ( 'NONE', ( #2128 ), #6945, .T. ) ;
#6004 = CARTESIAN_POINT ( 'NONE',  ( 0.06328369555816758252, 0.06409739956716510589, -0.1940364178944413431 ) ) ;
#6005 = CARTESIAN_POINT ( 'NONE',  ( 0.1988062389287093279, -0.1550000000000000266, 0.08175643111878472258 ) ) ;
#6006 = SURFACE_STYLE_FILL_AREA ( #704 ) ;
#6007 = CARTESIAN_POINT ( 'NONE',  ( -0.08072531560202440837, 0.09903308854216835710, 0.05160695826557185062 ) ) ;
#6008 = EDGE_LOOP ( 'NONE', ( #6635, #405, #6337, #292, #9186, #3838 ) ) ;
#6009 = ORIENTED_EDGE ( 'NONE', *, *, #1833, .T. ) ;
#6010 = AXIS2_PLACEMENT_3D ( 'NONE', #3539, #7954, #2767 ) ;
#6011 = ORIENTED_EDGE ( 'NONE', *, *, #1319, .F. ) ;
#6012 =( BOUNDED_SURFACE ( )  B_SPLINE_SURFACE ( 3, 3, ( 
 ( #6732, #4510, #8162, #855, #7393, #892, #7429, #5311 ),
 ( #2347, #7363, #2318, #8818, #3776, #8130, #6661, #7463 ),
 ( #3744, #4445, #154, #6697, #8101, #924, #8885, #1544 ),
 ( #6770, #3805, #3073, #5214, #8226, #1580, #3039, #2976 ),
 ( #122, #5285, #5976, #2381, #1609, #5185, #819, #8193 ),
 ( #2292, #792, #8946, #8915, #6007, #3107, #3008, #1640 ),
 ( #8850, #6050, #4476, #96, #5946, #3177, #277, #4739 ) ),
 .UNSPECIFIED., .T., .F., .T. ) 
 B_SPLINE_SURFACE_WITH_KNOTS ( ( 4, 3, 4 ),
 ( 4, 2, 2, 4 ),
 ( 0.000000000000000000, 0.5000000000000000000, 1.000000000000000000 ),
 ( 0.7890819539983995323, 0.8333321516436658083, 0.8554603693797637742, 0.8775845940005594370 ),
 .UNSPECIFIED. ) 
 GEOMETRIC_REPRESENTATION_ITEM ( )  RATIONAL_B_SPLINE_SURFACE ( (
 ( 1.000000000000000000, 1.000000000000000000, 1.000000000000000000, 1.000000000000000000, 1.000000000000000000, 1.000000000000000000, 1.000000000000000000, 1.000000000000000000),
 ( 0.3333333333333333703, 0.3333333333333333703, 0.3333333333333333703, 0.3333333333333333703, 0.3333333333333333703, 0.3333333333333333703, 0.3333333333333333703, 0.3333333333333333703),
 ( 0.3333333333333333703, 0.3333333333333333703, 0.3333333333333333703, 0.3333333333333333703, 0.3333333333333333703, 0.3333333333333333703, 0.3333333333333333703, 0.3333333333333333703),
 ( 1.000000000000000000, 1.000000000000000000, 1.000000000000000000, 1.000000000000000000, 1.000000000000000000, 1.000000000000000000, 1.000000000000000000, 1.000000000000000000),
 ( 0.3333333333333333703, 0.3333333333333333703, 0.3333333333333333703, 0.3333333333333333703, 0.3333333333333333703, 0.3333333333333333703, 0.3333333333333333703, 0.3333333333333333703),
 ( 0.3333333333333333703, 0.3333333333333333703, 0.3333333333333333703, 0.3333333333333333703, 0.3333333333333333703, 0.3333333333333333703, 0.3333333333333333703, 0.3333333333333333703),
 ( 1.000000000000000000, 1.000000000000000000, 1.000000000000000000, 1.000000000000000000, 1.000000000000000000, 1.000000000000000000, 1.000000000000000000, 1.000000000000000000) ) ) 
 REPRESENTATION_ITEM ( '' )  SURFACE ( )  );
#6013 = DIRECTION ( 'NONE',  ( -0.5335477900353222669, 0.000000000000000000, 0.8457699189191014710 ) ) ;
#6014 = CARTESIAN_POINT ( 'NONE',  ( 0.04372083239761068163, 0.06594415525779491472, -0.1811960228329545508 ) ) ;
#6015 = CARTESIAN_POINT ( 'NONE',  ( 0.05945498414705186613, 0.02250917269271568780, 0.1526119360838317507 ) ) ;
#6016 = CARTESIAN_POINT ( 'NONE',  ( 0.05469755812864150052, 0.06508225689559225813, -0.1094352336481469040 ) ) ;
#6017 = CARTESIAN_POINT ( 'NONE',  ( -0.02207016194171036727, 0.07553504503132692227, 0.1597049293376392176 ) ) ;
#6018 =( LENGTH_UNIT ( ) NAMED_UNIT ( * ) SI_UNIT ( .MILLI., .METRE. ) );
#6019 = EDGE_CURVE ( 'NONE', #895, #6760, #7272, .T. ) ;
#6020 = CARTESIAN_POINT ( 'NONE',  ( 0.01639771516721180017, 0.04192939170690691136, -0.2127874054117332159 ) ) ;
#6021 = CARTESIAN_POINT ( 'NONE',  ( 0.1183229308507245947, -0.1932906607332939286, 0.05163990321434495934 ) ) ;
#6022 = DIRECTION ( 'NONE',  ( 0.02615073541497720325, 0.9996580110404036379, -9.281665621300071435E-19 ) ) ;
#6023 = ORIENTED_EDGE ( 'NONE', *, *, #6298, .T. ) ;
#6024 = VERTEX_POINT ( 'NONE', #9087 ) ;
#6025 = FACE_OUTER_BOUND ( 'NONE', #6057, .T. ) ;
#6026 = VERTEX_POINT ( 'NONE', #3420 ) ;
#6027 = CARTESIAN_POINT ( 'NONE',  ( 0.008157580219873830293, -0.1242213814153302898, 0.1570409215240005374 ) ) ;
#6028 = MECHANICAL_DESIGN_GEOMETRIC_PRESENTATION_REPRESENTATION (  '', ( #5838 ), #4562 ) ;
#6029 = CARTESIAN_POINT ( 'NONE',  ( 0.02486340862955106409, 0.1083460577648065332, 0.1326421544052882873 ) ) ;
#6030 = CARTESIAN_POINT ( 'NONE',  ( -0.08016871703130686033, -0.1596657669923492173, 0.1720995417108199532 ) ) ;
#6031 = CARTESIAN_POINT ( 'NONE',  ( -0.07902721111205819604, -0.1228574207385720318, 0.1720995250047832048 ) ) ;
#6032 = CARTESIAN_POINT ( 'NONE',  ( -0.02459389849763883584, 0.1041752481412175774, 0.02512943998699366729 ) ) ;
#6033 = CARTESIAN_POINT ( 'NONE',  ( 0.02732607901079321319, 0.07849128147365570796, 0.1596932913163382206 ) ) ;
#6034 = CIRCLE ( 'NONE', #7150, 0.01499999999999999251 ) ;
#6035 = VERTEX_POINT ( 'NONE', #8517 ) ;
#6036 = VERTEX_POINT ( 'NONE', #4136 ) ;
#6037 = CARTESIAN_POINT ( 'NONE',  ( 0.06965760183211006096, 0.1113564656763517402, -0.1597636644985956089 ) ) ;
#6038 = CARTESIAN_POINT ( 'NONE',  ( 0.005389193447102359931, -0.1769980436699775117, -0.1060620133735730580 ) ) ;
#6039 = CARTESIAN_POINT ( 'NONE',  ( 0.006903599342302515172, -0.2063911136648891032, 0.05432101747060603253 ) ) ;
#6040 = CARTESIAN_POINT ( 'NONE',  ( -0.1725477585110244683, -0.2299999999999999545, -0.1470482413654660425 ) ) ;
#6041 = CARTESIAN_POINT ( 'NONE',  ( 0.03200268577051364194, 0.07849130379308980054, 0.05240611079259199084 ) ) ;
#6042 = CARTESIAN_POINT ( 'NONE',  ( 0.07365228427012263102, 0.06254742319983618015, -0.1786877814831221156 ) ) ;
#6043 = CARTESIAN_POINT ( 'NONE',  ( 0.001270463722378962525, 0.04690862146465878124, -0.1068510698661353508 ) ) ;
#6044 = ORIENTED_EDGE ( 'NONE', *, *, #3159, .T. ) ;
#6045 = ORIENTED_EDGE ( 'NONE', *, *, #5148, .T. ) ;
#6046 = PRESENTATION_LAYER_ASSIGNMENT (  '', '', ( #5546 ) ) ;
#6047 = DIRECTION ( 'NONE',  ( 0.5335477900353235992, 0.000000000000000000, -0.8457699189191006939 ) ) ;
#6048 = DIRECTION ( 'NONE',  ( 0.9993792147296974848, -0.02614344219221960072, -0.02361579125490281816 ) ) ;
#6049 = PRODUCT ( 'LQW03AW6N8J00D', 'LQW03AW6N8J00D', '', ( #2693 ) ) ;
#6050 = CARTESIAN_POINT ( 'NONE',  ( -0.05647067506860625058, 0.07277320431515266197, -0.1071850233187526952 ) ) ;
#6051 = SURFACE_STYLE_FILL_AREA ( #1550 ) ;
#6052 = SURFACE_SIDE_STYLE ('',( #6126 ) ) ;
#6053 = CARTESIAN_POINT ( 'NONE',  ( 0.04408290661495507107, 0.06592287130144935947, -0.1747279363535735597 ) ) ;
#6054 = CARTESIAN_POINT ( 'NONE',  ( 0.02113848844925341960, -0.06769075067954843927, 0.1777328117915815686 ) ) ;
#6055 = SURFACE_SIDE_STYLE ('',( #3383 ) ) ;
#6056 = CARTESIAN_POINT ( 'NONE',  ( 0.05112919963898135411, 0.06541210313454141889, 0.04252519961248489577 ) ) ;
#6057 = EDGE_LOOP ( 'NONE', ( #5901, #3258, #7647, #5936, #6465 ) ) ;
#6058 = CARTESIAN_POINT ( 'NONE',  ( -0.1655526671241021874, -0.1600000000000000311, -0.05290356562635827736 ) ) ;
#6059 =( NAMED_UNIT ( * ) SI_UNIT ( $, .STERADIAN. ) SOLID_ANGLE_UNIT ( ) );
#6060 = FILL_AREA_STYLE_COLOUR ( '', #9331 ) ;
#6061 =( GEOMETRIC_REPRESENTATION_CONTEXT ( 3 ) GLOBAL_UNCERTAINTY_ASSIGNED_CONTEXT ( ( #2218 ) ) GLOBAL_UNIT_ASSIGNED_CONTEXT ( ( #1257, #6404, #7153 ) ) REPRESENTATION_CONTEXT ( 'NONE', 'WORKASPACE' ) );
#6062 = ADVANCED_FACE ( 'NONE', ( #605 ), #3260, .F. ) ;
#6063 = AXIS2_PLACEMENT_3D ( 'NONE', #1378, #4792, #381 ) ;
#6064 = FACE_OUTER_BOUND ( 'NONE', #3393, .T. ) ;
#6065 = CARTESIAN_POINT ( 'NONE',  ( 0.06072634792644873020, 0.05166760948578333346, 0.1339747659758602216 ) ) ;
#6066 =( NAMED_UNIT ( * ) SI_UNIT ( $, .STERADIAN. ) SOLID_ANGLE_UNIT ( ) );
#6067 = ORIENTED_EDGE ( 'NONE', *, *, #1483, .F. ) ;
#6068 = CARTESIAN_POINT ( 'NONE',  ( -0.001817787600405873852, 0.1131118929318057492, 0.1335007170436218471 ) ) ;
#6069 = CARTESIAN_POINT ( 'NONE',  ( 0.1210718620247217547, -0.2800000000000000266, 0.04574611991424980956 ) ) ;
#6070 = DIRECTION ( 'NONE',  ( -0.8496570271152052989, 0.02589787347911665441, -0.5266993795544201440 ) ) ;
#6071 = CARTESIAN_POINT ( 'NONE',  ( 0.003033463906858233604, -0.2063910703019231629, -0.02566050465201576494 ) ) ;
#6072 = AXIS2_PLACEMENT_3D ( 'NONE', #1396, #7929, #5746 ) ;
#6073 = VERTEX_POINT ( 'NONE', #4883 ) ;
#6074 = CARTESIAN_POINT ( 'NONE',  ( -0.2151529299272666451, -0.2299999999999999545, -0.1514657711333049772 ) ) ;
#6075 = CARTESIAN_POINT ( 'NONE',  ( 0.07569030293511386231, 0.05166067722841764104, -0.1596245279422424390 ) ) ;
#6076 = CARTESIAN_POINT ( 'NONE',  ( 0.07323422727424006018, 0.06261751683652963529, -0.1836029827135298442 ) ) ;
#6077 = CARTESIAN_POINT ( 'NONE',  ( 0.05775314023913778738, 0.07999999999999998779, -0.1600000000000000033 ) ) ;
#6078 = UNCERTAINTY_MEASURE_WITH_UNIT (LENGTH_MEASURE( 1.000000000000000082E-05 ), #7642, 'distance_accuracy_value', 'NONE');
#6079 = FILL_AREA_STYLE_COLOUR ( '', #73 ) ;
#6080 = CARTESIAN_POINT ( 'NONE',  ( -0.02642476939418165333, 0.02387931629891029348, -0.1865616239579543090 ) ) ;
#6081 = EDGE_CURVE ( 'NONE', #3224, #4847, #962, .T. ) ;
#6082 = SURFACE_STYLE_FILL_AREA ( #9095 ) ;
#6083 =( LENGTH_UNIT ( ) NAMED_UNIT ( * ) SI_UNIT ( .MILLI., .METRE. ) );
#6084 = CARTESIAN_POINT ( 'NONE',  ( 0.01841810677207909863, -0.1800000000000001876, -0.1600000000000000033 ) ) ;
#6085 = CARTESIAN_POINT ( 'NONE',  ( -0.1183581120670669506, -0.1667832937707687535, -0.05165183498305455506 ) ) ;
#6086 = CARTESIAN_POINT ( 'NONE',  ( 0.05342229500124905800, -0.1800009512656892408, -0.1596455589909003547 ) ) ;
#6087 = CARTESIAN_POINT ( 'NONE',  ( 0.01118021919226104902, 0.06584004015405502119, -0.1099214995160050223 ) ) ;
#6088 = CARTESIAN_POINT ( 'NONE',  ( 0.05771061989657728930, 0.08151548931438569456, 0.1338605640702588695 ) ) ;
#6089 = MECHANICAL_DESIGN_GEOMETRIC_PRESENTATION_REPRESENTATION (  '', ( #8894 ), #6717 ) ;
#6090 = CARTESIAN_POINT ( 'NONE',  ( 0.002898260295413436494, -0.1603795977150363483, -0.1762706485460340256 ) ) ;
#6091 = CARTESIAN_POINT ( 'NONE',  ( 0.1210718620247217964, -0.2299999999999999545, 0.04574611991424980956 ) ) ;
#6092 = PRESENTATION_STYLE_ASSIGNMENT (( #6939 ) ) ;
#6093 = CARTESIAN_POINT ( 'NONE',  ( -0.01324802218210496818, -0.1417795238607041652, 0.2133384918817870790 ) ) ;
#6094 = CARTESIAN_POINT ( 'NONE',  ( -0.1219476913060853901, -0.1700000000000000122, -0.07738871394769696044 ) ) ;
#6095 = EDGE_CURVE ( 'NONE', #3211, #4673, #8405, .T. ) ;
#6096 = SURFACE_STYLE_USAGE ( .BOTH. , #1783 ) ;
#6097 = CARTESIAN_POINT ( 'NONE',  ( -0.02633696264221843664, 0.1041752273100694237, 0.05188937116746734912 ) ) ;
#6098 = ORIENTED_EDGE ( 'NONE', *, *, #3179, .F. ) ;
#6099 = CARTESIAN_POINT ( 'NONE',  ( 0.05716764051093140703, 0.08150871852634393455, 0.1603067086836617861 ) ) ;
#6100 = DIRECTION ( 'NONE',  ( 1.000000000000000000, 0.000000000000000000, 0.000000000000000000 ) ) ;
#6101 = CARTESIAN_POINT ( 'NONE',  ( 0.01563460315966882022, -0.1770064808639575660, 0.1072549813255708334 ) ) ;
#6102 = MECHANICAL_DESIGN_GEOMETRIC_PRESENTATION_REPRESENTATION (  '', ( #1308 ), #8372 ) ;
#6103 = SURFACE_STYLE_USAGE ( .BOTH. , #2497 ) ;
#6104 = CIRCLE ( 'NONE', #5798, 0.01499999999999998557 ) ;
#6105 = CARTESIAN_POINT ( 'NONE',  ( -0.1525014675670198216, -0.2299999999999999545, -0.1230518830271274400 ) ) ;
#6106 = DIRECTION ( 'NONE',  ( -0.02052558504614553775, -0.0002560480453883467664, 0.9997892952006998124 ) ) ;
#6107 = ADVANCED_FACE ( 'NONE', ( #3600 ), #3377, .F. ) ;
#6108 = CARTESIAN_POINT ( 'NONE',  ( 0.02732607901079321666, 0.07849128147365572183, 0.1596932913163382206 ) ) ;
#6109 =( LENGTH_UNIT ( ) NAMED_UNIT ( * ) SI_UNIT ( .MILLI., .METRE. ) );
#6110 = TOROIDAL_SURFACE ( 'NONE', #2342, 0.02002113778643676428, 0.01499999999999999598 ) ;
#6111 = CARTESIAN_POINT ( 'NONE',  ( -0.1226720531819162768, -0.1550000000000000266, -0.07898615225063329581 ) ) ;
#6112 = ORIENTED_EDGE ( 'NONE', *, *, #5777, .T. ) ;
#6113 = CARTESIAN_POINT ( 'NONE',  ( -0.04602836463077224910, 0.05961153189781323580, 0.1879004906933163244 ) ) ;
#6114 = DIRECTION ( 'NONE',  ( -0.02362941044757715936, 0.0001591926594771905790, -0.9997207738261705279 ) ) ;
#6115 = EDGE_CURVE ( 'NONE', #7077, #3094, #1418, .T. ) ;
#6116 = PRESENTATION_LAYER_ASSIGNMENT (  '', '', ( #5618 ) ) ;
#6117 = CARTESIAN_POINT ( 'NONE',  ( -0.06789490674919831936, -0.1599857056563633306, 0.1599844460355385745 ) ) ;
#6118 = CARTESIAN_POINT ( 'NONE',  ( 0.000000000000000000, -0.2300000000000000100, 0.000000000000000000 ) ) ;
#6119 = DIRECTION ( 'NONE',  ( 0.000000000000000000, -1.000000000000000000, 0.000000000000000000 ) ) ;
#6120 = CARTESIAN_POINT ( 'NONE',  ( 0.01322218472352050186, -0.1594962629535117415, 0.2073881439540661564 ) ) ;
#6121 = ORIENTED_EDGE ( 'NONE', *, *, #9123, .T. ) ;
#6122 = CARTESIAN_POINT ( 'NONE',  ( 0.001942017789655089239, 0.06507273620019535243, -0.05637390944337878490 ) ) ;
#6123 = CARTESIAN_POINT ( 'NONE',  ( 0.1244805217859632079, -0.2300000000000000100, 0.08245206481447017732 ) ) ;
#6124 = DIRECTION ( 'NONE',  ( -0.8755976470553532565, -0.4827019435506179623, -0.01809956252468488888 ) ) ;
#6125 = CARTESIAN_POINT ( 'NONE',  ( -0.03346796698381065277, -0.1741259671488289140, 0.1072151652631458535 ) ) ;
#6126 = SURFACE_STYLE_FILL_AREA ( #6737 ) ;
#6127 = CARTESIAN_POINT ( 'NONE',  ( -0.2650000000000000133, 0.05000000000000002359, -0.2000000000000000111 ) ) ;
#6128 = CARTESIAN_POINT ( 'NONE',  ( -0.07680421981838510270, -0.06777777249568327222, 0.1720995089880098250 ) ) ;
#6129 = MECHANICAL_DESIGN_GEOMETRIC_PRESENTATION_REPRESENTATION (  '', ( #6195 ), #3857 ) ;
#6130 = CARTESIAN_POINT ( 'NONE',  ( -0.002364298003562567696, 0.1131050780393991484, 0.1601191107273327030 ) ) ;
#6131 = FILL_AREA_STYLE ('',( #1698 ) ) ;
#6132 = UNCERTAINTY_MEASURE_WITH_UNIT (LENGTH_MEASURE( 1.000000000000000082E-05 ), #2238, 'distance_accuracy_value', 'NONE');
#6133 = AXIS2_PLACEMENT_3D ( 'NONE', #7855, #7152, #8599 ) ;
#6134 = SURFACE_STYLE_USAGE ( .BOTH. , #4532 ) ;
#6135 = CARTESIAN_POINT ( 'NONE',  ( -0.07151807544422841834, 0.06038846810218673200, 0.1720995093066837178 ) ) ;
#6136 = EDGE_CURVE ( 'NONE', #3769, #6977, #1711, .T. ) ;
#6137 = CARTESIAN_POINT ( 'NONE',  ( -0.1249087701522724331, -0.1700000000000000122, -0.08369358674891526351 ) ) ;
#6138 = VECTOR ( 'NONE', #1785, 1000.000000000000000 ) ;
#6139 = VERTEX_POINT ( 'NONE', #2807 ) ;
#6140 = VERTEX_POINT ( 'NONE', #5717 ) ;
#6141 = CARTESIAN_POINT ( 'NONE',  ( 0.1212330454626180803, -0.1859594717032645450, 0.04556370613731131058 ) ) ;
#6142 = DIRECTION ( 'NONE',  ( -0.8988292666643789008, -0.02740114883363692355, 0.4374415691611529544 ) ) ;
#6143 = ORIENTED_EDGE ( 'NONE', *, *, #514, .T. ) ;
#6144 =( NAMED_UNIT ( * ) SI_UNIT ( $, .STERADIAN. ) SOLID_ANGLE_UNIT ( ) );
#6145 =( NAMED_UNIT ( * ) SI_UNIT ( $, .STERADIAN. ) SOLID_ANGLE_UNIT ( ) );
#6146 =( LENGTH_UNIT ( ) NAMED_UNIT ( * ) SI_UNIT ( .MILLI., .METRE. ) );
#6147 = CARTESIAN_POINT ( 'NONE',  ( -0.04140122888186806294, -0.1741174758925110866, -0.05266419409108981375 ) ) ;
#6148 = FILL_AREA_STYLE ('',( #1950 ) ) ;
#6149 = AXIS2_PLACEMENT_3D ( 'NONE', #7823, #2001, #6425 ) ;
#6150 = PRESENTATION_STYLE_ASSIGNMENT (( #4861 ) ) ;
#6151 = ORIENTED_EDGE ( 'NONE', *, *, #1319, .T. ) ;
#6152 = ORIENTED_EDGE ( 'NONE', *, *, #5, .T. ) ;
#6153 = CARTESIAN_POINT ( 'NONE',  ( -0.03038445814635643005, -0.2800000000000000266, 0.03438656368245330414 ) ) ;
#6154 = CARTESIAN_POINT ( 'NONE',  ( 0.01563460315966882022, -0.1770064808639575660, 0.1072549813255708334 ) ) ;
#6155 = CARTESIAN_POINT ( 'NONE',  ( 0.04401620785391509999, -0.1237022616718990581, 0.2119225478778789251 ) ) ;
#6156 = CARTESIAN_POINT ( 'NONE',  ( 0.004048882858616696147, 0.06527665940614855999, -0.1268972888585307157 ) ) ;
#6157 = CARTESIAN_POINT ( 'NONE',  ( 0.1278671797069859672, -0.2300000000000000100, 0.03805575324395597814 ) ) ;
#6158 = EDGE_CURVE ( 'NONE', #6978, #810, #4512, .T. ) ;
#6159 = CARTESIAN_POINT ( 'NONE',  ( -0.01264014817397169331, 0.04082587357008828771, -0.2053287017580738005 ) ) ;
#6160 = CARTESIAN_POINT ( 'NONE',  ( -0.2491252820972974513, 0.07515281250366884214, -0.2000000000000000111 ) ) ;
#6161 = CARTESIAN_POINT ( 'NONE',  ( -0.02443868858482713124, -0.1465207014509893602, 0.05341638434907072103 ) ) ;
#6162 = SURFACE_STYLE_FILL_AREA ( #8301 ) ;
#6163 = COLOUR_RGB ( '',1.000000000000000000, 1.000000000000000000, 0.5019607843137254832 ) ;
#6164 = ORIENTED_EDGE ( 'NONE', *, *, #8857, .T. ) ;
#6165 = VERTEX_POINT ( 'NONE', #817 ) ;
#6166 = EDGE_CURVE ( 'NONE', #3182, #5819, #5845, .T. ) ;
#6167 = CARTESIAN_POINT ( 'NONE',  ( -0.1210718620247217825, -0.2300000000000000655, -0.04574611991424980956 ) ) ;
#6168 = FILL_AREA_STYLE ('',( #3093 ) ) ;
#6169 = CARTESIAN_POINT ( 'NONE',  ( -0.007653135609097315266, 0.07554878298997783070, -0.1072363261806407314 ) ) ;
#6170 = CARTESIAN_POINT ( 'NONE',  ( 0.04782260581900559665, 0.06567446059709600159, 0.1623843569766605932 ) ) ;
#6171 = STYLED_ITEM ( 'NONE', ( #5115 ), #9252 ) ;
#6172 = LINE ( 'NONE', #8110, #8446 ) ;
#6173 = CARTESIAN_POINT ( 'NONE',  ( -0.05572443161902841668, 0.05990698340973509700, 0.1465979605848186373 ) ) ;
#6174 = ORIENTED_EDGE ( 'NONE', *, *, #934, .T. ) ;
#6175 = CARTESIAN_POINT ( 'NONE',  ( 0.01290053401576154307, -0.1769980456568087390, 0.05403062533482731050 ) ) ;
#6176 = SURFACE_STYLE_USAGE ( .BOTH. , #7815 ) ;
#6177 = STYLED_ITEM ( 'NONE', ( #2674 ), #1103 ) ;
#6178 =( NAMED_UNIT ( * ) PLANE_ANGLE_UNIT ( ) SI_UNIT ( $, .RADIAN. ) );
#6179 =( NAMED_UNIT ( * ) SI_UNIT ( $, .STERADIAN. ) SOLID_ANGLE_UNIT ( ) );
#6180 = COLOUR_RGB ( '',1.000000000000000000, 1.000000000000000000, 0.5019607843137254832 ) ;
#6182 = ORIENTED_EDGE ( 'NONE', *, *, #5097, .T. ) ;
#6181 = CARTESIAN_POINT ( 'NONE',  ( 0.04436126930686402209, 0.04109208343936445601, -0.1792538650697167169 ) ) ;
#6183 = ORIENTED_EDGE ( 'NONE', *, *, #9340, .F. ) ;
#6184 = CARTESIAN_POINT ( 'NONE',  ( -0.04971781314611507796, -0.03223542802314299099, 0.1879004909891636155 ) ) ;
#6185 = FILL_AREA_STYLE ('',( #4550 ) ) ;
#6186 = CARTESIAN_POINT ( 'NONE',  ( 0.02640599147334832947, 0.06045176066515148272, 0.1777328121248425985 ) ) ;
#6187 = CARTESIAN_POINT ( 'NONE',  ( 0.02529310571693026144, 0.02394346736818656063, 0.1777329034994873935 ) ) ;
#6188 = CARTESIAN_POINT ( 'NONE',  ( 0.2650000000000000133, 0.06000000000000001166, -0.2000000000000000111 ) ) ;
#6189 = CARTESIAN_POINT ( 'NONE',  ( 0.2152613609851926901, -0.2299999999999999545, 0.1513163763863970557 ) ) ;
#6190 = CARTESIAN_POINT ( 'NONE',  ( -0.05775314023913770412, 0.07999999999999993228, 0.1599999999999999756 ) ) ;
#6191 = DIRECTION ( 'NONE',  ( -0.9378280814248962649, 0.02858595053343655421, -0.3459209926023541493 ) ) ;
#6192 =( NAMED_UNIT ( * ) SI_UNIT ( $, .STERADIAN. ) SOLID_ANGLE_UNIT ( ) );
#6193 = ORIENTED_EDGE ( 'NONE', *, *, #2488, .F. ) ;
#6194 = B_SPLINE_CURVE_WITH_KNOTS ( 'NONE', 3,
 ( #6295, #3354, #8464, #3953, #7128, #2009, #1316, #7861 ),
 .UNSPECIFIED., .F., .F.,
 ( 4, 2, 2, 4 ),
 ( 0.4557485375414591089, 0.4999987791610235321, 0.5221270836600493404, 0.5442510124641972702 ),
 .UNSPECIFIED. ) ;
#6195 = STYLED_ITEM ( 'NONE', ( #3462 ), #2785 ) ;
#6196 = CARTESIAN_POINT ( 'NONE',  ( -0.1149999999999999911, -0.1700000000000000122, -0.2000000000000000666 ) ) ;
#6197 = AXIS2_PLACEMENT_3D ( 'NONE', #1020, #8375, #6142 ) ;
#6198 = CARTESIAN_POINT ( 'NONE',  ( -0.06981461619190469647, 0.04996306946909345736, 0.2000000000000000111 ) ) ;
#6199 = EDGE_CURVE ( 'NONE', #7785, #8748, #6344, .T. ) ;
#6200 = COLOUR_RGB ( '',0.7529411764705882248, 1.000000000000000000, 1.000000000000000000 ) ;
#6201 = PRESENTATION_STYLE_ASSIGNMENT (( #1364 ) ) ;
#6202 =( NAMED_UNIT ( * ) PLANE_ANGLE_UNIT ( ) SI_UNIT ( $, .RADIAN. ) );
#6203 = CARTESIAN_POINT ( 'NONE',  ( 0.003189443632720122528, 0.06519676609142589785, -0.005154235462422703494 ) ) ;
#6204 = CARTESIAN_POINT ( 'NONE',  ( 0.04122677996249967530, 0.05999999999999996309, 0.1800000000000000211 ) ) ;
#6205 = CARTESIAN_POINT ( 'NONE',  ( -0.01533841726987332857, -0.01316591979977488162, 0.1466632761624293013 ) ) ;
#6206 = CARTESIAN_POINT ( 'NONE',  ( -0.04535176617702543073, 0.05752441645706991152, 0.1867055740655135243 ) ) ;
#6207 = UNCERTAINTY_MEASURE_WITH_UNIT (LENGTH_MEASURE( 1.000000000000000082E-05 ), #7423, 'distance_accuracy_value', 'NONE');
#6208 = CARTESIAN_POINT ( 'NONE',  ( -0.04605092839585706033, 0.05887129793202512673, 0.1879004925463118314 ) ) ;
#6209 = AXIS2_PLACEMENT_3D ( 'NONE', #3785, #233, #6022 ) ;
#6210 =( NAMED_UNIT ( * ) PLANE_ANGLE_UNIT ( ) SI_UNIT ( $, .RADIAN. ) );
#6211 = CIRCLE ( 'NONE', #2315, 0.01500000000000000291 ) ;
#6212 = FILL_AREA_STYLE ('',( #4858 ) ) ;
#6213 = CARTESIAN_POINT ( 'NONE',  ( 0.2650000000000000133, 0.1449999999999999900, 0.1749999999999999611 ) ) ;
#6214 = CARTESIAN_POINT ( 'NONE',  ( 0.09783348573682129623, -0.1800000000000000488, 0.02935581481343488633 ) ) ;
#6215 = CARTESIAN_POINT ( 'NONE',  ( -0.008311942212789502279, 0.06383131918515935754, 0.1632136127464130226 ) ) ;
#6216 = EDGE_CURVE ( 'NONE', #4117, #1530, #8510, .T. ) ;
#6217 = CIRCLE ( 'NONE', #8091, 0.01499999999999999944 ) ;
#6218 = LINE ( 'NONE', #2988, #7540 ) ;
#6219 = ORIENTED_EDGE ( 'NONE', *, *, #4420, .F. ) ;
#6220 = FACE_OUTER_BOUND ( 'NONE', #1699, .T. ) ;
#6221 = PLANE ( 'NONE',  #4598 ) ;
#6222 = CARTESIAN_POINT ( 'NONE',  ( 0.1150000000000000050, -0.1700000000000000122, -0.2000000000000000666 ) ) ;
#6223 = CARTESIAN_POINT ( 'NONE',  ( -0.1237912600538253055, -0.1799999999999774558, -0.08120172720662256760 ) ) ;
#6224 = CARTESIAN_POINT ( 'NONE',  ( 0.001322502073703613881, 0.06500889609341679864, -0.007459895603440238124 ) ) ;
#6225 = MECHANICAL_DESIGN_GEOMETRIC_PRESENTATION_REPRESENTATION (  '', ( #263 ), #802 ) ;
#6226 = CARTESIAN_POINT ( 'NONE',  ( -0.1988062389287093279, -0.1550000000000000266, -0.08175643111878473646 ) ) ;
#6227 = CARTESIAN_POINT ( 'NONE',  ( 0.004363500191891318131, 0.06530533873330461592, -0.1611001035849502494 ) ) ;
#6228 = ORIENTED_EDGE ( 'NONE', *, *, #7105, .F. ) ;
#6229 = CARTESIAN_POINT ( 'NONE',  ( -0.08473246064718908954, -0.1714750387733445236, 0.05389623255997228607 ) ) ;
#6230 = FACE_BOUND ( 'NONE', #3582, .T. ) ;
#6231 = CARTESIAN_POINT ( 'NONE',  ( 0.01295046294508560639, 0.06594888417542087156, -0.1575000000000000289 ) ) ;
#6232 = CARTESIAN_POINT ( 'NONE',  ( 0.03176570873668027595, 0.06637435606508583497, 0.1660722049885587637 ) ) ;
#6233 = CARTESIAN_POINT ( 'NONE',  ( 0.01037285527785176270, -0.06937376108276864517, 0.1570409055546504451 ) ) ;
#6234 = CIRCLE ( 'NONE', #5753, 0.01500000000000000465 ) ;
#6235 = COLOUR_RGB ( '',1.000000000000000000, 1.000000000000000000, 0.5019607843137254832 ) ;
#6236 = PRESENTATION_LAYER_ASSIGNMENT (  '', '', ( #1501 ) ) ;
#6237 = DIRECTION ( 'NONE',  ( 0.000000000000000000, -0.000000000000000000, 1.000000000000000000 ) ) ;
#6238 = CARTESIAN_POINT ( 'NONE',  ( 0.05775314023913778738, 0.07999999999999998779, -0.1600000000000000033 ) ) ;
#6239 = DIRECTION ( 'NONE',  ( 1.000000000000000000, 0.000000000000000000, 0.000000000000000000 ) ) ;
#6240 = FACE_OUTER_BOUND ( 'NONE', #8476, .T. ) ;
#6241 = CARTESIAN_POINT ( 'NONE',  ( -0.06981461619190469647, 0.04996306946909345736, -0.2000000000000000111 ) ) ;
#6242 = CARTESIAN_POINT ( 'NONE',  ( -0.03775210631404141842, -0.1243656946086430098, 0.1623989579184639820 ) ) ;
#6243 = ORIENTED_EDGE ( 'NONE', *, *, #7934, .F. ) ;
#6244 = CIRCLE ( 'NONE', #3308, 0.01499999999999999944 ) ;
#6245 = AXIS2_PLACEMENT_3D ( 'NONE', #6338, #4064, #6310 ) ;
#6246 = DIRECTION ( 'NONE',  ( 0.000000000000000000, -1.000000000000000000, 0.000000000000000000 ) ) ;
#6247 = CARTESIAN_POINT ( 'NONE',  ( -0.05132807603537885982, 0.05669351097547650764, 0.1930737088596737039 ) ) ;
#6248 = CARTESIAN_POINT ( 'NONE',  ( -0.2650000000000000133, -0.1700000000000000122, 0.2000000000000000111 ) ) ;
#6249 = CARTESIAN_POINT ( 'NONE',  ( -0.06001733102831764005, -0.1799999999999998546, -0.0007208539969983063190 ) ) ;
#6250 = DIRECTION ( 'NONE',  ( -1.000000000000000000, 0.000000000000000000, 0.000000000000000000 ) ) ;
#6251 = CARTESIAN_POINT ( 'NONE',  ( -0.08072531560202440837, 0.09903308854216835710, 0.05160695826557185062 ) ) ;
#6252 = ORIENTED_EDGE ( 'NONE', *, *, #435, .F. ) ;
#6253 = ORIENTED_EDGE ( 'NONE', *, *, #5206, .T. ) ;
#6254 = ADVANCED_FACE ( 'NONE', ( #3144 ), #3774, .F. ) ;
#6255 = ORIENTED_EDGE ( 'NONE', *, *, #3478, .T. ) ;
#6256 = FACE_OUTER_BOUND ( 'NONE', #3204, .T. ) ;
#6257 = CARTESIAN_POINT ( 'NONE',  ( -0.04138134698585363425, -0.1408541966043744265, 0.2029608626367021273 ) ) ;
#6258 = UNCERTAINTY_MEASURE_WITH_UNIT (LENGTH_MEASURE( 1.000000000000000082E-05 ), #7385, 'distance_accuracy_value', 'NONE');
#6259 = DIRECTION ( 'NONE',  ( -0.9544681135048440623, -0.2976636645781976509, -0.01967137749071950006 ) ) ;
#6260 = STYLED_ITEM ( 'NONE', ( #2308 ), #3799 ) ;
#6261 = CARTESIAN_POINT ( 'NONE',  ( 0.01118021919226104902, 0.06584004015405502119, -0.1099214995160050223 ) ) ;
#6262 = VERTEX_POINT ( 'NONE', #9349 ) ;
#6263 = ORIENTED_EDGE ( 'NONE', *, *, #4993, .T. ) ;
#6264 = CARTESIAN_POINT ( 'NONE',  ( -0.05932269170440303274, 0.05944836785295640885, -0.1822939947997121723 ) ) ;
#6265 = AXIS2_PLACEMENT_3D ( 'NONE', #2274, #1626, #8177 ) ;
#6266 = ORIENTED_EDGE ( 'NONE', *, *, #3647, .F. ) ;
#6267 = COLOUR_RGB ( '',1.000000000000000000, 1.000000000000000000, 0.5019607843137254832 ) ;
#6268 = CARTESIAN_POINT ( 'NONE',  ( -0.05467589081548501762, -0.1603342330076509836, 0.1879004582891800057 ) ) ;
#6269 = VECTOR ( 'NONE', #6394, 1000.000000000000000 ) ;
#6270 = CARTESIAN_POINT ( 'NONE',  ( -0.007653135609097315266, 0.07554878298997783070, -0.1072363261806407314 ) ) ;
#6271 = SURFACE_STYLE_USAGE ( .BOTH. , #5523 ) ;
#6272 = VERTEX_POINT ( 'NONE', #3036 ) ;
#6273 = VERTEX_POINT ( 'NONE', #6111 ) ;
#6274 = DIRECTION ( 'NONE',  ( -0.9881728765356639910, 0.02586711497997949694, -0.1511464800842014788 ) ) ;
#6275 = CARTESIAN_POINT ( 'NONE',  ( -0.1229017327928497716, 0.06518394147448915155, 0.2000000000000000666 ) ) ;
#6276 = DIRECTION ( 'NONE',  ( -0.8457699189191018041, 1.040834085586085027E-17, -0.5335477900353221559 ) ) ;
#6277 = PRESENTATION_STYLE_ASSIGNMENT (( #4934 ) ) ;
#6278 = FACE_OUTER_BOUND ( 'NONE', #3069, .T. ) ;
#6279 = ORIENTED_EDGE ( 'NONE', *, *, #4742, .T. ) ;
#6280 = DIRECTION ( 'NONE',  ( 1.000000000000000000, 0.000000000000000000, -3.614007241618347785E-16 ) ) ;
#6281 = SURFACE_SIDE_STYLE ('',( #6805 ) ) ;
#6282 = CARTESIAN_POINT ( 'NONE',  ( 0.05846577288142561224, 0.05999058918576629512, -0.1650031540755130810 ) ) ;
#6283 = CARTESIAN_POINT ( 'NONE',  ( 0.04694471918631386298, 0.06573745081408303992, 0.1575000000000000289 ) ) ;
#6284 = EDGE_CURVE ( 'NONE', #5670, #5135, #4277, .T. ) ;
#6285 = DIRECTION ( 'NONE',  ( -0.8989403967233602355, -0.02347461441618442848, 0.4374415453713322299 ) ) ;
#6286 = CARTESIAN_POINT ( 'NONE',  ( -0.05938439204331855820, 0.07275956983467629646, -0.05407232402845882357 ) ) ;
#6287 = EDGE_LOOP ( 'NONE', ( #5116, #6807, #8093, #2051, #9240, #8739 ) ) ;
#6288 = EDGE_CURVE ( 'NONE', #1691, #3890, #6825, .T. ) ;
#6289 =( LENGTH_UNIT ( ) NAMED_UNIT ( * ) SI_UNIT ( .MILLI., .METRE. ) );
#6290 = VERTEX_POINT ( 'NONE', #4643 ) ;
#6291 = CARTESIAN_POINT ( 'NONE',  ( -0.08075670284563075951, -0.1714750486207665403, 0.1602902600824025470 ) ) ;
#6292 = CARTESIAN_POINT ( 'NONE',  ( -0.04066508880182995861, 0.05915268293128794069, -0.1950880025614974700 ) ) ;
#6293 = CARTESIAN_POINT ( 'NONE',  ( 0.04959055742296761271, 0.06554311245555331789, 0.1921649444390388095 ) ) ;
#6294 =( LENGTH_UNIT ( ) NAMED_UNIT ( * ) SI_UNIT ( .MILLI., .METRE. ) );
#6295 = CARTESIAN_POINT ( 'NONE',  ( -0.006563973209576245971, 0.07553518669664389951, -0.1602927535872134823 ) ) ;
#6296 = FILL_AREA_STYLE_COLOUR ( '', #5238 ) ;
#6297 = ORIENTED_EDGE ( 'NONE', *, *, #2054, .F. ) ;
#6298 = EDGE_CURVE ( 'NONE', #7077, #8803, #4636, .T. ) ;
#6299 = CARTESIAN_POINT ( 'NONE',  ( -0.04609589079712019671, 0.05741430388443003602, 0.1879004960365207866 ) ) ;
#6300 = CARTESIAN_POINT ( 'NONE',  ( 0.1727154805785203751, -0.1700000000000000122, 0.1472490126125821919 ) ) ;
#6301 = ADVANCED_FACE ( 'NONE', ( #6699 ), #6878, .F. ) ;
#6302 = CARTESIAN_POINT ( 'NONE',  ( 0.06742230392339600142, -0.1600000000000000311, -0.1799999999999999656 ) ) ;
#6303 = DIRECTION ( 'NONE',  ( -1.000000000000000000, 0.000000000000000000, 0.000000000000000000 ) ) ;
#6304 = CARTESIAN_POINT ( 'NONE',  ( -0.1670089981913065458, 0.05777777251165053252, 0.2000000000000000666 ) ) ;
#6305 = AXIS2_PLACEMENT_3D ( 'NONE', #7031, #6250, #9203 ) ;
#6306 = CARTESIAN_POINT ( 'NONE',  ( -0.01742230392339596048, -0.1600000000000000311, 0.1799999999999999378 ) ) ;
#6307 = EDGE_LOOP ( 'NONE', ( #1429, #6959, #4425, #1207 ) ) ;
#6308 = CIRCLE ( 'NONE', #9060, 0.01499999999999999424 ) ;
#6309 = DIRECTION ( 'NONE',  ( -0.9764899268500454310, 0.000000000000000000, 0.2155630366282511867 ) ) ;
#6310 = DIRECTION ( 'NONE',  ( -0.8755976470553532565, -0.4827019435506179623, -0.01809956252468488888 ) ) ;
#6311 = CARTESIAN_POINT ( 'NONE',  ( 0.01802614177592663791, -0.1650051266204964340, -0.1599883477708456958 ) ) ;
#6312 = CARTESIAN_POINT ( 'NONE',  ( -0.07897292529976683573, 0.09903310933586984000, 0.02483132693722752554 ) ) ;
#6313 = MECHANICAL_DESIGN_GEOMETRIC_PRESENTATION_REPRESENTATION (  '', ( #4527 ), #7967 ) ;
#6314 = ADVANCED_FACE ( 'NONE', ( #8182 ), #6833, .F. ) ;
#6315 = DIRECTION ( 'NONE',  ( 0.03046773440284203729, 0.9995357508165267912, 1.240023949330540363E-19 ) ) ;
#6316 = MANIFOLD_SOLID_BREP ( 'Boss-Extrude7', #2278 ) ;
#6317 = CARTESIAN_POINT ( 'NONE',  ( 0.07514967769977067003, 0.06630592832535872616, -0.2000000000000000111 ) ) ;
#6318 = EDGE_CURVE ( 'NONE', #731, #6569, #3268, .T. ) ;
#6319 =( LENGTH_UNIT ( ) NAMED_UNIT ( * ) SI_UNIT ( .MILLI., .METRE. ) );
#6320 = CARTESIAN_POINT ( 'NONE',  ( -0.06007537388594515193, -0.1885249088013418450, 0.05273990297923224213 ) ) ;
#6321 = CARTESIAN_POINT ( 'NONE',  ( 0.03994471350739147580, 0.06614190986137526151, 0.1944849566065072755 ) ) ;
#6322 = DIRECTION ( 'NONE',  ( -0.9988445981121533146, 0.000000000000000000, 0.04805693313322027121 ) ) ;
#6323 = CARTESIAN_POINT ( 'NONE',  ( -0.04971781314611507796, -0.03223542802314299099, 0.1879004909891636155 ) ) ;
#6324 = CARTESIAN_POINT ( 'NONE',  ( 0.02207025368785180477, 0.08446481330335606219, -0.1597072464127865798 ) ) ;
#6325 =( GEOMETRIC_REPRESENTATION_CONTEXT ( 3 ) GLOBAL_UNCERTAINTY_ASSIGNED_CONTEXT ( ( #7307 ) ) GLOBAL_UNIT_ASSIGNED_CONTEXT ( ( #7195, #5010, #1385 ) ) REPRESENTATION_CONTEXT ( 'NONE', 'WORKASPACE' ) );
#6326 = CARTESIAN_POINT ( 'NONE',  ( -0.1727154805785204583, -0.1700000000000000122, -0.1472490126125821919 ) ) ;
#6327 = SURFACE_STYLE_FILL_AREA ( #4027 ) ;
#6328 = DIRECTION ( 'NONE',  ( -0.04805693313322023652, 0.000000000000000000, -0.9988445981121533146 ) ) ;
#6329 = VERTEX_POINT ( 'NONE', #3305 ) ;
#6330 = DIRECTION ( 'NONE',  ( 1.000000000000000000, 0.000000000000000000, 0.000000000000000000 ) ) ;
#6331 = CARTESIAN_POINT ( 'NONE',  ( -0.02232645484785964612, -0.1550000000000000266, -0.1011377395782614708 ) ) ;
#6332 = EDGE_CURVE ( 'NONE', #1216, #204, #8845, .T. ) ;
#6333 = PRESENTATION_STYLE_ASSIGNMENT (( #3210 ) ) ;
#6334 = CIRCLE ( 'NONE', #1047, 0.01499999999999999251 ) ;
#6335 = DIRECTION ( 'NONE',  ( -0.9947187166712730955, -0.1005812350896081869, -0.02044724557745129095 ) ) ;
#6336 = SURFACE_STYLE_USAGE ( .BOTH. , #1905 ) ;
#6337 = ORIENTED_EDGE ( 'NONE', *, *, #5967, .T. ) ;
#6338 = CARTESIAN_POINT ( 'NONE',  ( -0.05775314023913770412, 0.07999999999999993228, 0.1599999999999999756 ) ) ;
#6339 = AXIS2_PLACEMENT_3D ( 'NONE', #4110, #5540, #5731 ) ;
#6340 = DIRECTION ( 'NONE',  ( 0.000000000000000000, 1.000000000000000000, 0.000000000000000000 ) ) ;
#6341 = CARTESIAN_POINT ( 'NONE',  ( -0.02846794172079217602, 0.06096691168326798943, 0.1079221127433932781 ) ) ;
#6342 = ADVANCED_FACE ( 'NONE', ( #1768 ), #6799, .T. ) ;
#6343 = AXIS2_PLACEMENT_3D ( 'NONE', #7405, #3722, #8827 ) ;
#6344 = CIRCLE ( 'NONE', #5995, 0.005021854673855474967 ) ;
#6345 = ORIENTED_EDGE ( 'NONE', *, *, #6158, .F. ) ;
#6346 = CARTESIAN_POINT ( 'NONE',  ( 0.04666160848939131939, -0.01397366860696561651, -0.1792538175309876802 ) ) ;
#6347 = CARTESIAN_POINT ( 'NONE',  ( 0.05411099270629329827, 0.06513962310723440952, -0.1069826171907961310 ) ) ;
#6348 = CARTESIAN_POINT ( 'NONE',  ( -0.06466084986946986357, -0.01319886348187595572, 0.2134020623510640979 ) ) ;
#6349 =( GEOMETRIC_REPRESENTATION_CONTEXT ( 3 ) GLOBAL_UNCERTAINTY_ASSIGNED_CONTEXT ( ( #7732 ) ) GLOBAL_UNIT_ASSIGNED_CONTEXT ( ( #1005, #6809, #8355 ) ) REPRESENTATION_CONTEXT ( 'NONE', 'WORKASPACE' ) );
#6350 = EDGE_LOOP ( 'NONE', ( #8447, #2841, #8536, #4077 ) ) ;
#6351 = CARTESIAN_POINT ( 'NONE',  ( 0.1339912417916209186, -0.1699999999999999845, 0.09659493930342556711 ) ) ;
#6352 = ORIENTED_EDGE ( 'NONE', *, *, #5224, .F. ) ;
#6353 = CARTESIAN_POINT ( 'NONE',  ( 0.002898260295413436494, -0.1603795977150363483, -0.1762706485460340256 ) ) ;
#6354 = DIRECTION ( 'NONE',  ( -0.5335477900353222669, 0.000000000000000000, 0.8457699189191015821 ) ) ;
#6355 =( NAMED_UNIT ( * ) PLANE_ANGLE_UNIT ( ) SI_UNIT ( $, .RADIAN. ) );
#6356 = CARTESIAN_POINT ( 'NONE',  ( -0.03553972741607113600, -0.06955040043462333565, 0.1623989420156493335 ) ) ;
#6357 = CARTESIAN_POINT ( 'NONE',  ( 0.04666160848939131939, -0.01397366860696561651, -0.1792538175309876802 ) ) ;
#6358 = CARTESIAN_POINT ( 'NONE',  ( -0.05684075535698539239, -0.1885300823318092900, 0.1275008700129230954 ) ) ;
#6359 = CIRCLE ( 'NONE', #7897, 0.01500000000000000291 ) ;
#6360 = LINE ( 'NONE', #466, #989 ) ;
#6361 = VERTEX_POINT ( 'NONE', #5993 ) ;
#6362 = AXIS2_PLACEMENT_3D ( 'NONE', #4959, #4929, #624 ) ;
#6363 = ORIENTED_EDGE ( 'NONE', *, *, #4500, .T. ) ;
#6364 =( BOUNDED_SURFACE ( )  B_SPLINE_SURFACE ( 3, 3, ( 
 ( #8316, #848, #8185, #953, #6041, #1735, #3798, #2408 ),
 ( #8219, #6795, #6871, #216, #1670, #7521, #5342, #4540 ),
 ( #6075, #9009, #246, #1704, #4502, #6829, #5971, #5279 ),
 ( #2440, #1606, #5378, #885, #6725, #2472, #7587, #8911 ),
 ( #3206, #6002, #3926, #6765, #7485, #364, #6925, #393 ),
 ( #7691, #9068, #3960, #2623, #6990, #335, #4051, #3301 ),
 ( #2531, #4018, #4702, #304, #1760, #1148, #5498, #1118 ) ),
 .UNSPECIFIED., .T., .F., .F. ) 
 B_SPLINE_SURFACE_WITH_KNOTS ( ( 4, 3, 4 ),
 ( 4, 2, 2, 4 ),
 ( 0.000000000000000000, 0.5000000000000000000, 1.000000000000000000 ),
 ( 0.1224153570411147529, 0.1666656434494600547, 0.1887940325006644271, 0.2109176686151477131 ),
 .UNSPECIFIED. ) 
 GEOMETRIC_REPRESENTATION_ITEM ( )  RATIONAL_B_SPLINE_SURFACE ( (
 ( 1.000000000000000000, 1.000000000000000000, 1.000000000000000000, 1.000000000000000000, 1.000000000000000000, 1.000000000000000000, 1.000000000000000000, 1.000000000000000000),
 ( 0.3333333333333333703, 0.3333333333333333703, 0.3333333333333333703, 0.3333333333333333703, 0.3333333333333333703, 0.3333333333333333703, 0.3333333333333333703, 0.3333333333333333703),
 ( 0.3333333333333333703, 0.3333333333333333703, 0.3333333333333333703, 0.3333333333333333703, 0.3333333333333333703, 0.3333333333333333703, 0.3333333333333333703, 0.3333333333333333703),
 ( 1.000000000000000000, 1.000000000000000000, 1.000000000000000000, 1.000000000000000000, 1.000000000000000000, 1.000000000000000000, 1.000000000000000000, 1.000000000000000000),
 ( 0.3333333333333333703, 0.3333333333333333703, 0.3333333333333333703, 0.3333333333333333703, 0.3333333333333333703, 0.3333333333333333703, 0.3333333333333333703, 0.3333333333333333703),
 ( 0.3333333333333333703, 0.3333333333333333703, 0.3333333333333333703, 0.3333333333333333703, 0.3333333333333333703, 0.3333333333333333703, 0.3333333333333333703, 0.3333333333333333703),
 ( 1.000000000000000000, 1.000000000000000000, 1.000000000000000000, 1.000000000000000000, 1.000000000000000000, 1.000000000000000000, 1.000000000000000000, 1.000000000000000000) ) ) 
 REPRESENTATION_ITEM ( '' )  SURFACE ( )  );
#6365 = CARTESIAN_POINT ( 'NONE',  ( -0.05836279877952892797, 0.05998743945579414899, 0.1599823585076222132 ) ) ;
#6366 =( GEOMETRIC_REPRESENTATION_CONTEXT ( 3 ) GLOBAL_UNCERTAINTY_ASSIGNED_CONTEXT ( ( #2847 ) ) GLOBAL_UNIT_ASSIGNED_CONTEXT ( ( #1891, #6210, #7746 ) ) REPRESENTATION_CONTEXT ( 'NONE', 'WORKASPACE' ) );
#6367 = CARTESIAN_POINT ( 'NONE',  ( -0.01742230392339596048, -0.1600000000000000311, 0.1799999999999999378 ) ) ;
#6368 =( NAMED_UNIT ( * ) PLANE_ANGLE_UNIT ( ) SI_UNIT ( $, .RADIAN. ) );
#6369 = DIRECTION ( 'NONE',  ( -0.8457699189191014710, 0.000000000000000000, -0.5335477900353223779 ) ) ;
#6370 = DIRECTION ( 'NONE',  ( 0.9764899268500454310, 0.000000000000000000, -0.2155630366282511867 ) ) ;
#6371 = CARTESIAN_POINT ( 'NONE',  ( 0.01799539342033933120, 0.06619459488453428853, -0.1911223418017971021 ) ) ;
#6372 = VERTEX_POINT ( 'NONE', #7414 ) ;
#6373 = CARTESIAN_POINT ( 'NONE',  ( -0.04150121714268039524, 0.05700867050746707965, -0.1464609790192289152 ) ) ;
#6374 = CARTESIAN_POINT ( 'NONE',  ( 0.001938744080955993919, 0.06507186648192529732, -0.002435652071110011498 ) ) ;
#6375 = DIRECTION ( 'NONE',  ( -0.03046778570332068711, -0.9995357492496584895, 2.502094356048728541E-06 ) ) ;
#6376 = DIRECTION ( 'NONE',  ( 0.9993255319173289797, -0.03046132653440713003, 0.02050826282043495541 ) ) ;
#6377 = CARTESIAN_POINT ( 'NONE',  ( 0.04030895798292458837, 0.06612067455374423530, 0.06996549877318444799 ) ) ;
#6378 =( NAMED_UNIT ( * ) PLANE_ANGLE_UNIT ( ) SI_UNIT ( $, .RADIAN. ) );
#6379 = CARTESIAN_POINT ( 'NONE',  ( 0.05450901750146112945, -0.08745355126137119295, 0.1526118280936022142 ) ) ;
#6380 = VERTEX_POINT ( 'NONE', #7446 ) ;
#6381 = ORIENTED_EDGE ( 'NONE', *, *, #5961, .F. ) ;
#6382 = EDGE_CURVE ( 'NONE', #2936, #9408, #3483, .T. ) ;
#6383 = CARTESIAN_POINT ( 'NONE',  ( 0.1210718620247217547, -0.1700000000000000122, 0.04574611991424980956 ) ) ;
#6384 = CARTESIAN_POINT ( 'NONE',  ( 0.009396980479740373385, -0.1235876582057606060, -0.1472161703951485878 ) ) ;
#6385 = CARTESIAN_POINT ( 'NONE',  ( -0.1210718620247217825, -0.1599999999999999756, -0.04574611991424980956 ) ) ;
#6386 = CARTESIAN_POINT ( 'NONE',  ( 0.03107566235005798649, -0.2123950235875937398, -0.05372838473772532930 ) ) ;
#6387 = ORIENTED_EDGE ( 'NONE', *, *, #8261, .T. ) ;
#6388 =( NAMED_UNIT ( * ) PLANE_ANGLE_UNIT ( ) SI_UNIT ( $, .RADIAN. ) );
#6389 = CARTESIAN_POINT ( 'NONE',  ( -0.03903446061527732908, -0.1638409323973089582, 0.1593029542744319182 ) ) ;
#6390 = CARTESIAN_POINT ( 'NONE',  ( 0.01289463137290461706, 0.08446487201132911460, 0.02760257471332332180 ) ) ;
#6391 = CARTESIAN_POINT ( 'NONE',  ( -0.01568352880647135017, 0.07553508554169061084, 0.02571827680933060079 ) ) ;
#6392 = CARTESIAN_POINT ( 'NONE',  ( -0.05183040495388521046, -0.2017143147545342741, -0.02541850161184575421 ) ) ;
#6393 = CIRCLE ( 'NONE', #4297, 0.01499999999999999771 ) ;
#6394 = DIRECTION ( 'NONE',  ( -1.000000000000000000, 0.000000000000000000, 0.000000000000000000 ) ) ;
#6395 = ORIENTED_EDGE ( 'NONE', *, *, #2788, .F. ) ;
#6396 = CARTESIAN_POINT ( 'NONE',  ( 0.008773220037500379515, 0.06000000000000001166, -0.1799999999999997713 ) ) ;
#6397 = CARTESIAN_POINT ( 'NONE',  ( -0.006190826308797014836, 0.06412182500659734108, -0.1770639108004386231 ) ) ;
#6398 = EDGE_LOOP ( 'NONE', ( #4587, #2277, #4529, #4433, #4498, #7097 ) ) ;
#6399 = PLANE ( 'NONE',  #6149 ) ;
#6400 = CARTESIAN_POINT ( 'NONE',  ( -0.05548028308661403368, -0.2017143554797150296, -0.1056325212279066172 ) ) ;
#6401 = MECHANICAL_DESIGN_GEOMETRIC_PRESENTATION_REPRESENTATION (  '', ( #6585 ), #4441 ) ;
#6402 = FACE_OUTER_BOUND ( 'NONE', #7308, .T. ) ;
#6403 =( LENGTH_UNIT ( ) NAMED_UNIT ( * ) SI_UNIT ( .MILLI., .METRE. ) );
#6404 =( NAMED_UNIT ( * ) PLANE_ANGLE_UNIT ( ) SI_UNIT ( $, .RADIAN. ) );
#6405 = CARTESIAN_POINT ( 'NONE',  ( 0.04846368552684670455, 0.06563117299432115470, -0.03973079877293996670 ) ) ;
#6406 = ORIENTED_EDGE ( 'NONE', *, *, #8524, .F. ) ;
#6407 = CARTESIAN_POINT ( 'NONE',  ( 0.05589588985345325667, 0.1113565747650763771, 0.1071966882977194169 ) ) ;
#6408 =( LENGTH_UNIT ( ) NAMED_UNIT ( * ) SI_UNIT ( .MILLI., .METRE. ) );
#6409 = LINE ( 'NONE', #5208, #560 ) ;
#6410 = CARTESIAN_POINT ( 'NONE',  ( -0.04468588224141916559, 0.1135277579884421406, -0.1066697453555295882 ) ) ;
#6411 = CARTESIAN_POINT ( 'NONE',  ( 0.02807646862118614445, -0.01286660242157689447, 0.1480774683289634019 ) ) ;
#6412 = EDGE_CURVE ( 'NONE', #4206, #1253, #3019, .T. ) ;
#6413 = CARTESIAN_POINT ( 'NONE',  ( -0.1332233852639164717, -0.1700000000000000122, -0.09549743043520018959 ) ) ;
#6414 = AXIS2_PLACEMENT_3D ( 'NONE', #3863, #914, #6070 ) ;
#6415 = CARTESIAN_POINT ( 'NONE',  ( -0.007117538489212068067, -0.08760744389634947393, -0.2053286706802570916 ) ) ;
#6416 =( LENGTH_UNIT ( ) NAMED_UNIT ( * ) SI_UNIT ( .MILLI., .METRE. ) );
#6417 = CARTESIAN_POINT ( 'NONE',  ( 0.04027217091575945040, -0.2123950456290333300, 0.1597997691304703649 ) ) ;
#6418 = CARTESIAN_POINT ( 'NONE',  ( -0.03152323437381474025, 0.02217556418026029458, 0.1623989882032935983 ) ) ;
#6419 = CARTESIAN_POINT ( 'NONE',  ( 0.1219324210599834896, -0.1833563924164794134, 0.04489867458965358243 ) ) ;
#6420 = DIRECTION ( 'NONE',  ( -0.02615301167375779293, -0.9996579468436915805, -9.639838069358359842E-05 ) ) ;
#6421 =( NAMED_UNIT ( * ) SI_UNIT ( $, .STERADIAN. ) SOLID_ANGLE_UNIT ( ) );
#6422 = CARTESIAN_POINT ( 'NONE',  ( 0.003940908161557333395, 0.06526626574557656268, -0.1616934095033471241 ) ) ;
#6423 = B_SPLINE_CURVE_WITH_KNOTS ( 'NONE', 3,
 ( #5851, #6665, #8792, #5258, #3043, #2258, #7397, #2197, #6631, #5981, #7310, #6559, #3010, #8134, #765, #3680, #822, #8762, #2946, #4446, #3777, #6595, #859, #2913, #7337, #8852, #4513, #8044, #2978, #3652, #4388 ),
 .UNSPECIFIED., .F., .F.,
 ( 4, 3, 3, 3, 3, 3, 3, 3, 3, 3, 4 ),
 ( 4.878777055355533519E-05, 4.939082408263509148E-05, 5.452860273923613657E-05, 5.963451066673167134E-05, 6.468646758211038376E-05, 6.967451670926213939E-05, 7.461380819605249325E-05, 7.955389173910757967E-05, 8.462477282852630736E-05, 9.165304814195474915E-05, 9.682881070774842591E-05 ),
 .UNSPECIFIED. ) ;
#6424 = MECHANICAL_DESIGN_GEOMETRIC_PRESENTATION_REPRESENTATION (  '', ( #660 ), #2817 ) ;
#6425 = DIRECTION ( 'NONE',  ( -1.000000000000000000, 0.000000000000000000, -0.000000000000000000 ) ) ;
#6426 = CIRCLE ( 'NONE', #4913, 0.005021854673855482773 ) ;
#6427 = ORIENTED_EDGE ( 'NONE', *, *, #7890, .T. ) ;
#6428 = AXIS2_PLACEMENT_3D ( 'NONE', #8902, #8146, #6755 ) ;
#6429 = COLOUR_RGB ( '',1.000000000000000000, 1.000000000000000000, 1.000000000000000000 ) ;
#6430 = CARTESIAN_POINT ( 'NONE',  ( 0.03158189322792104292, -0.1800000000000001321, 0.1599999999999998646 ) ) ;
#6431 = CARTESIAN_POINT ( 'NONE',  ( 0.04436126930686402209, 0.04109208343936445601, -0.1792538650697167169 ) ) ;
#6432 = CARTESIAN_POINT ( 'NONE',  ( 0.04303767628064031348, 0.06598736978106121975, 0.03005763730627386554 ) ) ;
#6433 = CARTESIAN_POINT ( 'NONE',  ( 0.04846368552684670455, 0.06563117299432115470, -0.03973079877293996670 ) ) ;
#6434 = CARTESIAN_POINT ( 'NONE',  ( 0.07500000000000005274, -0.1800000000000000488, 1.694065894508600678E-18 ) ) ;
#6435 = SURFACE_STYLE_FILL_AREA ( #8574 ) ;
#6436 = CARTESIAN_POINT ( 'NONE',  ( 0.08869948980913960890, -0.1500000000000000222, -0.02739082947506822630 ) ) ;
#6437 = EDGE_LOOP ( 'NONE', ( #1120, #1215, #1333, #6761, #220, #9316 ) ) ;
#6438 = CARTESIAN_POINT ( 'NONE',  ( -0.1230376478948468494, -0.1750338577178389421, -0.07974201759705100423 ) ) ;
#6439 = PRESENTATION_LAYER_ASSIGNMENT (  '', '', ( #5954 ) ) ;
#6440 = CARTESIAN_POINT ( 'NONE',  ( 0.001706205888046798342, 0.05978448395812287902, -0.1472126417067930182 ) ) ;
#6441 = CARTESIAN_POINT ( 'NONE',  ( -0.02151754748105509651, 0.07554193604853857991, 0.1327892651147117298 ) ) ;
#6442 = CARTESIAN_POINT ( 'NONE',  ( 0.05227650201772861271, -0.1536089066391437552, 0.1595066864532780349 ) ) ;
#6443 = FACE_OUTER_BOUND ( 'NONE', #5671, .T. ) ;
#6444 = VECTOR ( 'NONE', #5425, 1000.000000000000000 ) ;
#6445 = CARTESIAN_POINT ( 'NONE',  ( -0.2151529299272667006, -0.1550000000000000266, -0.1514657711333048939 ) ) ;
#6446 = CARTESIAN_POINT ( 'NONE',  ( -0.06901513114746203603, -0.1467910247738910545, 0.02642849937707937580 ) ) ;
#6447 = ORIENTED_EDGE ( 'NONE', *, *, #6645, .T. ) ;
#6448 = EDGE_CURVE ( 'NONE', #482, #4259, #3136, .T. ) ;
#6449 = DIRECTION ( 'NONE',  ( -0.000000000000000000, 1.000000000000000000, -0.000000000000000000 ) ) ;
#6450 = DIRECTION ( 'NONE',  ( 0.7617287651575839202, 0.000000000000000000, -0.6478960474732828878 ) ) ;
#6451 = CARTESIAN_POINT ( 'NONE',  ( -0.01056712906464392018, 0.07553514922935447573, -0.05414117792360108317 ) ) ;
#6452 = FACE_OUTER_BOUND ( 'NONE', #857, .T. ) ;
#6453 = CARTESIAN_POINT ( 'NONE',  ( -0.05938439204331855820, 0.07275956983467629646, -0.05407232402845882357 ) ) ;
#6454 = EDGE_CURVE ( 'NONE', #6673, #9001, #835, .T. ) ;
#6455 = DIRECTION ( 'NONE',  ( -0.000000000000000000, 1.000000000000000000, -0.000000000000000000 ) ) ;
#6456 = CARTESIAN_POINT ( 'NONE',  ( 0.01394108430542014172, 0.06600483717605651335, -0.1617961848812143610 ) ) ;
#6457 = EDGE_LOOP ( 'NONE', ( #4674, #7213, #9417, #2903, #8383, #5141 ) ) ;
#6458 = SURFACE_STYLE_USAGE ( .BOTH. , #5031 ) ;
#6459 = CARTESIAN_POINT ( 'NONE',  ( -0.04649409176628216400, 0.05735568716131524136, 0.1885067493207980283 ) ) ;
#6460 = PRESENTATION_LAYER_ASSIGNMENT (  '', '', ( #5665 ) ) ;
#6461 = CARTESIAN_POINT ( 'NONE',  ( -0.01096998139063532635, -0.03049680564188899518, -0.1595842105426667490 ) ) ;
#6462 = DIRECTION ( 'NONE',  ( 0.000000000000000000, 0.000000000000000000, 1.000000000000000000 ) ) ;
#6463 = CARTESIAN_POINT ( 'NONE',  ( -0.1006593766726038980, 0.05907200888301727265, -0.1575000000000000289 ) ) ;
#6464 = CARTESIAN_POINT ( 'NONE',  ( 0.08507385888791421658, -0.1800000262116592253, -0.1072464406680612575 ) ) ;
#6465 = ORIENTED_EDGE ( 'NONE', *, *, #8416, .F. ) ;
#6466 = ORIENTED_EDGE ( 'NONE', *, *, #5480, .F. ) ;
#6467 = CARTESIAN_POINT ( 'NONE',  ( -0.05846574005309652239, 0.05999058987354698169, 0.1650031547481241312 ) ) ;
#6468 = CARTESIAN_POINT ( 'NONE',  ( 0.06862251717703113374, 0.08150869652257698716, -0.05238083746731506812 ) ) ;
#6469 = CARTESIAN_POINT ( 'NONE',  ( 0.05498783659953077746, 0.06505340119756587713, -0.1086994192400219661 ) ) ;
#6470 = ORIENTED_EDGE ( 'NONE', *, *, #3655, .F. ) ;
#6471 = CARTESIAN_POINT ( 'NONE',  ( -0.05909732164207005117, 0.1135140689094221306, 0.1599809870960241243 ) ) ;
#6472 = CARTESIAN_POINT ( 'NONE',  ( 0.03093825987562316346, 0.06031353411047041257, 0.1480774679766233282 ) ) ;
#6473 = B_SPLINE_CURVE_WITH_KNOTS ( 'NONE', 3,
 ( #9113, #1036, #3369, #6226, #8359, #3316, #5534, #2603, #375, #8385, #1156 ),
 .UNSPECIFIED., .F., .F.,
 ( 4, 1, 1, 1, 1, 1, 1, 1, 4 ),
 ( 0.000000000000000000, 0.1274639945884469550, 0.2621587074575456033, 0.4330378518549585221, 0.4971100557800189335, 0.5846169476978876345, 0.7491849293604234683, 0.8454087080526229148, 0.8937034522117610624 ),
 .UNSPECIFIED. ) ;
#6474 = CARTESIAN_POINT ( 'NONE',  ( 0.08869948980913960890, -0.1800000000000000488, -0.02739082947506823323 ) ) ;
#6475 = AXIS2_PLACEMENT_3D ( 'NONE', #8679, #1390, #683 ) ;
#6476 = VECTOR ( 'NONE', #9474, 1000.000000000000000 ) ;
#6477 = CARTESIAN_POINT ( 'NONE',  ( -0.1210718620247217547, -0.2800000000000000266, -0.04574611991424979568 ) ) ;
#6478 = SURFACE_SIDE_STYLE ('',( #9200 ) ) ;
#6479 = ORIENTED_EDGE ( 'NONE', *, *, #3641, .T. ) ;
#6480 = ORIENTED_EDGE ( 'NONE', *, *, #9046, .F. ) ;
#6481 = SURFACE_STYLE_USAGE ( .BOTH. , #9282 ) ;
#6482 = CIRCLE ( 'NONE', #4377, 0.01499999999999999598 ) ;
#6483 = CARTESIAN_POINT ( 'NONE',  ( -0.09097894025904687543, -0.03038616109700731718, 0.1976010580354682633 ) ) ;
#6484 = ORIENTED_EDGE ( 'NONE', *, *, #206, .T. ) ;
#6485 =( BOUNDED_SURFACE ( )  B_SPLINE_SURFACE ( 3, 3, ( 
 ( #3705, #6690, #2190, #754, #8157, #8752, #5875, #9473 ),
 ( #1498, #3033, #717, #5841, #6621, #1471, #55, #2285 ),
 ( #7386, #3770, #3004, #8124, #5210, #813, #9446, #5082 ),
 ( #6727, #8319, #8968, #5345, #995, #2474, #1706, #3207 ),
 ( #8285, #5246, #147, #5379, #248, #4604, #3900, #7561 ),
 ( #3174, #7588, #8879, #4542, #1634, #886, #3101, #849 ),
 ( #3067, #3867, #4503, #118, #7457, #954, #8221, #6108 ) ),
 .UNSPECIFIED., .T., .F., .T. ) 
 B_SPLINE_SURFACE_WITH_KNOTS ( ( 4, 3, 4 ),
 ( 4, 2, 2, 4 ),
 ( 0.000000000000000000, 0.5000000000000000000, 1.000000000000000000 ),
 ( 0.1224153570411147529, 0.1666656434494600547, 0.1887940325006644271, 0.2109176686151477131 ),
 .UNSPECIFIED. ) 
 GEOMETRIC_REPRESENTATION_ITEM ( )  RATIONAL_B_SPLINE_SURFACE ( (
 ( 1.000000000000000000, 1.000000000000000000, 1.000000000000000000, 1.000000000000000000, 1.000000000000000000, 1.000000000000000000, 1.000000000000000000, 1.000000000000000000),
 ( 0.3333333333333333703, 0.3333333333333333703, 0.3333333333333333703, 0.3333333333333333703, 0.3333333333333333703, 0.3333333333333333703, 0.3333333333333333703, 0.3333333333333333703),
 ( 0.3333333333333333703, 0.3333333333333333703, 0.3333333333333333703, 0.3333333333333333703, 0.3333333333333333703, 0.3333333333333333703, 0.3333333333333333703, 0.3333333333333333703),
 ( 1.000000000000000000, 1.000000000000000000, 1.000000000000000000, 1.000000000000000000, 1.000000000000000000, 1.000000000000000000, 1.000000000000000000, 1.000000000000000000),
 ( 0.3333333333333333703, 0.3333333333333333703, 0.3333333333333333703, 0.3333333333333333703, 0.3333333333333333703, 0.3333333333333333703, 0.3333333333333333703, 0.3333333333333333703),
 ( 0.3333333333333333703, 0.3333333333333333703, 0.3333333333333333703, 0.3333333333333333703, 0.3333333333333333703, 0.3333333333333333703, 0.3333333333333333703, 0.3333333333333333703),
 ( 1.000000000000000000, 1.000000000000000000, 1.000000000000000000, 1.000000000000000000, 1.000000000000000000, 1.000000000000000000, 1.000000000000000000, 1.000000000000000000) ) ) 
 REPRESENTATION_ITEM ( '' )  SURFACE ( )  );
#6486 = CARTESIAN_POINT ( 'NONE',  ( 0.2650000000000000133, 0.1449999999999999900, -0.1750000000000000167 ) ) ;
#6487 = AXIS2_PLACEMENT_3D ( 'NONE', #1966, #2683, #2715 ) ;
#6488 = ORIENTED_EDGE ( 'NONE', *, *, #4943, .T. ) ;
#6489 = ORIENTED_EDGE ( 'NONE', *, *, #5889, .F. ) ;
#6490 = FILL_AREA_STYLE_COLOUR ( '', #6534 ) ;
#6491 = MECHANICAL_DESIGN_GEOMETRIC_PRESENTATION_REPRESENTATION (  '', ( #5807 ), #6366 ) ;
#6492 = CARTESIAN_POINT ( 'NONE',  ( -0.04007926135285547892, -0.1741174881557715493, -0.02598927859092788409 ) ) ;
#6493 = SURFACE_STYLE_USAGE ( .BOTH. , #5053 ) ;
#6494 = CARTESIAN_POINT ( 'NONE',  ( -0.01742357537140429291, 0.07553506467072447494, 0.05243358991517151069 ) ) ;
#6495 = EDGE_CURVE ( 'NONE', #3896, #2114, #5254, .T. ) ;
#6496 = CARTESIAN_POINT ( 'NONE',  ( 0.04122677996249967530, 0.05999999999999996309, 0.1800000000000000211 ) ) ;
#6497 = CARTESIAN_POINT ( 'NONE',  ( -0.02891883632031909401, -0.2134835733770026611, -0.1333838692268036752 ) ) ;
#6498 = ORIENTED_EDGE ( 'NONE', *, *, #6216, .T. ) ;
#6499 = EDGE_LOOP ( 'NONE', ( #41, #9135, #4194, #1728, #100, #1174, #7172, #2508 ) ) ;
#6500 = CARTESIAN_POINT ( 'NONE',  ( -0.02642476939418165333, 0.02387931629891029348, -0.1865616239579543090 ) ) ;
#6501 = FILL_AREA_STYLE ('',( #4285 ) ) ;
#6502 = CARTESIAN_POINT ( 'NONE',  ( 0.04517060013746518332, -0.01403727908045238407, -0.2092166753620111896 ) ) ;
#6503 = CARTESIAN_POINT ( 'NONE',  ( 0.05467207733036436729, 0.06508477499606667160, -0.1094157081150215344 ) ) ;
#6504 = CARTESIAN_POINT ( 'NONE',  ( 0.2415971205140184652, 0.07078765774638730301, 0.2000000000000000111 ) ) ;
#6505 = CARTESIAN_POINT ( 'NONE',  ( 0.03581637891814706820, 0.1083392668633236799, -0.05435361686202731801 ) ) ;
#6506 = MECHANICAL_DESIGN_GEOMETRIC_PRESENTATION_REPRESENTATION (  '', ( #4482 ), #5825 ) ;
#6507 = CARTESIAN_POINT ( 'NONE',  ( 0.05468159981087625243, 0.06508383407053135172, -0.1094235334999770770 ) ) ;
#6508 = CARTESIAN_POINT ( 'NONE',  ( -0.03021488882206823517, 0.08725415704604817801, -0.1060435389906886766 ) ) ;
#6509 = CARTESIAN_POINT ( 'NONE',  ( 0.08404099653656033064, -0.1800042467859684914, -0.1338250554085056998 ) ) ;
#6510 = ORIENTED_EDGE ( 'NONE', *, *, #7926, .F. ) ;
#6511 = CARTESIAN_POINT ( 'NONE',  ( 0.04475857324509307372, 0.04865714238339601677, -0.1071339959683307169 ) ) ;
#6512 = EDGE_CURVE ( 'NONE', #9001, #2364, #7335, .T. ) ;
#6513 =( LENGTH_UNIT ( ) NAMED_UNIT ( * ) SI_UNIT ( .MILLI., .METRE. ) );
#6514 = CARTESIAN_POINT ( 'NONE',  ( 0.01719709787858262826, 0.05582477284818525287, 0.1077304859532542819 ) ) ;
#6515 = CARTESIAN_POINT ( 'NONE',  ( -0.04731139758500389758, 0.02281287462209763417, 0.1879005367437291407 ) ) ;
#6516 = FILL_AREA_STYLE_COLOUR ( '', #7167 ) ;
#6517 = TOROIDAL_SURFACE ( 'NONE', #5473, 0.02002185241913492092, 0.01499999999999999598 ) ;
#6518 = MECHANICAL_DESIGN_GEOMETRIC_PRESENTATION_REPRESENTATION (  '', ( #2303 ), #5715 ) ;
#6519 = VERTEX_POINT ( 'NONE', #5963 ) ;
#6520 = MECHANICAL_DESIGN_GEOMETRIC_PRESENTATION_REPRESENTATION (  '', ( #3579 ), #1178 ) ;
#6521 = CARTESIAN_POINT ( 'NONE',  ( 0.2650000000000000133, 0.1449999999999999900, -0.2000000000000000389 ) ) ;
#6522 = CARTESIAN_POINT ( 'NONE',  ( 0.008362842552245730587, 0.05998743853633663886, -0.1599823553555815014 ) ) ;
#6523 = CARTESIAN_POINT ( 'NONE',  ( 0.05342229500124905800, -0.1800009512656892408, -0.1596455589909003547 ) ) ;
#6524 = CARTESIAN_POINT ( 'NONE',  ( -0.006773159115303868834, 0.04689492294216365820, 0.02630711363166755509 ) ) ;
#6525 = FACE_OUTER_BOUND ( 'NONE', #5779, .T. ) ;
#6526 = B_SPLINE_CURVE_WITH_KNOTS ( 'NONE', 3,
 ( #1987, #8805, #8742, #5074 ),
 .UNSPECIFIED., .F., .F.,
 ( 4, 4 ),
 ( 0.000000000000000000, 1.000000000000000000 ),
 .UNSPECIFIED. ) ;
#6527 =( NAMED_UNIT ( * ) SI_UNIT ( $, .STERADIAN. ) SOLID_ANGLE_UNIT ( ) );
#6528 = ORIENTED_EDGE ( 'NONE', *, *, #6081, .F. ) ;
#6529 = AXIS2_PLACEMENT_3D ( 'NONE', #902, #3811, #7469 ) ;
#6530 = DIRECTION ( 'NONE',  ( 0.000000000000000000, 0.000000000000000000, 1.000000000000000000 ) ) ;
#6531 = CARTESIAN_POINT ( 'NONE',  ( 0.07357511820791014234, 0.02387915606348594427, -0.2107090403000241308 ) ) ;
#6532 =( NAMED_UNIT ( * ) SI_UNIT ( $, .STERADIAN. ) SOLID_ANGLE_UNIT ( ) );
#6533 = CARTESIAN_POINT ( 'NONE',  ( 0.04174343265777232664, 0.07850502150267235635, -0.1072625030480235664 ) ) ;
#6534 = COLOUR_RGB ( '',1.000000000000000000, 1.000000000000000000, 1.000000000000000000 ) ;
#6535 = CARTESIAN_POINT ( 'NONE',  ( 0.05431371939469042953, 0.06512033941436695672, -0.03345281490491220505 ) ) ;
#6536 = CARTESIAN_POINT ( 'NONE',  ( -0.07897292529976683573, 0.09903310933586984000, 0.02483132693722752554 ) ) ;
#6537 = CARTESIAN_POINT ( 'NONE',  ( 0.01322218472352050186, -0.1594962629535117415, 0.2073881439540661564 ) ) ;
#6538 = UNCERTAINTY_MEASURE_WITH_UNIT (LENGTH_MEASURE( 1.000000000000000082E-05 ), #5831, 'distance_accuracy_value', 'NONE');
#6539 = FILL_AREA_STYLE_COLOUR ( '', #390 ) ;
#6540 = CARTESIAN_POINT ( 'NONE',  ( 0.1150000000000000050, -0.2300000000000000100, 0.2000000000000000111 ) ) ;
#6541 = PRESENTATION_STYLE_ASSIGNMENT (( #2353 ) ) ;
#6542 = CARTESIAN_POINT ( 'NONE',  ( 0.006563881463434945510, 0.08446495496867284514, 0.1602950706623608168 ) ) ;
#6543 = CARTESIAN_POINT ( 'NONE',  ( -0.07435170301095246626, -0.01276431064381375498, 0.1720995321723959026 ) ) ;
#6544 = AXIS2_PLACEMENT_3D ( 'NONE', #6077, #997, #2378 ) ;
#6545 =( NAMED_UNIT ( * ) SI_UNIT ( $, .STERADIAN. ) SOLID_ANGLE_UNIT ( ) );
#6546 = SURFACE_STYLE_FILL_AREA ( #7336 ) ;
#6547 = CARTESIAN_POINT ( 'NONE',  ( -0.07478996684090541414, -0.2132089995941628680, 0.1068334370500943903 ) ) ;
#6548 = FACE_OUTER_BOUND ( 'NONE', #3699, .T. ) ;
#6549 = FILL_AREA_STYLE ('',( #4348 ) ) ;
#6550 = CARTESIAN_POINT ( 'NONE',  ( 0.02007692248893304734, 0.05582468839303730834, 0.05473169054330073724 ) ) ;
#6551 = ORIENTED_EDGE ( 'NONE', *, *, #7764, .T. ) ;
#6552 = CARTESIAN_POINT ( 'NONE',  ( -0.04199968164925601405, 0.04649960337275867162, -0.1065588169539117835 ) ) ;
#6553 = B_SPLINE_CURVE_WITH_KNOTS ( 'NONE', 3,
 ( #7174, #7818, #4927, #6390, #2188, #7330, #8785, #8036 ),
 .UNSPECIFIED., .F., .F.,
 ( 4, 2, 2, 4 ),
 ( 0.4557485375414591089, 0.4999987791610235321, 0.5221270836600493404, 0.5442510124641972702 ),
 .UNSPECIFIED. ) ;
#6554 = STYLED_ITEM ( 'NONE', ( #4229 ), #3899 ) ;
#6555 = VECTOR ( 'NONE', #1056, 1000.000000000000000 ) ;
#6556 = FACE_BOUND ( 'NONE', #3509, .T. ) ;
#6557 = AXIS2_PLACEMENT_3D ( 'NONE', #7227, #7067, #5182 ) ;
#6558 = ORIENTED_EDGE ( 'NONE', *, *, #339, .T. ) ;
#6559 = CARTESIAN_POINT ( 'NONE',  ( -0.02111619412849085470, 0.06175646701563633489, 0.1885851006601477753 ) ) ;
#6560 = DIRECTION ( 'NONE',  ( -0.03046997120607389600, 0.9995356826287381535, 2.569782755049154765E-06 ) ) ;
#6561 = CARTESIAN_POINT ( 'NONE',  ( 0.1988062389287093279, -0.2300000000000001488, 0.08175643111878472258 ) ) ;
#6562 = CARTESIAN_POINT ( 'NONE',  ( 0.05466359948271429237, 0.06508561221272585184, -0.1094065699371458561 ) ) ;
#6563 = FILL_AREA_STYLE ('',( #3627 ) ) ;
#6564 = CARTESIAN_POINT ( 'NONE',  ( -0.1179427718722917684, -0.1942562108615661920, -0.05426147148450569807 ) ) ;
#6565 = EDGE_CURVE ( 'NONE', #2589, #7202, #1655, .T. ) ;
#6566 = CARTESIAN_POINT ( 'NONE',  ( 0.05476744733509580215, 0.06507533777228903527, -0.1094295907030799070 ) ) ;
#6567 = CARTESIAN_POINT ( 'NONE',  ( 0.04122677996249967530, 0.05999999999999996309, 0.1800000000000000211 ) ) ;
#6568 = CARTESIAN_POINT ( 'NONE',  ( -0.02063685530088710945, -0.1415385552075586195, 0.1466650430708530961 ) ) ;
#6569 = VERTEX_POINT ( 'NONE', #2464 ) ;
#6570 = DIRECTION ( 'NONE',  ( 0.9993255101729127121, 0.03046351156190877860, 0.02050607668388119975 ) ) ;
#6571 =( NAMED_UNIT ( * ) PLANE_ANGLE_UNIT ( ) SI_UNIT ( $, .RADIAN. ) );
#6572 = FACE_OUTER_BOUND ( 'NONE', #3759, .T. ) ;
#6573 =( NAMED_UNIT ( * ) SI_UNIT ( $, .STERADIAN. ) SOLID_ANGLE_UNIT ( ) );
#6574 = CARTESIAN_POINT ( 'NONE',  ( -0.02033162852806202903, 0.07553514886684735419, 0.1059518483957106738 ) ) ;
#6575 = CARTESIAN_POINT ( 'NONE',  ( -0.07196933971382124540, 0.04558415070908202610, 0.1720995463656873614 ) ) ;
#6576 = SURFACE_SIDE_STYLE ('',( #7677 ) ) ;
#6577 = EDGE_CURVE ( 'NONE', #1690, #4416, #1076, .T. ) ;
#6578 = ORIENTED_EDGE ( 'NONE', *, *, #1106, .T. ) ;
#6579 = ORIENTED_EDGE ( 'NONE', *, *, #9208, .F. ) ;
#6580 = SURFACE_STYLE_FILL_AREA ( #8725 ) ;
#6581 = CARTESIAN_POINT ( 'NONE',  ( 0.05877322003750036494, 0.06000000000000001166, -0.1799999999999998546 ) ) ;
#6582 = CARTESIAN_POINT ( 'NONE',  ( -0.007653135609097315266, 0.07554878298997783070, -0.1072363261806407314 ) ) ;
#6583 = FILL_AREA_STYLE ('',( #3644 ) ) ;
#6584 = CARTESIAN_POINT ( 'NONE',  ( 0.1209385553968674865, -0.1731284191984815701, 0.04589960923112222646 ) ) ;
#6585 = STYLED_ITEM ( 'NONE', ( #9388 ), #606 ) ;
#6586 = VECTOR ( 'NONE', #4856, 1000.000000000000114 ) ;
#6587 = B_SPLINE_CURVE_WITH_KNOTS ( 'NONE', 3,
 ( #4838, #1219, #1972, #1186, #4190, #1997, #2750 ),
 .UNSPECIFIED., .F., .F.,
 ( 4, 3, 4 ),
 ( 6.660901404972586576E-06, 9.909721206264620100E-06, 1.333164839538430465E-05 ),
 .UNSPECIFIED. ) ;
#6588 = SURFACE_SIDE_STYLE ('',( #8043 ) ) ;
#6589 = PRESENTATION_STYLE_ASSIGNMENT (( #1974 ) ) ;
#6590 = CARTESIAN_POINT ( 'NONE',  ( -0.05184640278434354127, -0.01390998239999764567, -0.1734383760420361853 ) ) ;
#6591 = VERTEX_POINT ( 'NONE', #2525 ) ;
#6592 = ORIENTED_EDGE ( 'NONE', *, *, #6565, .F. ) ;
#6593 = VERTEX_POINT ( 'NONE', #4725 ) ;
#6594 = VECTOR ( 'NONE', #338, 1000.000000000000000 ) ;
#6595 = CARTESIAN_POINT ( 'NONE',  ( -0.02193008399542294498, 0.06161116995007749619, 0.1728215725790363533 ) ) ;
#6596 =( NAMED_UNIT ( * ) PLANE_ANGLE_UNIT ( ) SI_UNIT ( $, .RADIAN. ) );
#6597 = CARTESIAN_POINT ( 'NONE',  ( 0.07741013768030087505, -0.03100753393674132025, -0.1807461741290302959 ) ) ;
#6598 = EDGE_CURVE ( 'NONE', #889, #2955, #4505, .T. ) ;
#6599 = CARTESIAN_POINT ( 'NONE',  ( 0.04224685976086230838, 0.07999999999999983513, 0.1599999999999999756 ) ) ;
#6600 = CIRCLE ( 'NONE', #4267, 0.01500000000000000812 ) ;
#6601 = CARTESIAN_POINT ( 'NONE',  ( -0.1207521746263037349, -0.1874609156441731372, -0.04610791506241089521 ) ) ;
#6602 = CARTESIAN_POINT ( 'NONE',  ( 0.05476094768167487359, 0.06507598207187574590, -0.1094343078365158511 ) ) ;
#6603 = LINE ( 'NONE', #4922, #1322 ) ;
#6604 = ORIENTED_EDGE ( 'NONE', *, *, #2544, .F. ) ;
#6605 = ORIENTED_EDGE ( 'NONE', *, *, #1050, .F. ) ;
#6606 = CARTESIAN_POINT ( 'NONE',  ( 0.06001733102831773720, -0.1800000000000000488, 0.0007208539969983217147 ) ) ;
#6607 = PRESENTATION_LAYER_ASSIGNMENT (  '', '', ( #4945 ) ) ;
#6608 = UNCERTAINTY_MEASURE_WITH_UNIT (LENGTH_MEASURE( 1.000000000000000082E-05 ), #26, 'distance_accuracy_value', 'NONE');
#6609 = DIRECTION ( 'NONE',  ( -0.000000000000000000, 1.000000000000000000, -0.000000000000000000 ) ) ;
#6610 = CARTESIAN_POINT ( 'NONE',  ( 0.2231091093434084682, -0.1700000000000000955, 0.1582779960609690673 ) ) ;
#6611 = SURFACE_SIDE_STYLE ('',( #7937 ) ) ;
#6612 = CARTESIAN_POINT ( 'NONE',  ( -0.1988062389287093279, -0.2299999999999999545, -0.08175643111878473646 ) ) ;
#6613 = EDGE_LOOP ( 'NONE', ( #27, #5786, #2926, #299, #990, #3932 ) ) ;
#6614 = ORIENTED_EDGE ( 'NONE', *, *, #3022, .F. ) ;
#6615 = CARTESIAN_POINT ( 'NONE',  ( -0.1725477585110244683, -0.1600000000000000311, -0.1470482413654660425 ) ) ;
#6616 =( LENGTH_UNIT ( ) NAMED_UNIT ( * ) SI_UNIT ( .MILLI., .METRE. ) );
#6617 = CARTESIAN_POINT ( 'NONE',  ( 0.04075839941560747276, -0.1536089414649296769, -0.1074711697731055293 ) ) ;
#6618 = AXIS2_PLACEMENT_3D ( 'NONE', #1392, #3513, #7293 ) ;
#6619 = CARTESIAN_POINT ( 'NONE',  ( -0.1149999999999999911, -0.1700000000000000122, -0.04038093602253250286 ) ) ;
#6620 = PRESENTATION_LAYER_ASSIGNMENT (  '', '', ( #4158 ) ) ;
#6621 = CARTESIAN_POINT ( 'NONE',  ( 0.03501462215012049461, 0.04864342527200556793, 0.05258687341438896684 ) ) ;
#6622 = CIRCLE ( 'NONE', #621, 0.01500000000000000118 ) ;
#6623 = CARTESIAN_POINT ( 'NONE',  ( 0.1231231236020816633, -0.1753616338506911454, 0.07991101417151126596 ) ) ;
#6624 = ORIENTED_EDGE ( 'NONE', *, *, #1752, .T. ) ;
#6625 = CARTESIAN_POINT ( 'NONE',  ( -0.02642476939418165333, 0.02387931629891029348, -0.1865616239579543090 ) ) ;
#6626 = CARTESIAN_POINT ( 'NONE',  ( -0.1215191860415625741, -0.1849158550861007000, -0.04527722374503283242 ) ) ;
#6627 = EDGE_CURVE ( 'NONE', #6329, #6262, #9406, .T. ) ;
#6628 = CARTESIAN_POINT ( 'NONE',  ( 0.07890104281438416189, -0.03094155460567109620, -0.1507833163017137101 ) ) ;
#6629 = FILL_AREA_STYLE ('',( #4102 ) ) ;
#6630 = SURFACE_STYLE_FILL_AREA ( #3201 ) ;
#6631 = CARTESIAN_POINT ( 'NONE',  ( -0.01754672442267494678, 0.06237976133563305492, 0.1921647379406347667 ) ) ;
#6632 = SURFACE_SIDE_STYLE ('',( #8058 ) ) ;
#6633 = CARTESIAN_POINT ( 'NONE',  ( 0.1278671797069859672, -0.2300000000000001765, 0.03805575324395597814 ) ) ;
#6634 = CARTESIAN_POINT ( 'NONE',  ( 0.05390293135614054876, 0.06515969019098587223, -0.1054555257579187777 ) ) ;
#6635 = ORIENTED_EDGE ( 'NONE', *, *, #7798, .F. ) ;
#6636 = SURFACE_SIDE_STYLE ('',( #1826 ) ) ;
#6637 = CARTESIAN_POINT ( 'NONE',  ( -0.1177548884077447844, -0.1947778840326392369, -0.05602796856757544242 ) ) ;
#6638 = PRESENTATION_LAYER_ASSIGNMENT (  '', '', ( #4482 ) ) ;
#6639 = CARTESIAN_POINT ( 'NONE',  ( -0.005186615136144056420, 0.04110915473220588812, -0.1762706952914081526 ) ) ;
#6640 = CARTESIAN_POINT ( 'NONE',  ( -0.08364415952623631412, 0.09903317259692964725, 0.1053317150375093769 ) ) ;
#6641 = CARTESIAN_POINT ( 'NONE',  ( 0.02034821052199713501, -0.08604594910481687398, 0.1777327962403565387 ) ) ;
#6642 = ADVANCED_FACE ( 'NONE', ( #598 ), #1149, .T. ) ;
#6643 = DIRECTION ( 'NONE',  ( -1.000000000000000000, 0.000000000000000000, -0.000000000000000000 ) ) ;
#6644 = FILL_AREA_STYLE_COLOUR ( '', #1191 ) ;
#6645 = EDGE_CURVE ( 'NONE', #7678, #3622, #3365, .T. ) ;
#6646 = LINE ( 'NONE', #2215, #4700 ) ;
#6647 = EDGE_LOOP ( 'NONE', ( #6996, #6297 ) ) ;
#6648 = CARTESIAN_POINT ( 'NONE',  ( 0.1655526671241021597, -0.1550000000000001377, 0.05290356562635827736 ) ) ;
#6649 = CARTESIAN_POINT ( 'NONE',  ( -0.2017251974013796190, -0.2299999999999999545, -0.1177992224742518967 ) ) ;
#6650 = CARTESIAN_POINT ( 'NONE',  ( -0.2151529299272666451, -0.1600000000000000588, -0.1514657711333049772 ) ) ;
#6651 = CARTESIAN_POINT ( 'NONE',  ( -0.06775714551686878862, 0.05546720109581011748, 0.1677638397827308503 ) ) ;
#6652 = EDGE_CURVE ( 'NONE', #4206, #1582, #1406, .T. ) ;
#6653 = AXIS2_PLACEMENT_3D ( 'NONE', #6849, #8954, #935 ) ;
#6654 =( NAMED_UNIT ( * ) PLANE_ANGLE_UNIT ( ) SI_UNIT ( $, .RADIAN. ) );
#6655 = CARTESIAN_POINT ( 'NONE',  ( -0.01568352880647135017, 0.07553508554169061084, 0.02571827680933060079 ) ) ;
#6656 = CARTESIAN_POINT ( 'NONE',  ( 0.02707834823998813908, -0.1550000000000000266, 0.1070825106204835592 ) ) ;
#6657 = CARTESIAN_POINT ( 'NONE',  ( -0.08456411085397974592, 0.09904300449013139773, 0.1204149276079723579 ) ) ;
#6658 = CARTESIAN_POINT ( 'NONE',  ( -0.05470921896246532662, 0.05958898276749546863, -0.1734383764625826996 ) ) ;
#6659 = DIRECTION ( 'NONE',  ( 0.000000000000000000, 0.000000000000000000, 1.000000000000000000 ) ) ;
#6660 = B_SPLINE_CURVE_WITH_KNOTS ( 'NONE', 3,
 ( #4486, #2327, #8051, #104, #1158, #6975, #2221, #9418 ),
 .UNSPECIFIED., .F., .F.,
 ( 4, 2, 2, 4 ),
 ( 0.7890819539983995323, 0.8333321516436658083, 0.8554603693797637742, 0.8775845940005594370 ),
 .UNSPECIFIED. ) ;
#6661 = CARTESIAN_POINT ( 'NONE',  ( -0.05631915349536183862, 0.04648705137445473951, 0.1556446470466626986 ) ) ;
#6662 = VECTOR ( 'NONE', #4063, 1000.000000000000000 ) ;
#6663 = COLOUR_RGB ( '',1.000000000000000000, 1.000000000000000000, 0.5019607843137254832 ) ;
#6664 =( BOUNDED_CURVE ( )  B_SPLINE_CURVE ( 3, ( #200, #831, #5295, #2326 ),
 .UNSPECIFIED., .F., .F. ) 
 B_SPLINE_CURVE_WITH_KNOTS ( ( 4, 4 ),
 ( 2.992880143365973300, 3.141592653589793116 ),
 .UNSPECIFIED. ) 
 CURVE ( )  GEOMETRIC_REPRESENTATION_ITEM ( )  RATIONAL_B_SPLINE_CURVE ( ( 1.000000000000000000, 0.9981578980691019343, 0.9981578980691019343, 1.000000000000000000 ) ) 
 REPRESENTATION_ITEM ( '' )  );
#6665 = CARTESIAN_POINT ( 'NONE',  ( -0.009163799324794743434, 0.06370974211972062207, 0.1947972143396591860 ) ) ;
#6666 = CARTESIAN_POINT ( 'NONE',  ( 0.04342260192798012841, 0.06596148484283113900, -0.1790573701443413657 ) ) ;
#6667 = CARTESIAN_POINT ( 'NONE',  ( 0.2231091093434084682, -0.2300000000000001488, 0.1582779960609690673 ) ) ;
#6668 = CARTESIAN_POINT ( 'NONE',  ( 0.04690078410537555642, 0.06574052792415120694, 0.1600918927722245477 ) ) ;
#6669 = CARTESIAN_POINT ( 'NONE',  ( -0.2650000000000000133, -0.1700000000000000122, 0.2000000000000000111 ) ) ;
#6670 = CARTESIAN_POINT ( 'NONE',  ( -0.002071635754232756602, -0.03230278071074418195, -0.1762706401726663874 ) ) ;
#6671 = CARTESIAN_POINT ( 'NONE',  ( 0.08341391856937818705, -0.1800000236444624646, -0.1603544411649671930 ) ) ;
#6672 = CARTESIAN_POINT ( 'NONE',  ( 0.05742032090159458757, -0.1799999738088588763, -0.05261484329394443271 ) ) ;
#6673 = VERTEX_POINT ( 'NONE', #3984 ) ;
#6674 = LINE ( 'NONE', #1998, #2776 ) ;
#6675 = CARTESIAN_POINT ( 'NONE',  ( -0.03100910114337037879, -0.1411963759059665646, 0.1748129528537775979 ) ) ;
#6676 = CARTESIAN_POINT ( 'NONE',  ( 0.06192347944134903026, 0.05166081778601237101, 0.1074898652809770094 ) ) ;
#6677 = CARTESIAN_POINT ( 'NONE',  ( 0.1219477670648685674, -0.1771608101452072370, 0.04488872978464249208 ) ) ;
#6678 = MECHANICAL_DESIGN_GEOMETRIC_PRESENTATION_REPRESENTATION (  '', ( #413 ), #4156 ) ;
#6679 = CARTESIAN_POINT ( 'NONE',  ( -0.2650000000000000133, 0.05000000000000002359, 0.2000000000000000111 ) ) ;
#6680 = CARTESIAN_POINT ( 'NONE',  ( 0.2151529347530393155, -0.2300000000000000655, 0.1514657644844085160 ) ) ;
#6681 = FACE_OUTER_BOUND ( 'NONE', #844, .T. ) ;
#6682 = STYLED_ITEM ( 'NONE', ( #5439 ), #5909 ) ;
#6683 = SURFACE_SIDE_STYLE ('',( #7183 ) ) ;
#6684 = CARTESIAN_POINT ( 'NONE',  ( -0.04501392983527914560, 0.05757661901671549953, 0.1741864235733367183 ) ) ;
#6685 = ORIENTED_EDGE ( 'NONE', *, *, #3970, .T. ) ;
#6686 = EDGE_CURVE ( 'NONE', #7769, #643, #4494, .T. ) ;
#6687 = DIRECTION ( 'NONE',  ( 0.03046773440284101728, 0.9995357508165267912, -1.736033529062866094E-18 ) ) ;
#6688 = CARTESIAN_POINT ( 'NONE',  ( -0.01549156867750067258, 0.1041753981060875023, -0.1604833567967112462 ) ) ;
#6689 = ADVANCED_FACE ( 'NONE', ( #1181 ), #7144, .T. ) ;
#6690 = CARTESIAN_POINT ( 'NONE',  ( 0.04174343265777232664, 0.07850502150267235635, -0.1072625030480235664 ) ) ;
#6691 = CARTESIAN_POINT ( 'NONE',  ( 0.1195603069353874254, -0.1695631328116676828, 0.04805905147194879795 ) ) ;
#6692 = LINE ( 'NONE', #8329, #3267 ) ;
#6693 = SURFACE_STYLE_FILL_AREA ( #419 ) ;
#6694 = CARTESIAN_POINT ( 'NONE',  ( -0.04862626995949131947, -0.08724005733912827687, -0.1734383924563743795 ) ) ;
#6695 = CARTESIAN_POINT ( 'NONE',  ( -0.1210718620244086718, -0.1864627417672133081, -0.04574611991463339855 ) ) ;
#6696 = ORIENTED_EDGE ( 'NONE', *, *, #9065, .F. ) ;
#6697 = CARTESIAN_POINT ( 'NONE',  ( -0.02385839166483573470, 0.06096684821722492265, 0.02848645205015520182 ) ) ;
#6698 = FACE_OUTER_BOUND ( 'NONE', #2492, .T. ) ;
#6699 = FACE_OUTER_BOUND ( 'NONE', #4161, .T. ) ;
#6700 = CARTESIAN_POINT ( 'NONE',  ( -0.07088710494496801295, 0.07275947084674067034, 0.1597285065621297240 ) ) ;
#6701 = CARTESIAN_POINT ( 'NONE',  ( 0.04882906629637164680, 0.06559871968040661971, -0.1908302408620473345 ) ) ;
#6702 = DIRECTION ( 'NONE',  ( -0.03046997120607363232, 0.9995356826287380425, 2.569782767650185671E-06 ) ) ;
#6703 = CARTESIAN_POINT ( 'NONE',  ( 0.05476094768167487359, 0.06507598207187574590, -0.1094343078365158511 ) ) ;
#6704 = ORIENTED_EDGE ( 'NONE', *, *, #2003, .T. ) ;
#6705 = EDGE_CURVE ( 'NONE', #1954, #482, #6334, .T. ) ;
#6706 = CARTESIAN_POINT ( 'NONE',  ( 0.003033064315070862875, 0.02303996441998074074, -0.1472126421272016428 ) ) ;
#6707 = CARTESIAN_POINT ( 'NONE',  ( 0.1177280350190142155, -0.1950053259068074418, 0.05791550827672214963 ) ) ;
#6708 = CARTESIAN_POINT ( 'NONE',  ( -0.1149999999999999911, -0.1777775253552758283, -0.04038093602253252368 ) ) ;
#6709 = CARTESIAN_POINT ( 'NONE',  ( -0.01533841726987332857, -0.01316591979977488162, 0.1466632761624293013 ) ) ;
#6710 =( GEOMETRIC_REPRESENTATION_CONTEXT ( 3 ) GLOBAL_UNCERTAINTY_ASSIGNED_CONTEXT ( ( #4242 ) ) GLOBAL_UNIT_ASSIGNED_CONTEXT ( ( #6753, #169, #6785 ) ) REPRESENTATION_CONTEXT ( 'NONE', 'WORKASPACE' ) );
#6711 = CARTESIAN_POINT ( 'NONE',  ( 0.04283232809466361313, 0.07849142854761528842, -0.1603059037795810104 ) ) ;
#6712 = CARTESIAN_POINT ( 'NONE',  ( -0.03888031455147173548, -0.1607450170962140545, 0.1623988695755267941 ) ) ;
#6713 = ORIENTED_EDGE ( 'NONE', *, *, #7568, .T. ) ;
#6714 = EDGE_LOOP ( 'NONE', ( #6956, #5239, #2609, #8287, #189 ) ) ;
#6715 = PRESENTATION_STYLE_ASSIGNMENT (( #2763 ) ) ;
#6716 = CARTESIAN_POINT ( 'NONE',  ( 0.003836346211759337089, 0.06525763378216069277, 0.1699229359687470520 ) ) ;
#6717 =( GEOMETRIC_REPRESENTATION_CONTEXT ( 3 ) GLOBAL_UNCERTAINTY_ASSIGNED_CONTEXT ( ( #1431 ) ) GLOBAL_UNIT_ASSIGNED_CONTEXT ( ( #7646, #7581, #3986 ) ) REPRESENTATION_CONTEXT ( 'NONE', 'WORKASPACE' ) );
#6718 =( NAMED_UNIT ( * ) PLANE_ANGLE_UNIT ( ) SI_UNIT ( $, .RADIAN. ) );
#6719 = CARTESIAN_POINT ( 'NONE',  ( -0.07074126990878766563, 0.05547078777252463511, 0.1707265703428663961 ) ) ;
#6720 = ORIENTED_EDGE ( 'NONE', *, *, #8624, .T. ) ;
#6721 = ORIENTED_EDGE ( 'NONE', *, *, #7994, .T. ) ;
#6722 =( BOUNDED_SURFACE ( )  B_SPLINE_SURFACE ( 3, 3, ( 
 ( #4367, #7992, #9462, #5735, #2105, #546 ),
 ( #5040, #5676, #645, #3504, #7249, #9338 ),
 ( #1350, #6436, #9431, #8606, #675, #3571 ),
 ( #4232, #6474, #7225, #575, #6509, #4975 ),
 ( #2833, #2139, #2072, #3598, #5797, #5705 ),
 ( #8705, #4335, #5068, #8798, #5859, #1486 ),
 ( #6606, #8078, #6672, #7409, #7317, #7375 ) ),
 .UNSPECIFIED., .T., .F., .F. ) 
 B_SPLINE_SURFACE_WITH_KNOTS ( ( 4, 3, 4 ),
 ( 4, 2, 4 ),
 ( 0.000000000000000000, 0.5000000000000000000, 1.000000000000000000 ),
 ( 0.000000000000000000, 0.02211751165507405692, 0.04423417748022917539 ),
 .UNSPECIFIED. ) 
 GEOMETRIC_REPRESENTATION_ITEM ( )  RATIONAL_B_SPLINE_SURFACE ( (
 ( 1.000000000000000000, 1.000000000000000000, 1.000000000000000000, 1.000000000000000000, 1.000000000000000000, 1.000000000000000000),
 ( 0.3333333333333333703, 0.3333333333333333703, 0.3333333333333333703, 0.3333333333333333703, 0.3333333333333333703, 0.3333333333333333703),
 ( 0.3333333333333333703, 0.3333333333333333703, 0.3333333333333333703, 0.3333333333333333703, 0.3333333333333333703, 0.3333333333333333703),
 ( 1.000000000000000000, 1.000000000000000000, 1.000000000000000000, 1.000000000000000000, 1.000000000000000000, 1.000000000000000000),
 ( 0.3333333333333333703, 0.3333333333333333703, 0.3333333333333333703, 0.3333333333333333703, 0.3333333333333333703, 0.3333333333333333703),
 ( 0.3333333333333333703, 0.3333333333333333703, 0.3333333333333333703, 0.3333333333333333703, 0.3333333333333333703, 0.3333333333333333703),
 ( 1.000000000000000000, 1.000000000000000000, 1.000000000000000000, 1.000000000000000000, 1.000000000000000000, 1.000000000000000000) ) ) 
 REPRESENTATION_ITEM ( '' )  SURFACE ( )  );
#6723 = DIRECTION ( 'NONE',  ( -0.9982981812961249091, -0.03043237495455983210, 0.04974546989901943578 ) ) ;
#6724 = FACE_OUTER_BOUND ( 'NONE', #878, .T. ) ;
#6725 = CARTESIAN_POINT ( 'NONE',  ( 0.06179607625543379751, 0.08150861190854616356, 0.05421920339958552493 ) ) ;
#6726 = VERTEX_POINT ( 'NONE', #2791 ) ;
#6727 = CARTESIAN_POINT ( 'NONE',  ( 0.07267395238361197551, 0.08150857145238467327, -0.1596940962204190240 ) ) ;
#6728 = CARTESIAN_POINT ( 'NONE',  ( -0.08072531560202440837, 0.09903308854216835710, 0.05160695826557185062 ) ) ;
#6729 = AXIS2_PLACEMENT_3D ( 'NONE', #4392, #1482, #5158 ) ;
#6730 = CARTESIAN_POINT ( 'NONE',  ( -0.08983026888629135065, -0.1799999999999998546, -0.04204236359722136884 ) ) ;
#6731 = B_SPLINE_CURVE_WITH_KNOTS ( 'NONE', 3,
 ( #3234, #6137, #4016, #7715, #4760, #5464, #8399, #4669, #4699, #5434, #270 ),
 .UNSPECIFIED., .F., .F.,
 ( 4, 1, 1, 1, 1, 1, 1, 1, 4 ),
 ( 0.1062965477882387849, 0.1545912919473769742, 0.2508150706395764207, 0.4153830523021122545, 0.5028899442199810110, 0.5669621481450413114, 0.7378412925424542301, 0.8725360054115529618, 0.9999999999999998890 ),
 .UNSPECIFIED. ) ;
#6732 = CARTESIAN_POINT ( 'NONE',  ( -0.05538097305629863937, 0.07275960128011772776, -0.1602677579499604543 ) ) ;
#6733 = VECTOR ( 'NONE', #4748, 1000.000000000000227 ) ;
#6734 = ORIENTED_EDGE ( 'NONE', *, *, #8241, .T. ) ;
#6735 = ORIENTED_EDGE ( 'NONE', *, *, #7926, .T. ) ;
#6736 =( BOUNDED_CURVE ( )  B_SPLINE_CURVE ( 3, ( #3923, #5996, #7614, #9034 ),
 .UNSPECIFIED., .F., .T. ) 
 B_SPLINE_CURVE_WITH_KNOTS ( ( 4, 4 ),
 ( 3.141592653589793116, 3.587026518801077479 ),
 .UNSPECIFIED. ) 
 CURVE ( )  GEOMETRIC_REPRESENTATION_ITEM ( )  RATIONAL_B_SPLINE_CURVE ( ( 1.000000000000000000, 0.9835339553210620256, 0.9835339553210620256, 1.000000000000000000 ) ) 
 REPRESENTATION_ITEM ( '' )  );
#6737 = FILL_AREA_STYLE ('',( #3076 ) ) ;
#6738 = CARTESIAN_POINT ( 'NONE',  ( 0.05655217360539207400, 0.06489788809445161399, -0.1946005537953418574 ) ) ;
#6739 = CARTESIAN_POINT ( 'NONE',  ( 0.02640599147334834335, 0.06045176066515148272, 0.1777328121248425985 ) ) ;
#6740 = CARTESIAN_POINT ( 'NONE',  ( 0.05554823001079731842, 0.06499683561621572014, -0.08414381107640332702 ) ) ;
#6741 = CARTESIAN_POINT ( 'NONE',  ( 0.02707834823998814255, -0.1700000000000000122, 0.1070825106204835592 ) ) ;
#6742 = CARTESIAN_POINT ( 'NONE',  ( 0.05716764051093140009, 0.08150871852634393455, 0.1603067086836617583 ) ) ;
#6743 = CARTESIAN_POINT ( 'NONE',  ( 0.01716188442137056222, 0.02361717321514870613, -0.2127873587138294220 ) ) ;
#6744 = CARTESIAN_POINT ( 'NONE',  ( 0.1177548884077448260, -0.1947778840326394312, 0.05602796856757544935 ) ) ;
#6745 = CARTESIAN_POINT ( 'NONE',  ( -0.02207016194171036727, 0.07553504503132692227, 0.1597049293376392176 ) ) ;
#6746 = B_SPLINE_CURVE_WITH_KNOTS ( 'NONE', 3,
 ( #6123, #9172, #410, #7633, #319, #5418, #2543, #1811, #4002, #6157, #7668 ),
 .UNSPECIFIED., .F., .F.,
 ( 4, 1, 1, 1, 1, 1, 1, 1, 4 ),
 ( 0.1186076317635431920, 0.1545912919473769742, 0.2508150706395764207, 0.4153830523021122545, 0.5028899442199810110, 0.5669621481450413114, 0.7378412925424542301, 0.8725360054115529618, 0.9999999999999998890 ),
 .UNSPECIFIED. ) ;
#6747 = MECHANICAL_DESIGN_GEOMETRIC_PRESENTATION_REPRESENTATION (  '', ( #971 ), #1969 ) ;
#6748 = ADVANCED_FACE ( 'NONE', ( #1876 ), #2460, .F. ) ;
#6749 = LINE ( 'NONE', #8709, #5474 ) ;
#6750 = ORIENTED_EDGE ( 'NONE', *, *, #9065, .T. ) ;
#6751 = EDGE_LOOP ( 'NONE', ( #6266, #9148, #6510, #6898, #7515, #5095 ) ) ;
#6752 = AXIS2_PLACEMENT_3D ( 'NONE', #5887, #5157, #8764 ) ;
#6753 =( LENGTH_UNIT ( ) NAMED_UNIT ( * ) SI_UNIT ( .MILLI., .METRE. ) );
#6754 = CARTESIAN_POINT ( 'NONE',  ( -0.07519379774260888383, -0.03109362048599495151, 0.1720995094240694578 ) ) ;
#6755 = DIRECTION ( 'NONE',  ( -0.9794962159215321318, 0.2001317422725611694, 0.02311814720837845200 ) ) ;
#6756 = CARTESIAN_POINT ( 'NONE',  ( 0.1725477609992103478, -0.2300000000000000655, 0.1470482443439422859 ) ) ;
#6757 = CARTESIAN_POINT ( 'NONE',  ( 0.04283232809466361313, 0.07849142854761528842, -0.1603059037795810104 ) ) ;
#6758 = VECTOR ( 'NONE', #1312, 1000.000000000000114 ) ;
#6759 = CARTESIAN_POINT ( 'NONE',  ( -0.002276752924400113690, -0.2063910517771361253, -0.1595150585194415327 ) ) ;
#6760 = VERTEX_POINT ( 'NONE', #724 ) ;
#6761 = ORIENTED_EDGE ( 'NONE', *, *, #9017, .T. ) ;
#6762 = AXIS2_PLACEMENT_3D ( 'NONE', #8876, #116, #52 ) ;
#6763 = DIRECTION ( 'NONE',  ( 0.9993255101729127121, 0.03046351156190880982, 0.02050607668387986748 ) ) ;
#6764 = PRESENTATION_LAYER_ASSIGNMENT (  '', '', ( #2527 ) ) ;
#6765 = CARTESIAN_POINT ( 'NONE',  ( 0.06050797621656925362, 0.1113565113862929751, 0.02744008572356169268 ) ) ;
#6766 = CARTESIAN_POINT ( 'NONE',  ( 0.000000000000000000, 0.000000000000000000, 0.2000000000000000111 ) ) ;
#6767 = CARTESIAN_POINT ( 'NONE',  ( 0.2017251974013795635, -0.1550000000000000266, 0.1177992224742518967 ) ) ;
#6768 =( NAMED_UNIT ( * ) SI_UNIT ( $, .STERADIAN. ) SOLID_ANGLE_UNIT ( ) );
#6769 = CARTESIAN_POINT ( 'NONE',  ( 0.05298240430901139664, -0.1238317222340989954, -0.1492944816317088863 ) ) ;
#6770 = CARTESIAN_POINT ( 'NONE',  ( -0.02911274646542583167, 0.08724039871988237271, -0.1597322420500395523 ) ) ;
#6771 = EDGE_LOOP ( 'NONE', ( #4926, #9326, #5069, #4185, #3837, #3760 ) ) ;
#6772 = SURFACE_SIDE_STYLE ('',( #5196 ) ) ;
#6773 = FILL_AREA_STYLE ('',( #3146 ) ) ;
#6774 = CARTESIAN_POINT ( 'NONE',  ( 0.05529684981127474391, -0.06915508119869102910, 0.1526118436856024607 ) ) ;
#6775 = CARTESIAN_POINT ( 'NONE',  ( 0.05471284307048920881, 0.06508074516058352799, -0.1094413104681244281 ) ) ;
#6776 = DIRECTION ( 'NONE',  ( 0.04805693313322301902, 0.000000000000000000, 0.9988445981121532036 ) ) ;
#6777 = DIRECTION ( 'NONE',  ( 0.9988445981121533146, 0.000000000000000000, -0.04805693313322132593 ) ) ;
#6779 = CIRCLE ( 'NONE', #1338, 0.01499999999999999598 ) ;
#6778 =( GEOMETRIC_REPRESENTATION_CONTEXT ( 3 ) GLOBAL_UNCERTAINTY_ASSIGNED_CONTEXT ( ( #7550 ) ) GLOBAL_UNIT_ASSIGNED_CONTEXT ( ( #6513, #2145, #9435 ) ) REPRESENTATION_CONTEXT ( 'NONE', 'WORKASPACE' ) );
#6780 = CARTESIAN_POINT ( 'NONE',  ( 0.02191315761285178576, -0.08634786290214073456, -0.2127873741749276570 ) ) ;
#6781 = CARTESIAN_POINT ( 'NONE',  ( 0.1237912600538252500, -0.1799999999999776223, 0.08120172720662248433 ) ) ;
#6782 = CARTESIAN_POINT ( 'NONE',  ( -0.005083254193569917631, 0.06426648655840302982, 0.1631583547474565743 ) ) ;
#6783 = CIRCLE ( 'NONE', #5677, 0.01499999999999999598 ) ;
#6784 = CARTESIAN_POINT ( 'NONE',  ( 0.007496469502861365791, -0.1424638824638891077, 0.1570426723159381033 ) ) ;
#6785 =( NAMED_UNIT ( * ) SI_UNIT ( $, .STERADIAN. ) SOLID_ANGLE_UNIT ( ) );
#6786 = EDGE_CURVE ( 'NONE', #8638, #8131, #3009, .T. ) ;
#6787 = CARTESIAN_POINT ( 'NONE',  ( -0.09259064903486652343, -0.06709961473682994615, 0.1976010575711205364 ) ) ;
#6788 = CARTESIAN_POINT ( 'NONE',  ( 0.02207025368785180477, 0.08446481330335606219, -0.1597072464127865798 ) ) ;
#6789 = CARTESIAN_POINT ( 'NONE',  ( 0.04706881219562006335, 0.06572872083958818112, 0.1610392472032761424 ) ) ;
#6790 = FILL_AREA_STYLE ('',( #1016 ) ) ;
#6791 = CARTESIAN_POINT ( 'NONE',  ( 0.003725692630542891837, -0.1769979943429172142, -0.1596522519181532151 ) ) ;
#6792 = EDGE_CURVE ( 'NONE', #8421, #2243, #8788, .T. ) ;
#6793 = PRESENTATION_STYLE_ASSIGNMENT (( #5262 ) ) ;
#6794 = DIRECTION ( 'NONE',  ( 0.000000000000000000, 0.000000000000000000, -1.000000000000000000 ) ) ;
#6795 = CARTESIAN_POINT ( 'NONE',  ( 0.04475857324509307372, 0.04865714238339601677, -0.1071339959683307169 ) ) ;
#6796 = ADVANCED_FACE ( 'NONE', ( #5642 ), #6110, .T. ) ;
#6797 = CARTESIAN_POINT ( 'NONE',  ( 0.07352031269872605357, 0.06256965078950170456, -0.1770395736732092717 ) ) ;
#6798 = CARTESIAN_POINT ( 'NONE',  ( -0.008510188100590142246, 0.04689490203137950536, 0.05297780866287567919 ) ) ;
#6799 =( BOUNDED_SURFACE ( )  B_SPLINE_SURFACE ( 3, 3, ( 
 ( #4805, #8471, #4091, #7079, #8529, #556, #9226, #5621, #4949, #8586 ),
 ( #8612, #1990, #7839, #3459, #4921, #522, #2021, #9344, #1296, #4859 ),
 ( #4981, #7139, #6418, #458, #2049, #7164, #2774, #5713, #1326, #1391 ),
 ( #8680, #4373, #6515, #7922, #7256, #8649, #7230, #3546, #3668, #9405 ),
 ( #8778, #2875, #5801, #2803, #7998, #4264, #9374, #5741, #8744, #8711 ),
 ( #9437, #7325, #708, #1358, #6483, #5108, #5835, #13, #740, #5866 ),
 ( #2839, #5075, #684, #6543, #8933, #7478, #1599, #6031, #4528, #8835 ) ),
 .UNSPECIFIED., .T., .F., .F. ) 
 B_SPLINE_SURFACE_WITH_KNOTS ( ( 4, 3, 4 ),
 ( 4, 2, 2, 2, 4 ),
 ( 0.000000000000000000, 0.5000000000000000000, 1.000000000000000000 ),
 ( 0.8862669857841730670, 0.9014713004687116005, 0.9166756151532500230, 0.9318798208180109066, 0.9470836837220865112 ),
 .UNSPECIFIED. ) 
 GEOMETRIC_REPRESENTATION_ITEM ( )  RATIONAL_B_SPLINE_SURFACE ( (
 ( 1.000000000000000000, 1.000000000000000000, 1.000000000000000000, 1.000000000000000000, 1.000000000000000000, 1.000000000000000000, 1.000000000000000000, 1.000000000000000000, 1.000000000000000000, 1.000000000000000000),
 ( 0.3333333333333333703, 0.3333333333333333703, 0.3333333333333333703, 0.3333333333333333703, 0.3333333333333333703, 0.3333333333333333703, 0.3333333333333333703, 0.3333333333333333703, 0.3333333333333333703, 0.3333333333333333703),
 ( 0.3333333333333333703, 0.3333333333333333703, 0.3333333333333333703, 0.3333333333333333703, 0.3333333333333333703, 0.3333333333333333703, 0.3333333333333333703, 0.3333333333333333703, 0.3333333333333333703, 0.3333333333333333703),
 ( 1.000000000000000000, 1.000000000000000000, 1.000000000000000000, 1.000000000000000000, 1.000000000000000000, 1.000000000000000000, 1.000000000000000000, 1.000000000000000000, 1.000000000000000000, 1.000000000000000000),
 ( 0.3333333333333333703, 0.3333333333333333703, 0.3333333333333333703, 0.3333333333333333703, 0.3333333333333333703, 0.3333333333333333703, 0.3333333333333333703, 0.3333333333333333703, 0.3333333333333333703, 0.3333333333333333703),
 ( 0.3333333333333333703, 0.3333333333333333703, 0.3333333333333333703, 0.3333333333333333703, 0.3333333333333333703, 0.3333333333333333703, 0.3333333333333333703, 0.3333333333333333703, 0.3333333333333333703, 0.3333333333333333703),
 ( 1.000000000000000000, 1.000000000000000000, 1.000000000000000000, 1.000000000000000000, 1.000000000000000000, 1.000000000000000000, 1.000000000000000000, 1.000000000000000000, 1.000000000000000000, 1.000000000000000000) ) ) 
 REPRESENTATION_ITEM ( '' )  SURFACE ( )  );
#6800 = CARTESIAN_POINT ( 'NONE',  ( -0.2151529299272666451, -0.2299999999999999545, -0.1514657711333049772 ) ) ;
#6801 = CARTESIAN_POINT ( 'NONE',  ( -0.1986224171725970711, 0.05749131291816581696, -0.2000000000000000111 ) ) ;
#6802 = B_SPLINE_CURVE_WITH_KNOTS ( 'NONE', 3,
 ( #3750, #230, #967, #3047, #196, #6087, #1722, #932, #6846, #1685, #6812, #6969, #1871, #7727, #3942, #1035, #283, #2514, #4652, #1746, #2482, #2542, #4001, #5393, #3251, #3282, #3219, #5479, #1810, #6938, #7667, #6885, #9052, #1840, #9025, #7602, #1092, #9112, #8357, #374, #4684, #7703, #8384, #8297, #3975, #256, #8331, #6224, #346, #1007, #8413, #5417, #6122, #2569, #7631, #6156, #1134, #9080 ),
 .UNSPECIFIED., .T., .F.,
 ( 4, 3, 3, 3, 3, 3, 3, 3, 3, 3, 3, 3, 3, 3, 3, 3, 3, 3, 3, 4 ),
 ( 0.000000000000000000, 3.000061832723622526E-05, 6.000108491799642578E-05, 0.0001200114250094455381, 0.0001500177573604234097, 0.0001575318424677993594, 0.0001577222879142837011, 0.0001579035811973496153, 0.0001579773900656075898, 0.0001580132837903497876, 0.0001580497849349801363, 0.0001580810759200105056, 0.0001581258774353077690, 0.0001582121147988648814, 0.0001585300430508351560, 0.0001597917737734601295, 0.0001648168112735491555, 0.0001848932162033540953, 0.0002651667087776783693, 0.0003145001342080300526 ),
 .UNSPECIFIED. ) ;
#6803 = DIRECTION ( 'NONE',  ( 1.000000000000000000, 0.000000000000000000, 0.000000000000000000 ) ) ;
#6804 = EDGE_CURVE ( 'NONE', #5207, #7824, #7832, .T. ) ;
#6805 = SURFACE_STYLE_FILL_AREA ( #9288 ) ;
#6806 = COLOUR_RGB ( '',1.000000000000000000, 1.000000000000000000, 1.000000000000000000 ) ;
#6807 = ORIENTED_EDGE ( 'NONE', *, *, #1563, .T. ) ;
#6808 = MECHANICAL_DESIGN_GEOMETRIC_PRESENTATION_REPRESENTATION (  '', ( #6995 ), #2207 ) ;
#6809 =( NAMED_UNIT ( * ) PLANE_ANGLE_UNIT ( ) SI_UNIT ( $, .RADIAN. ) );
#6810 = CARTESIAN_POINT ( 'NONE',  ( 0.05193320742968762782, -0.1605037370464879043, 0.1526118560459339690 ) ) ;
#6811 = CARTESIAN_POINT ( 'NONE',  ( 0.05484005648248613252, 0.06506813084378987311, -0.1093249933607184088 ) ) ;
#6812 = CARTESIAN_POINT ( 'NONE',  ( 0.005777038474611681518, 0.06543220861094296847, -0.03010034281118452448 ) ) ;
#6813 = DIRECTION ( 'NONE',  ( 0.03046773440284036155, 0.9995357508165269023, 0.000000000000000000 ) ) ;
#6814 = SURFACE_SIDE_STYLE ('',( #2027 ) ) ;
#6815 = CIRCLE ( 'NONE', #7892, 0.01499999999999998557 ) ;
#6816 = CARTESIAN_POINT ( 'NONE',  ( -0.002213048029611217569, -0.1238395305235085730, 0.1851888307776549114 ) ) ;
#6817 = ORIENTED_EDGE ( 'NONE', *, *, #687, .T. ) ;
#6818 = CARTESIAN_POINT ( 'NONE',  ( 0.06561048288363054148, 0.1113565750268369764, -0.05255964321304265607 ) ) ;
#6819 = CARTESIAN_POINT ( 'NONE',  ( -0.04971781314611507796, -0.03223542802314299099, 0.1879004909891636155 ) ) ;
#6820 = LINE ( 'NONE', #7019, #7493 ) ;
#6821 = AXIS2_PLACEMENT_3D ( 'NONE', #1919, #7098, #7854 ) ;
#6822 = CARTESIAN_POINT ( 'NONE',  ( -0.03099834140870788568, 0.1041751681020532672, 0.1595289694026111316 ) ) ;
#6823 = CARTESIAN_POINT ( 'NONE',  ( 0.02430912068225565825, 0.1083391459639089643, 0.1596389975289853325 ) ) ;
#6824 = CARTESIAN_POINT ( 'NONE',  ( -0.06323674805419310374, -0.1234351170064101333, 0.1465979763792362167 ) ) ;
#6825 = CIRCLE ( 'NONE', #662, 0.01499999999999998557 ) ;
#6826 = EDGE_CURVE ( 'NONE', #3094, #7851, #4149, .T. ) ;
#6827 = ORIENTED_EDGE ( 'NONE', *, *, #2894, .F. ) ;
#6828 = CARTESIAN_POINT ( 'NONE',  ( 0.01301187021146871584, 0.06595246229119391956, -0.1598884500951824605 ) ) ;
#6829 = CARTESIAN_POINT ( 'NONE',  ( 0.06192347944134903026, 0.05166081778601237101, 0.1074898652809770094 ) ) ;
#6830 = CARTESIAN_POINT ( 'NONE',  ( 0.06610992348332440927, 0.06372233920720393741, -0.1659581719086890839 ) ) ;
#6831 = SURFACE_STYLE_USAGE ( .BOTH. , #922 ) ;
#6832 = CARTESIAN_POINT ( 'NONE',  ( 0.1655526671241021597, -0.2299999999999999822, 0.05290356562635827736 ) ) ;
#6833 = PLANE ( 'NONE',  #7739 ) ;
#6834 = SURFACE_STYLE_FILL_AREA ( #2564 ) ;
#6835 = CARTESIAN_POINT ( 'NONE',  ( -0.05467590825936458065, -0.1603342325540006441, 0.1879004864518462881 ) ) ;
#6836 = ORIENTED_EDGE ( 'NONE', *, *, #497, .F. ) ;
#6837 = EDGE_LOOP ( 'NONE', ( #7756, #9427, #3181, #7430, #727 ) ) ;
#6838 = AXIS2_PLACEMENT_3D ( 'NONE', #332, #9038, #5403 ) ;
#6839 = ORIENTED_EDGE ( 'NONE', *, *, #4160, .T. ) ;
#6840 = ADVANCED_FACE ( 'NONE', ( #3929 ), #7981, .F. ) ;
#6841 = DIRECTION ( 'NONE',  ( 1.000000000000000000, 0.000000000000000000, -3.614007241618347785E-16 ) ) ;
#6842 =( NAMED_UNIT ( * ) SI_UNIT ( $, .STERADIAN. ) SOLID_ANGLE_UNIT ( ) );
#6843 = CARTESIAN_POINT ( 'NONE',  ( -0.07167269682041772783, 0.05548729996126795794, 0.1720995200910196143 ) ) ;
#6844 = CARTESIAN_POINT ( 'NONE',  ( -0.1188049937226108993, -0.1661531446049394622, -0.06758967755547953815 ) ) ;
#6845 = DIRECTION ( 'NONE',  ( 0.02615073541497720325, 0.9996580110404036379, 2.070525407828582941E-18 ) ) ;
#6846 = CARTESIAN_POINT ( 'NONE',  ( 0.008283297956967257403, 0.06563983441382488515, -0.05999798677377731621 ) ) ;
#6847 = FACE_OUTER_BOUND ( 'NONE', #6714, .T. ) ;
#6848 = EDGE_CURVE ( 'NONE', #7785, #7965, #7528, .T. ) ;
#6849 = CARTESIAN_POINT ( 'NONE',  ( -0.01841810677207893904, -0.1799999999999999378, 0.1599999999999999478 ) ) ;
#6850 = CARTESIAN_POINT ( 'NONE',  ( 0.1324539786586064471, -0.2299999999999999545, 0.09439770601777115744 ) ) ;
#6851 = ORIENTED_EDGE ( 'NONE', *, *, #8940, .F. ) ;
#6852 = ORIENTED_EDGE ( 'NONE', *, *, #9046, .T. ) ;
#6853 = CIRCLE ( 'NONE', #1945, 0.03502185467385546952 ) ;
#6854 = ADVANCED_FACE ( 'NONE', ( #6681 ), #8163, .F. ) ;
#6855 = ORIENTED_EDGE ( 'NONE', *, *, #7890, .F. ) ;
#6856 = STYLED_ITEM ( 'NONE', ( #2147 ), #4625 ) ;
#6857 = CARTESIAN_POINT ( 'NONE',  ( -0.06981461619190469647, 0.04996306946909345736, -0.2000000000000000111 ) ) ;
#6858 = CARTESIAN_POINT ( 'NONE',  ( -0.04224685976086223899, 0.08000000000000004330, -0.1599999999999999756 ) ) ;
#6859 = CARTESIAN_POINT ( 'NONE',  ( 0.2016309254299941678, 0.06798944191067401999, 0.2000000000000000111 ) ) ;
#6860 = CARTESIAN_POINT ( 'NONE',  ( 0.002250147947304805864, 0.1131050136717272198, 0.05364325304789240023 ) ) ;
#6861 = DIRECTION ( 'NONE',  ( 0.000000000000000000, 1.000000000000000000, 0.000000000000000000 ) ) ;
#6862 = FACE_OUTER_BOUND ( 'NONE', #1313, .T. ) ;
#6863 = ORIENTED_EDGE ( 'NONE', *, *, #1000, .F. ) ;
#6864 = EDGE_LOOP ( 'NONE', ( #1465, #879, #8787, #6479 ) ) ;
#6865 = UNCERTAINTY_MEASURE_WITH_UNIT (LENGTH_MEASURE( 1.000000000000000082E-05 ), #9295, 'distance_accuracy_value', 'NONE');
#6866 =( GEOMETRIC_REPRESENTATION_CONTEXT ( 3 ) GLOBAL_UNCERTAINTY_ASSIGNED_CONTEXT ( ( #9223 ) ) GLOBAL_UNIT_ASSIGNED_CONTEXT ( ( #2324, #7438, #3813 ) ) REPRESENTATION_CONTEXT ( 'NONE', 'WORKASPACE' ) );
#6867 = CARTESIAN_POINT ( 'NONE',  ( 0.06855585441574435501, 0.1113702190596875113, -0.1060942471779710711 ) ) ;
#6868 = EDGE_CURVE ( 'NONE', #6978, #4875, #8605, .T. ) ;
#6869 = SURFACE_STYLE_FILL_AREA ( #4751 ) ;
#6870 = CARTESIAN_POINT ( 'NONE',  ( 0.1218835744629670897, -0.1767704189424723349, 0.04494358866177610573 ) ) ;
#6871 = CARTESIAN_POINT ( 'NONE',  ( 0.04184044750494803760, 0.04864350985480373618, -0.05399600537057213517 ) ) ;
#6872 = CARTESIAN_POINT ( 'NONE',  ( 0.07086728295600171201, 0.06300456440434602789, -0.1708094627709032531 ) ) ;
#6873 = PRESENTATION_STYLE_ASSIGNMENT (( #2149 ) ) ;
#6874 = ORIENTED_EDGE ( 'NONE', *, *, #7798, .T. ) ;
#6875 = ORIENTED_EDGE ( 'NONE', *, *, #8354, .T. ) ;
#6876 = PRESENTATION_LAYER_ASSIGNMENT (  '', '', ( #5382 ) ) ;
#6877 =( LENGTH_UNIT ( ) NAMED_UNIT ( * ) SI_UNIT ( .MILLI., .METRE. ) );
#6878 = PLANE ( 'NONE',  #5939 ) ;
#6879 = CARTESIAN_POINT ( 'NONE',  ( 0.06789493444100580533, -0.1599857055168055764, -0.1599844472747599666 ) ) ;
#6880 = SURFACE_STYLE_USAGE ( .BOTH. , #3141 ) ;
#6881 = LINE ( 'NONE', #160, #5023 ) ;
#6882 = ORIENTED_EDGE ( 'NONE', *, *, #3261, .F. ) ;
#6883 = CARTESIAN_POINT ( 'NONE',  ( 0.02354677466976643277, -0.01266044815156360664, 0.1777328124504940765 ) ) ;
#6884 = CARTESIAN_POINT ( 'NONE',  ( 0.01581763706490952812, -0.08586008953016845135, 0.2073881403567512938 ) ) ;
#6885 = CARTESIAN_POINT ( 'NONE',  ( 0.001958779339369382758, 0.06507388925118572087, -0.002427928263356419342 ) ) ;
#6886 = DIRECTION ( 'NONE',  ( -0.02362802936328305126, -0.0001592579951429050616, -0.9997208064581326603 ) ) ;
#6887 = CARTESIAN_POINT ( 'NONE',  ( 0.1181273583841139924, -0.2299999999999999545, 0.07407182481331291146 ) ) ;
#6888 = DIRECTION ( 'NONE',  ( 0.000000000000000000, -0.000000000000000000, -1.000000000000000000 ) ) ;
#6889 = STYLED_ITEM ( 'NONE', ( #3963 ), #2212 ) ;
#6890 = CARTESIAN_POINT ( 'NONE',  ( -0.04071269965469451885, -0.1224246697470450368, 0.2029591100247911950 ) ) ;
#6891 = AXIS2_PLACEMENT_3D ( 'NONE', #2499, #4208, #7107 ) ;
#6892 = CARTESIAN_POINT ( 'NONE',  ( -0.2325630728473178921, 0.04653785154078909914, 0.2000000000000000111 ) ) ;
#6893 = CARTESIAN_POINT ( 'NONE',  ( -0.09338311914420192872, -0.08547538304201571235, 0.1976010419758998937 ) ) ;
#6894 = CARTESIAN_POINT ( 'NONE',  ( -0.006563973209576236430, 0.07553518669664388563, -0.1602927535872134823 ) ) ;
#6895 = CARTESIAN_POINT ( 'NONE',  ( 0.1210718620247217547, -0.2800000000000000266, 0.04574611991424980956 ) ) ;
#6896 =( LENGTH_UNIT ( ) NAMED_UNIT ( * ) SI_UNIT ( .MILLI., .METRE. ) );
#6897 = SURFACE_SIDE_STYLE ('',( #6630 ) ) ;
#6898 = ORIENTED_EDGE ( 'NONE', *, *, #3935, .T. ) ;
#6899 = CARTESIAN_POINT ( 'NONE',  ( 0.1214013837138468582, -0.1745661381445285099, 0.04537319514804990378 ) ) ;
#6900 =( GEOMETRIC_REPRESENTATION_CONTEXT ( 3 ) GLOBAL_UNCERTAINTY_ASSIGNED_CONTEXT ( ( #2279 ) ) GLOBAL_UNIT_ASSIGNED_CONTEXT ( ( #2865, #6378, #7988 ) ) REPRESENTATION_CONTEXT ( 'NONE', 'WORKASPACE' ) );
#6901 = ADVANCED_FACE ( 'NONE', ( #6927 ), #3280, .T. ) ;
#6902 = CARTESIAN_POINT ( 'NONE',  ( 0.08983026888629146167, -0.1800000000000000488, 0.04204236359722141048 ) ) ;
#6903 = CARTESIAN_POINT ( 'NONE',  ( -0.1149999999999999911, -0.1199999999999999956, -0.2000000000000000666 ) ) ;
#6904 = CARTESIAN_POINT ( 'NONE',  ( 0.04286993962280458842, 0.04103539296628128108, -0.2092167229009034568 ) ) ;
#6905 = EDGE_CURVE ( 'NONE', #4627, #7309, #809, .T. ) ;
#6906 = CARTESIAN_POINT ( 'NONE',  ( 0.02695837221674585518, -0.03102747712014244583, -0.1837293439057604560 ) ) ;
#6907 = SURFACE_SIDE_STYLE ('',( #4258 ) ) ;
#6908 = CARTESIAN_POINT ( 'NONE',  ( -0.07161735006954224325, 0.05719002528421066045, 0.1720995168050040158 ) ) ;
#6909 = CARTESIAN_POINT ( 'NONE',  ( -0.008465740053096533491, 0.05999058987354721068, 0.1650031547481241312 ) ) ;
#6910 = CARTESIAN_POINT ( 'NONE',  ( 0.1278671797069859672, -0.2299999999999999545, 0.03805575324395597814 ) ) ;
#6911 = CARTESIAN_POINT ( 'NONE',  ( -0.1278671797069859395, -0.1600000000000000311, -0.03805575324395597120 ) ) ;
#6912 = DIRECTION ( 'NONE',  ( 0.000000000000000000, -1.000000000000000000, 0.000000000000000000 ) ) ;
#6913 = FILL_AREA_STYLE_COLOUR ( '', #2942 ) ;
#6914 = VECTOR ( 'NONE', #7030, 1000.000000000000000 ) ;
#6915 = CARTESIAN_POINT ( 'NONE',  ( -0.02570527695740475529, -0.01269288039901280037, 0.1748111854397168541 ) ) ;
#6916 = CARTESIAN_POINT ( 'NONE',  ( -0.1986224171725970711, 0.05749131291816581696, 0.2000000000000000111 ) ) ;
#6917 = CARTESIAN_POINT ( 'NONE',  ( -0.09013686613586162355, -0.01205657634275084968, 0.1976010807802103530 ) ) ;
#6918 =( LENGTH_UNIT ( ) NAMED_UNIT ( * ) SI_UNIT ( .MILLI., .METRE. ) );
#6919 = CARTESIAN_POINT ( 'NONE',  ( 0.1210718620247218102, -0.2300000000000000655, 0.04574611991424980956 ) ) ;
#6920 = CARTESIAN_POINT ( 'NONE',  ( 4.763757880476105065E-06, -0.06892881686731527902, 0.1851888148043358828 ) ) ;
#6921 =( BOUNDED_SURFACE ( )  B_SPLINE_SURFACE ( 3, 3, ( 
 ( #4783, #6999, #439, #4812, #7088, #4103, #372, #2631 ),
 ( #9198, #1870, #1184, #9232, #4869, #464, #5507, #2688 ),
 ( #3441, #8538, #9262, #4904, #495, #2600, #7725, #5629 ),
 ( #2721, #2882, #2120, #3612, #3581, #8687, #5658, #562 ),
 ( #655, #5022, #4313, #7970, #9412, #7145, #1277, #2085 ),
 ( #2057, #1301, #3521, #6392, #2749, #3490, #4275, #8720 ),
 ( #4245, #9380, #4215, #6492, #2812, #7931, #3557, #7876 ) ),
 .UNSPECIFIED., .T., .F., .T. ) 
 B_SPLINE_SURFACE_WITH_KNOTS ( ( 4, 3, 4 ),
 ( 4, 2, 2, 4 ),
 ( 0.000000000000000000, 0.5000000000000000000, 1.000000000000000000 ),
 ( 0.6224322218176134847, 0.6666664318583197524, 0.6887839592742276418, 0.7109007746737637801 ),
 .UNSPECIFIED. ) 
 GEOMETRIC_REPRESENTATION_ITEM ( )  RATIONAL_B_SPLINE_SURFACE ( (
 ( 1.000000000000000000, 1.000000000000000000, 1.000000000000000000, 1.000000000000000000, 1.000000000000000000, 1.000000000000000000, 1.000000000000000000, 1.000000000000000000),
 ( 0.3333333333333333703, 0.3333333333333333703, 0.3333333333333333703, 0.3333333333333333703, 0.3333333333333333703, 0.3333333333333333703, 0.3333333333333333703, 0.3333333333333333703),
 ( 0.3333333333333333703, 0.3333333333333333703, 0.3333333333333333703, 0.3333333333333333703, 0.3333333333333333703, 0.3333333333333333703, 0.3333333333333333703, 0.3333333333333333703),
 ( 1.000000000000000000, 1.000000000000000000, 1.000000000000000000, 1.000000000000000000, 1.000000000000000000, 1.000000000000000000, 1.000000000000000000, 1.000000000000000000),
 ( 0.3333333333333333703, 0.3333333333333333703, 0.3333333333333333703, 0.3333333333333333703, 0.3333333333333333703, 0.3333333333333333703, 0.3333333333333333703, 0.3333333333333333703),
 ( 0.3333333333333333703, 0.3333333333333333703, 0.3333333333333333703, 0.3333333333333333703, 0.3333333333333333703, 0.3333333333333333703, 0.3333333333333333703, 0.3333333333333333703),
 ( 1.000000000000000000, 1.000000000000000000, 1.000000000000000000, 1.000000000000000000, 1.000000000000000000, 1.000000000000000000, 1.000000000000000000, 1.000000000000000000) ) ) 
 REPRESENTATION_ITEM ( '' )  SURFACE ( )  );
#6922 = MECHANICAL_DESIGN_GEOMETRIC_PRESENTATION_REPRESENTATION (  '', ( #3956 ), #5911 ) ;
#6923 = CARTESIAN_POINT ( 'NONE',  ( 0.1150000000000000050, -0.2300000000000000100, 0.03860745626545011161 ) ) ;
#6924 = PLANE ( 'NONE',  #8005 ) ;
#6925 = CARTESIAN_POINT ( 'NONE',  ( 0.05469489186670584147, 0.1113633691429880279, 0.1337463621646574896 ) ) ;
#6926 = DIRECTION ( 'NONE',  ( 0.9993255101729127121, 0.03046351156190941697, 0.02050607668387869481 ) ) ;
#6927 = FACE_OUTER_BOUND ( 'NONE', #2493, .T. ) ;
#6928 = ADVANCED_FACE ( 'NONE', ( #8947 ), #9279, .T. ) ;
#6929 = CARTESIAN_POINT ( 'NONE',  ( -0.2650000000000000133, 0.05000000000000002359, 0.2000000000000000111 ) ) ;
#6930 = ORIENTED_EDGE ( 'NONE', *, *, #3028, .F. ) ;
#6931 = DIRECTION ( 'NONE',  ( 1.000000000000000000, 0.000000000000000000, 0.000000000000000000 ) ) ;
#6932 = CARTESIAN_POINT ( 'NONE',  ( -0.05938439204331855820, 0.07275956983467629646, -0.05407232402845882357 ) ) ;
#6933 = EDGE_CURVE ( 'NONE', #4665, #7281, #7365, .T. ) ;
#6934 = SURFACE_SIDE_STYLE ('',( #6834 ) ) ;
#6935 = AXIS2_PLACEMENT_3D ( 'NONE', #1481, #1552, #8074 ) ;
#6936 = CARTESIAN_POINT ( 'NONE',  ( -0.1204517491479721869, -0.1717054712561762175, -0.04649204381327649155 ) ) ;
#6937 = VERTEX_POINT ( 'NONE', #8293 ) ;
#6938 = CARTESIAN_POINT ( 'NONE',  ( 0.001981554985014991402, 0.06507618662177333535, -0.002425301775153491241 ) ) ;
#6939 = SURFACE_STYLE_USAGE ( .BOTH. , #1094 ) ;
#6940 = CARTESIAN_POINT ( 'NONE',  ( -0.01187191243580622106, 0.02243094091669619802, -0.2053286550602113070 ) ) ;
#6941 = CARTESIAN_POINT ( 'NONE',  ( -0.06627140969980210849, 0.07275948528167891505, 0.05249772287053580677 ) ) ;
#6942 = CARTESIAN_POINT ( 'NONE',  ( -0.008625798372209426967, -0.1858825228234054494, 0.05264208047161916815 ) ) ;
#6943 = ADVANCED_FACE ( 'NONE', ( #8717 ), #7026, .T. ) ;
#6944 = CARTESIAN_POINT ( 'NONE',  ( 0.05244599694193767536, -0.1603917168665567050, -0.1792538183240137417 ) ) ;
#6945 = TOROIDAL_SURFACE ( 'NONE', #3375, 0.02002185241913492092, 0.01499999999999999598 ) ;
#6946 = CARTESIAN_POINT ( 'NONE',  ( -0.05607951069852718656, -0.1885249513792336407, 0.1597097399175971821 ) ) ;
#6947 = EDGE_LOOP ( 'NONE', ( #8296, #5610, #8526, #6863, #9470 ) ) ;
#6948 = AXIS2_PLACEMENT_3D ( 'NONE', #3972, #2541, #4026 ) ;
#6949 = CARTESIAN_POINT ( 'NONE',  ( -0.07478996684090541414, -0.2132089995941628680, 0.1068334370500943903 ) ) ;
#6950 = CARTESIAN_POINT ( 'NONE',  ( 0.002223008654812298410, 0.06510041837688934629, -0.002707710597271058891 ) ) ;
#6951 = DIRECTION ( 'NONE',  ( -0.02052340527576259482, 0.0002562270569695206655, 0.9997893399029529338 ) ) ;
#6952 = CARTESIAN_POINT ( 'NONE',  ( -0.01774918364759254727, -0.06816694608504399178, 0.1466632755327481885 ) ) ;
#6953 = CARTESIAN_POINT ( 'NONE',  ( 0.007753140239137775065, 0.07999999999999997391, -0.1600000000000000311 ) ) ;
#6954 = DIRECTION ( 'NONE',  ( -0.8496570271152052989, 0.02589787347911665441, -0.5266993795544201440 ) ) ;
#6955 = CIRCLE ( 'NONE', #5020, 0.01499999999999999251 ) ;
#6956 = ORIENTED_EDGE ( 'NONE', *, *, #5585, .F. ) ;
#6957 = VERTEX_POINT ( 'NONE', #7819 ) ;
#6958 = CARTESIAN_POINT ( 'NONE',  ( -0.008510188100590142246, 0.04689490203137950536, 0.05297780866287567919 ) ) ;
#6959 = ORIENTED_EDGE ( 'NONE', *, *, #8475, .F. ) ;
#6960 = LINE ( 'NONE', #5360, #3041 ) ;
#6961 = CARTESIAN_POINT ( 'NONE',  ( -0.1181273583841139785, -0.1600000000000000866, -0.07407182481331292534 ) ) ;
#6962 = CARTESIAN_POINT ( 'NONE',  ( -0.05467589081548501762, -0.1603342330076509836, 0.1879004582891800057 ) ) ;
#6963 = DIRECTION ( 'NONE',  ( -0.9997207864866128890, 1.576297494586496692E-06, 0.02362941099781006374 ) ) ;
#6964 = ORIENTED_EDGE ( 'NONE', *, *, #5889, .T. ) ;
#6965 = CARTESIAN_POINT ( 'NONE',  ( 0.1275022237085379484, 0.05138250333902571326, 0.2000000000000000111 ) ) ;
#6966 = FILL_AREA_STYLE_COLOUR ( '', #3245 ) ;
#6967 = CARTESIAN_POINT ( 'NONE',  ( -0.04863095922321725162, 0.05704802918221551361, 0.1910959967692906492 ) ) ;
#6968 = CARTESIAN_POINT ( 'NONE',  ( 0.02640599147334834335, 0.06045176066515148272, 0.1777328121248425985 ) ) ;
#6969 = CARTESIAN_POINT ( 'NONE',  ( 0.004928757212443532140, 0.06535979889619608629, -0.02012764763547558733 ) ) ;
#6970 = PLANE ( 'NONE',  #330 ) ;
#6971 = EDGE_CURVE ( 'NONE', #8362, #9205, #9449, .T. ) ;
#6972 =( NAMED_UNIT ( * ) SI_UNIT ( $, .STERADIAN. ) SOLID_ANGLE_UNIT ( ) );
#6973 = CARTESIAN_POINT ( 'NONE',  ( -0.05640895883620539175, 0.04648593109057793521, 0.1600190129039758824 ) ) ;
#6974 = DIRECTION ( 'NONE',  ( 0.000000000000000000, -1.000000000000000000, 0.000000000000000000 ) ) ;
#6975 = CARTESIAN_POINT ( 'NONE',  ( -0.04293327318355420058, 0.08724051481300287847, 0.1072416323611428829 ) ) ;
#6976 = CARTESIAN_POINT ( 'NONE',  ( -0.1220916474220839903, -0.1780931353409737072, -0.04476700453106389338 ) ) ;
#6977 = VERTEX_POINT ( 'NONE', #1942 ) ;
#6978 = VERTEX_POINT ( 'NONE', #7053 ) ;
#6979 =( BOUNDED_SURFACE ( )  B_SPLINE_SURFACE ( 3, 3, ( 
 ( #3664, #4492, #108, #876, #6754, #5962, #7477, #7444, #3057, #5137 ),
 ( #137, #5991, #5234, #8176, #2335, #1625, #4397, #737, #5862, #8802 ),
 ( #5165, #5200, #1489, #7346, #2957, #839, #8082, #43, #774, #6712 ),
 ( #5896, #1522, #2270, #5932, #6819, #978, #5424, #7579, #5367, #8996 ),
 ( #8242, #3195, #1727, #3227, #7610, #8305, #8210, #3160, #170, #3855 ),
 ( #9059, #1012, #7643, #6917, #295, #6787, #6893, #4564, #3821, #5301 ),
 ( #4661, #2489, #1696, #2433, #207, #6128, #7547, #909, #8274, #6030 ) ),
 .UNSPECIFIED., .T., .F., .F. ) 
 B_SPLINE_SURFACE_WITH_KNOTS ( ( 4, 3, 4 ),
 ( 4, 2, 2, 2, 4 ),
 ( 0.000000000000000000, 0.5000000000000000000, 1.000000000000000000 ),
 ( 0.8862669857841730670, 0.9014713004687116005, 0.9166756151532500230, 0.9318798208180109066, 0.9470836837220865112 ),
 .UNSPECIFIED. ) 
 GEOMETRIC_REPRESENTATION_ITEM ( )  RATIONAL_B_SPLINE_SURFACE ( (
 ( 1.000000000000000000, 1.000000000000000000, 1.000000000000000000, 1.000000000000000000, 1.000000000000000000, 1.000000000000000000, 1.000000000000000000, 1.000000000000000000, 1.000000000000000000, 1.000000000000000000),
 ( 0.3333333333333333703, 0.3333333333333333703, 0.3333333333333333703, 0.3333333333333333703, 0.3333333333333333703, 0.3333333333333333703, 0.3333333333333333703, 0.3333333333333333703, 0.3333333333333333703, 0.3333333333333333703),
 ( 0.3333333333333333703, 0.3333333333333333703, 0.3333333333333333703, 0.3333333333333333703, 0.3333333333333333703, 0.3333333333333333703, 0.3333333333333333703, 0.3333333333333333703, 0.3333333333333333703, 0.3333333333333333703),
 ( 1.000000000000000000, 1.000000000000000000, 1.000000000000000000, 1.000000000000000000, 1.000000000000000000, 1.000000000000000000, 1.000000000000000000, 1.000000000000000000, 1.000000000000000000, 1.000000000000000000),
 ( 0.3333333333333333703, 0.3333333333333333703, 0.3333333333333333703, 0.3333333333333333703, 0.3333333333333333703, 0.3333333333333333703, 0.3333333333333333703, 0.3333333333333333703, 0.3333333333333333703, 0.3333333333333333703),
 ( 0.3333333333333333703, 0.3333333333333333703, 0.3333333333333333703, 0.3333333333333333703, 0.3333333333333333703, 0.3333333333333333703, 0.3333333333333333703, 0.3333333333333333703, 0.3333333333333333703, 0.3333333333333333703),
 ( 1.000000000000000000, 1.000000000000000000, 1.000000000000000000, 1.000000000000000000, 1.000000000000000000, 1.000000000000000000, 1.000000000000000000, 1.000000000000000000, 1.000000000000000000, 1.000000000000000000) ) ) 
 REPRESENTATION_ITEM ( '' )  SURFACE ( )  );
#6980 = EDGE_CURVE ( 'NONE', #4900, #8223, #1517, .T. ) ;
#6981 = CARTESIAN_POINT ( 'NONE',  ( -0.2325630728473178921, 0.04653785154078909914, -0.2000000000000000111 ) ) ;
#6982 = CARTESIAN_POINT ( 'NONE',  ( 0.003284946424559538093, 0.06520450237891685374, -0.007732947464829365534 ) ) ;
#6983 = CARTESIAN_POINT ( 'NONE',  ( 0.04659720151313207631, 0.06576572084175839883, 0.1936559227118891113 ) ) ;
#6984 = CARTESIAN_POINT ( 'NONE',  ( -0.03034207140520951348, -0.1228065206388667535, 0.1748112007711367377 ) ) ;
#6985 = CARTESIAN_POINT ( 'NONE',  ( -0.03860570201244008237, -0.1502483825070371759, 0.1623998817803319339 ) ) ;
#6986 = VERTEX_POINT ( 'NONE', #5505 ) ;
#6987 = ORIENTED_EDGE ( 'NONE', *, *, #9208, .T. ) ;
#6988 = CARTESIAN_POINT ( 'NONE',  ( -0.03038445814635643005, -0.2800000000000000266, 0.03438656368245330414 ) ) ;
#6989 = CARTESIAN_POINT ( 'NONE',  ( 0.07514967769977067003, 0.06630592832535872616, -0.2000000000000000111 ) ) ;
#6990 = CARTESIAN_POINT ( 'NONE',  ( 0.02899074939090677885, 0.1083391823141740123, 0.05222534817079499403 ) ) ;
#6991 =( GEOMETRIC_REPRESENTATION_CONTEXT ( 3 ) GLOBAL_UNCERTAINTY_ASSIGNED_CONTEXT ( ( #1936 ) ) GLOBAL_UNIT_ASSIGNED_CONTEXT ( ( #3360, #7078, #7783 ) ) REPRESENTATION_CONTEXT ( 'NONE', 'WORKASPACE' ) );
#6992 = DIRECTION ( 'NONE',  ( -0.02052558504614553775, -0.0002560480453883467664, 0.9997892952006998124 ) ) ;
#6993 = CARTESIAN_POINT ( 'NONE',  ( -0.2151529347530393155, -0.1600000000000000311, -0.1514657644844083773 ) ) ;
#6994 = CARTESIAN_POINT ( 'NONE',  ( -0.05700409448261830464, 0.02320414525415202822, 0.1465980065236661412 ) ) ;
#6995 = STYLED_ITEM ( 'NONE', ( #6589 ), #9442 ) ;
#6996 = ORIENTED_EDGE ( 'NONE', *, *, #8953, .F. ) ;
#6997 = DIRECTION ( 'NONE',  ( -0.03046991852340168866, 0.9995356842380251905, 0.000000000000000000 ) ) ;
#6998 = CARTESIAN_POINT ( 'NONE',  ( -0.06452903573447768548, 0.05556503652990051056, 0.1939089931352257212 ) ) ;
#6999 = CARTESIAN_POINT ( 'NONE',  ( -0.03346796698381065277, -0.1741259671488289140, 0.1072151652631458535 ) ) ;
#7000 = PRESENTATION_STYLE_ASSIGNMENT (( #4953 ) ) ;
#7001 = DIRECTION ( 'NONE',  ( 0.9993792147296975958, -0.02614344219221959378, -0.02361579125490010159 ) ) ;
#7002 = CARTESIAN_POINT ( 'NONE',  ( -0.08364415952623631412, 0.09903317259692964725, 0.1053317150375093769 ) ) ;
#7003 = AXIS2_PLACEMENT_3D ( 'NONE', #6486, #4344, #5775 ) ;
#7004 = CARTESIAN_POINT ( 'NONE',  ( -0.02284064125887374716, 0.06042878925800158202, 0.1748111851109646619 ) ) ;
#7005 = MECHANICAL_DESIGN_GEOMETRIC_PRESENTATION_REPRESENTATION (  '', ( #5868 ), #7676 ) ;
#7006 = EDGE_CURVE ( 'NONE', #4865, #2168, #3687, .T. ) ;
#7007 = SURFACE_STYLE_FILL_AREA ( #646 ) ;
#7008 = VECTOR ( 'NONE', #1300, 1000.000000000000114 ) ;
#7009 = CARTESIAN_POINT ( 'NONE',  ( -0.06770129155413724675, -0.1467909967175633490, 0.05309562986289688424 ) ) ;
#7010 = CARTESIAN_POINT ( 'NONE',  ( 0.002095211089131107478, 0.06508762022689686122, -0.002495141181946893515 ) ) ;
#7011 = CARTESIAN_POINT ( 'NONE',  ( 0.02663252196795941329, 0.06639000387219221033, 0.1760462208385717986 ) ) ;
#7012 = CIRCLE ( 'NONE', #3537, 0.01499999999999999251 ) ;
#7013 = DIRECTION ( 'NONE',  ( 0.000000000000000000, 0.000000000000000000, -1.000000000000000000 ) ) ;
#7014 = CARTESIAN_POINT ( 'NONE',  ( -0.06959202642698679442, -0.1263082061307159720, 0.2134052885665921884 ) ) ;
#7015 = CARTESIAN_POINT ( 'NONE',  ( 0.002363622258348194085, 0.04689497528720031061, -0.1601021503777157462 ) ) ;
#7017 = FACE_OUTER_BOUND ( 'NONE', #9357, .T. ) ;
#7016 = STYLED_ITEM ( 'NONE', ( #5385 ), #8220 ) ;
#7018 = VECTOR ( 'NONE', #9264, 1000.000000000000000 ) ;
#7019 = CARTESIAN_POINT ( 'NONE',  ( -0.08182705203576150221, -0.1799999999999998546, -0.05472891238100792421 ) ) ;
#7020 = CARTESIAN_POINT ( 'NONE',  ( -0.03221269244390718295, -0.1741175072621675979, 0.1603250928051200008 ) ) ;
#7021 = CARTESIAN_POINT ( 'NONE',  ( 0.07514967769977067003, 0.06630592832535872616, -0.2000000000000000111 ) ) ;
#7022 = CARTESIAN_POINT ( 'NONE',  ( -0.06180805360615754251, -0.08678109279879070437, 0.1465979448379764183 ) ) ;
#7023 = EDGE_CURVE ( 'NONE', #8856, #5135, #3000, .T. ) ;
#7024 = PRESENTATION_STYLE_ASSIGNMENT (( #7782 ) ) ;
#7025 = DIRECTION ( 'NONE',  ( 0.000000000000000000, 0.000000000000000000, 1.000000000000000000 ) ) ;
#7026 = PLANE ( 'NONE',  #7558 ) ;
#7027 = CARTESIAN_POINT ( 'NONE',  ( -0.06882051243153163023, 0.05546564820129913642, 0.1912671347734857807 ) ) ;
#7028 = CARTESIAN_POINT ( 'NONE',  ( 0.05873278758584229292, 0.06491087836562359215, 0.1574999999999999456 ) ) ;
#7029 =( NAMED_UNIT ( * ) SI_UNIT ( $, .STERADIAN. ) SOLID_ANGLE_UNIT ( ) );
#7030 = DIRECTION ( 'NONE',  ( 0.000000000000000000, -1.000000000000000000, 0.000000000000000000 ) ) ;
#7031 = CARTESIAN_POINT ( 'NONE',  ( -0.1149999999999999911, -0.2300000000000000100, -0.2000000000000000666 ) ) ;
#7032 = CARTESIAN_POINT ( 'NONE',  ( -0.05471349660071212623, 0.04648596633745986223, 0.1066926758020101673 ) ) ;
#7033 = ADVANCED_FACE ( 'NONE', ( #4378 ), #4485, .T. ) ;
#7034 = CARTESIAN_POINT ( 'NONE',  ( -0.03100910114337037879, -0.1411963759059665646, 0.1748129528537775979 ) ) ;
#7035 =( GEOMETRIC_REPRESENTATION_CONTEXT ( 3 ) GLOBAL_UNCERTAINTY_ASSIGNED_CONTEXT ( ( #8302 ) ) GLOBAL_UNIT_ASSIGNED_CONTEXT ( ( #8982, #229, #5356 ) ) REPRESENTATION_CONTEXT ( 'NONE', 'WORKASPACE' ) );
#7036 = EDGE_LOOP ( 'NONE', ( #4210, #7862, #5364, #8000, #4999, #203 ) ) ;
#7037 = CARTESIAN_POINT ( 'NONE',  ( -0.007753140239137710880, 0.07999999999999989064, 0.1600000000000000033 ) ) ;
#7038 = CARTESIAN_POINT ( 'NONE',  ( -0.03940206246830649239, -0.1638434101127893283, 0.1437494260763967358 ) ) ;
#7039 = FACE_OUTER_BOUND ( 'NONE', #1343, .T. ) ;
#7040 = CARTESIAN_POINT ( 'NONE',  ( -0.2650000000000000133, -0.1700000000000000122, 0.2000000000000000111 ) ) ;
#7041 = CARTESIAN_POINT ( 'NONE',  ( 0.03617995224199715976, 0.06627602164260913697, 0.1601215180529370896 ) ) ;
#7042 = CARTESIAN_POINT ( 'NONE',  ( -0.01324802218210496818, -0.1417795238607041652, 0.2133384918817870790 ) ) ;
#7043 = CARTESIAN_POINT ( 'NONE',  ( -0.06309956079619305491, 0.02345018506393498070, 0.2134020852841647109 ) ) ;
#7044 = ORIENTED_EDGE ( 'NONE', *, *, #1878, .T. ) ;
#7045 = CARTESIAN_POINT ( 'NONE',  ( -0.1986224171725970711, 0.05749131291816581696, -0.2000000000000000111 ) ) ;
#7046 = DIRECTION ( 'NONE',  ( -0.8989403967233602355, -0.02347461441618442848, 0.4374415453713322299 ) ) ;
#7047 = FILL_AREA_STYLE_COLOUR ( '', #3271 ) ;
#7048 =( LENGTH_UNIT ( ) NAMED_UNIT ( * ) SI_UNIT ( .MILLI., .METRE. ) );
#7049 = CARTESIAN_POINT ( 'NONE',  ( -0.05581664559855094299, 0.05688178262846207284, 0.1465979681576721760 ) ) ;
#7050 = DIRECTION ( 'NONE',  ( 0.000000000000000000, 1.000000000000000000, 0.000000000000000000 ) ) ;
#7051 = ORIENTED_EDGE ( 'NONE', *, *, #1937, .T. ) ;
#7052 = AXIS2_PLACEMENT_3D ( 'NONE', #409, #5630, #2657 ) ;
#7053 = CARTESIAN_POINT ( 'NONE',  ( 0.1150000000000000050, -0.1700000000000000122, 0.2000000000000000111 ) ) ;
#7054 = CARTESIAN_POINT ( 'NONE',  ( 0.007712424457248946014, -0.1769979912919411869, -0.05262528563575717688 ) ) ;
#7055 = CARTESIAN_POINT ( 'NONE',  ( 0.1041660170607333624, 0.05593461084181706316, 0.1574999999999999456 ) ) ;
#7056 = CARTESIAN_POINT ( 'NONE',  ( -0.05631915349536183862, 0.04648705137445473951, 0.1556446470466626986 ) ) ;
#7057 = ORIENTED_EDGE ( 'NONE', *, *, #3523, .T. ) ;
#7058 = ORIENTED_EDGE ( 'NONE', *, *, #1250, .F. ) ;
#7059 = ORIENTED_EDGE ( 'NONE', *, *, #9382, .T. ) ;
#7060 = SURFACE_STYLE_USAGE ( .BOTH. , #9209 ) ;
#7061 = FACE_OUTER_BOUND ( 'NONE', #7791, .T. ) ;
#7062 =( NAMED_UNIT ( * ) PLANE_ANGLE_UNIT ( ) SI_UNIT ( $, .RADIAN. ) );
#7063 = CARTESIAN_POINT ( 'NONE',  ( -0.07312456078177705099, -0.2132089703611583231, 0.1601165255607624738 ) ) ;
#7064 = CARTESIAN_POINT ( 'NONE',  ( 0.1150000000000000050, 0.05382126775608768454, -0.2000000000000000111 ) ) ;
#7065 = CARTESIAN_POINT ( 'NONE',  ( 0.08869948980913960890, -0.1800000000000000488, -0.02739082947506823323 ) ) ;
#7066 = VERTEX_POINT ( 'NONE', #4941 ) ;
#7067 = DIRECTION ( 'NONE',  ( -0.000000000000000000, 1.000000000000000000, -0.000000000000000000 ) ) ;
#7068 = MECHANICAL_DESIGN_GEOMETRIC_PRESENTATION_REPRESENTATION (  '', ( #5217 ), #2943 ) ;
#7069 = CARTESIAN_POINT ( 'NONE',  ( 0.05390293135614054876, 0.06515969019098587223, -0.1054555257579187777 ) ) ;
#7070 = ORIENTED_EDGE ( 'NONE', *, *, #4182, .F. ) ;
#7071 = SURFACE_STYLE_FILL_AREA ( #6790 ) ;
#7072 = SURFACE_SIDE_STYLE ('',( #1967 ) ) ;
#7073 = PRESENTATION_STYLE_ASSIGNMENT (( #7820 ) ) ;
#7074 = CARTESIAN_POINT ( 'NONE',  ( 0.01719709787858262826, 0.05582477284818525287, 0.1077304859532542819 ) ) ;
#7075 = EDGE_CURVE ( 'NONE', #8748, #8757, #5858, .T. ) ;
#7076 = ADVANCED_FACE ( 'NONE', ( #1395 ), #547, .F. ) ;
#7077 = VERTEX_POINT ( 'NONE', #9394 ) ;
#7078 =( NAMED_UNIT ( * ) PLANE_ANGLE_UNIT ( ) SI_UNIT ( $, .RADIAN. ) );
#7079 = CARTESIAN_POINT ( 'NONE',  ( -0.07435170301095246626, -0.01276431064381375498, 0.1720995321723959026 ) ) ;
#7080 = CARTESIAN_POINT ( 'NONE',  ( 0.2415971205140184652, 0.07078765774638730301, -0.2000000000000000111 ) ) ;
#7081 = CARTESIAN_POINT ( 'NONE',  ( -0.05940865522617085753, -0.03180107987498257544, 0.1465979608126706801 ) ) ;
#7082 = FILL_AREA_STYLE_COLOUR ( '', #5495 ) ;
#7083 = PRESENTATION_STYLE_ASSIGNMENT (( #868 ) ) ;
#7084 = ORIENTED_EDGE ( 'NONE', *, *, #6786, .F. ) ;
#7085 = ORIENTED_EDGE ( 'NONE', *, *, #7265, .T. ) ;
#7086 = UNCERTAINTY_MEASURE_WITH_UNIT (LENGTH_MEASURE( 1.000000000000000082E-05 ), #8229, 'distance_accuracy_value', 'NONE');
#7087 = CARTESIAN_POINT ( 'NONE',  ( 0.001943122174736397478, -0.1238703825727191510, -0.1762741687276841163 ) ) ;
#7088 = CARTESIAN_POINT ( 'NONE',  ( -0.04140122888186806294, -0.1741174758925110866, -0.05266419409108981375 ) ) ;
#7089 = FILL_AREA_STYLE_COLOUR ( '', #1330 ) ;
#7090 = FACE_OUTER_BOUND ( 'NONE', #7159, .T. ) ;
#7091 = DIRECTION ( 'NONE',  ( -0.03046997120607363232, 0.9995356826287380425, 2.569782767650185671E-06 ) ) ;
#7092 = EDGE_CURVE ( 'NONE', #6290, #2106, #4249, .T. ) ;
#7093 = CARTESIAN_POINT ( 'NONE',  ( 0.01314829780259164915, 0.06596038249903218853, -0.1605817106501208347 ) ) ;
#7094 = LINE ( 'NONE', #1146, #1952 ) ;
#7095 = ORIENTED_EDGE ( 'NONE', *, *, #5661, .T. ) ;
#7096 = STYLED_ITEM ( 'NONE', ( #8485 ), #812 ) ;
#7097 = ORIENTED_EDGE ( 'NONE', *, *, #18, .F. ) ;
#7098 = DIRECTION ( 'NONE',  ( -0.03046778570332113467, -0.9995357492496586005, 2.502094345226656559E-06 ) ) ;
#7099 = CARTESIAN_POINT ( 'NONE',  ( -0.1043579379157500708, -0.1961590955509036893, 0.001412484446542556929 ) ) ;
#7100 = CARTESIAN_POINT ( 'NONE',  ( 0.001958779339369382758, 0.06507388925118572087, -0.002427928263356419342 ) ) ;
#7101 = CARTESIAN_POINT ( 'NONE',  ( 0.08404099653656033064, -0.1800042467859684914, -0.1338250554085056998 ) ) ;
#7102 = CARTESIAN_POINT ( 'NONE',  ( 0.03118990749629462628, -0.1949948728367442707, 0.1600116531572483847 ) ) ;
#7103 = EDGE_LOOP ( 'NONE', ( #9259, #6253, #1443, #9230, #7865, #3499 ) ) ;
#7104 = VERTEX_POINT ( 'NONE', #698 ) ;
#7105 = EDGE_CURVE ( 'NONE', #5643, #2856, #6426, .T. ) ;
#7106 = CARTESIAN_POINT ( 'NONE',  ( 0.03197387895954747344, -0.1650051271632560212, 0.1599883468427513722 ) ) ;
#7107 = DIRECTION ( 'NONE',  ( -0.02614935266312528109, 0.9996580472117950755, 9.996225603671056969E-19 ) ) ;
#7108 =( GEOMETRIC_REPRESENTATION_CONTEXT ( 3 ) GLOBAL_UNCERTAINTY_ASSIGNED_CONTEXT ( ( #7616 ) ) GLOBAL_UNIT_ASSIGNED_CONTEXT ( ( #8042, #3651, #5880 ) ) REPRESENTATION_CONTEXT ( 'NONE', 'WORKASPACE' ) );
#7109 = PLANE ( 'NONE',  #2653 ) ;
#7110 = FILL_AREA_STYLE ('',( #7138 ) ) ;
#7111 = CARTESIAN_POINT ( 'NONE',  ( -0.01529521573688097380, 0.06469889026946705479, 0.1574999999999999456 ) ) ;
#7112 = PRESENTATION_STYLE_ASSIGNMENT (( #6880 ) ) ;
#7113 = CARTESIAN_POINT ( 'NONE',  ( -0.2231091093434084127, -0.1550000000000000266, -0.1582779960609690673 ) ) ;
#7114 = DIRECTION ( 'NONE',  ( 0.03046773440284035808, 0.9995357508165266802, 0.000000000000000000 ) ) ;
#7115 = CARTESIAN_POINT ( 'NONE',  ( -0.02232645484785964612, -0.2800000000000000266, -0.1011377395782614708 ) ) ;
#7116 = CARTESIAN_POINT ( 'NONE',  ( -0.2650000000000000133, 0.1700000000000000122, -0.1750000000000000167 ) ) ;
#7117 = CARTESIAN_POINT ( 'NONE',  ( 0.1150000000000000050, 0.000000000000000000, -0.2000000000000000111 ) ) ;
#7118 = CARTESIAN_POINT ( 'NONE',  ( 0.01301187021146871584, 0.06595246229119391956, -0.1598884500951824605 ) ) ;
#7119 = B_SPLINE_CURVE_WITH_KNOTS ( 'NONE', 3,
 ( #5521, #4826, #1856, #7045, #3357, #8468, #4085, #8400, #6989, #3390, #1079, #4017, #2646 ),
 .UNSPECIFIED., .F., .F.,
 ( 4, 1, 1, 1, 1, 1, 1, 1, 1, 1, 4 ),
 ( 0.000000000000000000, 0.08125249521118288465, 0.1198496107998578836, 0.1845807110164505438, 0.2607815769963077179, 0.3656248629570439390, 0.4831154010945742372, 0.6540397345420932984, 0.7849655303996231348, 0.8602438119646695913, 1.000000000000000000 ),
 .UNSPECIFIED. ) ;
#7120 = VECTOR ( 'NONE', #3965, 1000.000000000000000 ) ;
#7121 = AXIS2_PLACEMENT_3D ( 'NONE', #852, #8618, #57 ) ;
#7122 = CARTESIAN_POINT ( 'NONE',  ( -0.04140122888186806294, -0.1741174758925110866, -0.05266419409108981375 ) ) ;
#7123 = EDGE_CURVE ( 'NONE', #1968, #7968, #6218, .T. ) ;
#7124 = FILL_AREA_STYLE_COLOUR ( '', #480 ) ;
#7125 = CARTESIAN_POINT ( 'NONE',  ( 0.001357912428162078022, 0.06501261181688305912, -0.005767243018309261247 ) ) ;
#7126 = TOROIDAL_SURFACE ( 'NONE', #8666, 0.02002185241913521929, 0.01499999999999999598 ) ;
#7127 = CARTESIAN_POINT ( 'NONE',  ( -0.04972953312826594585, 0.05974075949656145607, -0.1638548857266062253 ) ) ;
#7128 = CARTESIAN_POINT ( 'NONE',  ( -0.01742357537140429291, 0.07553506467072447494, 0.05243358991517151069 ) ) ;
#7129 = CARTESIAN_POINT ( 'NONE',  ( -0.01463513676551816967, 0.06096671518632675035, -0.1594283161450758546 ) ) ;
#7130 = CARTESIAN_POINT ( 'NONE',  ( 0.02113848844925341960, -0.06769075067954843927, 0.1777328117915815686 ) ) ;
#7131 = CIRCLE ( 'NONE', #4575, 0.01500000000000000118 ) ;
#7132 = DIRECTION ( 'NONE',  ( -0.000000000000000000, 1.000000000000000000, -0.000000000000000000 ) ) ;
#7133 = FILL_AREA_STYLE_COLOUR ( '', #7134 ) ;
#7134 = COLOUR_RGB ( '',1.000000000000000000, 1.000000000000000000, 0.5019607843137254832 ) ;
#7135 = UNCERTAINTY_MEASURE_WITH_UNIT (LENGTH_MEASURE( 1.000000000000000082E-05 ), #6616, 'distance_accuracy_value', 'NONE');
#7136 = CARTESIAN_POINT ( 'NONE',  ( 0.03940242626836878981, -0.1594225447634489423, -0.1546713449399733931 ) ) ;
#7137 = CIRCLE ( 'NONE', #7388, 0.01499999999999999771 ) ;
#7138 = FILL_AREA_STYLE_COLOUR ( '', #4854 ) ;
#7140 = COLOUR_RGB ( '',1.000000000000000000, 1.000000000000000000, 1.000000000000000000 ) ;
#7139 = CARTESIAN_POINT ( 'NONE',  ( -0.03054243998749914951, 0.04903491505296834335, 0.1623989672421564112 ) ) ;
#7141 = CARTESIAN_POINT ( 'NONE',  ( 0.04747615596063559790, -0.03232268158606577818, -0.1792538099493989345 ) ) ;
#7142 = CARTESIAN_POINT ( 'NONE',  ( -0.04564206208424993055, -0.1638409044490960476, -0.001412484446542551075 ) ) ;
#7143 = EDGE_CURVE ( 'NONE', #6380, #6361, #8364, .T. ) ;
#7144 = TOROIDAL_SURFACE ( 'NONE', #8094, 0.02002185241913492092, 0.01499999999999999598 ) ;
#7145 = CARTESIAN_POINT ( 'NONE',  ( -0.02790486575502421074, -0.2134793513443307700, -0.1067246010323190802 ) ) ;
#7146 = EDGE_CURVE ( 'NONE', #9205, #2520, #1938, .T. ) ;
#7147 = CARTESIAN_POINT ( 'NONE',  ( -0.005890815485539191952, -0.1858910336190617851, 0.1060564606960404666 ) ) ;
#7148 = CARTESIAN_POINT ( 'NONE',  ( 0.002236088401916000272, 0.06510654376887918537, -0.1932606821120797236 ) ) ;
#7149 = CARTESIAN_POINT ( 'NONE',  ( -0.008362798779528949483, 0.05998743945579443348, 0.1599823585076225185 ) ) ;
#7150 = AXIS2_PLACEMENT_3D ( 'NONE', #4031, #5535, #6285 ) ;
#7151 = ORIENTED_EDGE ( 'NONE', *, *, #1063, .T. ) ;
#7152 = DIRECTION ( 'NONE',  ( -0.02615301167375805313, -0.9996579468436914695, -9.639838070798351088E-05 ) ) ;
#7153 =( NAMED_UNIT ( * ) SI_UNIT ( $, .STERADIAN. ) SOLID_ANGLE_UNIT ( ) );
#7154 = CARTESIAN_POINT ( 'NONE',  ( -0.07587136464398643032, -0.1799999999999998546, -0.01811097402364495249 ) ) ;
#7155 = CARTESIAN_POINT ( 'NONE',  ( 0.03882841321154756331, 0.07849138835906371847, -0.05417481111629973006 ) ) ;
#7156 = CARTESIAN_POINT ( 'NONE',  ( 0.05158481475361261642, 0.06537209034687367637, -0.07960766895645585151 ) ) ;
#7157 = DIRECTION ( 'NONE',  ( -0.8755976470553532565, -0.4827019435506179623, -0.01809956252468488888 ) ) ;
#7158 = AXIS2_PLACEMENT_3D ( 'NONE', #1943, #1869, #2566 ) ;
#7159 = EDGE_LOOP ( 'NONE', ( #4089, #8306, #4144, #6044 ) ) ;
#7160 = CARTESIAN_POINT ( 'NONE',  ( 0.01204396818640438363, 0.1131187399372438340, -0.1063773337456498241 ) ) ;
#7161 = DIRECTION ( 'NONE',  ( -0.8755976470553532565, -0.4827019435506179623, -0.01809956252468488888 ) ) ;
#7162 = CARTESIAN_POINT ( 'NONE',  ( 0.03440986775352493365, -0.03069963764001210765, -0.1546713374592306733 ) ) ;
#7163 = DIRECTION ( 'NONE',  ( -0.8988292666643789008, -0.02740114883363692355, 0.4374415691611529544 ) ) ;
#7164 = CARTESIAN_POINT ( 'NONE',  ( -0.03553972741607113600, -0.06955040043462333565, 0.1623989420156493335 ) ) ;
#7165 = CARTESIAN_POINT ( 'NONE',  ( 0.1221691108778303198, -0.1805741668813519163, 0.04470776659519506285 ) ) ;
#7166 = DIRECTION ( 'NONE',  ( 0.9993255101729127121, 0.03046351156190941697, 0.02050607668387869481 ) ) ;
#7167 = COLOUR_RGB ( '',1.000000000000000000, 1.000000000000000000, 1.000000000000000000 ) ;
#7168 = CIRCLE ( 'NONE', #9121, 0.01500000000000000118 ) ;
#7169 = VERTEX_POINT ( 'NONE', #74 ) ;
#7170 = ORIENTED_EDGE ( 'NONE', *, *, #8048, .T. ) ;
#7171 = B_SPLINE_SURFACE_WITH_KNOTS ( 'NONE', 3, 1, ( 
 ( #6127, #8304 ),
 ( #1846, #1069 ),
 ( #6981, #6892 ),
 ( #3321, #6916 ),
 ( #3259, #1726 ),
 ( #3981, #323 ),
 ( #6857, #6198 ),
 ( #2463, #4254 ),
 ( #6317, #3567 ),
 ( #1916, #2099 ),
 ( #5570, #4289 ),
 ( #1953, #6504 ),
 ( #448, #7984 ) ),
 .UNSPECIFIED., .F., .F., .F.,
 ( 4, 1, 1, 1, 1, 1, 1, 1, 1, 1, 4 ),
 ( 2, 2 ),
 ( 0.000000000000000000, 0.08125249521118288465, 0.1198496107998578836, 0.1845807110164505438, 0.2607815769963077179, 0.3656248629570439390, 0.4831154010945742372, 0.6540397345420932984, 0.7849655303996231348, 0.8602438119646695913, 1.000000000000000000 ),
 ( 0.000000000000000000, 1.000000000000000000 ),
 .UNSPECIFIED. ) ;
#7172 = ORIENTED_EDGE ( 'NONE', *, *, #417, .F. ) ;
#7173 = VECTOR ( 'NONE', #1556, 1000.000000000000000 ) ;
#7174 = CARTESIAN_POINT ( 'NONE',  ( 0.02207025368785180131, 0.08446481330335606219, -0.1597072464127865798 ) ) ;
#7175 = CARTESIAN_POINT ( 'NONE',  ( 0.007438517560738263507, 0.06472338571697988652, -0.1575000000000000011 ) ) ;
#7176 = DIRECTION ( 'NONE',  ( 0.03046773440284110401, 0.9995357508165266802, 0.000000000000000000 ) ) ;
#7177 = CARTESIAN_POINT ( 'NONE',  ( -0.02846794172079217602, 0.06096691168326798943, 0.1079221127433932781 ) ) ;
#7178 = CARTESIAN_POINT ( 'NONE',  ( -0.2650000000000000133, 0.05000000000000002359, -0.2000000000000000111 ) ) ;
#7179 = CARTESIAN_POINT ( 'NONE',  ( 0.02280606252262613182, 0.06633920418181807332, -0.1738464945963911212 ) ) ;
#7180 = EDGE_CURVE ( 'NONE', #1690, #7726, #8259, .T. ) ;
#7181 = EDGE_LOOP ( 'NONE', ( #4960, #7321, #3278, #949, #1595 ) ) ;
#7182 = ORIENTED_EDGE ( 'NONE', *, *, #3820, .F. ) ;
#7183 = SURFACE_STYLE_FILL_AREA ( #8088 ) ;
#7184 = CARTESIAN_POINT ( 'NONE',  ( -0.08732775770370936053, -0.1714750601623973580, 0.0005931195190617610455 ) ) ;
#7185 = CARTESIAN_POINT ( 'NONE',  ( 0.001942017789655089239, 0.06507273620019535243, -0.05637390944337878490 ) ) ;
#7186 = CARTESIAN_POINT ( 'NONE',  ( -0.1221413777586197458, -0.1811493689518908212, -0.04472940631072863660 ) ) ;
#7187 = CARTESIAN_POINT ( 'NONE',  ( 0.03210900769069089528, 0.04864350951518011529, 0.1060647230754792752 ) ) ;
#7188 = AXIS2_PLACEMENT_3D ( 'NONE', #3446, #6974, #6888 ) ;
#7189 =( NAMED_UNIT ( * ) SI_UNIT ( $, .STERADIAN. ) SOLID_ANGLE_UNIT ( ) );
#7190 = CIRCLE ( 'NONE', #2436, 0.01500000000000000465 ) ;
#7191 = CARTESIAN_POINT ( 'NONE',  ( -0.04396866915088002564, 0.08724864394693580827, 0.1285857063507560849 ) ) ;
#7192 = CARTESIAN_POINT ( 'NONE',  ( 0.02982378969089837309, 0.02375326748288214204, 0.1480775594813176221 ) ) ;
#7193 = EDGE_LOOP ( 'NONE', ( #3818, #1008, #1332, #8759, #2448, #1689 ) ) ;
#7194 = ORIENTED_EDGE ( 'NONE', *, *, #8313, .F. ) ;
#7195 =( LENGTH_UNIT ( ) NAMED_UNIT ( * ) SI_UNIT ( .MILLI., .METRE. ) );
#7196 = CARTESIAN_POINT ( 'NONE',  ( -0.1234630373134300435, -0.1766296103115636007, -0.08058580451180644144 ) ) ;
#7197 = EDGE_CURVE ( 'NONE', #1253, #2805, #6664, .T. ) ;
#7198 = CARTESIAN_POINT ( 'NONE',  ( 0.005379859782546312329, -0.03197494123061385418, -0.1472126337261365769 ) ) ;
#7199 = DIRECTION ( 'NONE',  ( -0.8457699189191015821, 0.000000000000000000, -0.5335477900353224889 ) ) ;
#7200 = CARTESIAN_POINT ( 'NONE',  ( 0.04438635493664365439, -0.1536089033205350618, -0.02765582156331632818 ) ) ;
#7201 = FACE_OUTER_BOUND ( 'NONE', #9438, .T. ) ;
#7202 = VERTEX_POINT ( 'NONE', #2952 ) ;
#7203 = ORIENTED_EDGE ( 'NONE', *, *, #1229, .T. ) ;
#7204 = FILL_AREA_STYLE ('',( #6516 ) ) ;
#7205 =( NAMED_UNIT ( * ) SI_UNIT ( $, .STERADIAN. ) SOLID_ANGLE_UNIT ( ) );
#7206 = STYLED_ITEM ( 'NONE', ( #830 ), #4522 ) ;
#7207 = DIRECTION ( 'NONE',  ( -1.000000000000000000, 0.000000000000000000, -0.000000000000000000 ) ) ;
#7208 = CARTESIAN_POINT ( 'NONE',  ( 0.003984261681737179955, 0.1131050346108560672, 0.02701373789098636055 ) ) ;
#7209 = FACE_OUTER_BOUND ( 'NONE', #5000, .T. ) ;
#7210 = CARTESIAN_POINT ( 'NONE',  ( -0.06627140969980210849, 0.07275948528167891505, 0.05249772287053580677 ) ) ;
#7211 = CARTESIAN_POINT ( 'NONE',  ( 0.07500000000000005274, -0.1800000000000000488, 1.694065894508600678E-18 ) ) ;
#7212 = CARTESIAN_POINT ( 'NONE',  ( 0.01301984234484782413, 0.06595292595686690074, -0.1600329787959565986 ) ) ;
#7213 = ORIENTED_EDGE ( 'NONE', *, *, #8754, .T. ) ;
#7214 = CARTESIAN_POINT ( 'NONE',  ( -0.07399524840685452187, 0.05555974305817006076, 0.1792671265001878900 ) ) ;
#7215 = AXIS2_PLACEMENT_3D ( 'NONE', #8203, #8924, #3910 ) ;
#7216 = PRESENTATION_STYLE_ASSIGNMENT (( #4222 ) ) ;
#7217 = CARTESIAN_POINT ( 'NONE',  ( -0.008362798779528949483, 0.05998743945579443348, 0.1599823585076225185 ) ) ;
#7218 = CARTESIAN_POINT ( 'NONE',  ( -0.1149999999999999772, 0.06074636187499602574, -0.1575000000000000011 ) ) ;
#7219 = CARTESIAN_POINT ( 'NONE',  ( -0.1221691108778303475, -0.1805741668813518053, -0.04470776659519501428 ) ) ;
#7220 = ORIENTED_EDGE ( 'NONE', *, *, #1483, .T. ) ;
#7221 = CARTESIAN_POINT ( 'NONE',  ( 0.03373482484458720232, 0.07849132467248870482, 0.02568504823611458820 ) ) ;
#7222 = CARTESIAN_POINT ( 'NONE',  ( 0.05444102982402975605, 0.06510749875713008061, -0.1088126406400285878 ) ) ;
#7223 = CARTESIAN_POINT ( 'NONE',  ( -0.02911274646542583167, 0.08724039871988237271, -0.1597322420500395523 ) ) ;
#7224 = CARTESIAN_POINT ( 'NONE',  ( 0.05151530004937621837, 0.05968646588952951360, 0.2119225320233766863 ) ) ;
#7225 = CARTESIAN_POINT ( 'NONE',  ( 0.08738751317985424261, -0.1799999737873384242, -0.05402129216672520856 ) ) ;
#7226 = DIRECTION ( 'NONE',  ( -0.9947187166712730955, -0.1005812350896081869, -0.02044724557745129095 ) ) ;
#7227 = CARTESIAN_POINT ( 'NONE',  ( 0.1058367025873511308, -0.1800000000000000488, 0.01666926602964840035 ) ) ;
#7228 = CARTESIAN_POINT ( 'NONE',  ( -0.002886140486550816710, -0.01395436986021653288, -0.1762706477526660431 ) ) ;
#7229 = CARTESIAN_POINT ( 'NONE',  ( -0.1988062389287093279, -0.2300000000000000655, -0.08175643111878473646 ) ) ;
#7230 = CARTESIAN_POINT ( 'NONE',  ( -0.05211581234927879780, -0.08718367367537752100, 0.1879004750435559756 ) ) ;
#7231 = MECHANICAL_DESIGN_GEOMETRIC_PRESENTATION_REPRESENTATION (  '', ( #2150 ), #7723 ) ;
#7232 = DIRECTION ( 'NONE',  ( 0.04805693313322301902, 0.000000000000000000, 0.9988445981121532036 ) ) ;
#7233 = CARTESIAN_POINT ( 'NONE',  ( -0.07841962604927427138, -0.2132089752261086268, 0.02688826688366048254 ) ) ;
#7234 = FACE_OUTER_BOUND ( 'NONE', #3150, .T. ) ;
#7235 = FILL_AREA_STYLE ('',( #9410 ) ) ;
#7236 = CARTESIAN_POINT ( 'NONE',  ( -0.02207016194171037074, 0.07553504503132692227, 0.1597049293376392176 ) ) ;
#7237 = CARTESIAN_POINT ( 'NONE',  ( 0.04163720122047109146, 0.05998743945579433634, 0.1599823585076224075 ) ) ;
#7238 = CARTESIAN_POINT ( 'NONE',  ( -0.05181750379757978781, 0.04648588202118946605, 0.05338848747549978374 ) ) ;
#7239 = SURFACE_SIDE_STYLE ('',( #6580 ) ) ;
#7240 = B_SPLINE_CURVE_WITH_KNOTS ( 'NONE', 3,
 ( #313, #1130, #436, #6906, #4710, #2598, #5476, #3366 ),
 .UNSPECIFIED., .F., .F.,
 ( 4, 2, 2, 4 ),
 ( 0.3862494968849777277, 0.4166575646906974240, 0.4318620162277504448, 0.4470661460246058705 ),
 .UNSPECIFIED. ) ;
#7241 =( GEOMETRIC_REPRESENTATION_CONTEXT ( 3 ) GLOBAL_UNCERTAINTY_ASSIGNED_CONTEXT ( ( #2961 ) ) GLOBAL_UNIT_ASSIGNED_CONTEXT ( ( #5019, #2848, #622 ) ) REPRESENTATION_CONTEXT ( 'NONE', 'WORKASPACE' ) );
#7242 = FILL_AREA_STYLE_COLOUR ( '', #3473 ) ;
#7243 = CIRCLE ( 'NONE', #2696, 0.01499999999999999944 ) ;
#7244 =( GEOMETRIC_REPRESENTATION_CONTEXT ( 3 ) GLOBAL_UNCERTAINTY_ASSIGNED_CONTEXT ( ( #5256 ) ) GLOBAL_UNIT_ASSIGNED_CONTEXT ( ( #1083, #1829, #3333 ) ) REPRESENTATION_CONTEXT ( 'NONE', 'WORKASPACE' ) );
#7245 = CARTESIAN_POINT ( 'NONE',  ( 0.02486340862955106409, 0.1083460577648065332, 0.1326421544052882873 ) ) ;
#7246 = CARTESIAN_POINT ( 'NONE',  ( 0.05467207733036436729, 0.06508477499606667160, -0.1094157081150215344 ) ) ;
#7247 = CARTESIAN_POINT ( 'NONE',  ( -0.05640895883620539175, 0.04648593109057793521, 0.1600190129039758824 ) ) ;
#7248 = CARTESIAN_POINT ( 'NONE',  ( 0.05873526738759401317, -0.1800000000000000488, -0.02592593678564418871 ) ) ;
#7250 = UNCERTAINTY_MEASURE_WITH_UNIT (LENGTH_MEASURE( 1.000000000000000082E-05 ), #6403, 'distance_accuracy_value', 'NONE');
#7249 = CARTESIAN_POINT ( 'NONE',  ( 0.05405658470138025029, -0.1500042473709121693, -0.1328130971069005628 ) ) ;
#7251 = ORIENTED_EDGE ( 'NONE', *, *, #7197, .F. ) ;
#7252 = DIRECTION ( 'NONE',  ( -0.02615301167375779293, -0.9996579468436915805, -9.639838069358359842E-05 ) ) ;
#7253 = STYLED_ITEM ( 'NONE', ( #8898 ), #8878 ) ;
#7254 = FILL_AREA_STYLE_COLOUR ( '', #3529 ) ;
#7255 = CARTESIAN_POINT ( 'NONE',  ( -0.01742357537140429291, 0.07553506467072447494, 0.05243358991517151069 ) ) ;
#7256 = CARTESIAN_POINT ( 'NONE',  ( -0.04971781314611507796, -0.03223542802314299099, 0.1879004909891636155 ) ) ;
#7257 =( NAMED_UNIT ( * ) SI_UNIT ( $, .STERADIAN. ) SOLID_ANGLE_UNIT ( ) );
#7258 = CARTESIAN_POINT ( 'NONE',  ( -0.08075670284563075951, -0.1714750486207665403, 0.1602902600824025470 ) ) ;
#7259 = ORIENTED_EDGE ( 'NONE', *, *, #4191, .T. ) ;
#7260 = EDGE_CURVE ( 'NONE', #1543, #3094, #4320, .T. ) ;
#7261 = CARTESIAN_POINT ( 'NONE',  ( 0.2650000000000000133, 0.06000000000000001166, -0.2000000000000000111 ) ) ;
#7262 = CARTESIAN_POINT ( 'NONE',  ( 0.002250147947304805864, 0.1131050136717272198, 0.05364325304789240023 ) ) ;
#7263 = CARTESIAN_POINT ( 'NONE',  ( -0.05275677018931364953, 0.1135140545949213930, 0.02656856676377312293 ) ) ;
#7264 = SURFACE_STYLE_FILL_AREA ( #8366 ) ;
#7265 = EDGE_CURVE ( 'NONE', #1784, #8068, #2271, .T. ) ;
#7266 = CARTESIAN_POINT ( 'NONE',  ( -0.04701725506040087960, -0.1238308671010242140, -0.1734418981614820054 ) ) ;
#7267 = CARTESIAN_POINT ( 'NONE',  ( -0.01141174830308344483, 0.04689498630165666454, 0.1063766058498976375 ) ) ;
#7268 = VERTEX_POINT ( 'NONE', #6745 ) ;
#7269 =( NAMED_UNIT ( * ) SI_UNIT ( $, .STERADIAN. ) SOLID_ANGLE_UNIT ( ) );
#7270 = DIRECTION ( 'NONE',  ( -0.9880525659434229446, 0.03011737767676796185, -0.1511458583438287651 ) ) ;
#7271 = CIRCLE ( 'NONE', #3786, 0.01499999999999999771 ) ;
#7272 = LINE ( 'NONE', #2399, #488 ) ;
#7273 = CARTESIAN_POINT ( 'NONE',  ( -0.01462718512683357924, 0.06081081289912651511, -0.1595842184322760759 ) ) ;
#7274 = CARTESIAN_POINT ( 'NONE',  ( 0.05244599694193768230, -0.1603917168665567050, -0.1792538183240137417 ) ) ;
#7275 = ORIENTED_EDGE ( 'NONE', *, *, #9085, .F. ) ;
#7276 = EDGE_CURVE ( 'NONE', #3541, #1142, #1459, .T. ) ;
#7277 = ORIENTED_EDGE ( 'NONE', *, *, #6166, .T. ) ;
#7278 = DIRECTION ( 'NONE',  ( -0.03046991852340155335, 0.9995356842380253015, 0.000000000000000000 ) ) ;
#7279 = CARTESIAN_POINT ( 'NONE',  ( -0.1210718620247217547, -0.1864627417671275156, -0.04574611991424980262 ) ) ;
#7280 = CARTESIAN_POINT ( 'NONE',  ( 0.05520045882711243496, 0.06503206759435016526, -0.1063275469359768327 ) ) ;
#7281 = VERTEX_POINT ( 'NONE', #6708 ) ;
#7282 = CARTESIAN_POINT ( 'NONE',  ( 0.02640599147334834335, 0.06045176066515148272, 0.1777328121248425985 ) ) ;
#7283 = MECHANICAL_DESIGN_GEOMETRIC_PRESENTATION_REPRESENTATION (  '', ( #894 ), #3359 ) ;
#7284 = SURFACE_SIDE_STYLE ('',( #7007 ) ) ;
#7285 =( GEOMETRIC_REPRESENTATION_CONTEXT ( 3 ) GLOBAL_UNCERTAINTY_ASSIGNED_CONTEXT ( ( #4014 ) ) GLOBAL_UNIT_ASSIGNED_CONTEXT ( ( #1947, #3409, #6972 ) ) REPRESENTATION_CONTEXT ( 'NONE', 'WORKASPACE' ) );
#7286 = LINE ( 'NONE', #5146, #5339 ) ;
#7287 = SURFACE_SIDE_STYLE ('',( #6006 ) ) ;
#7288 = ORIENTED_EDGE ( 'NONE', *, *, #6868, .T. ) ;
#7289 = EDGE_LOOP ( 'NONE', ( #423, #9128, #8092, #7051, #9434, #559 ) ) ;
#7290 = CARTESIAN_POINT ( 'NONE',  ( 0.1727154805785203751, -0.1700000000000000955, 0.1472490126125821919 ) ) ;
#7291 = CARTESIAN_POINT ( 'NONE',  ( 0.01802111689646825748, 0.08446493565238885615, -0.05241436003526540877 ) ) ;
#7292 = ORIENTED_EDGE ( 'NONE', *, *, #3573, .T. ) ;
#7293 = DIRECTION ( 'NONE',  ( 0.9694834313197185915, 0.000000000000000000, -0.2451568404033317161 ) ) ;
#7294 = CARTESIAN_POINT ( 'NONE',  ( 0.1244805217859632079, -0.2300000000000000100, 0.08245206481447017732 ) ) ;
#7295 = VECTOR ( 'NONE', #6369, 1000.000000000000114 ) ;
#7296 = AXIS2_PLACEMENT_3D ( 'NONE', #4239, #3576, #5047 ) ;
#7297 = ORIENTED_EDGE ( 'NONE', *, *, #1748, .T. ) ;
#7298 = DIRECTION ( 'NONE',  ( 0.000000000000000000, -1.000000000000000000, 0.000000000000000000 ) ) ;
#7299 = CARTESIAN_POINT ( 'NONE',  ( -0.03099834140870788568, 0.1041751681020532672, 0.1595289694026111316 ) ) ;
#7300 = CARTESIAN_POINT ( 'NONE',  ( -0.04004714622731387480, 0.08724043042291151906, 0.05411908608107289520 ) ) ;
#7301 = DIRECTION ( 'NONE',  ( -0.02362941044757715936, 0.0001591926594771905790, -0.9997207738261705279 ) ) ;
#7302 = CARTESIAN_POINT ( 'NONE',  ( -0.04224685976086223899, 0.08000000000000004330, -0.1599999999999999756 ) ) ;
#7303 = EDGE_CURVE ( 'NONE', #4415, #7395, #7413, .T. ) ;
#7304 = B_SPLINE_CURVE_WITH_KNOTS ( 'NONE', 3,
 ( #8478, #6965, #5529, #4099, #9196, #583 ),
 .UNSPECIFIED., .F., .F.,
 ( 4, 1, 1, 4 ),
 ( 0.7148228704850070336, 0.7849655303996231348, 0.8602438119646695913, 1.000000000000000000 ),
 .UNSPECIFIED. ) ;
#7305 = FILL_AREA_STYLE_COLOUR ( '', #8887 ) ;
#7306 = DIRECTION ( 'NONE',  ( 0.000000000000000000, 1.000000000000000000, 0.000000000000000000 ) ) ;
#7307 = UNCERTAINTY_MEASURE_WITH_UNIT (LENGTH_MEASURE( 1.000000000000000082E-05 ), #7195, 'distance_accuracy_value', 'NONE');
#7308 = EDGE_LOOP ( 'NONE', ( #3851, #4406, #5249, #6098 ) ) ;
#7309 = VERTEX_POINT ( 'NONE', #4655 ) ;
#7310 = CARTESIAN_POINT ( 'NONE',  ( -0.02004635631420310926, 0.06194637159173439767, 0.1899313419653814727 ) ) ;
#7311 = CARTESIAN_POINT ( 'NONE',  ( 0.1278671797069859672, -0.1700000000000000122, 0.03805575324395597814 ) ) ;
#7312 = CARTESIAN_POINT ( 'NONE',  ( 0.04379874731805850907, 0.05954351437568160960, -0.1792538179515145713 ) ) ;
#7313 = AXIS2_PLACEMENT_3D ( 'NONE', #2446, #7567, #1802 ) ;
#7314 = CARTESIAN_POINT ( 'NONE',  ( 0.05538194436659168995, 0.06501378681781037894, -0.1031626062993662024 ) ) ;
#7315 = DIRECTION ( 'NONE',  ( 0.000000000000000000, 0.000000000000000000, -1.000000000000000000 ) ) ;
#7316 = CARTESIAN_POINT ( 'NONE',  ( 0.08998266897168233358, -0.1500000000000000222, -0.0007208539969983173779 ) ) ;
#7317 = CARTESIAN_POINT ( 'NONE',  ( 0.05405657511183244168, -0.1800042480035775605, -0.1328115040018194304 ) ) ;
#7318 = CARTESIAN_POINT ( 'NONE',  ( -0.06881009250370540009, -0.1949948728367442152, 0.1600116531572483847 ) ) ;
#7319 = ORIENTED_EDGE ( 'NONE', *, *, #2059, .F. ) ;
#7320 =( BOUNDED_SURFACE ( )  B_SPLINE_SURFACE ( 3, 3, ( 
 ( #880, #4596, #1630, #947, #1853, #6984, #1788, #3987 ),
 ( #9154, #1885, #6205, #6952, #4729, #5519, #1820, #9063 ),
 ( #1075, #4797, #2528, #6233, #5462, #1925, #9184, #8395 ),
 ( #2552, #2582, #8371, #6920, #5429, #4823, #387, #3327 ),
 ( #3265, #4043, #1168, #9090, #7712, #7649, #7042, #2643 ),
 ( #1112, #5544, #4697, #9126, #3232, #1048, #3295, #328 ),
 ( #7685, #8341, #4015, #4757, #359, #300, #5492, #8432 ) ),
 .UNSPECIFIED., .T., .F., .T. ) 
 B_SPLINE_SURFACE_WITH_KNOTS ( ( 4, 3, 4 ),
 ( 4, 2, 2, 4 ),
 ( 0.000000000000000000, 0.5000000000000000000, 1.000000000000000000 ),
 ( 0.5529334042478109001, 0.5833420381817321365, 0.5985462493099465986, 0.6137500830758146897 ),
 .UNSPECIFIED. ) 
 GEOMETRIC_REPRESENTATION_ITEM ( )  RATIONAL_B_SPLINE_SURFACE ( (
 ( 1.000000000000000000, 1.000000000000000000, 1.000000000000000000, 1.000000000000000000, 1.000000000000000000, 1.000000000000000000, 1.000000000000000000, 1.000000000000000000),
 ( 0.3333333333333333703, 0.3333333333333333703, 0.3333333333333333703, 0.3333333333333333703, 0.3333333333333333703, 0.3333333333333333703, 0.3333333333333333703, 0.3333333333333333703),
 ( 0.3333333333333333703, 0.3333333333333333703, 0.3333333333333333703, 0.3333333333333333703, 0.3333333333333333703, 0.3333333333333333703, 0.3333333333333333703, 0.3333333333333333703),
 ( 1.000000000000000000, 1.000000000000000000, 1.000000000000000000, 1.000000000000000000, 1.000000000000000000, 1.000000000000000000, 1.000000000000000000, 1.000000000000000000),
 ( 0.3333333333333333703, 0.3333333333333333703, 0.3333333333333333703, 0.3333333333333333703, 0.3333333333333333703, 0.3333333333333333703, 0.3333333333333333703, 0.3333333333333333703),
 ( 0.3333333333333333703, 0.3333333333333333703, 0.3333333333333333703, 0.3333333333333333703, 0.3333333333333333703, 0.3333333333333333703, 0.3333333333333333703, 0.3333333333333333703),
 ( 1.000000000000000000, 1.000000000000000000, 1.000000000000000000, 1.000000000000000000, 1.000000000000000000, 1.000000000000000000, 1.000000000000000000, 1.000000000000000000) ) ) 
 REPRESENTATION_ITEM ( '' )  SURFACE ( )  );
#7321 = ORIENTED_EDGE ( 'NONE', *, *, #2846, .T. ) ;
#7322 = EDGE_CURVE ( 'NONE', #7977, #8856, #7871, .T. ) ;
#7323 = CARTESIAN_POINT ( 'NONE',  ( -0.1210718620247217825, -0.1600000000000000311, -0.04574611991424980956 ) ) ;
#7324 = CARTESIAN_POINT ( 'NONE',  ( -0.001817787600405873852, 0.1131118929318057492, 0.1335007170436218471 ) ) ;
#7325 = CARTESIAN_POINT ( 'NONE',  ( -0.08812203382909156169, 0.03428651878970197936, 0.1976011245737025745 ) ) ;
#7326 = CARTESIAN_POINT ( 'NONE',  ( 0.01563460315966882022, -0.1770064808639575660, 0.1072549813255708334 ) ) ;
#7327 = ORIENTED_EDGE ( 'NONE', *, *, #5129, .F. ) ;
#7328 =( GEOMETRIC_REPRESENTATION_CONTEXT ( 3 ) GLOBAL_UNCERTAINTY_ASSIGNED_CONTEXT ( ( #5076 ) ) GLOBAL_UNIT_ASSIGNED_CONTEXT ( ( #6289, #8634, #4820 ) ) REPRESENTATION_CONTEXT ( 'NONE', 'WORKASPACE' ) );
#7329 = ORIENTED_EDGE ( 'NONE', *, *, #4637, .F. ) ;
#7330 = CARTESIAN_POINT ( 'NONE',  ( 0.008277217653604023243, 0.08446493541337594946, 0.1073057284990673044 ) ) ;
#7331 = CARTESIAN_POINT ( 'NONE',  ( 0.01314265821992736775, 0.1131050247127996788, -0.1598978496222843437 ) ) ;
#7332 =( NAMED_UNIT ( * ) SI_UNIT ( $, .STERADIAN. ) SOLID_ANGLE_UNIT ( ) );
#7333 = CARTESIAN_POINT ( 'NONE',  ( 0.2151529299272667006, -0.1550000000000000266, 0.1514657711333048939 ) ) ;
#7334 = CARTESIAN_POINT ( 'NONE',  ( 0.04283232809466361313, 0.07849142854761531618, -0.1603059037795810104 ) ) ;
#7335 = B_SPLINE_CURVE_WITH_KNOTS ( 'NONE', 3,
 ( #6679, #778, #2307, #1525, #3024, #3763, #2336, #3060, #2363, #3262, #6859, #1013, #7514 ),
 .UNSPECIFIED., .F., .F.,
 ( 4, 1, 1, 1, 1, 1, 1, 1, 1, 1, 4 ),
 ( 0.000000000000000000, 0.08125249521118288465, 0.1198496107998578836, 0.1845807110164505438, 0.2607815769963077179, 0.3656248629570439390, 0.4831154010945742372, 0.6540397345420932984, 0.7849655303996231348, 0.8602438119646695913, 1.000000000000000000 ),
 .UNSPECIFIED. ) ;
#7336 = FILL_AREA_STYLE ('',( #8789 ) ) ;
#7337 = CARTESIAN_POINT ( 'NONE',  ( -0.01888892989517405863, 0.06214704057231747875, 0.1687984412280668090 ) ) ;
#7338 = CARTESIAN_POINT ( 'NONE',  ( 0.04436126930686402209, 0.04109208343936445601, -0.1792538650697167169 ) ) ;
#7339 = CARTESIAN_POINT ( 'NONE',  ( 0.1150000000000000050, -0.1700000000000000122, -0.2000000000000000666 ) ) ;
#7340 = CARTESIAN_POINT ( 'NONE',  ( -0.1186452331950366978, -0.1925479788303104955, -0.05050256918966855579 ) ) ;
#7341 = CARTESIAN_POINT ( 'NONE',  ( -0.05908070002190413811, 0.06000941012645298611, 0.1949968452518758832 ) ) ;
#7342 = CARTESIAN_POINT ( 'NONE',  ( -0.07044163217467079574, 0.07276502793229307209, 0.1380297873273175213 ) ) ;
#7343 = SURFACE_STYLE_USAGE ( .BOTH. , #4454 ) ;
#7344 = CARTESIAN_POINT ( 'NONE',  ( -0.03034207140520951348, -0.1228065206388667535, 0.1748112007711367377 ) ) ;
#7345 = DIRECTION ( 'NONE',  ( 0.9993255101729127121, 0.03046351156190941697, 0.02050607668387869481 ) ) ;
#7346 = CARTESIAN_POINT ( 'NONE',  ( -0.03309052361965135469, -0.01461433208400175938, 0.1623989651354351416 ) ) ;
#7347 = CARTESIAN_POINT ( 'NONE',  ( 0.04627433646674402462, -0.1830019761340885287, 0.1596532277918742138 ) ) ;
#7348 = TOROIDAL_SURFACE ( 'NONE', #6729, 0.02002113778643668449, 0.01499999999999999598 ) ;
#7349 = CARTESIAN_POINT ( 'NONE',  ( -0.02151754748105509651, 0.07554193604853857991, 0.1327892651147117298 ) ) ;
#7350 = CARTESIAN_POINT ( 'NONE',  ( 0.04854746888711253261, -0.1238705457039133706, 0.1822672037671390910 ) ) ;
#7351 = CARTESIAN_POINT ( 'NONE',  ( 0.1525014675670199049, -0.1600000000000000311, 0.1230518830271274400 ) ) ;
#7352 = AXIS2_PLACEMENT_3D ( 'NONE', #3508, #5615, #1240 ) ;
#7353 = CARTESIAN_POINT ( 'NONE',  ( 0.04174343265777232664, 0.07850502150267235635, -0.1072625030480235664 ) ) ;
#7354 = CARTESIAN_POINT ( 'NONE',  ( 0.03973868508644561037, -0.1536131622256647067, -0.1340129572640758049 ) ) ;
#7355 = CARTESIAN_POINT ( 'NONE',  ( 0.03911296646855833697, -0.1536089482228641667, -0.1604849414805585017 ) ) ;
#7356 = DIRECTION ( 'NONE',  ( 0.9993255319173287576, -0.03046132653440610655, 0.02050826282043630502 ) ) ;
#7357 = CARTESIAN_POINT ( 'NONE',  ( 0.008277217653604023243, 0.08446493541337594946, 0.1073057284990673044 ) ) ;
#7358 = ADVANCED_FACE ( 'NONE', ( #5576 ), #1702, .T. ) ;
#7359 =( LENGTH_UNIT ( ) NAMED_UNIT ( * ) SI_UNIT ( .MILLI., .METRE. ) );
#7360 = CARTESIAN_POINT ( 'NONE',  ( 0.1233700988483815292, -0.1762404939144458227, 0.08040469922751147802 ) ) ;
#7361 = CARTESIAN_POINT ( 'NONE',  ( 0.1655526671241021597, -0.1550000000000000266, 0.05290356562635827736 ) ) ;
#7362 = CARTESIAN_POINT ( 'NONE',  ( 0.07808823380821307281, -0.01263242028105874756, -0.1507833237969396778 ) ) ;
#7363 = CARTESIAN_POINT ( 'NONE',  ( -0.04199968164925601405, 0.04649960337275867162, -0.1065588169539117835 ) ) ;
#7364 = AXIS2_PLACEMENT_3D ( 'NONE', #8172, #1593, #938 ) ;
#7365 =( BOUNDED_CURVE ( )  B_SPLINE_CURVE ( 3, ( #4868, #1131, #8479, #5595 ),
 .UNSPECIFIED., .F., .F. ) 
 B_SPLINE_CURVE_WITH_KNOTS ( ( 4, 4 ),
 ( 2.696158788378496762, 2.992880143365972412 ),
 .UNSPECIFIED. ) 
 CURVE ( )  GEOMETRIC_REPRESENTATION_ITEM ( )  RATIONAL_B_SPLINE_CURVE ( ( 1.000000000000000000, 0.9926764843463425914, 0.9926764843463425914, 1.000000000000000000 ) ) 
 REPRESENTATION_ITEM ( '' )  );
#7366 = ORIENTED_EDGE ( 'NONE', *, *, #1106, .F. ) ;
#7367 = CARTESIAN_POINT ( 'NONE',  ( 0.04512833791789729737, 0.02271706848293186115, -0.1792538183720273348 ) ) ;
#7368 = DIRECTION ( 'NONE',  ( -0.8755976470553532565, -0.4827019435506179623, -0.01809956252468488888 ) ) ;
#7369 = CARTESIAN_POINT ( 'NONE',  ( -0.1206355205972181044, -0.1906206329779997211, -0.07399978515899846565 ) ) ;
#7370 = EDGE_CURVE ( 'NONE', #9205, #1968, #761, .T. ) ;
#7371 = CARTESIAN_POINT ( 'NONE',  ( -0.004557818421576741337, -0.1605774552365515917, -0.2053286550600264548 ) ) ;
#7372 = CARTESIAN_POINT ( 'NONE',  ( 0.1186452331950367395, -0.1925479788303106066, 0.05050256918966849334 ) ) ;
#7373 = CARTESIAN_POINT ( 'NONE',  ( -0.05647067506860625058, 0.07277320431515266197, -0.1071850233187526952 ) ) ;
#7374 = CARTESIAN_POINT ( 'NONE',  ( 0.06001733102831773720, -0.1800000000000000488, 0.0007208539969983217147 ) ) ;
#7375 = CARTESIAN_POINT ( 'NONE',  ( 0.05342229497477980760, -0.1799999763555376053, -0.1596455588350328691 ) ) ;
#7376 = CARTESIAN_POINT ( 'NONE',  ( -0.002156095048655484823, 0.06462564519515463790, 0.1642197641008633080 ) ) ;
#7377 = ORIENTED_EDGE ( 'NONE', *, *, #1511, .F. ) ;
#7378 = CARTESIAN_POINT ( 'NONE',  ( -0.1226720531819162768, -0.1860556985087246651, -0.07898615225063329581 ) ) ;
#7379 = CARTESIAN_POINT ( 'NONE',  ( -0.1149999999999999911, -0.2300000000000000100, -0.04038093602253250286 ) ) ;
#7380 = CARTESIAN_POINT ( 'NONE',  ( -0.05836279877952892797, 0.05998743945579414899, 0.1599823585076222132 ) ) ;
#7381 = CARTESIAN_POINT ( 'NONE',  ( -0.1525014675670198216, -0.1600000000000000311, -0.1230518830271274400 ) ) ;
#7382 = VECTOR ( 'NONE', #3602, 1000.000000000000000 ) ;
#7383 = CARTESIAN_POINT ( 'NONE',  ( -0.05823058337606106666, 0.05595778688328757050, 0.1649233095580766029 ) ) ;
#7384 = ORIENTED_EDGE ( 'NONE', *, *, #9433, .F. ) ;
#7385 =( LENGTH_UNIT ( ) NAMED_UNIT ( * ) SI_UNIT ( .MILLI., .METRE. ) );
#7386 = CARTESIAN_POINT ( 'NONE',  ( 0.07569030293511386231, 0.05166067722841764104, -0.1596245279422424390 ) ) ;
#7387 = CARTESIAN_POINT ( 'NONE',  ( -0.07044163217467079574, 0.07276502793229307209, 0.1380297873273175213 ) ) ;
#7388 = AXIS2_PLACEMENT_3D ( 'NONE', #7404, #4, #8825 ) ;
#7389 = CARTESIAN_POINT ( 'NONE',  ( -0.03953707743409697051, 0.02334345650711956710, -0.2135390290631836441 ) ) ;
#7390 = DIRECTION ( 'NONE',  ( -0.9196353003962208783, 0.3921679738779000890, 0.02179895707723860515 ) ) ;
#7391 = CARTESIAN_POINT ( 'NONE',  ( 0.08292569924603550302, -0.1226921048684822269, -0.1507868793207662872 ) ) ;
#7392 = LINE ( 'NONE', #3543, #3037 ) ;
#7393 = CARTESIAN_POINT ( 'NONE',  ( -0.06627140969980210849, 0.07275948528167891505, 0.05249772287053580677 ) ) ;
#7394 = ORIENTED_EDGE ( 'NONE', *, *, #2199, .T. ) ;
#7395 = VERTEX_POINT ( 'NONE', #3116 ) ;
#7396 = ORIENTED_EDGE ( 'NONE', *, *, #4491, .T. ) ;
#7397 = CARTESIAN_POINT ( 'NONE',  ( -0.01452107833379540601, 0.06288343033541607396, 0.1937104081278914203 ) ) ;
#7398 = CARTESIAN_POINT ( 'NONE',  ( 0.04549625778611365856, 0.06583511153247627312, -0.1866186227584075430 ) ) ;
#7399 = DIRECTION ( 'NONE',  ( -0.02362941044756347239, 0.0001591926594775460618, -0.9997207738261708609 ) ) ;
#7400 = CARTESIAN_POINT ( 'NONE',  ( 0.05501215288762940220, 0.06505096986585291730, -0.05879243921706305692 ) ) ;
#7401 = EDGE_CURVE ( 'NONE', #2945, #8748, #301, .T. ) ;
#7402 = CARTESIAN_POINT ( 'NONE',  ( -0.1226720531819162768, -0.1700000000000000122, -0.07898615225063329581 ) ) ;
#7403 = CIRCLE ( 'NONE', #8275, 0.01499999999999999424 ) ;
#7404 = CARTESIAN_POINT ( 'NONE',  ( 0.06841810677207900426, -0.1800000000000000211, -0.1600000000000000033 ) ) ;
#7405 = CARTESIAN_POINT ( 'NONE',  ( -0.03158189322792102904, -0.1799999999999999656, -0.1600000000000000033 ) ) ;
#7406 = CARTESIAN_POINT ( 'NONE',  ( 0.04740029253712194079, -0.1603880068092707889, 0.1822671755301701058 ) ) ;
#7407 = SURFACE_STYLE_FILL_AREA ( #4738 ) ;
#7408 = ORIENTED_EDGE ( 'NONE', *, *, #5097, .F. ) ;
#7409 = CARTESIAN_POINT ( 'NONE',  ( 0.05509763939828897505, -0.1800000261901395782, -0.1060476283986299950 ) ) ;
#7410 = ADVANCED_FACE ( 'NONE', ( #2164 ), #1687, .T. ) ;
#7411 = AXIS2_PLACEMENT_3D ( 'NONE', #7333, #3928, #3135 ) ;
#7412 = CARTESIAN_POINT ( 'NONE',  ( 0.02899074939090677885, 0.1083391823141740123, 0.05222534817079499403 ) ) ;
#7413 = CIRCLE ( 'NONE', #993, 0.03502185241913491343 ) ;
#7414 = CARTESIAN_POINT ( 'NONE',  ( -0.02870959695935510619, 0.06038159660576739723, -0.1882567859180343528 ) ) ;
#7415 = VERTEX_POINT ( 'NONE', #2457 ) ;
#7416 = CARTESIAN_POINT ( 'NONE',  ( 0.04283232809466361313, 0.07849142854761528842, -0.1603059037795810104 ) ) ;
#7417 = CARTESIAN_POINT ( 'NONE',  ( 0.007712424457248946014, -0.1769979912919411869, -0.05262528563575717688 ) ) ;
#7418 = AXIS2_PLACEMENT_3D ( 'NONE', #2746, #3519, #4867 ) ;
#7419 =( BOUNDED_SURFACE ( )  B_SPLINE_SURFACE ( 3, 3, ( 
 ( #3881, #4176, #9280, #3481, #7228, #5711, #7893, #2739 ),
 ( #5647, #6384, #8555, #7198, #5013, #7919, #1293, #6440 ),
 ( #7136, #8583, #7838, #7162, #4261, #4209, #520, #7867 ),
 ( #4919, #3544, #8646, #2713, #4237, #610, #2076, #2018 ),
 ( #3458, #2110, #1266, #9309, #2047, #3511, #4893, #4946 ),
 ( #554, #4979, #6415, #2771, #5682, #578, #9253, #8609 ),
 ( #6353, #1324, #9342, #2802, #9372, #5738, #1356, #7812 ) ),
 .UNSPECIFIED., .T., .F., .F. ) 
 B_SPLINE_SURFACE_WITH_KNOTS ( ( 4, 3, 4 ),
 ( 4, 2, 2, 4 ),
 ( 0.000000000000000000, 0.5000000000000000000, 1.000000000000000000 ),
 ( 0.3862494968849777277, 0.4166575646906974240, 0.4318620162277504448, 0.4470661460246058705 ),
 .UNSPECIFIED. ) 
 GEOMETRIC_REPRESENTATION_ITEM ( )  RATIONAL_B_SPLINE_SURFACE ( (
 ( 1.000000000000000000, 1.000000000000000000, 1.000000000000000000, 1.000000000000000000, 1.000000000000000000, 1.000000000000000000, 1.000000000000000000, 1.000000000000000000),
 ( 0.3333333333333333703, 0.3333333333333333703, 0.3333333333333333703, 0.3333333333333333703, 0.3333333333333333703, 0.3333333333333333703, 0.3333333333333333703, 0.3333333333333333703),
 ( 0.3333333333333333703, 0.3333333333333333703, 0.3333333333333333703, 0.3333333333333333703, 0.3333333333333333703, 0.3333333333333333703, 0.3333333333333333703, 0.3333333333333333703),
 ( 1.000000000000000000, 1.000000000000000000, 1.000000000000000000, 1.000000000000000000, 1.000000000000000000, 1.000000000000000000, 1.000000000000000000, 1.000000000000000000),
 ( 0.3333333333333333703, 0.3333333333333333703, 0.3333333333333333703, 0.3333333333333333703, 0.3333333333333333703, 0.3333333333333333703, 0.3333333333333333703, 0.3333333333333333703),
 ( 0.3333333333333333703, 0.3333333333333333703, 0.3333333333333333703, 0.3333333333333333703, 0.3333333333333333703, 0.3333333333333333703, 0.3333333333333333703, 0.3333333333333333703),
 ( 1.000000000000000000, 1.000000000000000000, 1.000000000000000000, 1.000000000000000000, 1.000000000000000000, 1.000000000000000000, 1.000000000000000000, 1.000000000000000000) ) ) 
 REPRESENTATION_ITEM ( '' )  SURFACE ( )  );
#7420 = CARTESIAN_POINT ( 'NONE',  ( -0.05836279877952892797, 0.05998743945579414899, 0.1599823585076222132 ) ) ;
#7421 = MECHANICAL_DESIGN_GEOMETRIC_PRESENTATION_REPRESENTATION (  '', ( #2216 ), #3002 ) ;
#7422 = CARTESIAN_POINT ( 'NONE',  ( -0.001817787600405873852, 0.1131118929318057492, 0.1335007170436218471 ) ) ;
#7423 =( LENGTH_UNIT ( ) NAMED_UNIT ( * ) SI_UNIT ( .MILLI., .METRE. ) );
#7424 = CARTESIAN_POINT ( 'NONE',  ( 0.1177937218985426887, -0.1649220508390173978, 0.05999551108939385480 ) ) ;
#7425 = ORIENTED_EDGE ( 'NONE', *, *, #7634, .F. ) ;
#7426 = VERTEX_POINT ( 'NONE', #4907 ) ;
#7427 = CARTESIAN_POINT ( 'NONE',  ( -0.04159206312676494433, 0.05998877843411740823, -0.1464609713574414607 ) ) ;
#7428 = CARTESIAN_POINT ( 'NONE',  ( 0.07506623819638651163, 0.02394009659612244753, -0.1807461824690028418 ) ) ;
#7429 = CARTESIAN_POINT ( 'NONE',  ( -0.07044163217467079574, 0.07276502793229307209, 0.1380297873273175213 ) ) ;
#7430 = ORIENTED_EDGE ( 'NONE', *, *, #4009, .T. ) ;
#7431 = CARTESIAN_POINT ( 'NONE',  ( 0.1324539786586064471, -0.1600000000000000311, 0.09439770601777115744 ) ) ;
#7432 = CARTESIAN_POINT ( 'NONE',  ( 0.05012734108330284960, 0.06549859083130014914, -0.1919858842093928597 ) ) ;
#7433 =( NAMED_UNIT ( * ) SI_UNIT ( $, .STERADIAN. ) SOLID_ANGLE_UNIT ( ) );
#7434 =( NAMED_UNIT ( * ) SI_UNIT ( $, .STERADIAN. ) SOLID_ANGLE_UNIT ( ) );
#7435 = ORIENTED_EDGE ( 'NONE', *, *, #4637, .T. ) ;
#7436 = CARTESIAN_POINT ( 'NONE',  ( 0.1150000000000000050, -0.1700000000000000122, 0.08484943922164064900 ) ) ;
#7437 = SURFACE_SIDE_STYLE ('',( #4612 ) ) ;
#7438 =( NAMED_UNIT ( * ) PLANE_ANGLE_UNIT ( ) SI_UNIT ( $, .RADIAN. ) );
#7439 = CARTESIAN_POINT ( 'NONE',  ( 0.1199206724865640450, -0.1919915336445396636, 0.07192364063416979703 ) ) ;
#7440 = CARTESIAN_POINT ( 'NONE',  ( -0.01774918364759254727, -0.06816694608504399178, 0.1466632755327481885 ) ) ;
#7441 = COLOUR_RGB ( '',0.7529411764705882248, 1.000000000000000000, 1.000000000000000000 ) ;
#7442 = CARTESIAN_POINT ( 'NONE',  ( 0.07458613559038640428, 0.05167446082113478362, -0.1058372330185853305 ) ) ;
#7443 = EDGE_CURVE ( 'NONE', #8665, #7066, #3419, .T. ) ;
#7444 = CARTESIAN_POINT ( 'NONE',  ( -0.07902721111205819604, -0.1228574207385720318, 0.1720995250047832048 ) ) ;
#7445 = ORIENTED_EDGE ( 'NONE', *, *, #8594, .T. ) ;
#7446 = CARTESIAN_POINT ( 'NONE',  ( 0.1210718620247217547, -0.1735372582328822688, 0.04574611991424980956 ) ) ;
#7447 = CARTESIAN_POINT ( 'NONE',  ( 0.002779755852953073262, 0.06515728350271439429, 0.1894102189586726603 ) ) ;
#7448 = CARTESIAN_POINT ( 'NONE',  ( 0.03501462215012049461, 0.04864342527200556793, 0.05258687341438896684 ) ) ;
#7449 = CARTESIAN_POINT ( 'NONE',  ( -0.04891687406033963514, 0.05701016651047687706, 0.1686431501328727323 ) ) ;
#7450 = EDGE_CURVE ( 'NONE', #2619, #306, #4898, .T. ) ;
#7451 = CIRCLE ( 'NONE', #3213, 0.01499999999999999598 ) ;
#7452 = FACE_OUTER_BOUND ( 'NONE', #7502, .T. ) ;
#7453 = MECHANICAL_DESIGN_GEOMETRIC_PRESENTATION_REPRESENTATION (  '', ( #386 ), #1574 ) ;
#7454 =( NAMED_UNIT ( * ) SI_UNIT ( $, .STERADIAN. ) SOLID_ANGLE_UNIT ( ) );
#7455 = DIRECTION ( 'NONE',  ( -0.9982981812961249091, -0.03043237495455983210, 0.04974546989901943578 ) ) ;
#7456 = ADVANCED_FACE ( 'NONE', ( #1581 ), #1030, .T. ) ;
#7457 = CARTESIAN_POINT ( 'NONE',  ( 0.03200268577051364194, 0.07849130379308980054, 0.05240611079259199084 ) ) ;
#7458 =( LENGTH_UNIT ( ) NAMED_UNIT ( * ) SI_UNIT ( .MILLI., .METRE. ) );
#7459 = CARTESIAN_POINT ( 'NONE',  ( -0.04086149679823435077, 0.06001122156588263590, -0.2135390286425585538 ) ) ;
#7460 = CARTESIAN_POINT ( 'NONE',  ( 0.2650000000000000133, -0.2300000000000000100, -0.2000000000000000111 ) ) ;
#7461 = CARTESIAN_POINT ( 'NONE',  ( 0.07510621710436084231, -0.01275964122803228441, -0.2107090394589866689 ) ) ;
#7462 = B_SPLINE_CURVE_WITH_KNOTS ( 'NONE', 3,
 ( #2645, #8491, #640, #6782, #2166, #361, #7376, #8445, #3577, #242, #8087, #6716, #840, #81, #1627, #779, #4460, #1526, #3025, #8147, #2275, #47, #7447, #1600, #1492, #8178, #5170, #3695, #8870, #5202, #744 ),
 .UNSPECIFIED., .F., .F.,
 ( 4, 3, 3, 3, 3, 3, 3, 3, 3, 3, 4 ),
 ( 8.518628078040875271E-16, 3.258350874320916112E-06, 6.383909421835692194E-06, 1.128164060538299222E-05, 1.641397024497716172E-05, 2.241206862024038138E-05, 2.819741643657458345E-05, 3.369267799898119890E-05, 3.900681601229685612E-05, 4.422391042042523966E-05, 4.878777055355534197E-05 ),
 .UNSPECIFIED. ) ;
#7463 = CARTESIAN_POINT ( 'NONE',  ( -0.05640895883620539175, 0.04648593109057793521, 0.1600190129039758824 ) ) ;
#7464 = AXIS2_PLACEMENT_3D ( 'NONE', #7629, #6119, #3844 ) ;
#7465 = CARTESIAN_POINT ( 'NONE',  ( 0.05825576117898245004, 0.06470707930416065568, -0.1946758125851362209 ) ) ;
#7466 = CARTESIAN_POINT ( 'NONE',  ( 0.02034821052199713501, -0.08604594910481687398, 0.1777327962403565387 ) ) ;
#7467 = CARTESIAN_POINT ( 'NONE',  ( 0.05482258759217577271, 0.06506986746338774830, -0.1093657723909987195 ) ) ;
#7468 = CARTESIAN_POINT ( 'NONE',  ( -0.007653135609097315266, 0.07554878298997783070, -0.1072363261806407314 ) ) ;
#7469 = DIRECTION ( 'NONE',  ( -0.02614935266313338225, 0.9996580472117948535, -1.213827394730788247E-18 ) ) ;
#7470 = CARTESIAN_POINT ( 'NONE',  ( 0.009396980479740373385, -0.1235876582057606060, -0.1472161703951485878 ) ) ;
#7471 = CYLINDRICAL_SURFACE ( 'NONE', #6487, 0.01500000000000000118 ) ;
#7472 = SURFACE_SIDE_STYLE ('',( #9007 ) ) ;
#7473 = B_SPLINE_CURVE_WITH_KNOTS ( 'NONE', 3,
 ( #3252, #6910, #5509, #4068, #4105, #1062, #6189, #3284 ),
 .UNSPECIFIED., .F., .F.,
 ( 4, 1, 1, 1, 1, 4 ),
 ( 0.000000000000000000, 0.1274639945884469550, 0.2621587074575456033, 0.4330378518549585221, 0.4971100557800189335, 0.5000000000000011102 ),
 .UNSPECIFIED. ) ;
#7474 = PRESENTATION_STYLE_ASSIGNMENT (( #2030 ) ) ;
#7475 = SURFACE_STYLE_FILL_AREA ( #4764 ) ;
#7476 = CARTESIAN_POINT ( 'NONE',  ( 0.05415068218239384862, 0.1113565830165971771, 0.1602524148963088979 ) ) ;
#7477 = CARTESIAN_POINT ( 'NONE',  ( -0.07759558637517972868, -0.08612823792040319448, 0.1720994934069381421 ) ) ;
#7478 = CARTESIAN_POINT ( 'NONE',  ( -0.07680421981838510270, -0.06777777249568327222, 0.1720995089880098250 ) ) ;
#7479 = CARTESIAN_POINT ( 'NONE',  ( 0.1324539786586064471, -0.2300000000000000655, 0.09439770601777115744 ) ) ;
#7480 = AXIS2_PLACEMENT_3D ( 'NONE', #4507, #8847, #7390 ) ;
#7481 = DIRECTION ( 'NONE',  ( -0.000000000000000000, 1.000000000000000000, -0.000000000000000000 ) ) ;
#7482 = ORIENTED_EDGE ( 'NONE', *, *, #934, .F. ) ;
#7483 = EDGE_CURVE ( 'NONE', #4098, #9137, #3358, .T. ) ;
#7484 = DIRECTION ( 'NONE',  ( -0.03046991852340172682, 0.9995356842380251905, 8.679241799403619863E-19 ) ) ;
#7485 = CARTESIAN_POINT ( 'NONE',  ( 0.05878413987582704198, 0.1113564904296304031, 0.05403844077778863914 ) ) ;
#7486 = CARTESIAN_POINT ( 'NONE',  ( 0.06188250698916863968, 0.06428025596262995633, -0.1944665183050175994 ) ) ;
#7487 = FILL_AREA_STYLE ('',( #887 ) ) ;
#7488 = SURFACE_STYLE_FILL_AREA ( #4706 ) ;
#7489 = UNCERTAINTY_MEASURE_WITH_UNIT (LENGTH_MEASURE( 1.000000000000000082E-05 ), #8871, 'distance_accuracy_value', 'NONE');
#7490 = CARTESIAN_POINT ( 'NONE',  ( 0.2231091093434084682, -0.1550000000000000266, 0.1582779960609690673 ) ) ;
#7491 = ORIENTED_EDGE ( 'NONE', *, *, #1917, .T. ) ;
#7492 = CARTESIAN_POINT ( 'NONE',  ( 0.07741013768030087505, -0.03100753393674132025, -0.1807461741290302959 ) ) ;
#7493 = VECTOR ( 'NONE', #1173, 1000.000000000000114 ) ;
#7494 = CARTESIAN_POINT ( 'NONE',  ( 0.2151529299272667006, -0.3794892511997078333, 0.1514657711333048939 ) ) ;
#7495 = AXIS2_PLACEMENT_3D ( 'NONE', #3363, #8474, #4864 ) ;
#7496 = VECTOR ( 'NONE', #8774, 1000.000000000000000 ) ;
#7497 = VECTOR ( 'NONE', #1673, 1000.000000000000000 ) ;
#7498 = SURFACE_STYLE_USAGE ( .BOTH. , #6772 ) ;
#7499 = CARTESIAN_POINT ( 'NONE',  ( 0.05052011382178871191, 0.06546976371898967362, -0.1643370246266354362 ) ) ;
#7500 = CARTESIAN_POINT ( 'NONE',  ( 0.2231091093434084682, -0.1699999999999999845, 0.1582779960609690673 ) ) ;
#7501 = CARTESIAN_POINT ( 'NONE',  ( 0.05530840593053393955, 0.06502133487009603696, -0.07146560305640653477 ) ) ;
#7502 = EDGE_LOOP ( 'NONE', ( #8535, #1172, #1771, #8433 ) ) ;
#7503 = DIRECTION ( 'NONE',  ( 0.000000000000000000, 0.000000000000000000, 1.000000000000000000 ) ) ;
#7504 = CARTESIAN_POINT ( 'NONE',  ( 0.07267395238361196164, 0.08150857145238467327, -0.1596940962204190240 ) ) ;
#7505 = EDGE_CURVE ( 'NONE', #1721, #7688, #8153, .T. ) ;
#7506 = CARTESIAN_POINT ( 'NONE',  ( -0.004419424060367676925, 0.02273545266833847112, -0.1762706485937064749 ) ) ;
#7507 = CARTESIAN_POINT ( 'NONE',  ( -0.07759558637517972868, -0.08612823792040319448, 0.1720994934069381421 ) ) ;
#7508 = ADVANCED_FACE ( 'NONE', ( #7510 ), #1078, .F. ) ;
#7509 = CARTESIAN_POINT ( 'NONE',  ( 0.01454030725510562297, 0.02229341234366532046, 0.1570409980583487852 ) ) ;
#7510 = FACE_OUTER_BOUND ( 'NONE', #4450, .T. ) ;
#7511 = PRESENTATION_LAYER_ASSIGNMENT (  '', '', ( #6856 ) ) ;
#7512 = VERTEX_POINT ( 'NONE', #5091 ) ;
#7513 = VERTEX_POINT ( 'NONE', #9066 ) ;
#7514 = CARTESIAN_POINT ( 'NONE',  ( 0.2650000000000000133, 0.06000000000000001166, 0.2000000000000000111 ) ) ;
#7515 = ORIENTED_EDGE ( 'NONE', *, *, #7483, .T. ) ;
#7516 = CARTESIAN_POINT ( 'NONE',  ( 0.02007692248893304734, 0.05582468839303730834, 0.05473169054330073724 ) ) ;
#7517 = CARTESIAN_POINT ( 'NONE',  ( 0.05392036097342936540, 0.06516183016289608942, 0.1700448682278914436 ) ) ;
#7518 = ORIENTED_EDGE ( 'NONE', *, *, #2015, .T. ) ;
#7519 = ORIENTED_EDGE ( 'NONE', *, *, #8381, .F. ) ;
#7520 = CARTESIAN_POINT ( 'NONE',  ( -0.06088869567230410090, -0.1799999999999998546, -0.01883182802064327713 ) ) ;
#7521 = CARTESIAN_POINT ( 'NONE',  ( 0.03210900769069089528, 0.04864350951518011529, 0.1060647230754792752 ) ) ;
#7522 = ORIENTED_EDGE ( 'NONE', *, *, #538, .F. ) ;
#7523 = CARTESIAN_POINT ( 'NONE',  ( 0.07179970088067429146, 0.06285400544584159033, -0.1722931360467057638 ) ) ;
#7524 = CIRCLE ( 'NONE', #395, 0.005021137201350210112 ) ;
#7525 = CARTESIAN_POINT ( 'NONE',  ( -0.01259245371102965701, 0.04690177450077820387, 0.1331154924618501989 ) ) ;
#7526 = AXIS2_PLACEMENT_3D ( 'NONE', #5438, #3903, #3872 ) ;
#7527 = CARTESIAN_POINT ( 'NONE',  ( 0.2147773133390572520, -0.1599999999999999756, 0.1519035544740385268 ) ) ;
#7528 = B_SPLINE_CURVE_WITH_KNOTS ( 'NONE', 3,
 ( #928, #3879, #5259, #2349, #4615, #158, #5287, #8979, #897, #1548, #7499, #99, #3778, #860, #1586, #6053, #7533, #6666, #6014, #2296, #4478, #7398, #8135, #5950, #6701, #7432, #3044, #1612, #1644, #6738, #7465, #3077, #3110, #8199 ),
 .UNSPECIFIED., .F., .F.,
 ( 4, 3, 3, 3, 3, 3, 3, 3, 3, 3, 3, 4 ),
 ( 4.283417451458193763E-15, 1.770970511637531348E-06, 3.146505947268756293E-06, 6.318837278648802972E-06, 1.343649148997103768E-05, 2.116980049807908837E-05, 2.773815655498533604E-05, 3.350631444936863035E-05, 3.893290102265389342E-05, 4.420192209096660322E-05, 4.939357372256500677E-05, 5.007413109511883232E-05 ),
 .UNSPECIFIED. ) ;
#7529 = VECTOR ( 'NONE', #3081, 1000.000000000000114 ) ;
#7530 = ORIENTED_EDGE ( 'NONE', *, *, #9307, .F. ) ;
#7531 = VERTEX_POINT ( 'NONE', #6923 ) ;
#7532 = CARTESIAN_POINT ( 'NONE',  ( -0.1149999999999999911, -0.1799999999999998546, -0.04018518524012758275 ) ) ;
#7533 = CARTESIAN_POINT ( 'NONE',  ( 0.04355887878704756133, 0.06595402932211014146, -0.1768225726139713294 ) ) ;
#7534 = CARTESIAN_POINT ( 'NONE',  ( 0.1727154805785203751, -0.1699999999999999845, 0.1472490126125821919 ) ) ;
#7535 = CARTESIAN_POINT ( 'NONE',  ( 0.05471949452428934851, 0.06508008708492059313, -0.1094429215259133670 ) ) ;
#7536 = CARTESIAN_POINT ( 'NONE',  ( 0.01775510333709355570, -0.1596119932857301971, 0.1777328001260823909 ) ) ;
#7537 = CARTESIAN_POINT ( 'NONE',  ( -0.07519379774260888383, -0.03109362048599495151, 0.1720995094240694578 ) ) ;
#7538 = DIRECTION ( 'NONE',  ( -0.9947208096316116910, -0.1005714301589786391, -0.02039358530539940248 ) ) ;
#7539 = B_SPLINE_CURVE_WITH_KNOTS ( 'NONE', 3,
 ( #8579, #543, #8547, #4884, #4168, #3501, #6377, #8490, #1234, #5673, #3422, #1958, #453, #6433, #1287, #7156, #4228, #7805, #4852, #5579, #9247, #1198, #9274, #7069, #5612, #6347, #4914, #509, #5639, #8670, #3657, #7222, #2890, #2829, #5066, #2202, #7948, #639, #697, #5856, #1381, #4291, #9393, #7986, #2228, #5826, #8021, #7246, #6507, #5039, #2919, #1452, #604, #2794, #3631, #8735, #4393, #1484, #5098, #6602, #6566, #2173, #8768, #8701, #5766, #6, #2135, #1415, #2864, #6469, #7915, #3595, #7280, #7314, #4331, #3569, #9426, #3536, #672, #5792, #6535, #8637, #1347, #4365, #9460, #5131, #5733, #8049, #730, #4256, #9365, #5006, #2102, #4483 ),
 .UNSPECIFIED., .F., .F.,
 ( 4, 3, 3, 3, 3, 3, 3, 3, 3, 3, 3, 3, 3, 3, 3, 3, 3, 3, 3, 3, 3, 3, 3, 3, 3, 3, 3, 3, 3, 3, 3, 4 ),
 ( 2.372814417315559225E-06, 3.000092585511310734E-05, 9.000851001001776170E-05, 0.0001500108035200263491, 0.0001800106555272185322, 0.0002400103437437355438, 0.0002572768250889165905, 0.0002638958858431616756, 0.0002669978844159209700, 0.0002685199402655119301, 0.0002692798506062842826, 0.0002695365113227544984, 0.0002697115218644954176, 0.0002698309884732275695, 0.0002699129496773866707, 0.0002699914428208461509, 0.0002700285178825617151, 0.0002700580681387163440, 0.0002700781743391579494, 0.0002700984114057957981, 0.0002701226380748400079, 0.0002701641876830620549, 0.0002702959233006025177, 0.0002709062268645756936, 0.0002733280066740573395, 0.0002829995434168947944, 0.0003216755068153824668, 0.0003603429937477444531, 0.0003990094390112525094, 0.0004376753521434936182, 0.0004763414045942480500, 0.0005417907973034458147 ),
 .UNSPECIFIED. ) ;
#7540 = VECTOR ( 'NONE', #8736, 1000.000000000000000 ) ;
#7541 = AXIS2_PLACEMENT_3D ( 'NONE', #823, #6702, #2321 ) ;
#7542 = CARTESIAN_POINT ( 'NONE',  ( 0.007020989173923785145, -0.1606372704920637495, 0.1570409209923727956 ) ) ;
#7543 = ORIENTED_EDGE ( 'NONE', *, *, #1617, .T. ) ;
#7544 = ORIENTED_EDGE ( 'NONE', *, *, #3523, .F. ) ;
#7545 = PRESENTATION_LAYER_ASSIGNMENT (  '', '', ( #2993 ) ) ;
#7546 = CARTESIAN_POINT ( 'NONE',  ( 0.06351873699713068977, 0.08150863288046322763, 0.02763886995029388519 ) ) ;
#7547 = CARTESIAN_POINT ( 'NONE',  ( -0.07759558637517972868, -0.08612823792040319448, 0.1720994934069381421 ) ) ;
#7548 = CARTESIAN_POINT ( 'NONE',  ( 0.02693488586067447829, 0.05582477304465111034, -0.05187860480028192584 ) ) ;
#7549 = CARTESIAN_POINT ( 'NONE',  ( 0.05648032945113625608, 0.06490014522817068310, 0.1783566985119844628 ) ) ;
#7550 = UNCERTAINTY_MEASURE_WITH_UNIT (LENGTH_MEASURE( 1.000000000000000082E-05 ), #6513, 'distance_accuracy_value', 'NONE');
#7551 =( NAMED_UNIT ( * ) SI_UNIT ( $, .STERADIAN. ) SOLID_ANGLE_UNIT ( ) );
#7552 = VECTOR ( 'NONE', #1015, 1000.000000000000000 ) ;
#7553 = DIRECTION ( 'NONE',  ( -0.000000000000000000, 0.000000000000000000, 1.000000000000000000 ) ) ;
#7554 = ORIENTED_EDGE ( 'NONE', *, *, #2578, .T. ) ;
#7555 = ORIENTED_EDGE ( 'NONE', *, *, #1758, .T. ) ;
#7556 = PRESENTATION_LAYER_ASSIGNMENT (  '', '', ( #7908 ) ) ;
#7557 = DIRECTION ( 'NONE',  ( -0.9544681135048440623, -0.2976636645781976509, -0.01967137749071950006 ) ) ;
#7558 = AXIS2_PLACEMENT_3D ( 'NONE', #4834, #6246, #8450 ) ;
#7559 =( NAMED_UNIT ( * ) SI_UNIT ( $, .STERADIAN. ) SOLID_ANGLE_UNIT ( ) );
#7560 = ADVANCED_FACE ( 'NONE', ( #5547 ), #3991, .F. ) ;
#7561 = CARTESIAN_POINT ( 'NONE',  ( 0.05415068218239384862, 0.1113565830165971771, 0.1602524148963088979 ) ) ;
#7562 = CARTESIAN_POINT ( 'NONE',  ( -0.01056712906464392018, 0.07553514922935447573, -0.05414117792360108317 ) ) ;
#7563 = CARTESIAN_POINT ( 'NONE',  ( 0.1655526671241021597, -0.1599999999999999478, 0.05290356562635827736 ) ) ;
#7564 = FACE_OUTER_BOUND ( 'NONE', #1791, .T. ) ;
#7565 = ORIENTED_EDGE ( 'NONE', *, *, #8716, .T. ) ;
#7566 = ORIENTED_EDGE ( 'NONE', *, *, #7817, .T. ) ;
#7567 = DIRECTION ( 'NONE',  ( -0.03046778570332068711, -0.9995357492496584895, 2.502094356048728541E-06 ) ) ;
#7568 = EDGE_CURVE ( 'NONE', #4809, #6957, #6731, .T. ) ;
#7569 = CARTESIAN_POINT ( 'NONE',  ( -0.08473246064718908954, -0.1714750387733445236, 0.05389623255997228607 ) ) ;
#7570 = CARTESIAN_POINT ( 'NONE',  ( -0.1180613797734180181, -0.1660815985919514570, -0.05301044922749963834 ) ) ;
#7571 = FILL_AREA_STYLE ('',( #3908 ) ) ;
#7572 =( NAMED_UNIT ( * ) SI_UNIT ( $, .STERADIAN. ) SOLID_ANGLE_UNIT ( ) );
#7573 = CARTESIAN_POINT ( 'NONE',  ( 0.08983026888629146167, -0.1800000000000000488, 0.04204236359722141048 ) ) ;
#7574 =( LENGTH_UNIT ( ) NAMED_UNIT ( * ) SI_UNIT ( .MILLI., .METRE. ) );
#7575 =( NAMED_UNIT ( * ) PLANE_ANGLE_UNIT ( ) SI_UNIT ( $, .RADIAN. ) );
#7576 = FACE_OUTER_BOUND ( 'NONE', #1430, .T. ) ;
#7577 = CARTESIAN_POINT ( 'NONE',  ( -0.2017251974013796190, -0.2300000000000000655, -0.1177992224742518967 ) ) ;
#7578 = EDGE_CURVE ( 'NONE', #4947, #5947, #7451, .T. ) ;
#7579 = CARTESIAN_POINT ( 'NONE',  ( -0.05354256937190649684, -0.1237879983408049778, 0.1879005065440109978 ) ) ;
#7580 = DIRECTION ( 'NONE',  ( -0.000000000000000000, 1.000000000000000000, -0.000000000000000000 ) ) ;
#7581 =( NAMED_UNIT ( * ) PLANE_ANGLE_UNIT ( ) SI_UNIT ( $, .RADIAN. ) );
#7582 = CARTESIAN_POINT ( 'NONE',  ( 0.06742230392339600142, -0.1600000000000000311, -0.1799999999999999656 ) ) ;
#7583 = MECHANICAL_DESIGN_GEOMETRIC_PRESENTATION_REPRESENTATION (  '', ( #7096 ), #97 ) ;
#7584 = CARTESIAN_POINT ( 'NONE',  ( -0.05877322003750033025, 0.05999999999999998390, 0.1800000000000000211 ) ) ;
#7585 = FACE_OUTER_BOUND ( 'NONE', #8028, .T. ) ;
#7586 = CARTESIAN_POINT ( 'NONE',  ( -0.1210718620247217547, -0.2300000000000000100, -0.04574611991424979568 ) ) ;
#7587 = CARTESIAN_POINT ( 'NONE',  ( 0.05771061989657728930, 0.08151548931438569456, 0.1338605640702588695 ) ) ;
#7588 = CARTESIAN_POINT ( 'NONE',  ( 0.03872829207045157263, 0.1083529006219487445, -0.1073910101277164297 ) ) ;
#7589 = SURFACE_SIDE_STYLE ('',( #4535 ) ) ;
#7590 =( NAMED_UNIT ( * ) PLANE_ANGLE_UNIT ( ) SI_UNIT ( $, .RADIAN. ) );
#7591 = FILL_AREA_STYLE ('',( #2477 ) ) ;
#7592 = CARTESIAN_POINT ( 'NONE',  ( -0.02774434096253404480, 0.06041101723250457550, -0.1865616235374172871 ) ) ;
#7593 = CARTESIAN_POINT ( 'NONE',  ( -0.1237912600538253055, -0.1799999999999774558, -0.08120172720662256760 ) ) ;
#7594 = EDGE_CURVE ( 'NONE', #1237, #6026, #8367, .T. ) ;
#7595 = STYLED_ITEM ( 'NONE', ( #6333 ), #1705 ) ;
#7596 = VECTOR ( 'NONE', #2642, 1000.000000000000000 ) ;
#7597 = ADVANCED_FACE ( 'NONE', ( #1847 ), #8373, .F. ) ;
#7598 = DIRECTION ( 'NONE',  ( -0.9681504581799913467, -0.02951385928972328695, 0.2486234551197842035 ) ) ;
#7599 = CARTESIAN_POINT ( 'NONE',  ( -0.1210718620247217825, -0.2299999999999999545, -0.04574611991424980956 ) ) ;
#7600 = CARTESIAN_POINT ( 'NONE',  ( 0.01823768015470340897, -0.1411675075421274794, 0.1777345802540879482 ) ) ;
#7601 = PRESENTATION_STYLE_ASSIGNMENT (( #2480 ) ) ;
#7602 = CARTESIAN_POINT ( 'NONE',  ( 0.001912551489841866686, 0.06506922023011631195, -0.002451468400230549707 ) ) ;
#7603 = CARTESIAN_POINT ( 'NONE',  ( 0.1210718620247217547, -0.1700000000000000122, 0.04574611991424980956 ) ) ;
#7604 = CARTESIAN_POINT ( 'NONE',  ( -0.01320427955844573863, 0.05933010026318544933, -0.2053286546396130285 ) ) ;
#7605 = CARTESIAN_POINT ( 'NONE',  ( 0.004627662156240725487, 0.06532935793175344286, -0.1600603991616278976 ) ) ;
#7606 = CARTESIAN_POINT ( 'NONE',  ( -0.03298359293924550684, -0.1465249214703617797, -0.1332523269692298395 ) ) ;
#7607 = ADVANCED_FACE ( 'NONE', ( #6525 ), #8080, .F. ) ;
#7608 = ORIENTED_EDGE ( 'NONE', *, *, #6905, .T. ) ;
#7609 = CARTESIAN_POINT ( 'NONE',  ( -0.1242927211209382127, -0.1700000000000000122, -0.08281913265243875943 ) ) ;
#7610 = CARTESIAN_POINT ( 'NONE',  ( -0.06550295566255305568, -0.03152796863415534973, 0.2134020396005623932 ) ) ;
#7611 = CARTESIAN_POINT ( 'NONE',  ( -0.02033162852806202903, 0.07553514886684735419, 0.1059518483957106738 ) ) ;
#7612 = CARTESIAN_POINT ( 'NONE',  ( -0.03038445814635643005, -0.2800000000000000266, 0.03438656368245330414 ) ) ;
#7613 =( GEOMETRIC_REPRESENTATION_CONTEXT ( 3 ) GLOBAL_UNCERTAINTY_ASSIGNED_CONTEXT ( ( #7250 ) ) GLOBAL_UNIT_ASSIGNED_CONTEXT ( ( #6403, #2756, #7882 ) ) REPRESENTATION_CONTEXT ( 'NONE', 'WORKASPACE' ) );
#7614 = CARTESIAN_POINT ( 'NONE',  ( 0.1189721423538445538, -0.1844360948106977816, 0.04327748798122297430 ) ) ;
#7615 = CARTESIAN_POINT ( 'NONE',  ( -0.07519379774260888383, -0.03109362048599495151, 0.1720995094240694578 ) ) ;
#7616 = UNCERTAINTY_MEASURE_WITH_UNIT (LENGTH_MEASURE( 1.000000000000000082E-05 ), #8042, 'distance_accuracy_value', 'NONE');
#7617 = EDGE_CURVE ( 'NONE', #5802, #179, #8025, .T. ) ;
#7618 = ORIENTED_EDGE ( 'NONE', *, *, #2059, .T. ) ;
#7619 = FILL_AREA_STYLE_COLOUR ( '', #6200 ) ;
#7620 = FILL_AREA_STYLE ('',( #2498 ) ) ;
#7621 = DIRECTION ( 'NONE',  ( 0.8457699189191004718, 0.000000000000000000, 0.5335477900353239322 ) ) ;
#7622 = CARTESIAN_POINT ( 'NONE',  ( -0.01742230392339596048, -0.1600000000000000311, 0.1799999999999999378 ) ) ;
#7623 = SURFACE_SIDE_STYLE ('',( #7488 ) ) ;
#7624 = CARTESIAN_POINT ( 'NONE',  ( -0.1149999999999999911, -0.1199999999999999956, -0.08067978065948146205 ) ) ;
#7625 = CARTESIAN_POINT ( 'NONE',  ( -0.05132615663255261224, -0.06887224267577003733, 0.1879004905987600171 ) ) ;
#7626 = ORIENTED_EDGE ( 'NONE', *, *, #1714, .F. ) ;
#7627 = PRESENTATION_LAYER_ASSIGNMENT (  '', '', ( #9425 ) ) ;
#7628 = DIRECTION ( 'NONE',  ( -0.6621529135837129765, 0.000000000000000000, 0.7493687470348626700 ) ) ;
#7629 = CARTESIAN_POINT ( 'NONE',  ( 0.000000000000000000, -0.1700000000000000122, 0.000000000000000000 ) ) ;
#7630 = CARTESIAN_POINT ( 'NONE',  ( -0.1194726170195677811, -0.1672815599118675223, -0.07014462584795512490 ) ) ;
#7631 = CARTESIAN_POINT ( 'NONE',  ( 0.003622766226823814859, 0.06523641723945508564, -0.1103189017845516151 ) ) ;
#7632 = CIRCLE ( 'NONE', #1915, 0.01500000000000000118 ) ;
#7633 = CARTESIAN_POINT ( 'NONE',  ( 0.1525014675670199049, -0.2300000000000000100, 0.1230518830271274400 ) ) ;
#7634 = EDGE_CURVE ( 'NONE', #6937, #617, #5502, .T. ) ;
#7635 = CARTESIAN_POINT ( 'NONE',  ( 0.0003341977938218504830, -0.08728511133057782756, -0.1762706641737999125 ) ) ;
#7636 = CARTESIAN_POINT ( 'NONE',  ( -0.002083083495998522532, -0.1582856444636741022, -0.05452405582285115709 ) ) ;
#7637 = VERTEX_POINT ( 'NONE', #8799 ) ;
#7638 = VERTEX_POINT ( 'NONE', #7318 ) ;
#7639 = ORIENTED_EDGE ( 'NONE', *, *, #5782, .F. ) ;
#7640 = CIRCLE ( 'NONE', #8554, 0.01499999999999999251 ) ;
#7641 = EDGE_CURVE ( 'NONE', #5643, #6272, #8922, .T. ) ;
#7642 =( LENGTH_UNIT ( ) NAMED_UNIT ( * ) SI_UNIT ( .MILLI., .METRE. ) );
#7643 = CARTESIAN_POINT ( 'NONE',  ( -0.08858042090499682053, 0.02447876613782671087, 0.1976011036045372815 ) ) ;
#7644 = FACE_OUTER_BOUND ( 'NONE', #404, .T. ) ;
#7645 =( NAMED_UNIT ( * ) PLANE_ANGLE_UNIT ( ) SI_UNIT ( $, .RADIAN. ) );
#7646 =( LENGTH_UNIT ( ) NAMED_UNIT ( * ) SI_UNIT ( .MILLI., .METRE. ) );
#7647 = ORIENTED_EDGE ( 'NONE', *, *, #5300, .T. ) ;
#7648 = STYLED_ITEM ( 'NONE', ( #3050 ), #9389 ) ;
#7649 = CARTESIAN_POINT ( 'NONE',  ( -0.01258367627909626717, -0.1234576796316868563, 0.2133367400313093964 ) ) ;
#7650 = CARTESIAN_POINT ( 'NONE',  ( -0.06180805360615754251, -0.08678109279879070437, 0.1465979448379764183 ) ) ;
#7651 = CARTESIAN_POINT ( 'NONE',  ( 0.003725692630542891837, -0.1769979943429172142, -0.1596522519181532151 ) ) ;
#7652 = FILL_AREA_STYLE ('',( #987 ) ) ;
#7653 = SURFACE_STYLE_USAGE ( .BOTH. , #215 ) ;
#7654 = ADVANCED_FACE ( 'NONE', ( #9476 ), #8695, .T. ) ;
#7655 = DIRECTION ( 'NONE',  ( -0.03046991852340235479, 0.9995356842380251905, 0.000000000000000000 ) ) ;
#7656 = VERTEX_POINT ( 'NONE', #2954 ) ;
#7657 = ORIENTED_EDGE ( 'NONE', *, *, #4985, .T. ) ;
#7658 = MECHANICAL_DESIGN_GEOMETRIC_PRESENTATION_REPRESENTATION (  '', ( #8790 ), #4207 ) ;
#7659 = CARTESIAN_POINT ( 'NONE',  ( 0.1278671797069859672, -0.2300000000000000100, 0.03805575324395597814 ) ) ;
#7660 = CARTESIAN_POINT ( 'NONE',  ( -0.2491252820972974513, 0.07515281250366884214, -0.2000000000000000111 ) ) ;
#7661 = CARTESIAN_POINT ( 'NONE',  ( -0.2650000000000000133, 0.05000000000000002359, 0.1999999999999999833 ) ) ;
#7662 = ORIENTED_EDGE ( 'NONE', *, *, #1803, .F. ) ;
#7663 = EDGE_LOOP ( 'NONE', ( #4303, #4763, #450, #4658 ) ) ;
#7664 = FILL_AREA_STYLE ('',( #3216 ) ) ;
#7665 = DIRECTION ( 'NONE',  ( 0.9993792182221449272, 0.02614205897144670707, -0.02361717464956112830 ) ) ;
#7666 = CARTESIAN_POINT ( 'NONE',  ( 0.02034821052199713501, -0.08604594910481687398, 0.1777327962403565387 ) ) ;
#7667 = CARTESIAN_POINT ( 'NONE',  ( 0.001969326904507871789, 0.06507495318001114970, -0.002426711917798672364 ) ) ;
#7668 = CARTESIAN_POINT ( 'NONE',  ( 0.1210718620247217547, -0.2300000000000000100, 0.04574611991424980956 ) ) ;
#7669 = SURFACE_SIDE_STYLE ('',( #506 ) ) ;
#7670 = B_SPLINE_SURFACE_WITH_KNOTS ( 'NONE', 3, 1, ( 
 ( #5501, #6993 ),
 ( #9227, #3306 ),
 ( #1210, #2650 ),
 ( #7720, #3334 ),
 ( #2560, #3361 ),
 ( #337, #6961 ),
 ( #8443, #5589 ),
 ( #2625, #4056 ),
 ( #398, #1085 ),
 ( #1150, #7750 ),
 ( #4092, #9190 ) ),
 .UNSPECIFIED., .F., .F., .F.,
 ( 4, 1, 1, 1, 1, 3, 4 ),
 ( 2, 2 ),
 ( 0.4999999571271770415, 0.5846169476978876345, 0.7491849293604234683, 0.8454087080526229148, 0.9060393886626013638, 0.9999999999999998890, 1.003000002742601815 ),
 ( 0.000000000000000000, 1.000000000000000000 ),
 .UNSPECIFIED. ) ;
#7671 = CARTESIAN_POINT ( 'NONE',  ( -0.07044163217467079574, 0.07276502793229307209, 0.1380297873273175213 ) ) ;
#7672 = CARTESIAN_POINT ( 'NONE',  ( -0.01251483327297488006, -0.1858824854666283610, -0.02732612514237603429 ) ) ;
#7673 = B_SPLINE_CURVE_WITH_KNOTS ( 'NONE', 3,
 ( #6292, #5517, #9152, #3324 ),
 .UNSPECIFIED., .F., .F.,
 ( 4, 4 ),
 ( 0.8124290012970506458, 1.000000000000000000 ),
 .UNSPECIFIED. ) ;
#7674 = CARTESIAN_POINT ( 'NONE',  ( -0.02890812999619865944, -0.08607519669228200221, 0.1748111692315258425 ) ) ;
#7675 = UNCERTAINTY_MEASURE_WITH_UNIT (LENGTH_MEASURE( 1.000000000000000082E-05 ), #3065, 'distance_accuracy_value', 'NONE');
#7676 =( GEOMETRIC_REPRESENTATION_CONTEXT ( 3 ) GLOBAL_UNCERTAINTY_ASSIGNED_CONTEXT ( ( #5655 ) ) GLOBAL_UNIT_ASSIGNED_CONTEXT ( ( #5244, #3132, #7559 ) ) REPRESENTATION_CONTEXT ( 'NONE', 'WORKASPACE' ) );
#7677 = SURFACE_STYLE_FILL_AREA ( #7816 ) ;
#7678 = VERTEX_POINT ( 'NONE', #9175 ) ;
#7679 = CARTESIAN_POINT ( 'NONE',  ( 0.04500661027396412467, -0.1830105199180756814, 0.1060165558887594811 ) ) ;
#7680 = EDGE_CURVE ( 'NONE', #4673, #9336, #4813, .T. ) ;
#7681 = VERTEX_POINT ( 'NONE', #6944 ) ;
#7682 = CARTESIAN_POINT ( 'NONE',  ( -0.08241796049103122801, -0.1714750815506327353, 0.1071406757243149044 ) ) ;
#7683 = CARTESIAN_POINT ( 'NONE',  ( 0.01164461956195433912, 0.06586966079298933741, -0.1199113077984157866 ) ) ;
#7684 = CARTESIAN_POINT ( 'NONE',  ( 0.03434521434330287115, 0.06632518741014133135, 0.1632407648935137734 ) ) ;
#7685 = CARTESIAN_POINT ( 'NONE',  ( -0.02284064125887374716, 0.06042878925800158202, 0.1748111851109646619 ) ) ;
#7686 = CARTESIAN_POINT ( 'NONE',  ( -0.06101779060190365422, -0.06845593025453661218, 0.1465979604048991691 ) ) ;
#7687 = VECTOR ( 'NONE', #3178, 1000.000000000000000 ) ;
#7688 = VERTEX_POINT ( 'NONE', #6196 ) ;
#7689 = CARTESIAN_POINT ( 'NONE',  ( -0.01141174830308344483, 0.04689498630165666454, 0.1063766058498976375 ) ) ;
#7690 =( GEOMETRIC_REPRESENTATION_CONTEXT ( 3 ) GLOBAL_UNCERTAINTY_ASSIGNED_CONTEXT ( ( #4427 ) ) GLOBAL_UNIT_ASSIGNED_CONTEXT ( ( #8897, #7575, #4586 ) ) REPRESENTATION_CONTEXT ( 'NONE', 'WORKASPACE' ) );
#7691 = CARTESIAN_POINT ( 'NONE',  ( 0.03981597754316170551, 0.1083393227715823415, -0.1603754720577575954 ) ) ;
#7692 = COLOUR_RGB ( '',1.000000000000000000, 1.000000000000000000, 0.5019607843137254832 ) ;
#7693 = CARTESIAN_POINT ( 'NONE',  ( -0.1149999999999999911, -0.1199999999999999956, -0.2000000000000000666 ) ) ;
#7694 =( NAMED_UNIT ( * ) PLANE_ANGLE_UNIT ( ) SI_UNIT ( $, .RADIAN. ) );
#7695 = CARTESIAN_POINT ( 'NONE',  ( 0.2650000000000000133, 0.06000000000000000472, 0.2000000000000000666 ) ) ;
#7696 = CARTESIAN_POINT ( 'NONE',  ( 0.1150000000000000050, -0.1200000000000000094, 0.1575000000000000011 ) ) ;
#7697 = EDGE_CURVE ( 'NONE', #2703, #3182, #4444, .T. ) ;
#7698 = CIRCLE ( 'NONE', #4793, 0.03502185241913520486 ) ;
#7699 = PRESENTATION_STYLE_ASSIGNMENT (( #7653 ) ) ;
#7700 = DIRECTION ( 'NONE',  ( 0.9993255319173289797, -0.03046132653440545082, 0.02050826282043631543 ) ) ;
#7701 = CARTESIAN_POINT ( 'NONE',  ( 0.01290053401576154307, -0.1769980456568087390, 0.05403062533482731050 ) ) ;
#7702 = CARTESIAN_POINT ( 'NONE',  ( -0.1199828578635957488, -0.1705571468278857528, -0.04718707786639023821 ) ) ;
#7703 = CARTESIAN_POINT ( 'NONE',  ( 0.001762043737434625329, 0.06505396251960178511, -0.002727905100665906687 ) ) ;
#7704 = PRESENTATION_LAYER_ASSIGNMENT (  '', '', ( #3408 ) ) ;
#7705 = CARTESIAN_POINT ( 'NONE',  ( -0.01574389540271731169, 0.06098055610365419460, -0.1054173326258477789 ) ) ;
#7706 = ADVANCED_FACE ( 'NONE', ( #6402 ), #6399, .T. ) ;
#7707 = CARTESIAN_POINT ( 'NONE',  ( -0.02811727516756383494, -0.06772200186959062562, 0.1748111847824336818 ) ) ;
#7708 = AXIS2_PLACEMENT_3D ( 'NONE', #6953, #1049, #329 ) ;
#7709 =( NAMED_UNIT ( * ) SI_UNIT ( $, .STERADIAN. ) SOLID_ANGLE_UNIT ( ) );
#7710 = CARTESIAN_POINT ( 'NONE',  ( 0.04495794741764765068, 0.06587451014587887566, 0.1941502217074433934 ) ) ;
#7711 = LINE ( 'NONE', #2407, #1282 ) ;
#7712 = CARTESIAN_POINT ( 'NONE',  ( -0.01115300196607027679, -0.08681002948121478713, 0.2133367084830173066 ) ) ;
#7713 = SURFACE_STYLE_FILL_AREA ( #2658 ) ;
#7714 = STYLED_ITEM ( 'NONE', ( #7474 ), #468 ) ;
#7715 = CARTESIAN_POINT ( 'NONE',  ( -0.1525014675670198216, -0.1700000000000000122, -0.1230518830271274400 ) ) ;
#7716 = CARTESIAN_POINT ( 'NONE',  ( -0.04607343432276294476, 0.05813902274708750845, 0.1879004943266307792 ) ) ;
#7717 = CARTESIAN_POINT ( 'NONE',  ( -0.03038445814635643005, -0.1550000000000000266, 0.03438656368245330414 ) ) ;
#7718 = CARTESIAN_POINT ( 'NONE',  ( 0.2650000000000000133, 0.1449999999999999900, -0.1750000000000000167 ) ) ;
#7719 =( LENGTH_UNIT ( ) NAMED_UNIT ( * ) SI_UNIT ( .MILLI., .METRE. ) );
#7720 = CARTESIAN_POINT ( 'NONE',  ( -0.1525014675670198216, -0.2300000000000000655, -0.1230518830271274400 ) ) ;
#7721 = CARTESIAN_POINT ( 'NONE',  ( -0.04091933280642488097, 0.06000941081423356860, -0.1949968459244867114 ) ) ;
#7722 = CIRCLE ( 'NONE', #4511, 0.01499999999999999771 ) ;
#7723 =( GEOMETRIC_REPRESENTATION_CONTEXT ( 3 ) GLOBAL_UNCERTAINTY_ASSIGNED_CONTEXT ( ( #841 ) ) GLOBAL_UNIT_ASSIGNED_CONTEXT ( ( #7458, #3832, #4672 ) ) REPRESENTATION_CONTEXT ( 'NONE', 'WORKASPACE' ) );
#7724 = DIRECTION ( 'NONE',  ( -0.03046997120607365661, 0.9995356826287380425, 2.569782765358182702E-06 ) ) ;
#7725 = CARTESIAN_POINT ( 'NONE',  ( -0.005400731005333538927, -0.1582899189469940127, -0.1341684534113032345 ) ) ;
#7726 = VERTEX_POINT ( 'NONE', #2033 ) ;
#7727 = CARTESIAN_POINT ( 'NONE',  ( 0.003284946424559538093, 0.06520450237891685374, -0.007732947464829365534 ) ) ;
#7728 = CARTESIAN_POINT ( 'NONE',  ( 0.1150000000000000050, 0.000000000000000000, 0.2000000000000000111 ) ) ;
#7729 = CARTESIAN_POINT ( 'NONE',  ( -0.06452373603752792341, 0.07275950614702159092, 0.02579026958041856499 ) ) ;
#7730 = B_SPLINE_CURVE_WITH_KNOTS ( 'NONE', 3,
 ( #5415, #6154, #7701, #407, #7054, #3314, #5506, #5563 ),
 .UNSPECIFIED., .F., .F.,
 ( 4, 2, 2, 4 ),
 ( 0.2890988593904340043, 0.3333330976862661776, 0.3554506181633211304, 0.3775673580739546398 ),
 .UNSPECIFIED. ) ;
#7731 = PRESENTATION_STYLE_ASSIGNMENT (( #4735 ) ) ;
#7732 = UNCERTAINTY_MEASURE_WITH_UNIT (LENGTH_MEASURE( 1.000000000000000082E-05 ), #1005, 'distance_accuracy_value', 'NONE');
#7733 = CARTESIAN_POINT ( 'NONE',  ( 0.05716764051093140009, 0.08150871852634393455, 0.1603067086836617583 ) ) ;
#7734 = ORIENTED_EDGE ( 'NONE', *, *, #3399, .T. ) ;
#7735 = AXIS2_PLACEMENT_3D ( 'NONE', #19, #6450, #2155 ) ;
#7736 = CARTESIAN_POINT ( 'NONE',  ( 0.002039376366183454081, 0.06508200949175908800, -0.002445209408383382504 ) ) ;
#7737 = SURFACE_STYLE_FILL_AREA ( #1283 ) ;
#7738 = CARTESIAN_POINT ( 'NONE',  ( 0.03619229228939125492, 0.06627565184270435561, 0.1599968294214183240 ) ) ;
#7739 = AXIS2_PLACEMENT_3D ( 'NONE', #1123, #336, #6303 ) ;
#7740 = CARTESIAN_POINT ( 'NONE',  ( -0.07196933971382124540, 0.04558415070908202610, 0.1720995463656873614 ) ) ;
#7741 = DIRECTION ( 'NONE',  ( -0.8756075530290937659, -0.4826932479921549612, -0.01785052999736495838 ) ) ;
#7742 = FACE_OUTER_BOUND ( 'NONE', #1399, .T. ) ;
#7743 = ORIENTED_EDGE ( 'NONE', *, *, #6971, .F. ) ;
#7744 = ORIENTED_EDGE ( 'NONE', *, *, #5999, .F. ) ;
#7745 = CARTESIAN_POINT ( 'NONE',  ( 0.03099784915577624006, 0.05582460189391248717, -0.1595166432032888437 ) ) ;
#7746 =( NAMED_UNIT ( * ) SI_UNIT ( $, .STERADIAN. ) SOLID_ANGLE_UNIT ( ) );
#7747 = ADVANCED_FACE ( 'NONE', ( #4223 ), #6517, .F. ) ;
#7748 = ORIENTED_EDGE ( 'NONE', *, *, #9271, .T. ) ;
#7749 = DIRECTION ( 'NONE',  ( -0.9947187166712730955, -0.1005812350896081869, -0.02044724557745129095 ) ) ;
#7750 = CARTESIAN_POINT ( 'NONE',  ( -0.1213981180467327975, -0.1600000000000000866, -0.04539237682713895966 ) ) ;
#7751 = CARTESIAN_POINT ( 'NONE',  ( -0.03860570201244008237, -0.1502483825070371759, 0.1623998817803319339 ) ) ;
#7752 = CARTESIAN_POINT ( 'NONE',  ( -0.1149999999999999911, -0.1199999999999999956, -0.1575000000000000011 ) ) ;
#7753 = COLOUR_RGB ( '',1.000000000000000000, 1.000000000000000000, 0.5019607843137254832 ) ;
#7754 = PRESENTATION_LAYER_ASSIGNMENT (  '', '', ( #3152 ) ) ;
#7755 = VERTEX_POINT ( 'NONE', #8389 ) ;
#7756 = ORIENTED_EDGE ( 'NONE', *, *, #6645, .F. ) ;
#7757 = ORIENTED_EDGE ( 'NONE', *, *, #608, .T. ) ;
#7758 = CARTESIAN_POINT ( 'NONE',  ( 0.01549206093043245872, 0.05582483189794655576, 0.1604710305973889306 ) ) ;
#7759 = SURFACE_STYLE_USAGE ( .BOTH. , #6281 ) ;
#7760 = CARTESIAN_POINT ( 'NONE',  ( -0.04635653934344313720, 0.05737582832217407586, 0.1883079736353366063 ) ) ;
#7761 =( NAMED_UNIT ( * ) SI_UNIT ( $, .STERADIAN. ) SOLID_ANGLE_UNIT ( ) );
#7762 = FILL_AREA_STYLE ('',( #440 ) ) ;
#7763 = FILL_AREA_STYLE ('',( #8482 ) ) ;
#7764 = EDGE_CURVE ( 'NONE', #6140, #7415, #891, .T. ) ;
#7765 = CARTESIAN_POINT ( 'NONE',  ( -0.04461917553330741609, 0.08724052915325927748, 0.1602714934378702549 ) ) ;
#7766 = VECTOR ( 'NONE', #1772, 1000.000000000000000 ) ;
#7767 = FACE_OUTER_BOUND ( 'NONE', #392, .T. ) ;
#7768 = CARTESIAN_POINT ( 'NONE',  ( -0.03158189322792102904, -0.1799999999999999656, -0.1600000000000000033 ) ) ;
#7769 = VERTEX_POINT ( 'NONE', #3587 ) ;
#7770 = ORIENTED_EDGE ( 'NONE', *, *, #3225, .F. ) ;
#7771 = EDGE_CURVE ( 'NONE', #8838, #2187, #5606, .T. ) ;
#7772 = CARTESIAN_POINT ( 'NONE',  ( 0.1150000000000000050, -0.1550000000000000266, 0.08484943922164063512 ) ) ;
#7773 = CARTESIAN_POINT ( 'NONE',  ( -0.04436053359271143609, -0.1638409044490960476, 0.02522318394420869705 ) ) ;
#7774 =( NAMED_UNIT ( * ) SI_UNIT ( $, .STERADIAN. ) SOLID_ANGLE_UNIT ( ) );
#7775 = CARTESIAN_POINT ( 'NONE',  ( 0.03509779384503800004, 0.06630995748793278022, 0.1931426370660107028 ) ) ;
#7776 = FILL_AREA_STYLE_COLOUR ( '', #6806 ) ;
#7777 = DIRECTION ( 'NONE',  ( 0.000000000000000000, 0.000000000000000000, -1.000000000000000000 ) ) ;
#7778 = CARTESIAN_POINT ( 'NONE',  ( -0.07902721111205819604, -0.1228574207385720318, 0.1720995250047832048 ) ) ;
#7779 = ORIENTED_EDGE ( 'NONE', *, *, #243, .T. ) ;
#7780 = EDGE_LOOP ( 'NONE', ( #4346, #7748, #403, #527, #3380, #2252 ) ) ;
#7781 = EDGE_CURVE ( 'NONE', #9408, #4881, #5945, .T. ) ;
#7782 = SURFACE_STYLE_USAGE ( .BOTH. , #5497 ) ;
#7783 =( NAMED_UNIT ( * ) SI_UNIT ( $, .STERADIAN. ) SOLID_ANGLE_UNIT ( ) );
#7784 = SURFACE_SIDE_STYLE ('',( #9443 ) ) ;
#7785 = VERTEX_POINT ( 'NONE', #5057 ) ;
#7786 = CARTESIAN_POINT ( 'NONE',  ( -0.007753140239137710880, 0.07999999999999989064, 0.1600000000000000033 ) ) ;
#7787 =( BOUNDED_SURFACE ( )  B_SPLINE_SURFACE ( 3, 3, ( 
 ( #9353, #656, #6453, #4216, #7210, #4961, #7904, #9321 ),
 ( #1335, #6552, #4351, #8660, #7238, #3491, #2813, #7877 ),
 ( #8593, #8688, #2851, #5810, #8621, #7177, #9413, #4992 ),
 ( #1436, #4314, #9381, #8008, #1400, #3522, #4276, #1366 ),
 ( #7933, #625, #2157, #7263, #3613, #8722, #9447, #2191 ),
 ( #563, #5691, #1302, #56, #6728, #5876, #6657, #8064 ),
 ( #5120, #4504, #8844, #2286, #1499, #8038, #7387, #850 ) ),
 .UNSPECIFIED., .T., .F., .F. ) 
 B_SPLINE_SURFACE_WITH_KNOTS ( ( 4, 3, 4 ),
 ( 4, 2, 2, 4 ),
 ( 0.000000000000000000, 0.5000000000000000000, 1.000000000000000000 ),
 ( 0.7890819539983995323, 0.8333321516436658083, 0.8554603693797637742, 0.8775845940005594370 ),
 .UNSPECIFIED. ) 
 GEOMETRIC_REPRESENTATION_ITEM ( )  RATIONAL_B_SPLINE_SURFACE ( (
 ( 1.000000000000000000, 1.000000000000000000, 1.000000000000000000, 1.000000000000000000, 1.000000000000000000, 1.000000000000000000, 1.000000000000000000, 1.000000000000000000),
 ( 0.3333333333333333703, 0.3333333333333333703, 0.3333333333333333703, 0.3333333333333333703, 0.3333333333333333703, 0.3333333333333333703, 0.3333333333333333703, 0.3333333333333333703),
 ( 0.3333333333333333703, 0.3333333333333333703, 0.3333333333333333703, 0.3333333333333333703, 0.3333333333333333703, 0.3333333333333333703, 0.3333333333333333703, 0.3333333333333333703),
 ( 1.000000000000000000, 1.000000000000000000, 1.000000000000000000, 1.000000000000000000, 1.000000000000000000, 1.000000000000000000, 1.000000000000000000, 1.000000000000000000),
 ( 0.3333333333333333703, 0.3333333333333333703, 0.3333333333333333703, 0.3333333333333333703, 0.3333333333333333703, 0.3333333333333333703, 0.3333333333333333703, 0.3333333333333333703),
 ( 0.3333333333333333703, 0.3333333333333333703, 0.3333333333333333703, 0.3333333333333333703, 0.3333333333333333703, 0.3333333333333333703, 0.3333333333333333703, 0.3333333333333333703),
 ( 1.000000000000000000, 1.000000000000000000, 1.000000000000000000, 1.000000000000000000, 1.000000000000000000, 1.000000000000000000, 1.000000000000000000, 1.000000000000000000) ) ) 
 REPRESENTATION_ITEM ( '' )  SURFACE ( )  );
#7788 = CARTESIAN_POINT ( 'NONE',  ( 0.002898260295413431289, -0.1603795977150363206, -0.1762706485460339978 ) ) ;
#7789 = CARTESIAN_POINT ( 'NONE',  ( 0.1244805217859632079, -0.2800000000000000266, 0.08245206481447017732 ) ) ;
#7790 =( NAMED_UNIT ( * ) PLANE_ANGLE_UNIT ( ) SI_UNIT ( $, .RADIAN. ) );
#7791 = EDGE_LOOP ( 'NONE', ( #7543, #6852, #5749, #5557, #8420, #214 ) ) ;
#7792 = DIRECTION ( 'NONE',  ( -0.8496570271152052989, 0.02589787347911665441, -0.5266993795544201440 ) ) ;
#7793 =( NAMED_UNIT ( * ) PLANE_ANGLE_UNIT ( ) SI_UNIT ( $, .RADIAN. ) );
#7794 = CARTESIAN_POINT ( 'NONE',  ( -0.05909732164207005117, 0.1135140689094221306, 0.1599809870960241243 ) ) ;
#7795 = EDGE_LOOP ( 'NONE', ( #966, #7770 ) ) ;
#7796 = STYLED_ITEM ( 'NONE', ( #3912 ), #2991 ) ;
#7797 = ADVANCED_FACE ( 'NONE', ( #4000 ), #4248, .T. ) ;
#7798 = EDGE_CURVE ( 'NONE', #4097, #7769, #3106, .T. ) ;
#7799 = CARTESIAN_POINT ( 'NONE',  ( -0.04862626995949131947, -0.08724005733912827687, -0.1734383924563743795 ) ) ;
#7800 = CARTESIAN_POINT ( 'NONE',  ( -0.04564206208424993055, -0.1638409044490960476, -0.001412484446542551075 ) ) ;
#7801 = DIRECTION ( 'NONE',  ( -0.2155630366282512145, 0.000000000000000000, -0.9764899268500455420 ) ) ;
#7802 = CARTESIAN_POINT ( 'NONE',  ( 0.05098382752652319549, 0.06542643801118142033, 0.1911425782532638062 ) ) ;
#7803 = DIRECTION ( 'NONE',  ( 0.9993255319173289797, -0.03046132653440713003, 0.02050826282043495541 ) ) ;
#7804 = CARTESIAN_POINT ( 'NONE',  ( -0.2650000000000000133, -0.2300000000000000100, 0.2000000000000000111 ) ) ;
#7805 = CARTESIAN_POINT ( 'NONE',  ( 0.05250672638121119812, 0.06529048924529044784, -0.09108150008879456472 ) ) ;
#7806 = PRESENTATION_STYLE_ASSIGNMENT (( #4468 ) ) ;
#7807 = CARTESIAN_POINT ( 'NONE',  ( -0.08812203382909156169, 0.03428651878970197936, 0.1976011245737025745 ) ) ;
#7808 = COLOUR_RGB ( '',1.000000000000000000, 1.000000000000000000, 0.5019607843137254832 ) ;
#7809 = CARTESIAN_POINT ( 'NONE',  ( 0.01802111689646825748, 0.08446493565238885615, -0.05241436003526540877 ) ) ;
#7810 = CARTESIAN_POINT ( 'NONE',  ( 0.1525014675670199049, -0.1700000000000000122, 0.1230518830271274400 ) ) ;
#7811 = CIRCLE ( 'NONE', #23, 0.01500000000000000118 ) ;
#7812 = CARTESIAN_POINT ( 'NONE',  ( -0.005749036835199468516, 0.05955729211065416417, -0.1762706481732030095 ) ) ;
#7813 = CARTESIAN_POINT ( 'NONE',  ( -0.09527923296328040526, -0.1330696236979842240, 0.1976036555144137785 ) ) ;
#7814 =( NAMED_UNIT ( * ) SI_UNIT ( $, .STERADIAN. ) SOLID_ANGLE_UNIT ( ) );
#7815 = SURFACE_SIDE_STYLE ('',( #5625 ) ) ;
#7816 = FILL_AREA_STYLE ('',( #1329 ) ) ;
#7817 = EDGE_CURVE ( 'NONE', #8222, #1912, #2302, .T. ) ;
#7818 = CARTESIAN_POINT ( 'NONE',  ( 0.02096756751788050877, 0.08447857841192439599, -0.1059920774311447905 ) ) ;
#7819 = CARTESIAN_POINT ( 'NONE',  ( -0.1210718620247217547, -0.1700000000000000122, -0.04574611991424979568 ) ) ;
#7820 = SURFACE_STYLE_USAGE ( .BOTH. , #2689 ) ;
#7821 = CARTESIAN_POINT ( 'NONE',  ( 0.1150000000000000328, -0.1700000000000000122, 0.2000000000000000111 ) ) ;
#7822 = CARTESIAN_POINT ( 'NONE',  ( 0.02042196772220551335, 0.06627953588156165754, -0.1887514358287193661 ) ) ;
#7823 = CARTESIAN_POINT ( 'NONE',  ( 0.000000000000000000, 0.000000000000000000, -0.2000000000000000111 ) ) ;
#7824 = VERTEX_POINT ( 'NONE', #3934 ) ;
#7825 = CARTESIAN_POINT ( 'NONE',  ( -0.04007926135285547892, -0.1741174881557715493, -0.02598927859092788409 ) ) ;
#7826 = CARTESIAN_POINT ( 'NONE',  ( -0.03792139911841276717, -0.03168064949061797503, -0.1464609633951042267 ) ) ;
#7827 = CARTESIAN_POINT ( 'NONE',  ( 0.007753140239137775065, 0.07999999999999997391, -0.1600000000000000311 ) ) ;
#7828 = CARTESIAN_POINT ( 'NONE',  ( 0.05149099006641463805, -0.1238875184769430565, -0.1792573380220374157 ) ) ;
#7829 = DIRECTION ( 'NONE',  ( -0.9988445981121533146, 0.000000000000000000, 0.04805693313322131899 ) ) ;
#7830 = CARTESIAN_POINT ( 'NONE',  ( -0.08731171926942844774, 0.06086995279463838088, 0.1976010580285487150 ) ) ;
#7831 = CARTESIAN_POINT ( 'NONE',  ( 0.02566870505711653372, -0.06788496680629603486, 0.1480774676819958946 ) ) ;
#7832 = CIRCLE ( 'NONE', #8696, 0.01500000000000000812 ) ;
#7833 = AXIS2_PLACEMENT_3D ( 'NONE', #396, #7199, #6354 ) ;
#7834 = ORIENTED_EDGE ( 'NONE', *, *, #4009, .F. ) ;
#7835 = CARTESIAN_POINT ( 'NONE',  ( -0.1231950141098349522, -0.1756241816299105307, -0.08005416347381916209 ) ) ;
#7836 = CARTESIAN_POINT ( 'NONE',  ( -0.1226720531819162768, -0.1700000000000000122, -0.07898615225063329581 ) ) ;
#7837 = UNCERTAINTY_MEASURE_WITH_UNIT (LENGTH_MEASURE( 1.000000000000000082E-05 ), #3978, 'distance_accuracy_value', 'NONE');
#7838 = CARTESIAN_POINT ( 'NONE',  ( 0.03681663017891955575, -0.08570319777059744182, -0.1546713611620132711 ) ) ;
#7839 = CARTESIAN_POINT ( 'NONE',  ( -0.05700409448261830464, 0.02320414525415202822, 0.1465980065236661412 ) ) ;
#7840 = FILL_AREA_STYLE_COLOUR ( '', #8326 ) ;
#7841 = VECTOR ( 'NONE', #6449, 1000.000000000000000 ) ;
#7842 = CARTESIAN_POINT ( 'NONE',  ( 0.04436126930686402209, 0.04109208343936445601, -0.1792538650697167169 ) ) ;
#7843 =( NAMED_UNIT ( * ) PLANE_ANGLE_UNIT ( ) SI_UNIT ( $, .RADIAN. ) );
#7844 = VERTEX_POINT ( 'NONE', #223 ) ;
#7845 = LINE ( 'NONE', #8730, #1667 ) ;
#7846 = AXIS2_PLACEMENT_3D ( 'NONE', #4623, #3887, #1724 ) ;
#7847 = STYLED_ITEM ( 'NONE', ( #1093 ), #5893 ) ;
#7848 =( NAMED_UNIT ( * ) SI_UNIT ( $, .STERADIAN. ) SOLID_ANGLE_UNIT ( ) );
#7849 = DIRECTION ( 'NONE',  ( 1.000000000000000000, 0.000000000000000000, 0.000000000000000000 ) ) ;
#7850 = B_SPLINE_CURVE_WITH_KNOTS ( 'NONE', 3,
 ( #5465, #6208, #7716, #6299 ),
 .UNSPECIFIED., .F., .F.,
 ( 4, 4 ),
 ( 0.8862669857841730670, 0.8867815063182191704 ),
 .UNSPECIFIED. ) ;
#7851 = VERTEX_POINT ( 'NONE', #3108 ) ;
#7852 = CARTESIAN_POINT ( 'NONE',  ( -0.02964923649483402340, -0.1465206486521072049, -0.05321890530641435607 ) ) ;
#7853 = CIRCLE ( 'NONE', #7003, 0.02500000000000001180 ) ;
#7854 = DIRECTION ( 'NONE',  ( -0.9880525659434229446, 0.03011737767676796185, -0.1511458583438287651 ) ) ;
#7855 = CARTESIAN_POINT ( 'NONE',  ( -0.06742230392339594591, -0.1600000000000000866, 0.1799999999999999101 ) ) ;
#7856 = CARTESIAN_POINT ( 'NONE',  ( 0.004026951700823882402, 0.06527458824242990398, -0.1260440407200104640 ) ) ;
#7857 = CARTESIAN_POINT ( 'NONE',  ( 0.04030895798292458837, 0.06612067455374423530, 0.06996549877318444799 ) ) ;
#7858 = ORIENTED_EDGE ( 'NONE', *, *, #8551, .F. ) ;
#7859 = VERTEX_POINT ( 'NONE', #7593 ) ;
#7860 = STYLED_ITEM ( 'NONE', ( #7083 ), #7358 ) ;
#7861 = CARTESIAN_POINT ( 'NONE',  ( -0.02207016194171036727, 0.07553504503132692227, 0.1597049293376392176 ) ) ;
#7862 = ORIENTED_EDGE ( 'NONE', *, *, #6627, .T. ) ;
#7863 = EDGE_CURVE ( 'NONE', #3738, #4638, #9037, .T. ) ;
#7864 = SURFACE_STYLE_FILL_AREA ( #8140 ) ;
#7865 = ORIENTED_EDGE ( 'NONE', *, *, #3064, .F. ) ;
#7866 = ORIENTED_EDGE ( 'NONE', *, *, #3399, .F. ) ;
#7867 = CARTESIAN_POINT ( 'NONE',  ( 0.03075071963344652021, 0.06066989973681457399, -0.1546713453603865418 ) ) ;
#7868 = CARTESIAN_POINT ( 'NONE',  ( -0.1278671797069859395, -0.1600000000000000033, -0.03805575324395597120 ) ) ;
#7869 =( LENGTH_UNIT ( ) NAMED_UNIT ( * ) SI_UNIT ( .MILLI., .METRE. ) );
#7870 = STYLED_ITEM ( 'NONE', ( #5160 ), #3993 ) ;
#7871 = CIRCLE ( 'NONE', #7364, 0.01500000000000000291 ) ;
#7872 = ORIENTED_EDGE ( 'NONE', *, *, #4814, .F. ) ;
#7873 = ORIENTED_EDGE ( 'NONE', *, *, #6199, .F. ) ;
#7874 = DIRECTION ( 'NONE',  ( -0.02052558504614553775, -0.0002560480453883467664, 0.9997892952006998124 ) ) ;
#7875 = CARTESIAN_POINT ( 'NONE',  ( -0.006563973209576236430, 0.07553518669664388563, -0.1602927535872134823 ) ) ;
#7876 = CARTESIAN_POINT ( 'NONE',  ( -0.04537642273386433001, -0.1741174803918314196, -0.1596730156438414261 ) ) ;
#7877 = CARTESIAN_POINT ( 'NONE',  ( -0.05640895883620539175, 0.04648593109057793521, 0.1600190129039758824 ) ) ;
#7878 = CARTESIAN_POINT ( 'NONE',  ( 0.01803374895965339023, 0.06619608945567981295, -0.1660352730601047100 ) ) ;
#7879 = ORIENTED_EDGE ( 'NONE', *, *, #5442, .F. ) ;
#7880 = EDGE_LOOP ( 'NONE', ( #858, #6406 ) ) ;
#7881 = AXIS2_PLACEMENT_3D ( 'NONE', #4138, #1884, #452 ) ;
#7882 =( NAMED_UNIT ( * ) SI_UNIT ( $, .STERADIAN. ) SOLID_ANGLE_UNIT ( ) );
#7883 = SURFACE_SIDE_STYLE ('',( #7737 ) ) ;
#7884 = CARTESIAN_POINT ( 'NONE',  ( 0.04158174737593856723, 0.06606294209790206096, 0.05000573802430437892 ) ) ;
#7885 = CARTESIAN_POINT ( 'NONE',  ( 0.03200268577051364194, 0.07849130379308980054, 0.05240611079259199084 ) ) ;
#7886 = DIRECTION ( 'NONE',  ( -0.04805693313322025040, 0.000000000000000000, -0.9988445981121535366 ) ) ;
#7887 = DIRECTION ( 'NONE',  ( -0.9947208096316116910, -0.1005714301589786391, -0.02039358530539940248 ) ) ;
#7888 = CARTESIAN_POINT ( 'NONE',  ( 0.02344351624343191109, -0.1229444319414212533, 0.1480774836709121134 ) ) ;
#7889 = ORIENTED_EDGE ( 'NONE', *, *, #3203, .T. ) ;
#7890 = EDGE_CURVE ( 'NONE', #1237, #5109, #959, .T. ) ;
#7891 = CARTESIAN_POINT ( 'NONE',  ( -0.02033162852806202903, 0.07553514886684735419, 0.1059518483957106738 ) ) ;
#7892 = AXIS2_PLACEMENT_3D ( 'NONE', #9103, #6114, #1027 ) ;
#7893 = CARTESIAN_POINT ( 'NONE',  ( -0.005186615136144056420, 0.04110915473220588812, -0.1762706952914081526 ) ) ;
#7894 = CARTESIAN_POINT ( 'NONE',  ( -0.1655526671241021874, -0.1599999999999999756, -0.05290356562635827736 ) ) ;
#7895 = CARTESIAN_POINT ( 'NONE',  ( 0.01370983687046477793, -0.1476049240087968506, -0.05290644852075871568 ) ) ;
#7896 = UNCERTAINTY_MEASURE_WITH_UNIT (LENGTH_MEASURE( 1.000000000000000082E-05 ), #7359, 'distance_accuracy_value', 'NONE');
#7897 = AXIS2_PLACEMENT_3D ( 'NONE', #623, #2881, #1334 ) ;
#7898 = CARTESIAN_POINT ( 'NONE',  ( 0.1221691108782663043, -0.1799999999998389832, 0.04470776659476568410 ) ) ;
#7899 = CARTESIAN_POINT ( 'NONE',  ( 0.03257769607660405270, -0.1599999999999998368, 0.1800000000000000766 ) ) ;
#7900 = EDGE_LOOP ( 'NONE', ( #1678, #738, #3518, #6614, #4876, #5099 ) ) ;
#7901 = CARTESIAN_POINT ( 'NONE',  ( 0.003725692630542883164, -0.1769979943429172142, -0.1596522519181532151 ) ) ;
#7902 = CARTESIAN_POINT ( 'NONE',  ( 0.001270463722378962525, 0.04690862146465878124, -0.1068510698661353508 ) ) ;
#7903 = CARTESIAN_POINT ( 'NONE',  ( -0.1202730532650551354, -0.1821399958360375992, -0.07951573857070697027 ) ) ;
#7904 = CARTESIAN_POINT ( 'NONE',  ( -0.07044163217467079574, 0.07276502793229307209, 0.1380297873273175213 ) ) ;
#7905 =( LENGTH_UNIT ( ) NAMED_UNIT ( * ) SI_UNIT ( .MILLI., .METRE. ) );
#7906 = APPLICATION_PROTOCOL_DEFINITION ( 'draft international standard', 'automotive_design', 1998, #9355 ) ;
#7907 = CARTESIAN_POINT ( 'NONE',  ( -0.001453401658341977720, 0.06471380313145280727, -0.1671244974060387134 ) ) ;
#7908 = STYLED_ITEM ( 'NONE', ( #4011 ), #3756 ) ;
#7909 = CARTESIAN_POINT ( 'NONE',  ( -0.04701725506040087960, -0.1238308671010242140, -0.1734418981614820054 ) ) ;
#7910 = STYLED_ITEM ( 'NONE', ( #2338 ), #6901 ) ;
#7911 = CARTESIAN_POINT ( 'NONE',  ( -0.02489351837718983829, -0.01275979038064796109, -0.1865616231169145989 ) ) ;
#7912 = CARTESIAN_POINT ( 'NONE',  ( 0.001848208808562954710, 0.06506270749068029935, -0.002531401774709076367 ) ) ;
#7913 = CARTESIAN_POINT ( 'NONE',  ( -0.1210718620247217547, -0.1864627417671275156, -0.04574611991424980262 ) ) ;
#7914 = CARTESIAN_POINT ( 'NONE',  ( 0.007753140239137775065, 0.07999999999999997391, -0.1600000000000000311 ) ) ;
#7915 = CARTESIAN_POINT ( 'NONE',  ( 0.05510990446988725533, 0.06504120138668592621, -0.1079151292597953782 ) ) ;
#7916 = CARTESIAN_POINT ( 'NONE',  ( -0.05450105212953626488, 0.1135140336834009611, 0.05322832147610892517 ) ) ;
#7917 = CARTESIAN_POINT ( 'NONE',  ( -0.1236739393221757966, -0.1777567889447579930, -0.08098175181766895103 ) ) ;
#7918 =( NAMED_UNIT ( * ) PLANE_ANGLE_UNIT ( ) SI_UNIT ( $, .RADIAN. ) );
#7919 = CARTESIAN_POINT ( 'NONE',  ( 0.003033064315070862875, 0.02303996441998074074, -0.1472126421272016428 ) ) ;
#7920 = LINE ( 'NONE', #8578, #7596 ) ;
#7921 = CARTESIAN_POINT ( 'NONE',  ( -0.006563973209576236430, 0.07553518669664388563, -0.1602927535872134823 ) ) ;
#7923 = LINE ( 'NONE', #6656, #1865 ) ;
#7922 = CARTESIAN_POINT ( 'NONE',  ( -0.04887568674456060913, -0.01390659778293885755, 0.1879005137432496475 ) ) ;
#7924 = PLANE ( 'NONE',  #4842 ) ;
#7925 = CARTESIAN_POINT ( 'NONE',  ( -0.08075670284563075951, -0.1714750486207665403, 0.1602902600824025470 ) ) ;
#7926 = EDGE_CURVE ( 'NONE', #4791, #4891, #331, .T. ) ;
#7927 = FACE_OUTER_BOUND ( 'NONE', #7181, .T. ) ;
#7928 = CARTESIAN_POINT ( 'NONE',  ( -0.1219204132468515861, -0.1833489139892351683, -0.04488767615673243394 ) ) ;
#7929 = DIRECTION ( 'NONE',  ( -0.8457699189191018041, 1.040834085586085027E-17, -0.5335477900353221559 ) ) ;
#7930 = CARTESIAN_POINT ( 'NONE',  ( -0.01948089802885005078, 0.1041753118370922632, -0.05467693315858458691 ) ) ;
#7931 = CARTESIAN_POINT ( 'NONE',  ( -0.04372448813994637973, -0.1741175282685538395, -0.1060997899311329484 ) ) ;
#7932 = ORIENTED_EDGE ( 'NONE', *, *, #6686, .T. ) ;
#7933 = CARTESIAN_POINT ( 'NONE',  ( -0.04359035616533349367, 0.1135140822534379812, -0.1600361679550032501 ) ) ;
#7934 = EDGE_CURVE ( 'NONE', #4847, #8214, #9143, .T. ) ;
#7935 = CARTESIAN_POINT ( 'NONE',  ( 0.05873526738759401317, -0.1800000000000000488, -0.02592593678564418871 ) ) ;
#7936 = CARTESIAN_POINT ( 'NONE',  ( 0.01301368487601159765, 0.06595256781552143177, -0.1599607089239141466 ) ) ;
#7937 = SURFACE_STYLE_FILL_AREA ( #8806 ) ;
#7938 = CARTESIAN_POINT ( 'NONE',  ( 0.01742230392339601946, -0.1600000000000002531, -0.1799999999999999101 ) ) ;
#7939 = STYLED_ITEM ( 'NONE', ( #9334 ), #9116 ) ;
#7940 = SURFACE_STYLE_FILL_AREA ( #4021 ) ;
#7941 = EDGE_LOOP ( 'NONE', ( #4073, #5558, #8102, #64, #8749, #6604 ) ) ;
#7942 = CARTESIAN_POINT ( 'NONE',  ( -0.02774434096253396501, 0.06041101723250457550, -0.1865616235374173149 ) ) ;
#7943 = CARTESIAN_POINT ( 'NONE',  ( 0.04512833791789729737, 0.02271706848293186115, -0.1792538183720273348 ) ) ;
#7944 = VECTOR ( 'NONE', #6328, 1000.000000000000227 ) ;
#7945 = DIRECTION ( 'NONE',  ( 0.9993255101729127121, 0.03046351156190880982, 0.02050607668387986748 ) ) ;
#7946 = PLANE ( 'NONE',  #6063 ) ;
#7947 = CARTESIAN_POINT ( 'NONE',  ( 0.03872829207045157263, 0.1083529006219487445, -0.1073910101277164297 ) ) ;
#7948 = CARTESIAN_POINT ( 'NONE',  ( 0.05453658818683332354, 0.06509812394197535268, -0.1091452466039798258 ) ) ;
#7949 = CARTESIAN_POINT ( 'NONE',  ( -0.07044163217467079574, 0.07276502793229307209, 0.1380297873273175213 ) ) ;
#7950 = CARTESIAN_POINT ( 'NONE',  ( 0.05193320742968762782, -0.1605037370464879043, 0.1526118560459339690 ) ) ;
#7952 = UNCERTAINTY_MEASURE_WITH_UNIT (LENGTH_MEASURE( 1.000000000000000082E-05 ), #5469, 'distance_accuracy_value', 'NONE');
#7951 =( NAMED_UNIT ( * ) PLANE_ANGLE_UNIT ( ) SI_UNIT ( $, .RADIAN. ) );
#7953 = AXIS2_PLACEMENT_3D ( 'NONE', #5468, #365, #1122 ) ;
#7954 = DIRECTION ( 'NONE',  ( -0.000000000000000000, 0.000000000000000000, 1.000000000000000000 ) ) ;
#7955 = FACE_OUTER_BOUND ( 'NONE', #508, .T. ) ;
#7956 = COLOUR_RGB ( '',0.7921568627450980005, 0.8196078431372548767, 0.9333333333333333481 ) ;
#7957 = MECHANICAL_DESIGN_GEOMETRIC_PRESENTATION_REPRESENTATION (  '', ( #4024 ), #9049 ) ;
#7958 = ORIENTED_EDGE ( 'NONE', *, *, #1192, .T. ) ;
#7959 = CARTESIAN_POINT ( 'NONE',  ( -0.001817787600405873852, 0.1131118929318057492, 0.1335007170436218471 ) ) ;
#7960 = CARTESIAN_POINT ( 'NONE',  ( 0.1263304367321258781, -0.1700000000000000955, 0.08571248796691878502 ) ) ;
#7961 = CARTESIAN_POINT ( 'NONE',  ( -0.2147773133390572520, -0.2300000000000000655, -0.1519035544740385268 ) ) ;
#7962 = DIRECTION ( 'NONE',  ( -0.03046991852340172682, 0.9995356842380251905, 8.679241799403619863E-19 ) ) ;
#7963 = SURFACE_STYLE_USAGE ( .BOTH. , #6576 ) ;
#7964 = CIRCLE ( 'NONE', #7296, 0.005021137786436535855 ) ;
#7965 = VERTEX_POINT ( 'NONE', #925 ) ;
#7966 = EDGE_LOOP ( 'NONE', ( #1407, #1111 ) ) ;
#7967 =( GEOMETRIC_REPRESENTATION_CONTEXT ( 3 ) GLOBAL_UNCERTAINTY_ASSIGNED_CONTEXT ( ( #6207 ) ) GLOBAL_UNIT_ASSIGNED_CONTEXT ( ( #7423, #8843, #7332 ) ) REPRESENTATION_CONTEXT ( 'NONE', 'WORKASPACE' ) );
#7968 = VERTEX_POINT ( 'NONE', #7752 ) ;
#7969 = AXIS2_PLACEMENT_3D ( 'NONE', #6730, #2290, #3007 ) ;
#7970 = CARTESIAN_POINT ( 'NONE',  ( -0.02426597687400460987, -0.2134793120653910303, -0.02675534816329390789 ) ) ;
#7971 =( NAMED_UNIT ( * ) PLANE_ANGLE_UNIT ( ) SI_UNIT ( $, .RADIAN. ) );
#7972 = CARTESIAN_POINT ( 'NONE',  ( -0.09338311914420192872, -0.08547538304201571235, 0.1976010419758998937 ) ) ;
#7973 = CARTESIAN_POINT ( 'NONE',  ( -0.02151754748105509651, 0.07554193604853857991, 0.1327892651147117298 ) ) ;
#7974 = EDGE_CURVE ( 'NONE', #1784, #9453, #8682, .T. ) ;
#7975 = B_SPLINE_CURVE_WITH_KNOTS ( 'NONE', 3,
 ( #1217, #8537, #4214, #4243, #9261, #2720, #4990, #528 ),
 .UNSPECIFIED., .F., .F.,
 ( 4, 1, 1, 1, 1, 4 ),
 ( 0.000000000000000000, 0.1274639945884469550, 0.2621587074575456033, 0.4330378518549585221, 0.4971100557800189335, 0.5000000000000011102 ),
 .UNSPECIFIED. ) ;
#7976 = SURFACE_STYLE_USAGE ( .BOTH. , #6588 ) ;
#7977 = VERTEX_POINT ( 'NONE', #3397 ) ;
#7978 = EDGE_LOOP ( 'NONE', ( #2664, #8758, #837, #3202, #6882, #9317 ) ) ;
#7979 = SURFACE_STYLE_FILL_AREA ( #9391 ) ;
#7980 = ORIENTED_EDGE ( 'NONE', *, *, #4059, .T. ) ;
#7981 = PLANE ( 'NONE',  #8877 ) ;
#7982 = CARTESIAN_POINT ( 'NONE',  ( 0.04988206788176324791, -0.08730465724467480204, -0.1792538339553005899 ) ) ;
#7983 = CARTESIAN_POINT ( 'NONE',  ( 0.05446185906622705991, 0.06510545860826107145, -0.1088956678211605161 ) ) ;
#7984 = CARTESIAN_POINT ( 'NONE',  ( 0.2650000000000000133, 0.06000000000000000472, 0.2000000000000000111 ) ) ;
#7985 = CARTESIAN_POINT ( 'NONE',  ( 0.02899074939090677885, 0.1083391823141740123, 0.05222534817079499403 ) ) ;
#7986 = CARTESIAN_POINT ( 'NONE',  ( 0.05462590486235521098, 0.06508933188749069232, -0.1093541171693794140 ) ) ;
#7987 = CIRCLE ( 'NONE', #2245, 0.01500000000000000985 ) ;
#7988 =( NAMED_UNIT ( * ) SI_UNIT ( $, .STERADIAN. ) SOLID_ANGLE_UNIT ( ) );
#7989 = CARTESIAN_POINT ( 'NONE',  ( 0.05742032090159458757, -0.1799999738088588763, -0.05261484329394443271 ) ) ;
#7990 = ORIENTED_EDGE ( 'NONE', *, *, #5614, .F. ) ;
#7991 = ORIENTED_EDGE ( 'NONE', *, *, #3561, .T. ) ;
#7992 = CARTESIAN_POINT ( 'NONE',  ( 0.05873526738759401317, -0.1800000000000000488, -0.02592593678564418871 ) ) ;
#7993 = CARTESIAN_POINT ( 'NONE',  ( -0.1238118205543708855, -0.1797551618618198899, -0.08124042258726628385 ) ) ;
#7994 = EDGE_CURVE ( 'NONE', #632, #5036, #8466, .T. ) ;
#7995 = VECTOR ( 'NONE', #905, 1000.000000000000000 ) ;
#7996 = CARTESIAN_POINT ( 'NONE',  ( 0.1210718620247217964, -0.1700000000000000955, 0.04574611991424980956 ) ) ;
#7997 = CARTESIAN_POINT ( 'NONE',  ( 0.01204396818640438363, 0.1131187399372438340, -0.1063773337456498241 ) ) ;
#7998 = CARTESIAN_POINT ( 'NONE',  ( -0.06550295566255305568, -0.03152796863415534973, 0.2134020396005623932 ) ) ;
#7999 =( NAMED_UNIT ( * ) PLANE_ANGLE_UNIT ( ) SI_UNIT ( $, .RADIAN. ) );
#8000 = ORIENTED_EDGE ( 'NONE', *, *, #4690, .F. ) ;
#8001 = ORIENTED_EDGE ( 'NONE', *, *, #6284, .F. ) ;
#8002 = CARTESIAN_POINT ( 'NONE',  ( -0.06790334511830102560, -0.08653081879698991397, 0.2134020236125176717 ) ) ;
#8003 = FILL_AREA_STYLE ('',( #1761 ) ) ;
#8004 = CARTESIAN_POINT ( 'NONE',  ( -0.1043579379157500708, -0.1961590955509036893, 0.001412484446542556929 ) ) ;
#8005 = AXIS2_PLACEMENT_3D ( 'NONE', #4639, #6794, #245 ) ;
#8006 = AXIS2_PLACEMENT_3D ( 'NONE', #2007, #7945, #5730 ) ;
#8007 = SURFACE_SIDE_STYLE ('',( #8032 ) ) ;
#8008 = CARTESIAN_POINT ( 'NONE',  ( -0.03830758092707468865, 0.08724045140607317173, 0.02752750940696415891 ) ) ;
#8009 = CARTESIAN_POINT ( 'NONE',  ( 0.03882841321154756331, 0.07849138835906371847, -0.05417481111629973006 ) ) ;
#8010 = CARTESIAN_POINT ( 'NONE',  ( -0.006563973209576236430, 0.07553518669664388563, -0.1602927535872134823 ) ) ;
#8011 = ORIENTED_EDGE ( 'NONE', *, *, #8953, .T. ) ;
#8012 = B_SPLINE_CURVE_WITH_KNOTS ( 'NONE', 3,
 ( #8659, #7175, #3580, #5747 ),
 .UNSPECIFIED., .F., .F.,
 ( 4, 4 ),
 ( 0.000000000000000000, 1.000000000000000000 ),
 .UNSPECIFIED. ) ;
#8013 = DIRECTION ( 'NONE',  ( -0.000000000000000000, 1.000000000000000000, -0.000000000000000000 ) ) ;
#8014 = CARTESIAN_POINT ( 'NONE',  ( -0.01778736372197770726, -0.1858825196081684838, -0.1603269843561585528 ) ) ;
#8015 = CARTESIAN_POINT ( 'NONE',  ( -0.02709138546469052472, 0.03899149192842314704, -0.1865616786065135979 ) ) ;
#8016 = DIRECTION ( 'NONE',  ( -0.9794962159215321318, 0.2001317422725611694, 0.02311814720837845200 ) ) ;
#8017 = CARTESIAN_POINT ( 'NONE',  ( 0.1655526671241021597, -0.2300000000000001488, 0.05290356562635827736 ) ) ;
#8018 = ORIENTED_EDGE ( 'NONE', *, *, #4866, .T. ) ;
#8019 =( NAMED_UNIT ( * ) PLANE_ANGLE_UNIT ( ) SI_UNIT ( $, .RADIAN. ) );
#8020 = CARTESIAN_POINT ( 'NONE',  ( 0.03034303733933077507, 0.04864341698340243769, 0.1597475851036911088 ) ) ;
#8021 = CARTESIAN_POINT ( 'NONE',  ( 0.05466359948271429237, 0.06508561221272585184, -0.1094065699371458561 ) ) ;
#8022 = CARTESIAN_POINT ( 'NONE',  ( 0.05509763939828897505, -0.1800000261901395782, -0.1060476283986299950 ) ) ;
#8023 = LINE ( 'NONE', #2947, #676 ) ;
#8024 =( BOUNDED_SURFACE ( )  B_SPLINE_SURFACE ( 3, 3, ( 
 ( #7416, #7353, #3697, #745, #5934, #8808, #9468, #5171 ),
 ( #5204, #2933, #2281, #1494, #7448, #112, #8117, #4462 ),
 ( #84, #5112, #710, #1467, #807, #1569, #4496, #5966 ),
 ( #4403, #15, #1601, #5402, #9002, #209, #8310, #6099 ),
 ( #6037, #6867, #2402, #3096, #3824, #2494, #8215, #1662 ),
 ( #3893, #5273, #3125, #3166, #8938, #5371, #1700, #6823 ),
 ( #6757, #4568, #1731, #8904, #2367, #984, #4633, #8249 ) ),
 .UNSPECIFIED., .T., .F., .F. ) 
 B_SPLINE_SURFACE_WITH_KNOTS ( ( 4, 3, 4 ),
 ( 4, 2, 2, 4 ),
 ( 0.000000000000000000, 0.5000000000000000000, 1.000000000000000000 ),
 ( 0.1224153570411147529, 0.1666656434494600547, 0.1887940325006644271, 0.2109176686151477131 ),
 .UNSPECIFIED. ) 
 GEOMETRIC_REPRESENTATION_ITEM ( )  RATIONAL_B_SPLINE_SURFACE ( (
 ( 1.000000000000000000, 1.000000000000000000, 1.000000000000000000, 1.000000000000000000, 1.000000000000000000, 1.000000000000000000, 1.000000000000000000, 1.000000000000000000),
 ( 0.3333333333333333703, 0.3333333333333333703, 0.3333333333333333703, 0.3333333333333333703, 0.3333333333333333703, 0.3333333333333333703, 0.3333333333333333703, 0.3333333333333333703),
 ( 0.3333333333333333703, 0.3333333333333333703, 0.3333333333333333703, 0.3333333333333333703, 0.3333333333333333703, 0.3333333333333333703, 0.3333333333333333703, 0.3333333333333333703),
 ( 1.000000000000000000, 1.000000000000000000, 1.000000000000000000, 1.000000000000000000, 1.000000000000000000, 1.000000000000000000, 1.000000000000000000, 1.000000000000000000),
 ( 0.3333333333333333703, 0.3333333333333333703, 0.3333333333333333703, 0.3333333333333333703, 0.3333333333333333703, 0.3333333333333333703, 0.3333333333333333703, 0.3333333333333333703),
 ( 0.3333333333333333703, 0.3333333333333333703, 0.3333333333333333703, 0.3333333333333333703, 0.3333333333333333703, 0.3333333333333333703, 0.3333333333333333703, 0.3333333333333333703),
 ( 1.000000000000000000, 1.000000000000000000, 1.000000000000000000, 1.000000000000000000, 1.000000000000000000, 1.000000000000000000, 1.000000000000000000, 1.000000000000000000) ) ) 
 REPRESENTATION_ITEM ( '' )  SURFACE ( )  );
#8025 = LINE ( 'NONE', #3689, #9368 ) ;
#8026 = DIRECTION ( 'NONE',  ( 0.8457699189191013600, 0.000000000000000000, 0.5335477900353224889 ) ) ;
#8027 =( LENGTH_UNIT ( ) NAMED_UNIT ( * ) SI_UNIT ( .MILLI., .METRE. ) );
#8028 = EDGE_LOOP ( 'NONE', ( #2501, #7151, #312, #783, #3729 ) ) ;
#8029 = STYLED_ITEM ( 'NONE', ( #4398 ), #2607 ) ;
#8030 = FILL_AREA_STYLE ('',( #7254 ) ) ;
#8031 = CARTESIAN_POINT ( 'NONE',  ( -0.006563973209576236430, 0.07553518669664388563, -0.1602927535872134823 ) ) ;
#8032 = SURFACE_STYLE_FILL_AREA ( #6549 ) ;
#8033 = AXIS2_PLACEMENT_3D ( 'NONE', #9233, #4870, #465 ) ;
#8034 = DIRECTION ( 'NONE',  ( -1.000000000000000000, 0.000000000000000000, 0.000000000000000000 ) ) ;
#8035 = CARTESIAN_POINT ( 'NONE',  ( 0.01138838133364146639, -0.1476049764031243383, -0.1063023540045394399 ) ) ;
#8036 = CARTESIAN_POINT ( 'NONE',  ( 0.006563881463434945510, 0.08446495496867284514, 0.1602950706623608168 ) ) ;
#8037 = PLANE ( 'NONE',  #4034 ) ;
#8038 = CARTESIAN_POINT ( 'NONE',  ( -0.06917882806347422364, 0.07275956946719475127, 0.1060121954197597721 ) ) ;
#8039 = SURFACE_STYLE_USAGE ( .BOTH. , #2883 ) ;
#8040 = CARTESIAN_POINT ( 'NONE',  ( 0.05742032090159458757, -0.1799999738088588763, -0.05261484329394443271 ) ) ;
#8041 = AXIS2_PLACEMENT_3D ( 'NONE', #5806, #7298, #2937 ) ;
#8042 =( LENGTH_UNIT ( ) NAMED_UNIT ( * ) SI_UNIT ( .MILLI., .METRE. ) );
#8043 = SURFACE_STYLE_FILL_AREA ( #6629 ) ;
#8044 = CARTESIAN_POINT ( 'NONE',  ( -0.01316637426547594483, 0.06310146200673309724, 0.1648773810732435119 ) ) ;
#8045 = CARTESIAN_POINT ( 'NONE',  ( -0.04122677996249966142, 0.06000000000000001860, -0.1799999999999998546 ) ) ;
#8046 = CARTESIAN_POINT ( 'NONE',  ( 0.07281203324023140244, 0.04217307612781279885, -0.2107090869978859859 ) ) ;
#8047 = SURFACE_STYLE_USAGE ( .BOTH. , #7437 ) ;
#8048 = EDGE_CURVE ( 'NONE', #2062, #6273, #3775, .T. ) ;
#8049 = CARTESIAN_POINT ( 'NONE',  ( 0.05056038563202996938, 0.06545962806469964035, 0.05518648681030393494 ) ) ;
#8050 = CARTESIAN_POINT ( 'NONE',  ( 0.08507379126176685402, -0.1500000262147069274, -0.1072480013129527565 ) ) ;
#8051 = CARTESIAN_POINT ( 'NONE',  ( -0.03315871517070716895, 0.08724051504716617833, -0.05248310047304365067 ) ) ;
#8052 = FILL_AREA_STYLE_COLOUR ( '', #4465 ) ;
#8053 = FACE_OUTER_BOUND ( 'NONE', #8543, .T. ) ;
#8054 = FILL_AREA_STYLE ('',( #6644 ) ) ;
#8055 = COLOUR_RGB ( '',0.7529411764705882248, 1.000000000000000000, 1.000000000000000000 ) ;
#8056 = DIRECTION ( 'NONE',  ( -0.000000000000000000, -0.000000000000000000, -1.000000000000000000 ) ) ;
#8057 = CARTESIAN_POINT ( 'NONE',  ( -0.02633696264221843664, 0.1041752273100694237, 0.05188937116746734912 ) ) ;
#8058 = SURFACE_STYLE_FILL_AREA ( #6501 ) ;
#8059 = CARTESIAN_POINT ( 'NONE',  ( 0.01688944998909807163, -0.1769980238659117078, 0.1603467722081255431 ) ) ;
#8060 = ORIENTED_EDGE ( 'NONE', *, *, #6826, .T. ) ;
#8061 = EDGE_CURVE ( 'NONE', #6165, #3890, #106, .T. ) ;
#8062 = CARTESIAN_POINT ( 'NONE',  ( -0.02284064125887375757, 0.06042878925800158202, 0.1748111851109646619 ) ) ;
#8063 = CARTESIAN_POINT ( 'NONE',  ( -0.02459389849763883584, 0.1041752481412175774, 0.02512943998699366729 ) ) ;
#8064 = CARTESIAN_POINT ( 'NONE',  ( -0.08536525105373064803, 0.09903301060290360669, 0.1594380002202835933 ) ) ;
#8065 = SURFACE_STYLE_FILL_AREA ( #9159 ) ;
#8066 = EDGE_CURVE ( 'NONE', #643, #7656, #5392, .T. ) ;
#8067 = CARTESIAN_POINT ( 'NONE',  ( -0.03294311192938872285, -0.1600063251589302626, -0.1464609715220175912 ) ) ;
#8068 = VERTEX_POINT ( 'NONE', #6215 ) ;
#8069 = DIRECTION ( 'NONE',  ( -0.02614935266312804277, 0.9996580472117950755, 0.000000000000000000 ) ) ;
#8070 = UNCERTAINTY_MEASURE_WITH_UNIT (LENGTH_MEASURE( 1.000000000000000082E-05 ), #2421, 'distance_accuracy_value', 'NONE');
#8071 = CARTESIAN_POINT ( 'NONE',  ( 0.08292569924603550302, -0.1226921048684822269, -0.1507868793207662872 ) ) ;
#8072 = ORIENTED_EDGE ( 'NONE', *, *, #1833, .F. ) ;
#8073 = EDGE_CURVE ( 'NONE', #3979, #3224, #1360, .T. ) ;
#8074 = DIRECTION ( 'NONE',  ( -0.9947208096316116910, -0.1005714301589786391, -0.02039358530539940248 ) ) ;
#8075 = CARTESIAN_POINT ( 'NONE',  ( -0.1237912600538253055, -0.1799999999999774558, -0.08120172720662256760 ) ) ;
#8076 = CARTESIAN_POINT ( 'NONE',  ( 0.03359737454582074900, -0.01239737355524086343, -0.1546713449397771056 ) ) ;
#8077 =( LENGTH_UNIT ( ) NAMED_UNIT ( * ) SI_UNIT ( .MILLI., .METRE. ) );
#8078 = CARTESIAN_POINT ( 'NONE',  ( 0.05873526738759401317, -0.1800000000000000488, -0.02592593678564418871 ) ) ;
#8079 = AXIS2_PLACEMENT_3D ( 'NONE', #3244, #3933, #8380 ) ;
#8080 = PLANE ( 'NONE',  #926 ) ;
#8081 = LINE ( 'NONE', #9312, #6138 ) ;
#8082 = CARTESIAN_POINT ( 'NONE',  ( -0.03632827958025656306, -0.08783652855376514190, 0.1623989264745942518 ) ) ;
#8083 = CARTESIAN_POINT ( 'NONE',  ( 0.2231091093434084682, -0.1550000000000001377, 0.1582779960609690673 ) ) ;
#8084 = CARTESIAN_POINT ( 'NONE',  ( -0.02925150875304061496, 0.1041753114320380369, 0.1055270909415237240 ) ) ;
#8085 = ORIENTED_EDGE ( 'NONE', *, *, #5, .F. ) ;
#8086 = CIRCLE ( 'NONE', #4336, 0.01500000000000000985 ) ;
#8087 = CARTESIAN_POINT ( 'NONE',  ( 0.002839400597265796453, 0.06516389424563819033, 0.1684905082903031259 ) ) ;
#8088 = FILL_AREA_STYLE ('',( #3670 ) ) ;
#8089 = CARTESIAN_POINT ( 'NONE',  ( 0.009030426264184092389, -0.1769980033934721031, -0.02595043614767383530 ) ) ;
#8090 = VECTOR ( 'NONE', #4582, 1000.000000000000000 ) ;
#8091 = AXIS2_PLACEMENT_3D ( 'NONE', #6902, #7621, #9255 ) ;
#8092 = ORIENTED_EDGE ( 'NONE', *, *, #8281, .T. ) ;
#8093 = ORIENTED_EDGE ( 'NONE', *, *, #875, .F. ) ;
#8094 = AXIS2_PLACEMENT_3D ( 'NONE', #7217, #2825, #568 ) ;
#8095 = CARTESIAN_POINT ( 'NONE',  ( -0.01657673494057359739, 0.1041889445152969079, -0.1076215824951461258 ) ) ;
#8096 = CARTESIAN_POINT ( 'NONE',  ( -0.1149999999999999911, -0.2300000000000000100, -0.2000000000000000666 ) ) ;
#8097 = PLANE ( 'NONE',  #7411 ) ;
#8098 = CARTESIAN_POINT ( 'NONE',  ( -0.03800483843820809393, -0.01331927728123841886, -0.2135390282221459324 ) ) ;
#8099 = CARTESIAN_POINT ( 'NONE',  ( -0.02570527695740475529, -0.01269288039901280037, 0.1748111854397168541 ) ) ;
#8100 = EDGE_CURVE ( 'NONE', #8223, #2376, #3328, .T. ) ;
#8101 = CARTESIAN_POINT ( 'NONE',  ( -0.02559324032509149860, 0.06096682716242207006, 0.05500985068603686523 ) ) ;
#8102 = ORIENTED_EDGE ( 'NONE', *, *, #9082, .T. ) ;
#8103 = VERTEX_POINT ( 'NONE', #7696 ) ;
#8104 = CARTESIAN_POINT ( 'NONE',  ( 0.1725477585110243850, -0.1600000000000000311, 0.1470482413654660425 ) ) ;
#8105 =( NAMED_UNIT ( * ) SI_UNIT ( $, .STERADIAN. ) SOLID_ANGLE_UNIT ( ) );
#8106 = DIRECTION ( 'NONE',  ( -0.9196390447885495201, 0.3921661825221552933, 0.02167285367467037399 ) ) ;
#8107 = CARTESIAN_POINT ( 'NONE',  ( 0.05463945665826356463, 0.06508799549000218732, -0.1093767015404756709 ) ) ;
#8108 = CARTESIAN_POINT ( 'NONE',  ( -0.1183229308507245670, -0.1932906607332937898, -0.05163990321434500097 ) ) ;
#8109 = CARTESIAN_POINT ( 'NONE',  ( 0.1179510200773703915, -0.1949925203155282727, 0.06228244775007487494 ) ) ;
#8110 = CARTESIAN_POINT ( 'NONE',  ( -0.1149999999999999911, -0.1550000000000000266, -0.2000000000000000666 ) ) ;
#8111 = DIRECTION ( 'NONE',  ( -0.000000000000000000, -0.000000000000000000, 1.000000000000000000 ) ) ;
#8112 = ORIENTED_EDGE ( 'NONE', *, *, #1496, .T. ) ;
#8113 = CARTESIAN_POINT ( 'NONE',  ( -0.2650000000000000133, 0.05000000000000002359, -0.2000000000000000111 ) ) ;
#8114 = EDGE_CURVE ( 'NONE', #9249, #6273, #3661, .T. ) ;
#8115 = FILL_AREA_STYLE ('',( #3762 ) ) ;
#8116 = CARTESIAN_POINT ( 'NONE',  ( 0.1150000000000000050, -0.2300000000000000100, -0.2000000000000000666 ) ) ;
#8117 = CARTESIAN_POINT ( 'NONE',  ( 0.03089486468929385568, 0.04865029810760185258, 0.1328705582164906862 ) ) ;
#8118 = CARTESIAN_POINT ( 'NONE',  ( 0.1150000000000000050, -0.2300000000000000100, 0.08484943922164063512 ) ) ;
#8119 = CARTESIAN_POINT ( 'NONE',  ( 0.05100629866936572110, -0.1536174671152260862, 0.1057652144928343807 ) ) ;
#8120 = EDGE_CURVE ( 'NONE', #8779, #3138, #1487, .T. ) ;
#8121 = ORIENTED_EDGE ( 'NONE', *, *, #7994, .F. ) ;
#8122 = UNCERTAINTY_MEASURE_WITH_UNIT (LENGTH_MEASURE( 1.000000000000000082E-05 ), #1417, 'distance_accuracy_value', 'NONE');
#8123 = ADVANCED_FACE ( 'NONE', ( #4924 ), #741, .T. ) ;
#8124 = CARTESIAN_POINT ( 'NONE',  ( 0.06652949777769212591, 0.05166075437463350101, 0.02783765417702608116 ) ) ;
#8125 = CARTESIAN_POINT ( 'NONE',  ( 0.1217411881023138798, -0.1716458028771305488, 0.07690317571663402019 ) ) ;
#8126 = CARTESIAN_POINT ( 'NONE',  ( -0.03792139911841276717, -0.03168064949061797503, -0.1464609633951042267 ) ) ;
#8127 = CARTESIAN_POINT ( 'NONE',  ( -0.02890812999619865944, -0.08607519669228200221, 0.1748111692315258425 ) ) ;
#8128 = CARTESIAN_POINT ( 'NONE',  ( 0.08130777291573872134, -0.08594223098482420276, -0.1507833400485351361 ) ) ;
#8129 = B_SPLINE_CURVE_WITH_KNOTS ( 'NONE', 3,
 ( #9027, #2516, #3849, #3253, #8360, #284, #3977, #4584 ),
 .UNSPECIFIED., .F., .F.,
 ( 4, 2, 2, 4 ),
 ( 0.1224153570411147529, 0.1666656434494600547, 0.1887940325006644271, 0.2109176686151477131 ),
 .UNSPECIFIED. ) ;
#8130 = CARTESIAN_POINT ( 'NONE',  ( -0.05471349660071212623, 0.04648596633745986223, 0.1066926758020101673 ) ) ;
#8131 = VERTEX_POINT ( 'NONE', #7721 ) ;
#8132 = CIRCLE ( 'NONE', #2032, 0.01499999999999999251 ) ;
#8133 = AXIS2_PLACEMENT_3D ( 'NONE', #2630, #7665, #9197 ) ;
#8134 = CARTESIAN_POINT ( 'NONE',  ( -0.02271377129625598915, 0.06147126483195414215, 0.1856645472851424228 ) ) ;
#8135 = CARTESIAN_POINT ( 'NONE',  ( 0.04634965294421707072, 0.06577987383626059115, -0.1881933964717482921 ) ) ;
#8136 = CARTESIAN_POINT ( 'NONE',  ( 0.04854746888711253261, -0.1238705457039133706, 0.1822672037671390910 ) ) ;
#8137 = SURFACE_SIDE_STYLE ('',( #6051 ) ) ;
#8138 = FILL_AREA_STYLE_COLOUR ( '', #7808 ) ;
#8139 = CARTESIAN_POINT ( 'NONE',  ( -0.1237912600538233349, -0.1803470693769817501, -0.08120172720661562871 ) ) ;
#8140 = FILL_AREA_STYLE ('',( #7840 ) ) ;
#8141 = CARTESIAN_POINT ( 'NONE',  ( 0.02640599147334832947, 0.06045176066515148272, 0.1777328121248425985 ) ) ;
#8142 = CARTESIAN_POINT ( 'NONE',  ( -0.08536525105373064803, 0.09903301060290360669, 0.1594380002202835933 ) ) ;
#8143 = CARTESIAN_POINT ( 'NONE',  ( 0.03674558562514866622, 0.04864344616665897819, 0.02588383246284679112 ) ) ;
#8144 = CARTESIAN_POINT ( 'NONE',  ( 0.1221691108686362021, -0.1790488171231500170, 0.04470776659532124664 ) ) ;
#8145 = PRESENTATION_LAYER_ASSIGNMENT (  '', '', ( #3551 ) ) ;
#8146 = DIRECTION ( 'NONE',  ( -0.02362802936328170164, -0.0001592579951429536338, -0.9997208064581326603 ) ) ;
#8147 = CARTESIAN_POINT ( 'NONE',  ( 0.005522475074168736904, 0.06540918351947921927, 0.1847004346068810421 ) ) ;
#8148 = AXIS2_PLACEMENT_3D ( 'NONE', #8494, #4120, #516 ) ;
#8149 = CARTESIAN_POINT ( 'NONE',  ( -0.2650000000000000133, -0.1700000000000000122, 0.2000000000000000111 ) ) ;
#8150 = CARTESIAN_POINT ( 'NONE',  ( -0.03221269244390718295, -0.1741175072621675979, 0.1603250928051200008 ) ) ;
#8151 = CARTESIAN_POINT ( 'NONE',  ( 0.009634914764267180423, -0.2063995336668072444, 0.1075063227214984596 ) ) ;
#8152 = EDGE_CURVE ( 'NONE', #7512, #2114, #8914, .T. ) ;
#8153 = LINE ( 'NONE', #4732, #8765 ) ;
#8154 = ORIENTED_EDGE ( 'NONE', *, *, #917, .T. ) ;
#8155 = FILL_AREA_STYLE ('',( #5907 ) ) ;
#8156 = CARTESIAN_POINT ( 'NONE',  ( -0.02151754748105509651, 0.07554193604853857991, 0.1327892651147117298 ) ) ;
#8157 = CARTESIAN_POINT ( 'NONE',  ( 0.03200268577051364194, 0.07849130379308980054, 0.05240611079259199084 ) ) ;
#8158 = CARTESIAN_POINT ( 'NONE',  ( 0.1204517491479721869, -0.1717054712561764396, 0.04649204381327650543 ) ) ;
#8159 = CARTESIAN_POINT ( 'NONE',  ( -0.01096998139063532635, -0.03049680564188899518, -0.1595842105426667490 ) ) ;
#8160 = DIRECTION ( 'NONE',  ( 0.9993255101729127121, 0.03046351156190880982, 0.02050607668387986748 ) ) ;
#8161 = CARTESIAN_POINT ( 'NONE',  ( 0.05137307106209209467, -0.08724092421953225096, -0.1492909761168670912 ) ) ;
#8162 = CARTESIAN_POINT ( 'NONE',  ( -0.05938439204331855820, 0.07275956983467629646, -0.05407232402845882357 ) ) ;
#8163 = CYLINDRICAL_SURFACE ( 'NONE', #357, 0.01500000000000006189 ) ;
#8164 = ORIENTED_EDGE ( 'NONE', *, *, #4119, .F. ) ;
#8165 = CARTESIAN_POINT ( 'NONE',  ( -0.05938439204331855820, 0.07275956983467629646, -0.05407232402845882357 ) ) ;
#8166 = CARTESIAN_POINT ( 'NONE',  ( 0.1525014675670199049, -0.2300000000000001488, 0.1230518830271274400 ) ) ;
#8167 = DIRECTION ( 'NONE',  ( 0.9993792147296975958, -0.02614344219221959378, -0.02361579125490145467 ) ) ;
#8168 = CARTESIAN_POINT ( 'NONE',  ( -0.1210718620244086718, -0.1864627417672133081, -0.04574611991463339855 ) ) ;
#8169 = EDGE_CURVE ( 'NONE', #1551, #8656, #3090, .T. ) ;
#8170 = CARTESIAN_POINT ( 'NONE',  ( 0.03681663017891955575, -0.08570319777059744182, -0.1546713611620132711 ) ) ;
#8171 = CARTESIAN_POINT ( 'NONE',  ( 0.1218631167447893210, -0.1881966727434021269, 0.07724366242361824231 ) ) ;
#8172 = CARTESIAN_POINT ( 'NONE',  ( 0.07587136464398655522, -0.1800000000000000488, 0.01811097402364503922 ) ) ;
#8173 = ADVANCED_FACE ( 'NONE', ( #3447 ), #2615, .T. ) ;
#8174 = ORIENTED_EDGE ( 'NONE', *, *, #5412, .T. ) ;
#8175 = CARTESIAN_POINT ( 'NONE',  ( 0.02909521289674309522, 0.07849138800471212873, 0.1059181345838505622 ) ) ;
#8176 = CARTESIAN_POINT ( 'NONE',  ( -0.05856653988604328814, -0.01347204494487666201, 0.1465979835645814244 ) ) ;
#8177 = DIRECTION ( 'NONE',  ( -0.8756075530290937659, -0.4826932479921549612, -0.01785052999736495838 ) ) ;
#8178 = CARTESIAN_POINT ( 'NONE',  ( -0.001266794254886857403, 0.06473187048830711388, 0.1928129934653306232 ) ) ;
#8179 = STYLED_ITEM ( 'NONE', ( #3994 ), #8401 ) ;
#8180 = LINE ( 'NONE', #678, #7496 ) ;
#8181 = CARTESIAN_POINT ( 'NONE',  ( 0.006903599342302515172, -0.2063911136648891032, 0.05432101747060603253 ) ) ;
#8182 = FACE_OUTER_BOUND ( 'NONE', #6307, .T. ) ;
#8183 = ORIENTED_EDGE ( 'NONE', *, *, #1701, .T. ) ;
#8184 = DIRECTION ( 'NONE',  ( -0.9682695751988397159, -0.02530651433573688838, 0.2486234302643932359 ) ) ;
#8185 = CARTESIAN_POINT ( 'NONE',  ( 0.03882841321154756331, 0.07849138835906371847, -0.05417481111629973006 ) ) ;
#8186 = CARTESIAN_POINT ( 'NONE',  ( 0.06777174525577329967, 0.06347476730275537771, -0.1917620456513600413 ) ) ;
#8187 = CARTESIAN_POINT ( 'NONE',  ( -0.01742357537140429291, 0.07553506467072447494, 0.05243358991517151069 ) ) ;
#8188 = UNCERTAINTY_MEASURE_WITH_UNIT (LENGTH_MEASURE( 1.000000000000000082E-05 ), #7905, 'distance_accuracy_value', 'NONE');
#8189 = CARTESIAN_POINT ( 'NONE',  ( -0.02489351837718983829, -0.01275979038064796109, -0.1865616231169145989 ) ) ;
#8190 =( NAMED_UNIT ( * ) PLANE_ANGLE_UNIT ( ) SI_UNIT ( $, .RADIAN. ) );
#8191 = CARTESIAN_POINT ( 'NONE',  ( 0.04512833791789729737, 0.02271706848293186115, -0.1792538183720273348 ) ) ;
#8192 = CIRCLE ( 'NONE', #4349, 0.01499999999999999771 ) ;
#8193 = CARTESIAN_POINT ( 'NONE',  ( -0.05909732164207005117, 0.1135140689094221306, 0.1599809870960241243 ) ) ;
#8194 = ORIENTED_EDGE ( 'NONE', *, *, #1000, .T. ) ;
#8195 = ORIENTED_EDGE ( 'NONE', *, *, #3678, .F. ) ;
#8196 = VERTEX_POINT ( 'NONE', #7294 ) ;
#8197 = LINE ( 'NONE', #4139, #2809 ) ;
#8198 = DIRECTION ( 'NONE',  ( 0.02615073541497617282, 0.9996580110404037489, 0.000000000000000000 ) ) ;
#8199 = CARTESIAN_POINT ( 'NONE',  ( 0.05893351473869588852, 0.06463032169529817073, -0.1946903987176683004 ) ) ;
#8200 = CARTESIAN_POINT ( 'NONE',  ( 0.1244805217859632079, -0.1700000000000000122, 0.08245206481447006630 ) ) ;
#8201 = CARTESIAN_POINT ( 'NONE',  ( 0.05056038563202996938, 0.06545962806469964035, 0.05518648681030393494 ) ) ;
#8202 =( NAMED_UNIT ( * ) PLANE_ANGLE_UNIT ( ) SI_UNIT ( $, .RADIAN. ) );
#8203 = CARTESIAN_POINT ( 'NONE',  ( -0.007753140239137710880, 0.07999999999999989064, 0.1600000000000000033 ) ) ;
#8204 = CARTESIAN_POINT ( 'NONE',  ( -0.04609589079712019671, 0.05741430388443003602, 0.1879004960365207866 ) ) ;
#8205 = B_SPLINE_CURVE_WITH_KNOTS ( 'NONE', 3,
 ( #3524, #7147, #8622, #4217, #9322, #1187, #5600, #4839 ),
 .UNSPECIFIED., .F., .F.,
 ( 4, 2, 2, 4 ),
 ( 0.6224322218176134847, 0.6666664318583197524, 0.6887839592742276418, 0.7109007746737637801 ),
 .UNSPECIFIED. ) ;
#8206 = ORIENTED_EDGE ( 'NONE', *, *, #1617, .F. ) ;
#8207 = AXIS2_PLACEMENT_3D ( 'NONE', #1850, #2548, #9212 ) ;
#8208 = ORIENTED_EDGE ( 'NONE', *, *, #720, .F. ) ;
#8209 = CARTESIAN_POINT ( 'NONE',  ( 0.07163455147043171212, 0.05166081801831702569, -0.05220203172158747323 ) ) ;
#8210 = CARTESIAN_POINT ( 'NONE',  ( -0.06790334511830102560, -0.08653081879698991397, 0.2134020236125176717 ) ) ;
#8211 = TOROIDAL_SURFACE ( 'NONE', #8033, 0.02002113720135019134, 0.01499999999999999598 ) ;
#8212 = DIRECTION ( 'NONE',  ( 0.9993255319173289797, -0.03046132653440545082, 0.02050826282043631543 ) ) ;
#8213 = VERTEX_POINT ( 'NONE', #1495 ) ;
#8214 = VERTEX_POINT ( 'NONE', #711 ) ;
#8215 = CARTESIAN_POINT ( 'NONE',  ( 0.05469489186670584147, 0.1113633691429880279, 0.1337463621646574896 ) ) ;
#8216 = CARTESIAN_POINT ( 'NONE',  ( -0.06323069644852662152, 0.05561435472913631856, 0.1655381751676932578 ) ) ;
#8217 = PRESENTATION_LAYER_ASSIGNMENT (  '', '', ( #660 ) ) ;
#8218 = DIRECTION ( 'NONE',  ( -0.02615162913723481988, 0.9996579830122664934, -9.640184558589760810E-05 ) ) ;
#8219 = CARTESIAN_POINT ( 'NONE',  ( 0.04584867864616552074, 0.04864353432364824925, -0.1602363355014044255 ) ) ;
#8220 = ADVANCED_FACE ( 'NONE', ( #5597 ), #9108, .T. ) ;
#8221 = CARTESIAN_POINT ( 'NONE',  ( 0.02787913665942245989, 0.07849817793620419981, 0.1327563563108895006 ) ) ;
#8222 = VERTEX_POINT ( 'NONE', #2214 ) ;
#8223 = VERTEX_POINT ( 'NONE', #85 ) ;
#8224 = CARTESIAN_POINT ( 'NONE',  ( 0.1727154805785203751, -0.1550000000000000266, 0.1472490126125821919 ) ) ;
#8225 = CARTESIAN_POINT ( 'NONE',  ( 0.04896706109471880147, -0.03225670225499559923, -0.1492909521220822378 ) ) ;
#8226 = CARTESIAN_POINT ( 'NONE',  ( -0.04004714622731387480, 0.08724043042291151906, 0.05411908608107289520 ) ) ;
#8227 = CARTESIAN_POINT ( 'NONE',  ( -0.06452373603752792341, 0.07275950614702159092, 0.02579026958041856499 ) ) ;
#8228 = ORIENTED_EDGE ( 'NONE', *, *, #86, .F. ) ;
#8229 =( LENGTH_UNIT ( ) NAMED_UNIT ( * ) SI_UNIT ( .MILLI., .METRE. ) );
#8230 = CARTESIAN_POINT ( 'NONE',  ( 0.2650000000000000133, -0.1700000000000000122, 0.2000000000000000111 ) ) ;
#8231 = DIRECTION ( 'NONE',  ( 0.000000000000000000, 0.000000000000000000, 1.000000000000000000 ) ) ;
#8232 = CARTESIAN_POINT ( 'NONE',  ( 0.05307872992030997911, -0.1240388297359276831, 0.1526118596563993401 ) ) ;
#8233 = CARTESIAN_POINT ( 'NONE',  ( 0.05473283737356482437, 0.06507876646770399676, -0.1094436194445309873 ) ) ;
#8234 = ORIENTED_EDGE ( 'NONE', *, *, #3356, .F. ) ;
#8235 = FILL_AREA_STYLE_COLOUR ( '', #4889 ) ;
#8236 = DIRECTION ( 'NONE',  ( 0.8457699189191013600, 0.000000000000000000, 0.5335477900353224889 ) ) ;
#8237 = CARTESIAN_POINT ( 'NONE',  ( -0.1988062389287093279, -0.1600000000000000311, -0.08175643111878473646 ) ) ;
#8238 = CARTESIAN_POINT ( 'NONE',  ( -0.008773220037500317064, 0.06000000000000003247, 0.1799999999999999933 ) ) ;
#8239 = CARTESIAN_POINT ( 'NONE',  ( 0.004171156813414360690, 0.02272970270860739245, 0.1851889070974699070 ) ) ;
#8240 = CARTESIAN_POINT ( 'NONE',  ( 0.01802111689646825748, 0.08446493565238885615, -0.05241436003526540877 ) ) ;
#8241 = EDGE_CURVE ( 'NONE', #3020, #9408, #1026, .T. ) ;
#8242 = CARTESIAN_POINT ( 'NONE',  ( -0.06182200845597225769, 0.06009301659026487774, 0.2134020394151813493 ) ) ;
#8243 = VERTEX_POINT ( 'NONE', #8150 ) ;
#8244 = DIRECTION ( 'NONE',  ( 0.03046773440284203383, 0.9995357508165269023, 0.000000000000000000 ) ) ;
#8245 = CARTESIAN_POINT ( 'NONE',  ( -0.01568352880647135017, 0.07553508554169061084, 0.02571827680933060079 ) ) ;
#8246 = CARTESIAN_POINT ( 'NONE',  ( 0.05576587254883526301, 0.06497452374327200575, 0.1746835996800853719 ) ) ;
#8247 =( BOUNDED_SURFACE ( )  B_SPLINE_SURFACE ( 3, 3, ( 
 ( #426, #6270, #3330, #9156, #2555, #4802, #9220, #1890 ),
 ( #7015, #4142, #2622, #1827, #6958, #7689, #1171, #5550 ),
 ( #7745, #4855, #3300, #1929, #456, #7074, #5584, #1205 ),
 ( #6324, #9131, #7809, #3428, #8523, #1264, #5736, #9277 ),
 ( #4916, #7160, #4260, #515, #2737, #2800, #7959, #3479 ),
 ( #8675, #4233, #8608, #3572, #4977, #4296, #2075, #4173 ),
 ( #8581, #5644, #9369, #2107, #5011, #7891, #3542, #8552 ) ),
 .UNSPECIFIED., .T., .F., .F. ) 
 B_SPLINE_SURFACE_WITH_KNOTS ( ( 4, 3, 4 ),
 ( 4, 2, 2, 4 ),
 ( 0.000000000000000000, 0.5000000000000000000, 1.000000000000000000 ),
 ( 0.4557485375414591089, 0.4999987791610235321, 0.5221270836600493404, 0.5442510124641972702 ),
 .UNSPECIFIED. ) 
 GEOMETRIC_REPRESENTATION_ITEM ( )  RATIONAL_B_SPLINE_SURFACE ( (
 ( 1.000000000000000000, 1.000000000000000000, 1.000000000000000000, 1.000000000000000000, 1.000000000000000000, 1.000000000000000000, 1.000000000000000000, 1.000000000000000000),
 ( 0.3333333333333333703, 0.3333333333333333703, 0.3333333333333333703, 0.3333333333333333703, 0.3333333333333333703, 0.3333333333333333703, 0.3333333333333333703, 0.3333333333333333703),
 ( 0.3333333333333333703, 0.3333333333333333703, 0.3333333333333333703, 0.3333333333333333703, 0.3333333333333333703, 0.3333333333333333703, 0.3333333333333333703, 0.3333333333333333703),
 ( 1.000000000000000000, 1.000000000000000000, 1.000000000000000000, 1.000000000000000000, 1.000000000000000000, 1.000000000000000000, 1.000000000000000000, 1.000000000000000000),
 ( 0.3333333333333333703, 0.3333333333333333703, 0.3333333333333333703, 0.3333333333333333703, 0.3333333333333333703, 0.3333333333333333703, 0.3333333333333333703, 0.3333333333333333703),
 ( 0.3333333333333333703, 0.3333333333333333703, 0.3333333333333333703, 0.3333333333333333703, 0.3333333333333333703, 0.3333333333333333703, 0.3333333333333333703, 0.3333333333333333703),
 ( 1.000000000000000000, 1.000000000000000000, 1.000000000000000000, 1.000000000000000000, 1.000000000000000000, 1.000000000000000000, 1.000000000000000000, 1.000000000000000000) ) ) 
 REPRESENTATION_ITEM ( '' )  SURFACE ( )  );
#8248 = CARTESIAN_POINT ( 'NONE',  ( -0.06959202642698679442, -0.1263082061307159720, 0.2134052885665921884 ) ) ;
#8249 = CARTESIAN_POINT ( 'NONE',  ( 0.02732607901079321666, 0.07849128147365572183, 0.1596932913163382206 ) ) ;
#8250 = CARTESIAN_POINT ( 'NONE',  ( -0.06158913335282183849, 0.05571703710015253608, 0.1652410441567889188 ) ) ;
#8251 = EDGE_CURVE ( 'NONE', #9398, #2124, #5975, .T. ) ;
#8252 = ORIENTED_EDGE ( 'NONE', *, *, #5528, .F. ) ;
#8253 = CARTESIAN_POINT ( 'NONE',  ( -0.2119780917785163143, -0.2299999999999999545, -0.1558400173204970429 ) ) ;
#8254 = FILL_AREA_STYLE ('',( #8942 ) ) ;
#8255 = CARTESIAN_POINT ( 'NONE',  ( 0.06814028634605903689, 0.06342519428476239840, -0.1675627174285249932 ) ) ;
#8256 = COLOUR_RGB ( '',1.000000000000000000, 1.000000000000000000, 0.5019607843137254832 ) ;
#8257 = CARTESIAN_POINT ( 'NONE',  ( -0.001653360100437788064, 0.04689498662161671605, -0.05360542268861757248 ) ) ;
#8258 = CARTESIAN_POINT ( 'NONE',  ( 0.2017251974013795635, -0.2299999999999999822, 0.1177992224742518967 ) ) ;
#8259 = B_SPLINE_CURVE_WITH_KNOTS ( 'NONE', 3,
 ( #9461, #2922, #8861, #1515, #3815, #4558, #2356, #3154 ),
 .UNSPECIFIED., .F., .F.,
 ( 4, 1, 1, 1, 1, 4 ),
 ( 0.000000000000000000, 0.08125249521118288465, 0.1198496107998578836, 0.1845807110164505438, 0.2607815769963077179, 0.2852254952169800961 ),
 .UNSPECIFIED. ) ;
#8260 = FILL_AREA_STYLE ('',( #1766 ) ) ;
#8261 = EDGE_CURVE ( 'NONE', #669, #5784, #9352, .T. ) ;
#8262 = PRESENTATION_STYLE_ASSIGNMENT (( #8410 ) ) ;
#8263 = MECHANICAL_DESIGN_GEOMETRIC_PRESENTATION_REPRESENTATION (  '', ( #5618 ), #2990 ) ;
#8264 = DIRECTION ( 'NONE',  ( 0.03046773440284036155, 0.9995357508165269023, 0.000000000000000000 ) ) ;
#8265 = CARTESIAN_POINT ( 'NONE',  ( 0.01775510333709355570, -0.1596119932857301971, 0.1777328001260823909 ) ) ;
#8266 = CARTESIAN_POINT ( 'NONE',  ( 0.05604756845165104195, 0.05954823933484844345, 0.1822671878751574437 ) ) ;
#8267 = SURFACE_STYLE_USAGE ( .BOTH. , #4618 ) ;
#8268 = CARTESIAN_POINT ( 'NONE',  ( -0.06789490674919831936, -0.1599857056563633306, 0.1599844460355385745 ) ) ;
#8269 = DIRECTION ( 'NONE',  ( -0.02052558504614596102, -0.0002560480453980134587, 0.9997892952006997014 ) ) ;
#8270 = CARTESIAN_POINT ( 'NONE',  ( -0.1986224171725970711, 0.05749131291816581696, -0.2000000000000000111 ) ) ;
#8271 = DIRECTION ( 'NONE',  ( 0.03046773440284204770, 0.9995357508165266802, 0.000000000000000000 ) ) ;
#8272 = ADVANCED_FACE ( 'NONE', ( #4689 ), #2438, .F. ) ;
#8273 = CARTESIAN_POINT ( 'NONE',  ( 0.05589588985345325667, 0.1113565747650763771, 0.1071966882977194169 ) ) ;
#8274 = CARTESIAN_POINT ( 'NONE',  ( -0.07978607075600704923, -0.1450397118861447843, 0.1721009521212837068 ) ) ;
#8275 = AXIS2_PLACEMENT_3D ( 'NONE', #4305, #8714, #4982 ) ;
#8276 = CARTESIAN_POINT ( 'NONE',  ( -0.2151529299272667006, -0.3794892511997078333, -0.1514657711333048939 ) ) ;
#8277 = CARTESIAN_POINT ( 'NONE',  ( 0.02989116684935663390, 0.05583841688660499264, -0.1056068211166397708 ) ) ;
#8278 = CARTESIAN_POINT ( 'NONE',  ( 0.05625945618572773116, 0.06492334755520488832, 0.1820582425344134669 ) ) ;
#8279 =( GEOMETRIC_REPRESENTATION_CONTEXT ( 3 ) GLOBAL_UNCERTAINTY_ASSIGNED_CONTEXT ( ( #7952 ) ) GLOBAL_UNIT_ASSIGNED_CONTEXT ( ( #5469, #4767, #6179 ) ) REPRESENTATION_CONTEXT ( 'NONE', 'WORKASPACE' ) );
#8280 = ORIENTED_EDGE ( 'NONE', *, *, #206, .F. ) ;
#8281 = EDGE_CURVE ( 'NONE', #3890, #8727, #5706, .T. ) ;
#8282 = CIRCLE ( 'NONE', #4888, 0.01499999999999999251 ) ;
#8283 = VECTOR ( 'NONE', #2818, 1000.000000000000114 ) ;
#8284 = DIRECTION ( 'NONE',  ( -0.9982981812961249091, -0.03043237495455983210, 0.04974546989901943578 ) ) ;
#8285 = CARTESIAN_POINT ( 'NONE',  ( 0.06965760183211006096, 0.1113564656763517402, -0.1597636644985956089 ) ) ;
#8286 = CARTESIAN_POINT ( 'NONE',  ( 0.2150475757587198278, -0.2300000000000000100, 0.1516348429493271366 ) ) ;
#8287 = ORIENTED_EDGE ( 'NONE', *, *, #2423, .F. ) ;
#8288 = CARTESIAN_POINT ( 'NONE',  ( 0.04598525082655238738, -0.03238866091713595019, -0.2092166677767156313 ) ) ;
#8289 = CARTESIAN_POINT ( 'NONE',  ( 0.2650000000000000133, 0.1449999999999999900, -0.2000000000000000111 ) ) ;
#8290 = DIRECTION ( 'NONE',  ( -0.000000000000000000, 0.000000000000000000, 1.000000000000000000 ) ) ;
#8291 = STYLED_ITEM ( 'NONE', ( #2420 ), #7597 ) ;
#8292 = CARTESIAN_POINT ( 'NONE',  ( -0.08983026888629135065, -0.1799999999999998546, -0.04204236359722136884 ) ) ;
#8293 = CARTESIAN_POINT ( 'NONE',  ( -0.1226720531819162768, -0.2300000000000000100, -0.07898615225063329581 ) ) ;
#8294 = CARTESIAN_POINT ( 'NONE',  ( 0.01823768015470340897, -0.1411675075421274794, 0.1777345802540879482 ) ) ;
#8295 = CARTESIAN_POINT ( 'NONE',  ( -0.1210718620247219907, -0.1735372582328823243, -0.04574611991424954588 ) ) ;
#8296 = ORIENTED_EDGE ( 'NONE', *, *, #6804, .T. ) ;
#8297 = CARTESIAN_POINT ( 'NONE',  ( 0.001622082418231438582, 0.06503971636276900670, -0.003240045485383310792 ) ) ;
#8298 = EDGE_CURVE ( 'NONE', #7681, #6591, #1961, .T. ) ;
#8299 = CARTESIAN_POINT ( 'NONE',  ( -0.01033806474988853072, -0.01427237289785864352, -0.2053286542191730957 ) ) ;
#8300 = CARTESIAN_POINT ( 'NONE',  ( -0.07902721111205819604, -0.1228574207385720318, 0.1720995250047832048 ) ) ;
#8301 = FILL_AREA_STYLE ('',( #6060 ) ) ;
#8302 = UNCERTAINTY_MEASURE_WITH_UNIT (LENGTH_MEASURE( 1.000000000000000082E-05 ), #8982, 'distance_accuracy_value', 'NONE');
#8303 = AXIS2_PLACEMENT_3D ( 'NONE', #3506, #483, #7226 ) ;
#8304 = CARTESIAN_POINT ( 'NONE',  ( -0.2650000000000000133, 0.05000000000000002359, 0.2000000000000000111 ) ) ;
#8305 = CARTESIAN_POINT ( 'NONE',  ( -0.06711258584903408153, -0.06819408491691671126, 0.2134020391818707008 ) ) ;
#8306 = ORIENTED_EDGE ( 'NONE', *, *, #6115, .F. ) ;
#8307 = CARTESIAN_POINT ( 'NONE',  ( 0.01314265821992736775, 0.1131050247127996788, -0.1598978496222843437 ) ) ;
#8308 = COLOUR_RGB ( '',1.000000000000000000, 1.000000000000000000, 0.5019607843137254832 ) ;
#8309 = PRESENTATION_LAYER_ASSIGNMENT (  '', '', ( #6171 ) ) ;
#8310 = CARTESIAN_POINT ( 'NONE',  ( 0.05771061989657728930, 0.08151548931438569456, 0.1338605640702588695 ) ) ;
#8311 = UNCERTAINTY_MEASURE_WITH_UNIT (LENGTH_MEASURE( 1.000000000000000082E-05 ), #6416, 'distance_accuracy_value', 'NONE');
#8312 = EDGE_LOOP ( 'NONE', ( #5549, #3635, #6447, #8674 ) ) ;
#8313 = EDGE_CURVE ( 'NONE', #3138, #2014, #6393, .T. ) ;
#8314 = ORIENTED_EDGE ( 'NONE', *, *, #1878, .F. ) ;
#8315 = DIRECTION ( 'NONE',  ( 0.000000000000000000, 0.000000000000000000, 1.000000000000000000 ) ) ;
#8316 = CARTESIAN_POINT ( 'NONE',  ( 0.04283232809466361313, 0.07849142854761528842, -0.1603059037795810104 ) ) ;
#8317 = ADVANCED_FACE ( 'NONE', ( #7564 ), #310, .F. ) ;
#8318 = ORIENTED_EDGE ( 'NONE', *, *, #7006, .F. ) ;
#8319 = CARTESIAN_POINT ( 'NONE',  ( 0.07157099500306539352, 0.08152233994041113707, -0.1059657400982781938 ) ) ;
#8320 = CYLINDRICAL_SURFACE ( 'NONE', #7846, 0.02500000000000001180 ) ;
#8321 = DIRECTION ( 'NONE',  ( -0.02615162913723788340, 0.9996579830122664934, -9.640184560099837596E-05 ) ) ;
#8322 = DIRECTION ( 'NONE',  ( 0.8457699189191004718, 0.000000000000000000, 0.5335477900353239322 ) ) ;
#8323 = CARTESIAN_POINT ( 'NONE',  ( 0.04999957582381788640, -0.1239433147197871177, -0.2092201944123659174 ) ) ;
#8324 = CARTESIAN_POINT ( 'NONE',  ( 0.2650000000000000133, 0.06000000000000001166, -0.2000000000000000111 ) ) ;
#8325 = CIRCLE ( 'NONE', #3120, 0.01499999999999999251 ) ;
#8326 = COLOUR_RGB ( '',1.000000000000000000, 1.000000000000000000, 0.5019607843137254832 ) ;
#8327 = ORIENTED_EDGE ( 'NONE', *, *, #6019, .F. ) ;
#8328 = VERTEX_POINT ( 'NONE', #4044 ) ;
#8329 = CARTESIAN_POINT ( 'NONE',  ( 0.02707834823998814255, -0.2300000000000000100, 0.1070825106204835592 ) ) ;
#8330 = CARTESIAN_POINT ( 'NONE',  ( -0.07151807544422839058, 0.06038846810218672506, 0.1720995093066837178 ) ) ;
#8331 = CARTESIAN_POINT ( 'NONE',  ( 0.001357912428162078022, 0.06501261181688305912, -0.005767243018309261247 ) ) ;
#8332 = DIRECTION ( 'NONE',  ( -0.02052558504614553775, -0.0002560480453883467664, 0.9997892952006998124 ) ) ;
#8333 = CARTESIAN_POINT ( 'NONE',  ( -0.005186615136144056420, 0.04110915473220588812, -0.1762706952914081526 ) ) ;
#8334 = CARTESIAN_POINT ( 'NONE',  ( -0.03361456451739411322, -0.1465206720722090072, -0.1599466246087391796 ) ) ;
#8335 = ORIENTED_EDGE ( 'NONE', *, *, #4202, .F. ) ;
#8336 = PRESENTATION_LAYER_ASSIGNMENT (  '', '', ( #5868 ) ) ;
#8337 = CARTESIAN_POINT ( 'NONE',  ( -0.1219476913060853901, -0.2300000000000000655, -0.07738871394769696044 ) ) ;
#8338 = DIRECTION ( 'NONE',  ( -0.8496570271152052989, 0.02589787347911665441, -0.5266993795544201440 ) ) ;
#8339 = SURFACE_STYLE_USAGE ( .BOTH. , #3229 ) ;
#8340 = CARTESIAN_POINT ( 'NONE',  ( 0.04696014109858181323, 0.06573639096320813002, 0.1607375779360240564 ) ) ;
#8341 = CARTESIAN_POINT ( 'NONE',  ( -0.02395375127464411183, 0.02391315327401234356, 0.1748112765039873395 ) ) ;
#8342 = VECTOR ( 'NONE', #8998, 1000.000000000000000 ) ;
#8343 = CARTESIAN_POINT ( 'NONE',  ( -0.08016871703130686033, -0.1596657669923492173, 0.1720995417108199532 ) ) ;
#8344 = ORIENTED_EDGE ( 'NONE', *, *, #4611, .T. ) ;
#8345 = DIRECTION ( 'NONE',  ( 0.7493687470348626700, 0.000000000000000000, 0.6621529135837129765 ) ) ;
#8346 =( LENGTH_UNIT ( ) NAMED_UNIT ( * ) SI_UNIT ( .MILLI., .METRE. ) );
#8347 = AXIS2_PLACEMENT_3D ( 'NONE', #3051, #8956, #8271 ) ;
#8348 = CARTESIAN_POINT ( 'NONE',  ( -0.1149999944315498179, 0.06074636187499602574, 0.1574999999999999456 ) ) ;
#8349 = CARTESIAN_POINT ( 'NONE',  ( 0.1988062389287093279, -0.2299999999999999822, 0.08175643111878472258 ) ) ;
#8350 = CARTESIAN_POINT ( 'NONE',  ( -0.03618974801024662374, -0.1741175299307869129, 0.05398880098566725960 ) ) ;
#8351 = ORIENTED_EDGE ( 'NONE', *, *, #5961, .T. ) ;
#8352 = CARTESIAN_POINT ( 'NONE',  ( -0.02005746896988046951, -0.1228045847590054224, -0.1865651755685253932 ) ) ;
#8353 = ORIENTED_EDGE ( 'NONE', *, *, #7594, .T. ) ;
#8354 = EDGE_CURVE ( 'NONE', #8068, #7202, #7462, .T. ) ;
#8355 =( NAMED_UNIT ( * ) SI_UNIT ( $, .STERADIAN. ) SOLID_ANGLE_UNIT ( ) );
#8356 = CARTESIAN_POINT ( 'NONE',  ( -0.1233700988483816124, -0.1762404939144455729, -0.08040469922751158904 ) ) ;
#8357 = CARTESIAN_POINT ( 'NONE',  ( 0.001863126469913278533, 0.06506421926329944427, -0.002506288536381641539 ) ) ;
#8358 = AXIS2_PLACEMENT_3D ( 'NONE', #2016, #8026, #2178 ) ;
#8359 = CARTESIAN_POINT ( 'NONE',  ( -0.2017251974013796190, -0.1550000000000000266, -0.1177992224742518967 ) ) ;
#8360 = CARTESIAN_POINT ( 'NONE',  ( 0.06179607625543379751, 0.08150861190854616356, 0.05421920339958552493 ) ) ;
#8361 = CARTESIAN_POINT ( 'NONE',  ( -0.05538097305629863937, 0.07275960128011772776, -0.1602677579499604543 ) ) ;
#8362 = VERTEX_POINT ( 'NONE', #3764 ) ;
#8363 = ADVANCED_FACE ( 'NONE', ( #8791 ), #3209, .F. ) ;
#8364 =( BOUNDED_CURVE ( )  B_SPLINE_CURVE ( 3, ( #2229, #7, #5891, #5193 ),
 .UNSPECIFIED., .F., .F. ) 
 B_SPLINE_CURVE_WITH_KNOTS ( ( 4, 4 ),
 ( 2.696158788419329433, 3.141592653589793116 ),
 .UNSPECIFIED. ) 
 CURVE ( )  GEOMETRIC_REPRESENTATION_ITEM ( )  RATIONAL_B_SPLINE_CURVE ( ( 1.000000000000000000, 0.9835339553240676214, 0.9835339553240676214, 1.000000000000000000 ) ) 
 REPRESENTATION_ITEM ( '' )  );
#8365 = CARTESIAN_POINT ( 'NONE',  ( -0.1278671797069859395, -0.1700000000000000400, -0.03805575324395597120 ) ) ;
#8366 = FILL_AREA_STYLE ('',( #2669 ) ) ;
#8367 = CIRCLE ( 'NONE', #1554, 0.01500000000000000118 ) ;
#8368 = CARTESIAN_POINT ( 'NONE',  ( 0.01204396818640438363, 0.1131187399372438340, -0.1063773337456498241 ) ) ;
#8369 = DIRECTION ( 'NONE',  ( 0.9993255101729127121, 0.03046351156190941697, 0.02050607668387869481 ) ) ;
#8370 = CIRCLE ( 'NONE', #8492, 0.01500000000000000465 ) ;
#8371 = CARTESIAN_POINT ( 'NONE',  ( 0.002413416327855054562, -0.01397600669075664895, 0.1851888153867500553 ) ) ;
#8372 =( GEOMETRIC_REPRESENTATION_CONTEXT ( 3 ) GLOBAL_UNCERTAINTY_ASSIGNED_CONTEXT ( ( #4489 ) ) GLOBAL_UNIT_ASSIGNED_CONTEXT ( ( #9081, #1773, #4714 ) ) REPRESENTATION_CONTEXT ( 'NONE', 'WORKASPACE' ) );
#8373 = PLANE ( 'NONE',  #6010 ) ;
#8374 =( NAMED_UNIT ( * ) SI_UNIT ( $, .STERADIAN. ) SOLID_ANGLE_UNIT ( ) );
#8375 = DIRECTION ( 'NONE',  ( -0.03046997120607389600, 0.9995356826287381535, 2.569782755049154765E-06 ) ) ;
#8376 = CARTESIAN_POINT ( 'NONE',  ( 0.02096769012418711955, 0.06673457369421147145, 0.1574999999999999456 ) ) ;
#8377 = SURFACE_STYLE_FILL_AREA ( #588 ) ;
#8378 = FILL_AREA_STYLE_COLOUR ( '', #2879 ) ;
#8379 =( NAMED_UNIT ( * ) PLANE_ANGLE_UNIT ( ) SI_UNIT ( $, .RADIAN. ) );
#8380 = DIRECTION ( 'NONE',  ( -0.8218505135806247752, 0.5683293225068334342, 0.03954130127078386847 ) ) ;
#8381 = EDGE_CURVE ( 'NONE', #1323, #889, #153, .T. ) ;
#8382 = MECHANICAL_DESIGN_GEOMETRIC_PRESENTATION_REPRESENTATION (  '', ( #9047 ), #225 ) ;
#8383 = ORIENTED_EDGE ( 'NONE', *, *, #31, .F. ) ;
#8384 = CARTESIAN_POINT ( 'NONE',  ( 0.001733850345795873811, 0.06505109281616358596, -0.002831069135719027890 ) ) ;
#8385 = CARTESIAN_POINT ( 'NONE',  ( -0.1249087701522724331, -0.1550000000000000266, -0.08369358674891526351 ) ) ;
#8386 = CARTESIAN_POINT ( 'NONE',  ( 0.004630898432067452608, 0.06532965092577767974, -0.1602990314093409863 ) ) ;
#8387 = CARTESIAN_POINT ( 'NONE',  ( -0.01383507588303255556, -0.1858824717040781782, -0.05396934460752672580 ) ) ;
#8388 = B_SPLINE_CURVE_WITH_KNOTS ( 'NONE', 3,
 ( #474, #1164, #2640, #3417, #4134, #3382, #4879, #4851 ),
 .UNSPECIFIED., .F., .F.,
 ( 4, 2, 2, 4 ),
 ( 0.1224153570411147529, 0.1666656434494600547, 0.1887940325006644271, 0.2109176686151477131 ),
 .UNSPECIFIED. ) ;
#8389 = CARTESIAN_POINT ( 'NONE',  ( -0.1149999999999999911, -0.1700000000000000122, -0.08067978065948146205 ) ) ;
#8390 = VERTEX_POINT ( 'NONE', #3823 ) ;
#8391 = CARTESIAN_POINT ( 'NONE',  ( -0.1655526671241021874, -0.1700000000000000122, -0.05290356562635827736 ) ) ;
#8392 = PRESENTATION_LAYER_ASSIGNMENT (  '', '', ( #6260 ) ) ;
#8393 = CARTESIAN_POINT ( 'NONE',  ( 0.002166058648370089174, 0.06509472360581046446, -0.002595520775623974801 ) ) ;
#8394 = CARTESIAN_POINT ( 'NONE',  ( 0.04808707174581815930, 0.06565492292191749124, 0.1929138244739206920 ) ) ;
#8395 = CARTESIAN_POINT ( 'NONE',  ( 0.007020989173923785145, -0.1606372704920637495, 0.1570409209923727956 ) ) ;
#8396 = DIRECTION ( 'NONE',  ( -0.02362941044756347239, 0.0001591926594775460618, -0.9997207738261708609 ) ) ;
#8397 = VECTOR ( 'NONE', #5900, 1000.000000000000000 ) ;
#8398 = VERTEX_POINT ( 'NONE', #8116 ) ;
#8399 = CARTESIAN_POINT ( 'NONE',  ( -0.2017251974013796190, -0.1700000000000000122, -0.1177992224742518967 ) ) ;
#8400 = CARTESIAN_POINT ( 'NONE',  ( -0.0001203060224233287745, 0.06880045316905487873, -0.2000000000000000111 ) ) ;
#8401 = ADVANCED_FACE ( 'NONE', ( #6064 ), #4414, .F. ) ;
#8402 = SURFACE_STYLE_USAGE ( .BOTH. , #7623 ) ;
#8403 = CARTESIAN_POINT ( 'NONE',  ( 0.05342229497477980760, -0.1799999763555376053, -0.1596455588350328691 ) ) ;
#8404 = CARTESIAN_POINT ( 'NONE',  ( 0.1150000000000000050, 0.05382126585984049055, -0.1575000000000000011 ) ) ;
#8405 = CIRCLE ( 'NONE', #7480, 0.01499999999999999424 ) ;
#8406 = CARTESIAN_POINT ( 'NONE',  ( -0.1278671797069859395, -0.1550000000000000266, -0.03805575324395597120 ) ) ;
#8407 = ORIENTED_EDGE ( 'NONE', *, *, #9416, .F. ) ;
#8408 = AXIS2_PLACEMENT_3D ( 'NONE', #6204, #1882, #2641 ) ;
#8409 =( BOUNDED_SURFACE ( )  B_SPLINE_SURFACE ( 3, 3, ( 
 ( #8745, #4530, #138, #3230, #5892, #5871, #1295, #8810 ),
 ( #17, #8611, #4437, #2741, #7895, #2020, #9311, #5173 ),
 ( #6442, #8119, #2078, #7200, #4263, #6617, #2241, #7355 ),
 ( #784, #808, #5205, #2964, #4948, #8839, #5904, #1268 ),
 ( #6417, #1531, #2283, #4464, #6386, #8585, #950, #5275 ),
 ( #2369, #8151, #6039, #3768, #9004, #1664, #5375, #2310 ),
 ( #4499, #6101, #6175, #986, #1018, #3955, #1825, #7651 ) ),
 .UNSPECIFIED., .T., .F., .F. ) 
 B_SPLINE_SURFACE_WITH_KNOTS ( ( 4, 3, 4 ),
 ( 4, 2, 2, 4 ),
 ( 0.000000000000000000, 0.5000000000000000000, 1.000000000000000000 ),
 ( 0.2890988593904340043, 0.3333330976862661776, 0.3554506181633211304, 0.3775673580739546398 ),
 .UNSPECIFIED. ) 
 GEOMETRIC_REPRESENTATION_ITEM ( )  RATIONAL_B_SPLINE_SURFACE ( (
 ( 1.000000000000000000, 1.000000000000000000, 1.000000000000000000, 1.000000000000000000, 1.000000000000000000, 1.000000000000000000, 1.000000000000000000, 1.000000000000000000),
 ( 0.3333333333333333703, 0.3333333333333333703, 0.3333333333333333703, 0.3333333333333333703, 0.3333333333333333703, 0.3333333333333333703, 0.3333333333333333703, 0.3333333333333333703),
 ( 0.3333333333333333703, 0.3333333333333333703, 0.3333333333333333703, 0.3333333333333333703, 0.3333333333333333703, 0.3333333333333333703, 0.3333333333333333703, 0.3333333333333333703),
 ( 1.000000000000000000, 1.000000000000000000, 1.000000000000000000, 1.000000000000000000, 1.000000000000000000, 1.000000000000000000, 1.000000000000000000, 1.000000000000000000),
 ( 0.3333333333333333703, 0.3333333333333333703, 0.3333333333333333703, 0.3333333333333333703, 0.3333333333333333703, 0.3333333333333333703, 0.3333333333333333703, 0.3333333333333333703),
 ( 0.3333333333333333703, 0.3333333333333333703, 0.3333333333333333703, 0.3333333333333333703, 0.3333333333333333703, 0.3333333333333333703, 0.3333333333333333703, 0.3333333333333333703),
 ( 1.000000000000000000, 1.000000000000000000, 1.000000000000000000, 1.000000000000000000, 1.000000000000000000, 1.000000000000000000, 1.000000000000000000, 1.000000000000000000) ) ) 
 REPRESENTATION_ITEM ( '' )  SURFACE ( )  );
#8410 = SURFACE_STYLE_USAGE ( .BOTH. , #3338 ) ;
#8411 = CARTESIAN_POINT ( 'NONE',  ( -0.05287630152393541644, 0.05650348339952581539, 0.1938492355806010481 ) ) ;
#8412 = CARTESIAN_POINT ( 'NONE',  ( -0.1208698137571890679, -0.1729274855108940412, -0.04598326658899693636 ) ) ;
#8413 = CARTESIAN_POINT ( 'NONE',  ( 0.001284238426527204010, 0.06500496853671440534, -0.02264670862415530533 ) ) ;
#8414 = TOROIDAL_SURFACE ( 'NONE', #6891, 0.02002113720135016359, 0.01499999999999999598 ) ;
#8415 = DIRECTION ( 'NONE',  ( 0.000000000000000000, 0.000000000000000000, 1.000000000000000000 ) ) ;
#8416 = EDGE_CURVE ( 'NONE', #5670, #5980, #1351, .T. ) ;
#8417 = CARTESIAN_POINT ( 'NONE',  ( -0.04179008216230330197, 0.06500696229970467921, -0.1599867809615749537 ) ) ;
#8418 = CARTESIAN_POINT ( 'NONE',  ( -0.04004714622731387480, 0.08724043042291151906, 0.05411908608107289520 ) ) ;
#8419 = ORIENTED_EDGE ( 'NONE', *, *, #7974, .F. ) ;
#8420 = ORIENTED_EDGE ( 'NONE', *, *, #7578, .F. ) ;
#8421 = VERTEX_POINT ( 'NONE', #1787 ) ;
#8422 = CYLINDRICAL_SURFACE ( 'NONE', #3971, 0.01500000000000002894 ) ;
#8423 =( BOUNDED_SURFACE ( )  B_SPLINE_SURFACE ( 3, 3, ( 
 ( #4610, #3969, #9074, #221, #5348, #4707, #399, #1899, #459, #8444 ),
 ( #1863, #7049, #6994, #9192, #7081, #2592, #7022, #4863, #490, #2626 ),
 ( #1245, #2651, #1176, #5623, #8498, #6356, #4122, #6242, #7751, #3362 ),
 ( #2681, #4146, #3433, #432, #8530, #1125, #4093, #4830, #9161, #6962 ),
 ( #2561, #4023, #9136, #4770, #1269, #4461, #8002, #5370, #8248, #4495 ),
 ( #356, #1852, #2734, #5005, #9026, #5394, #7972, #3137, #7813, #8710 ),
 ( #5846, #6575, #1528, #2962, #2239, #5902, #842, #2997, #781, #4435 ) ),
 .UNSPECIFIED., .T., .F., .T. ) 
 B_SPLINE_SURFACE_WITH_KNOTS ( ( 4, 3, 4 ),
 ( 4, 2, 2, 2, 4 ),
 ( 0.000000000000000000, 0.5000000000000000000, 1.000000000000000000 ),
 ( 0.8862669857841730670, 0.9014713004687116005, 0.9166756151532500230, 0.9318798208180109066, 0.9470836837220865112 ),
 .UNSPECIFIED. ) 
 GEOMETRIC_REPRESENTATION_ITEM ( )  RATIONAL_B_SPLINE_SURFACE ( (
 ( 1.000000000000000000, 1.000000000000000000, 1.000000000000000000, 1.000000000000000000, 1.000000000000000000, 1.000000000000000000, 1.000000000000000000, 1.000000000000000000, 1.000000000000000000, 1.000000000000000000),
 ( 0.3333333333333333703, 0.3333333333333333703, 0.3333333333333333703, 0.3333333333333333703, 0.3333333333333333703, 0.3333333333333333703, 0.3333333333333333703, 0.3333333333333333703, 0.3333333333333333703, 0.3333333333333333703),
 ( 0.3333333333333333703, 0.3333333333333333703, 0.3333333333333333703, 0.3333333333333333703, 0.3333333333333333703, 0.3333333333333333703, 0.3333333333333333703, 0.3333333333333333703, 0.3333333333333333703, 0.3333333333333333703),
 ( 1.000000000000000000, 1.000000000000000000, 1.000000000000000000, 1.000000000000000000, 1.000000000000000000, 1.000000000000000000, 1.000000000000000000, 1.000000000000000000, 1.000000000000000000, 1.000000000000000000),
 ( 0.3333333333333333703, 0.3333333333333333703, 0.3333333333333333703, 0.3333333333333333703, 0.3333333333333333703, 0.3333333333333333703, 0.3333333333333333703, 0.3333333333333333703, 0.3333333333333333703, 0.3333333333333333703),
 ( 0.3333333333333333703, 0.3333333333333333703, 0.3333333333333333703, 0.3333333333333333703, 0.3333333333333333703, 0.3333333333333333703, 0.3333333333333333703, 0.3333333333333333703, 0.3333333333333333703, 0.3333333333333333703),
 ( 1.000000000000000000, 1.000000000000000000, 1.000000000000000000, 1.000000000000000000, 1.000000000000000000, 1.000000000000000000, 1.000000000000000000, 1.000000000000000000, 1.000000000000000000, 1.000000000000000000) ) ) 
 REPRESENTATION_ITEM ( '' )  SURFACE ( )  );
#8424 = EDGE_CURVE ( 'NONE', #269, #856, #3319, .T. ) ;
#8425 = SURFACE_STYLE_USAGE ( .BOTH. , #2547 ) ;
#8426 = LINE ( 'NONE', #4383, #6476 ) ;
#8427 = SURFACE_STYLE_USAGE ( .BOTH. , #2503 ) ;
#8428 = CARTESIAN_POINT ( 'NONE',  ( 0.002078842949995349763, 0.06508597719937289638, -0.002476265450959673313 ) ) ;
#8429 = CARTESIAN_POINT ( 'NONE',  ( 0.03225161468313884200, 0.06636818984301845470, 0.1914001112826313744 ) ) ;
#8430 = VERTEX_POINT ( 'NONE', #6033 ) ;
#8431 = ORIENTED_EDGE ( 'NONE', *, *, #4451, .F. ) ;
#8432 = CARTESIAN_POINT ( 'NONE',  ( -0.03149142828299716923, -0.1596314237595157226, 0.1748111763077719594 ) ) ;
#8433 = ORIENTED_EDGE ( 'NONE', *, *, #2675, .F. ) ;
#8434 = FACE_OUTER_BOUND ( 'NONE', #9422, .T. ) ;
#8435 = CARTESIAN_POINT ( 'NONE',  ( -0.07519379774260888383, -0.03109362048599495151, 0.1720995094240694578 ) ) ;
#8436 =( NAMED_UNIT ( * ) PLANE_ANGLE_UNIT ( ) SI_UNIT ( $, .RADIAN. ) );
#8437 = DIRECTION ( 'NONE',  ( -0.02052340527576413873, 0.0002562270569816748971, 0.9997893399029527117 ) ) ;
#8438 = SURFACE_STYLE_FILL_AREA ( #1861 ) ;
#8439 = ORIENTED_EDGE ( 'NONE', *, *, #5359, .T. ) ;
#8440 = ORIENTED_EDGE ( 'NONE', *, *, #2752, .T. ) ;
#8441 = MECHANICAL_DESIGN_GEOMETRIC_PRESENTATION_REPRESENTATION (  '', ( #3902 ), #5979 ) ;
#8442 = CARTESIAN_POINT ( 'NONE',  ( -0.1727154805785204583, -0.2300000000000000100, -0.1472490126125821919 ) ) ;
#8443 = CARTESIAN_POINT ( 'NONE',  ( -0.1160626654612614272, -0.2300000000000000655, -0.05141510554491869611 ) ) ;
#8444 = CARTESIAN_POINT ( 'NONE',  ( -0.08016871703130686033, -0.1596657669923492173, 0.1720995417108199532 ) ) ;
#8445 = CARTESIAN_POINT ( 'NONE',  ( -0.0007304872169504186092, 0.06479239469539965768, 0.1649969846292906328 ) ) ;
#8446 = VECTOR ( 'NONE', #3724, 1000.000000000000000 ) ;
#8447 = ORIENTED_EDGE ( 'NONE', *, *, #9139, .T. ) ;
#8448 = VERTEX_POINT ( 'NONE', #2526 ) ;
#8449 =( NAMED_UNIT ( * ) SI_UNIT ( $, .STERADIAN. ) SOLID_ANGLE_UNIT ( ) );
#8450 = DIRECTION ( 'NONE',  ( 0.000000000000000000, -0.000000000000000000, -1.000000000000000000 ) ) ;
#8451 =( LENGTH_UNIT ( ) NAMED_UNIT ( * ) SI_UNIT ( .MILLI., .METRE. ) );
#8452 = CARTESIAN_POINT ( 'NONE',  ( -0.08732775770370937440, -0.1714750601623973303, 0.0005931195190617599613 ) ) ;
#8453 = CARTESIAN_POINT ( 'NONE',  ( 0.01688944998909807163, -0.1769980238659117078, 0.1603467722081255431 ) ) ;
#8454 = CARTESIAN_POINT ( 'NONE',  ( -0.05647067506860625058, 0.07277320431515266197, -0.1071850233187526952 ) ) ;
#8455 = ADVANCED_FACE ( 'NONE', ( #3538 ), #2175, .T. ) ;
#8456 =( GEOMETRIC_REPRESENTATION_CONTEXT ( 3 ) GLOBAL_UNCERTAINTY_ASSIGNED_CONTEXT ( ( #4675 ) ) GLOBAL_UNIT_ASSIGNED_CONTEXT ( ( #451, #1196, #93 ) ) REPRESENTATION_CONTEXT ( 'NONE', 'WORKASPACE' ) );
#8457 = CIRCLE ( 'NONE', #3812, 0.005021852419135016884 ) ;
#8458 = ORIENTED_EDGE ( 'NONE', *, *, #6705, .F. ) ;
#8459 =( NAMED_UNIT ( * ) PLANE_ANGLE_UNIT ( ) SI_UNIT ( $, .RADIAN. ) );
#8460 = EDGE_CURVE ( 'NONE', #8421, #895, #9018, .T. ) ;
#8461 = EDGE_LOOP ( 'NONE', ( #5441, #5016, #311, #3288, #8987, #1805 ) ) ;
#8462 = DIRECTION ( 'NONE',  ( -0.000000000000000000, 1.000000000000000000, -0.000000000000000000 ) ) ;
#8463 = CARTESIAN_POINT ( 'NONE',  ( 0.02883700998691623302, 0.06639603684226406954, 0.1876800773052499371 ) ) ;
#8464 = CARTESIAN_POINT ( 'NONE',  ( -0.01056712906464392018, 0.07553514922935447573, -0.05414117792360108317 ) ) ;
#8465 = CARTESIAN_POINT ( 'NONE',  ( -0.09596429329532014940, -0.1592549829037861742, 0.1976011304244731370 ) ) ;
#8466 = LINE ( 'NONE', #5472, #5149 ) ;
#8467 = ORIENTED_EDGE ( 'NONE', *, *, #8120, .F. ) ;
#8468 = CARTESIAN_POINT ( 'NONE',  ( -0.1229017327928497716, 0.06518394147448915155, -0.2000000000000000111 ) ) ;
#8469 =( GEOMETRIC_REPRESENTATION_CONTEXT ( 3 ) GLOBAL_UNCERTAINTY_ASSIGNED_CONTEXT ( ( #4600 ) ) GLOBAL_UNIT_ASSIGNED_CONTEXT ( ( #3205, #1855, #2584 ) ) REPRESENTATION_CONTEXT ( 'NONE', 'WORKASPACE' ) );
#8470 = CARTESIAN_POINT ( 'NONE',  ( -0.1332233852639164717, -0.2300000000000000100, -0.09549743043520020347 ) ) ;
#8471 = CARTESIAN_POINT ( 'NONE',  ( -0.07196933971382124540, 0.04558415070908202610, 0.1720995463656873614 ) ) ;
#8472 = CIRCLE ( 'NONE', #651, 0.005021854673855474967 ) ;
#8473 = CARTESIAN_POINT ( 'NONE',  ( 0.2415971205140184652, 0.07078765774638730301, 0.2000000000000000666 ) ) ;
#8474 = DIRECTION ( 'NONE',  ( -0.02615301167375805313, -0.9996579468436914695, -9.639838070798351088E-05 ) ) ;
#8475 = EDGE_CURVE ( 'NONE', #4117, #4808, #4109, .T. ) ;
#8476 = EDGE_LOOP ( 'NONE', ( #9013, #3958, #1039, #8351 ) ) ;
#8477 =( BOUNDED_SURFACE ( )  B_SPLINE_SURFACE ( 3, 3, ( 
 ( #7875, #3556, #6451, #8686, #8719, #4350, #529, #5657 ),
 ( #1276, #7902, #3488, #8591, #9319, #8842, #8813, #9445 ),
 ( #1434, #9472, #3003, #1535, #6550, #87, #716, #2189 ),
 ( #20, #689, #2312, #753, #3643, #7357, #4470, #5908 ),
 ( #7331, #5940, #3675, #2967, #5118, #8751, #7422, #5209 ),
 ( #6688, #8095, #5808, #8063, #3703, #5840, #1470, #7299 ),
 ( #3031, #6582, #5144, #6655, #5873, #4439, #8156, #787 ) ),
 .UNSPECIFIED., .T., .F., .F. ) 
 B_SPLINE_SURFACE_WITH_KNOTS ( ( 4, 3, 4 ),
 ( 4, 2, 2, 4 ),
 ( 0.000000000000000000, 0.5000000000000000000, 1.000000000000000000 ),
 ( 0.4557485375414591089, 0.4999987791610235321, 0.5221270836600493404, 0.5442510124641972702 ),
 .UNSPECIFIED. ) 
 GEOMETRIC_REPRESENTATION_ITEM ( )  RATIONAL_B_SPLINE_SURFACE ( (
 ( 1.000000000000000000, 1.000000000000000000, 1.000000000000000000, 1.000000000000000000, 1.000000000000000000, 1.000000000000000000, 1.000000000000000000, 1.000000000000000000),
 ( 0.3333333333333333703, 0.3333333333333333703, 0.3333333333333333703, 0.3333333333333333703, 0.3333333333333333703, 0.3333333333333333703, 0.3333333333333333703, 0.3333333333333333703),
 ( 0.3333333333333333703, 0.3333333333333333703, 0.3333333333333333703, 0.3333333333333333703, 0.3333333333333333703, 0.3333333333333333703, 0.3333333333333333703, 0.3333333333333333703),
 ( 1.000000000000000000, 1.000000000000000000, 1.000000000000000000, 1.000000000000000000, 1.000000000000000000, 1.000000000000000000, 1.000000000000000000, 1.000000000000000000),
 ( 0.3333333333333333703, 0.3333333333333333703, 0.3333333333333333703, 0.3333333333333333703, 0.3333333333333333703, 0.3333333333333333703, 0.3333333333333333703, 0.3333333333333333703),
 ( 0.3333333333333333703, 0.3333333333333333703, 0.3333333333333333703, 0.3333333333333333703, 0.3333333333333333703, 0.3333333333333333703, 0.3333333333333333703, 0.3333333333333333703),
 ( 1.000000000000000000, 1.000000000000000000, 1.000000000000000000, 1.000000000000000000, 1.000000000000000000, 1.000000000000000000, 1.000000000000000000, 1.000000000000000000) ) ) 
 REPRESENTATION_ITEM ( '' )  SURFACE ( )  );
#8478 = CARTESIAN_POINT ( 'NONE',  ( 0.1150000000000000050, 0.05382126585984049055, 0.2000000000000000111 ) ) ;
#8479 = CARTESIAN_POINT ( 'NONE',  ( -0.1160320050683504023, -0.1763048853450380482, -0.04129283042104497925 ) ) ;
#8480 = CARTESIAN_POINT ( 'NONE',  ( -0.07280498320122209821, 0.05551343578307042087, 0.1859157624252465724 ) ) ;
#8481 = FILL_AREA_STYLE ('',( #8504 ) ) ;
#8482 = FILL_AREA_STYLE_COLOUR ( '', #5626 ) ;
#8483 = CARTESIAN_POINT ( 'NONE',  ( -0.06917882806347422364, 0.07275956946719475127, 0.1060121954197597721 ) ) ;
#8484 = VECTOR ( 'NONE', #6280, 1000.000000000000000 ) ;
#8485 = PRESENTATION_STYLE_ASSIGNMENT (( #8039 ) ) ;
#8486 = STYLED_ITEM ( 'NONE', ( #5484 ), #8272 ) ;
#8487 = CARTESIAN_POINT ( 'NONE',  ( -0.1221691108118792973, -0.1800000000072702055, -0.04470776666783285447 ) ) ;
#8488 = PLANE ( 'NONE',  #2928 ) ;
#8489 = CARTESIAN_POINT ( 'NONE',  ( 0.04165443405975537833, 0.06606134685258258088, 0.1945615206865856095 ) ) ;
#8490 = CARTESIAN_POINT ( 'NONE',  ( 0.04158174737593856723, 0.06606294209790206096, 0.05000573802430437892 ) ) ;
#8491 = CARTESIAN_POINT ( 'NONE',  ( -0.007253832822581673771, 0.06398065489882749646, 0.1630193103828175283 ) ) ;
#8492 = AXIS2_PLACEMENT_3D ( 'NONE', #7622, #5347, #308 ) ;
#8493 = CARTESIAN_POINT ( 'NONE',  ( 0.2151529299272667006, -0.1600000000000000311, 0.1514657711333048939 ) ) ;
#8494 = CARTESIAN_POINT ( 'NONE',  ( -0.06742230392339594591, -0.1600000000000000866, 0.1799999999999999101 ) ) ;
#8495 = ADVANCED_FACE ( 'NONE', ( #4337 ), #4566, .F. ) ;
#8496 = PRODUCT_DEFINITION_CONTEXT ( 'detailed design', #9355, 'design' ) ;
#8497 = CARTESIAN_POINT ( 'NONE',  ( -0.1670089981913065458, 0.05777777251165053252, -0.2000000000000000111 ) ) ;
#8498 = CARTESIAN_POINT ( 'NONE',  ( -0.03393267062967709330, -0.03294288741213062532, 0.1623989423777648655 ) ) ;
#8499 = DIRECTION ( 'NONE',  ( -0.04805693313322136062, 1.040834085586085335E-17, -0.9988445981121535366 ) ) ;
#8500 = LINE ( 'NONE', #2445, #6555 ) ;
#8501 = AXIS2_PLACEMENT_3D ( 'NONE', #326, #5457, #2434 ) ;
#8502 = MECHANICAL_DESIGN_GEOMETRIC_PRESENTATION_REPRESENTATION (  '', ( #2804 ), #9167 ) ;
#8503 = CARTESIAN_POINT ( 'NONE',  ( -0.06124648519297751226, 0.05572905965449861249, 0.1949123857426394157 ) ) ;
#8504 = FILL_AREA_STYLE_COLOUR ( '', #5178 ) ;
#8505 = ORIENTED_EDGE ( 'NONE', *, *, #2675, .T. ) ;
#8506 = CARTESIAN_POINT ( 'NONE',  ( -0.05007454677528902498, 0.04648590295817336959, 0.02674921222360961137 ) ) ;
#8507 = SURFACE_STYLE_FILL_AREA ( #7110 ) ;
#8508 = LINE ( 'NONE', #9188, #5430 ) ;
#8509 = CIRCLE ( 'NONE', #8617, 0.01499999999999998210 ) ;
#8510 = LINE ( 'NONE', #2971, #4862 ) ;
#8511 = ORIENTED_EDGE ( 'NONE', *, *, #3349, .T. ) ;
#8512 =( GEOMETRIC_REPRESENTATION_CONTEXT ( 3 ) GLOBAL_UNCERTAINTY_ASSIGNED_CONTEXT ( ( #1262 ) ) GLOBAL_UNIT_ASSIGNED_CONTEXT ( ( #8685, #1433, #4407 ) ) REPRESENTATION_CONTEXT ( 'NONE', 'WORKASPACE' ) );
#8513 = CARTESIAN_POINT ( 'NONE',  ( -0.2650000000000000133, -0.1700000000000000122, -0.2000000000000000111 ) ) ;
#8514 = CARTESIAN_POINT ( 'NONE',  ( 0.008283297956967257403, 0.06563983441382488515, -0.05999798677377731621 ) ) ;
#8515 = COLOUR_RGB ( '',1.000000000000000000, 1.000000000000000000, 0.5019607843137254832 ) ;
#8516 = CARTESIAN_POINT ( 'NONE',  ( 0.05335442836722380233, 0.06521440050366608676, 0.1886855340126110392 ) ) ;
#8517 = CARTESIAN_POINT ( 'NONE',  ( -0.06267224229629062004, -0.1885249398376023233, -0.0005931195190617568171 ) ) ;
#8518 = AXIS2_PLACEMENT_3D ( 'NONE', #6367, #3464, #4189 ) ;
#8519 = CARTESIAN_POINT ( 'NONE',  ( -0.09259064903486652343, -0.06709961473682994615, 0.1976010575711205364 ) ) ;
#8520 = DIRECTION ( 'NONE',  ( -0.02052340527576554732, 0.0002562270569843368845, 0.9997893399029528227 ) ) ;
#8521 =( LENGTH_UNIT ( ) NAMED_UNIT ( * ) SI_UNIT ( .MILLI., .METRE. ) );
#8522 = ORIENTED_EDGE ( 'NONE', *, *, #3343, .F. ) ;
#8523 = CARTESIAN_POINT ( 'NONE',  ( 0.01116353521811892444, 0.08446485103238228487, 0.05418747179559656874 ) ) ;
#8524 = EDGE_CURVE ( 'NONE', #333, #6139, #3038, .T. ) ;
#8525 = CARTESIAN_POINT ( 'NONE',  ( -0.03038445814635643699, -0.1700000000000000122, 0.03438656368245331107 ) ) ;
#8526 = ORIENTED_EDGE ( 'NONE', *, *, #8624, .F. ) ;
#8527 = UNCERTAINTY_MEASURE_WITH_UNIT (LENGTH_MEASURE( 1.000000000000000082E-05 ), #4786, 'distance_accuracy_value', 'NONE');
#8528 = FILL_AREA_STYLE ('',( #7047 ) ) ;
#8529 = CARTESIAN_POINT ( 'NONE',  ( -0.07519379774260888383, -0.03109362048599495151, 0.1720995094240694578 ) ) ;
#8530 = CARTESIAN_POINT ( 'NONE',  ( -0.04971781314611507796, -0.03223542802314299099, 0.1879004909891636155 ) ) ;
#8531 = CARTESIAN_POINT ( 'NONE',  ( -0.03257769607660393474, -0.1600000000000004752, -0.1799999999999997713 ) ) ;
#8532 = CIRCLE ( 'NONE', #8148, 0.01499999999999999771 ) ;
#8533 = COLOUR_RGB ( '',1.000000000000000000, 1.000000000000000000, 0.5019607843137254832 ) ;
#8534 = ORIENTED_EDGE ( 'NONE', *, *, #130, .T. ) ;
#8535 = ORIENTED_EDGE ( 'NONE', *, *, #3356, .T. ) ;
#8536 = ORIENTED_EDGE ( 'NONE', *, *, #2665, .F. ) ;
#8537 = CARTESIAN_POINT ( 'NONE',  ( 0.1278671797069859672, -0.1600000000000000311, 0.03805575324395597814 ) ) ;
#8538 = CARTESIAN_POINT ( 'NONE',  ( 0.005865821113897242561, -0.1582942358159560303, 0.1055642161484204311 ) ) ;
#8539 = CARTESIAN_POINT ( 'NONE',  ( 0.1150000000000000050, -0.1700000000000000122, 0.08484943922164063512 ) ) ;
#8540 = EDGE_CURVE ( 'NONE', #4881, #8656, #6622, .T. ) ;
#8541 = CARTESIAN_POINT ( 'NONE',  ( 0.01343624737129587438, 0.06597685572688107014, -0.1611607780585312399 ) ) ;
#8542 = FACE_OUTER_BOUND ( 'NONE', #3127, .T. ) ;
#8543 = EDGE_LOOP ( 'NONE', ( #9119, #5674, #2500, #5548, #3854, #3619, #1679, #5475 ) ) ;
#8544 = PRESENTATION_LAYER_ASSIGNMENT (  '', '', ( #4251 ) ) ;
#8545 = DIRECTION ( 'NONE',  ( -0.02052340527576554732, 0.0002562270569843368845, 0.9997893399029528227 ) ) ;
#8546 = CARTESIAN_POINT ( 'NONE',  ( 0.04661945790637363196, 0.02277800901556836788, -0.1492909605410061014 ) ) ;
#8547 = CARTESIAN_POINT ( 'NONE',  ( 0.03677453794412894467, 0.06625784439671389414, 0.1390883165323977821 ) ) ;
#8548 = SURFACE_STYLE_FILL_AREA ( #8738 ) ;
#8549 = CARTESIAN_POINT ( 'NONE',  ( -0.03888031455147173548, -0.1607450170962140545, 0.1623988695755267941 ) ) ;
#8550 = ORIENTED_EDGE ( 'NONE', *, *, #1127, .T. ) ;
#8551 = EDGE_CURVE ( 'NONE', #8448, #3896, #5588, .T. ) ;
#8552 = CARTESIAN_POINT ( 'NONE',  ( -0.02207016194171037074, 0.07553504503132692227, 0.1597049293376392176 ) ) ;
#8553 = CARTESIAN_POINT ( 'NONE',  ( 0.1244805217859632079, -0.1700000000000000122, 0.08245206481447012181 ) ) ;
#8554 = AXIS2_PLACEMENT_3D ( 'NONE', #9333, #571, #4203 ) ;
#8555 = CARTESIAN_POINT ( 'NONE',  ( 0.007785934076855757432, -0.08696277876480618119, -0.1472126576673427056 ) ) ;
#8556 = CARTESIAN_POINT ( 'NONE',  ( -0.1210718620247217825, -0.2300000000000000655, -0.04574611991424980956 ) ) ;
#8557 = VECTOR ( 'NONE', #983, 1000.000000000000000 ) ;
#8559 = ORIENTED_EDGE ( 'NONE', *, *, #1068, .T. ) ;
#8558 =( LENGTH_UNIT ( ) NAMED_UNIT ( * ) SI_UNIT ( .MILLI., .METRE. ) );
#8560 = CARTESIAN_POINT ( 'NONE',  ( 0.007753140239137775065, 0.07999999999999997391, -0.1600000000000000311 ) ) ;
#8561 = CARTESIAN_POINT ( 'NONE',  ( -0.03940206246830649239, -0.1638434101127893283, 0.1437494260763967358 ) ) ;
#8562 = DIRECTION ( 'NONE',  ( 0.000000000000000000, 0.000000000000000000, 1.000000000000000000 ) ) ;
#8563 = CARTESIAN_POINT ( 'NONE',  ( 0.2650000000000000133, -0.1700000000000000122, 0.2000000000000000111 ) ) ;
#8564 = DIRECTION ( 'NONE',  ( 0.000000000000000000, 0.000000000000000000, 1.000000000000000000 ) ) ;
#8565 = ORIENTED_EDGE ( 'NONE', *, *, #3641, .F. ) ;
#8566 = B_SPLINE_CURVE_WITH_KNOTS ( 'NONE', 3,
 ( #2768, #2708, #6438, #7835, #7196, #7917, #3455, #7993, #2140, #1521, #5861, #9, #4429, #9432, #735, #7378 ),
 .UNSPECIFIED., .F., .F.,
 ( 4, 3, 3, 3, 3, 4 ),
 ( 5.371173995810597286E-05, 5.575232904289738475E-05, 5.926011134808689755E-05, 6.179768808441121752E-05, 6.431852689154527608E-05, 6.694774868807377131E-05 ),
 .UNSPECIFIED. ) ;
#8567 = PRESENTATION_LAYER_ASSIGNMENT (  '', '', ( #2878 ) ) ;
#8568 = CARTESIAN_POINT ( 'NONE',  ( -0.04606180202745432939, -0.1603521192162432329, -0.1734383768194297792 ) ) ;
#8569 = AXIS2_PLACEMENT_3D ( 'NONE', #8045, #6560, #2 ) ;
#8570 = CARTESIAN_POINT ( 'NONE',  ( -0.04372448813994637973, -0.1741175282685538395, -0.1060997899311329484 ) ) ;
#8571 = EDGE_CURVE ( 'NONE', #2383, #4809, #7094, .T. ) ;
#8572 = SURFACE_STYLE_FILL_AREA ( #4983 ) ;
#8573 = CARTESIAN_POINT ( 'NONE',  ( 0.01603239993964471546, 0.05583156983628496245, 0.1341531717378988131 ) ) ;
#8574 = FILL_AREA_STYLE ('',( #7124 ) ) ;
#8575 = CARTESIAN_POINT ( 'NONE',  ( 0.001576696194675669075, 0.06503505233144045439, -0.003665470291163383867 ) ) ;
#8576 = CARTESIAN_POINT ( 'NONE',  ( 0.04163720122047109146, 0.05998743945579433634, 0.1599823585076224075 ) ) ;
#8577 = EDGE_LOOP ( 'NONE', ( #6488, #6721, #2832, #9315 ) ) ;
#8578 = CARTESIAN_POINT ( 'NONE',  ( -0.2650000000000000133, -0.1700000000000000122, 0.2000000000000000111 ) ) ;
#8579 = CARTESIAN_POINT ( 'NONE',  ( 0.03625062116120636446, 0.06627390000955109273, 0.1574999999999999456 ) ) ;
#8580 = CARTESIAN_POINT ( 'NONE',  ( -0.03014102942454478448, 0.06096698939709645215, 0.1605619997797164134 ) ) ;
#8581 = CARTESIAN_POINT ( 'NONE',  ( -0.006563973209576236430, 0.07553518669664388563, -0.1602927535872134823 ) ) ;
#8582 = AXIS2_PLACEMENT_3D ( 'NONE', #1126, #4771, #2652 ) ;
#8583 = CARTESIAN_POINT ( 'NONE',  ( 0.03843601167469061497, -0.1224823299864074566, -0.1546749066712272136 ) ) ;
#8584 =( LENGTH_UNIT ( ) NAMED_UNIT ( * ) SI_UNIT ( .MILLI., .METRE. ) );
#8585 = CARTESIAN_POINT ( 'NONE',  ( 0.02876002364252917137, -0.2123950759986359682, -0.1069904885111728071 ) ) ;
#8586 = CARTESIAN_POINT ( 'NONE',  ( -0.08016871703130686033, -0.1596657669923492173, 0.1720995417108199532 ) ) ;
#8587 = UNCERTAINTY_MEASURE_WITH_UNIT (LENGTH_MEASURE( 1.000000000000000082E-05 ), #408, 'distance_accuracy_value', 'NONE');
#8588 = CARTESIAN_POINT ( 'NONE',  ( -0.06267224229629062004, -0.1885249398376023233, -0.0005931195190617559497 ) ) ;
#8589 = EDGE_CURVE ( 'NONE', #7309, #2014, #25, .T. ) ;
#8590 = LINE ( 'NONE', #6521, #123 ) ;
#8591 = CARTESIAN_POINT ( 'NONE',  ( -0.006773159115303868834, 0.04689492294216365820, 0.02630711363166755509 ) ) ;
#8592 = DIRECTION ( 'NONE',  ( 0.9993255319173289797, -0.03046132653440611349, 0.02050826282043630849 ) ) ;
#8593 = CARTESIAN_POINT ( 'NONE',  ( -0.01463513676551816967, 0.06096671518632675035, -0.1594283161450758546 ) ) ;
#8594 = EDGE_CURVE ( 'NONE', #4206, #4046, #430, .T. ) ;
#8595 = CARTESIAN_POINT ( 'NONE',  ( -0.1149999999999999911, -0.2300000000000000100, 0.2000000000000000111 ) ) ;
#8596 =( NAMED_UNIT ( * ) SI_UNIT ( $, .STERADIAN. ) SOLID_ANGLE_UNIT ( ) );
#8597 = CARTESIAN_POINT ( 'NONE',  ( -0.004929471330227931311, 0.06428795438621076608, -0.1862330909120803180 ) ) ;
#8598 = VECTOR ( 'NONE', #6370, 1000.000000000000227 ) ;
#8599 = DIRECTION ( 'NONE',  ( -0.8497608738607280721, 0.02228220051005870561, -0.5266972192786679718 ) ) ;
#8600 = CARTESIAN_POINT ( 'NONE',  ( 0.002029034487519798709, 0.06508096913039823628, -0.002438727199312670010 ) ) ;
#8601 = CARTESIAN_POINT ( 'NONE',  ( 0.04998922983197386788, 0.06551146314513617286, -0.05967207563598558168 ) ) ;
#8602 = CARTESIAN_POINT ( 'NONE',  ( 0.02787913665942245989, 0.07849817793620419981, 0.1327563563108895006 ) ) ;
#8603 = CARTESIAN_POINT ( 'NONE',  ( -0.1226720531819162768, -0.1700000000000000122, -0.07898615225063329581 ) ) ;
#8604 = CARTESIAN_POINT ( 'NONE',  ( 0.05317149098954745273, -0.01400888410304170460, 0.1822671883759724165 ) ) ;
#8605 = LINE ( 'NONE', #4711, #582 ) ;
#8606 = CARTESIAN_POINT ( 'NONE',  ( 0.08507379126176685402, -0.1500000262147069274, -0.1072480013129527565 ) ) ;
#8607 = EDGE_LOOP ( 'NONE', ( #4338, #5240, #7396, #5592, #701, #2596 ) ) ;
#8608 = CARTESIAN_POINT ( 'NONE',  ( -0.01948089802885005078, 0.1041753118370922632, -0.05467693315858458691 ) ) ;
#8609 = CARTESIAN_POINT ( 'NONE',  ( -0.01320427955844573863, 0.05933010026318544933, -0.2053286546396130285 ) ) ;
#8610 = CARTESIAN_POINT ( 'NONE',  ( -0.1988062389287093279, -0.1599999999999999756, -0.08175643111878473646 ) ) ;
#8611 = CARTESIAN_POINT ( 'NONE',  ( 0.02163429155507046522, -0.1476134280611079153, 0.1070036399296432489 ) ) ;
#8612 = CARTESIAN_POINT ( 'NONE',  ( -0.05572443161902841668, 0.05990698340973509700, 0.1465979605848186373 ) ) ;
#8613 =( LENGTH_UNIT ( ) NAMED_UNIT ( * ) SI_UNIT ( .MILLI., .METRE. ) );
#8614 = CARTESIAN_POINT ( 'NONE',  ( -0.08732775770370936053, -0.1714750601623973580, 0.0005931195190617610455 ) ) ;
#8615 = VERTEX_POINT ( 'NONE', #1165 ) ;
#8616 = SURFACE_STYLE_FILL_AREA ( #8528 ) ;
#8617 = AXIS2_PLACEMENT_3D ( 'NONE', #1643, #963, #7598 ) ;
#8618 = DIRECTION ( 'NONE',  ( 0.7617287651575839202, 0.000000000000000000, -0.6478960474732828878 ) ) ;
#8619 = AXIS2_PLACEMENT_3D ( 'NONE', #3480, #2738, #7161 ) ;
#8620 = LINE ( 'NONE', #8113, #2797 ) ;
#8621 = CARTESIAN_POINT ( 'NONE',  ( -0.02559324032509149860, 0.06096682716242207006, 0.05500985068603686523 ) ) ;
#8622 = CARTESIAN_POINT ( 'NONE',  ( -0.008625798372209426967, -0.1858825228234054494, 0.05264208047161916815 ) ) ;
#8623 = CARTESIAN_POINT ( 'NONE',  ( -0.003981267835668939568, 0.06440563987612851760, -0.1877150791239682037 ) ) ;
#8624 = EDGE_CURVE ( 'NONE', #3224, #3979, #210, .T. ) ;
#8625 = ORIENTED_EDGE ( 'NONE', *, *, #4993, .F. ) ;
#8626 = DIRECTION ( 'NONE',  ( 0.03046773440284035808, 0.9995357508165266802, 0.000000000000000000 ) ) ;
#8627 = CARTESIAN_POINT ( 'NONE',  ( -0.02037685779762893334, -0.2134793513032030299, 0.05321449710821569978 ) ) ;
#8628 = TOROIDAL_SURFACE ( 'NONE', #5513, 0.02002185467385547701, 0.01499999999999999598 ) ;
#8629 = CARTESIAN_POINT ( 'NONE',  ( -0.07970242250833131648, -0.2132089752261086268, 0.0002262454084190390667 ) ) ;
#8630 = CARTESIAN_POINT ( 'NONE',  ( 0.04988206788176324791, -0.08730465724467480204, -0.1792538339553005899 ) ) ;
#8631 = CARTESIAN_POINT ( 'NONE',  ( 0.05250672638121119812, 0.06529048924529044784, -0.09108150008879456472 ) ) ;
#8632 = VERTEX_POINT ( 'NONE', #569 ) ;
#8633 = ORIENTED_EDGE ( 'NONE', *, *, #1803, .T. ) ;
#8634 =( NAMED_UNIT ( * ) PLANE_ANGLE_UNIT ( ) SI_UNIT ( $, .RADIAN. ) );
#8635 = CARTESIAN_POINT ( 'NONE',  ( 0.07267395238361197551, 0.08150857145238467327, -0.1596940962204190240 ) ) ;
#8636 = AXIS2_PLACEMENT_3D ( 'NONE', #4197, #2002, #1066 ) ;
#8637 = CARTESIAN_POINT ( 'NONE',  ( 0.05384580864673244038, 0.06516512800582559273, -0.02078704949663896795 ) ) ;
#8638 = VERTEX_POINT ( 'NONE', #1195 ) ;
#8639 = CARTESIAN_POINT ( 'NONE',  ( -0.05181750379757978781, 0.04648588202118946605, 0.05338848747549978374 ) ) ;
#8641 = UNCERTAINTY_MEASURE_WITH_UNIT (LENGTH_MEASURE( 1.000000000000000082E-05 ), #6109, 'distance_accuracy_value', 'NONE');
#8640 = DIRECTION ( 'NONE',  ( -0.02052558504614596102, -0.0002560480453980134587, 0.9997892952006997014 ) ) ;
#8642 = TOROIDAL_SURFACE ( 'NONE', #9347, 0.02002185467385547701, 0.01499999999999999598 ) ;
#8643 = EDGE_CURVE ( 'NONE', #4097, #2187, #4440, .T. ) ;
#8644 = DIRECTION ( 'NONE',  ( -0.9196390447885495201, 0.3921661825221552933, 0.02167285367467037399 ) ) ;
#8645 = ORIENTED_EDGE ( 'NONE', *, *, #8281, .F. ) ;
#8646 = CARTESIAN_POINT ( 'NONE',  ( 0.02936489389588567422, -0.08602553033636910207, -0.1837293676684704780 ) ) ;
#8647 =( NAMED_UNIT ( * ) PLANE_ANGLE_UNIT ( ) SI_UNIT ( $, .RADIAN. ) );
#8648 = CYLINDRICAL_SURFACE ( 'NONE', #2431, 0.01500000000000000118 ) ;
#8649 = CARTESIAN_POINT ( 'NONE',  ( -0.05132615663255261224, -0.06887224267577003733, 0.1879004905987600171 ) ) ;
#8650 = ORIENTED_EDGE ( 'NONE', *, *, #2253, .F. ) ;
#8651 = CARTESIAN_POINT ( 'NONE',  ( -0.07029757749166867797, -0.1467910247738910545, -0.0002262454084190339981 ) ) ;
#8652 =( GEOMETRIC_REPRESENTATION_CONTEXT ( 3 ) GLOBAL_UNCERTAINTY_ASSIGNED_CONTEXT ( ( #6258 ) ) GLOBAL_UNIT_ASSIGNED_CONTEXT ( ( #7385, #5970, #1497 ) ) REPRESENTATION_CONTEXT ( 'NONE', 'WORKASPACE' ) );
#8653 = CIRCLE ( 'NONE', #168, 0.01499999999999999598 ) ;
#8654 = CARTESIAN_POINT ( 'NONE',  ( -0.1213843660293290189, -0.1854423772537501514, -0.04540811918264998914 ) ) ;
#8655 = ORIENTED_EDGE ( 'NONE', *, *, #1291, .T. ) ;
#8656 = VERTEX_POINT ( 'NONE', #2067 ) ;
#8657 = AXIS2_PLACEMENT_3D ( 'NONE', #7380, #8212, #8934 ) ;
#8658 =( NAMED_UNIT ( * ) PLANE_ANGLE_UNIT ( ) SI_UNIT ( $, .RADIAN. ) );
#8659 = CARTESIAN_POINT ( 'NONE',  ( 0.004591931703304494988, 0.06532612052010032533, -0.1575000000000001399 ) ) ;
#8660 = CARTESIAN_POINT ( 'NONE',  ( -0.05007454677528902498, 0.04648590295817336959, 0.02674921222360961137 ) ) ;
#8661 =( NAMED_UNIT ( * ) SI_UNIT ( $, .STERADIAN. ) SOLID_ANGLE_UNIT ( ) );
#8662 = CARTESIAN_POINT ( 'NONE',  ( -0.004407706257178205765, 0.06435235634256961101, -0.1716023581379938490 ) ) ;
#8663 = SURFACE_SIDE_STYLE ('',( #2456 ) ) ;
#8664 = ORIENTED_EDGE ( 'NONE', *, *, #8152, .F. ) ;
#8665 = VERTEX_POINT ( 'NONE', #4971 ) ;
#8666 = AXIS2_PLACEMENT_3D ( 'NONE', #968, #2422, #6813 ) ;
#8667 = CARTESIAN_POINT ( 'NONE',  ( 0.04163720122047109146, 0.05998743945579433634, 0.1599823585076224075 ) ) ;
#8668 = SURFACE_STYLE_USAGE ( .BOTH. , #416 ) ;
#8669 = CARTESIAN_POINT ( 'NONE',  ( 0.07569030293511386231, 0.05166067722841764104, -0.1596245279422424390 ) ) ;
#8670 = CARTESIAN_POINT ( 'NONE',  ( 0.05436360135339862037, 0.06511507507924904625, -0.1084828115922191472 ) ) ;
#8671 = DIRECTION ( 'NONE',  ( 0.9988445981121532036, 0.000000000000000000, -0.04805693313322300514 ) ) ;
#8672 = CARTESIAN_POINT ( 'NONE',  ( 0.05492430017308392448, 0.02269937257802019312, 0.1822672801020014943 ) ) ;
#8673 = ORIENTED_EDGE ( 'NONE', *, *, #8100, .F. ) ;
#8674 = ORIENTED_EDGE ( 'NONE', *, *, #2861, .T. ) ;
#8675 = CARTESIAN_POINT ( 'NONE',  ( -0.01549156867750067258, 0.1041753981060875023, -0.1604833567967112462 ) ) ;
#8676 = SURFACE_STYLE_USAGE ( .BOTH. , #6478 ) ;
#8677 = MECHANICAL_DESIGN_GEOMETRIC_PRESENTATION_REPRESENTATION (  '', ( #6889 ), #8804 ) ;
#8678 = CARTESIAN_POINT ( 'NONE',  ( 0.1244805222699141706, -0.1550000000000001654, 0.08245206566742011023 ) ) ;
#8679 = CARTESIAN_POINT ( 'NONE',  ( -0.1058367025873510336, -0.1799999999999998546, -0.01666926602964832402 ) ) ;
#8680 = CARTESIAN_POINT ( 'NONE',  ( -0.04602836463077222828, 0.05961153189781322886, 0.1879004906933163244 ) ) ;
#8681 = SURFACE_STYLE_USAGE ( .BOTH. , #5804 ) ;
#8682 = CIRCLE ( 'NONE', #9075, 0.01499999999999999598 ) ;
#8683 =( NAMED_UNIT ( * ) SI_UNIT ( $, .STERADIAN. ) SOLID_ANGLE_UNIT ( ) );
#8684 = ORIENTED_EDGE ( 'NONE', *, *, #1019, .F. ) ;
#8685 =( LENGTH_UNIT ( ) NAMED_UNIT ( * ) SI_UNIT ( .MILLI., .METRE. ) );
#8686 = CARTESIAN_POINT ( 'NONE',  ( -0.01568352880647135017, 0.07553508554169061084, 0.02571827680933060079 ) ) ;
#8687 = CARTESIAN_POINT ( 'NONE',  ( -0.01614907080835655331, -0.1858825241331697742, -0.1071918697355455086 ) ) ;
#8688 = CARTESIAN_POINT ( 'NONE',  ( -0.01574389540271731169, 0.06098055610365419460, -0.1054173326258477789 ) ) ;
#8689 = CARTESIAN_POINT ( 'NONE',  ( 0.1210718620247217964, -0.2299999999999999545, 0.04574611991424980956 ) ) ;
#8690 = B_SPLINE_CURVE_WITH_KNOTS ( 'NONE', 3,
 ( #7788, #7087, #4150, #2028, #9318, #5594, #4188, #2055 ),
 .UNSPECIFIED., .F., .F.,
 ( 4, 2, 2, 4 ),
 ( 0.3862494968849777277, 0.4166575646906974240, 0.4318620162277504448, 0.4470661460246058705 ),
 .UNSPECIFIED. ) ;
#8691 = MECHANICAL_DESIGN_GEOMETRIC_PRESENTATION_REPRESENTATION (  '', ( #472 ), #5088 ) ;
#8692 = CARTESIAN_POINT ( 'NONE',  ( -0.2650000000000000133, -0.1700000000000000122, 0.2000000000000000111 ) ) ;
#8693 = PRESENTATION_STYLE_ASSIGNMENT (( #1710 ) ) ;
#8694 = DIRECTION ( 'NONE',  ( 0.9993255319173289797, -0.03046132653440545082, 0.02050826282043631543 ) ) ;
#8695 =( BOUNDED_SURFACE ( )  B_SPLINE_SURFACE ( 3, 3, ( 
 ( #2992, #3758, #2924, #39, #8833, #7344, #6675, #5231 ),
 ( #2301, #4488, #6709, #7440, #9463, #1456, #6568, #5363 ),
 ( #3191, #7509, #3817, #5298, #3787, #6027, #6784, #7542 ),
 ( #873, #8239, #8993, #1654, #973, #6816, #2430, #3155 ),
 ( #5989, #3088, #940, #202, #4626, #2395, #6093, #1725 ),
 ( #4659, #1751, #3119, #5326, #1692, #6890, #6257, #1139 ),
 ( #7004, #4720, #6915, #7707, #7674, #5421, #7034, #9118 ) ),
 .UNSPECIFIED., .T., .F., .F. ) 
 B_SPLINE_SURFACE_WITH_KNOTS ( ( 4, 3, 4 ),
 ( 4, 2, 2, 4 ),
 ( 0.000000000000000000, 0.5000000000000000000, 1.000000000000000000 ),
 ( 0.5529334042478109001, 0.5833420381817321365, 0.5985462493099465986, 0.6137500830758146897 ),
 .UNSPECIFIED. ) 
 GEOMETRIC_REPRESENTATION_ITEM ( )  RATIONAL_B_SPLINE_SURFACE ( (
 ( 1.000000000000000000, 1.000000000000000000, 1.000000000000000000, 1.000000000000000000, 1.000000000000000000, 1.000000000000000000, 1.000000000000000000, 1.000000000000000000),
 ( 0.3333333333333333703, 0.3333333333333333703, 0.3333333333333333703, 0.3333333333333333703, 0.3333333333333333703, 0.3333333333333333703, 0.3333333333333333703, 0.3333333333333333703),
 ( 0.3333333333333333703, 0.3333333333333333703, 0.3333333333333333703, 0.3333333333333333703, 0.3333333333333333703, 0.3333333333333333703, 0.3333333333333333703, 0.3333333333333333703),
 ( 1.000000000000000000, 1.000000000000000000, 1.000000000000000000, 1.000000000000000000, 1.000000000000000000, 1.000000000000000000, 1.000000000000000000, 1.000000000000000000),
 ( 0.3333333333333333703, 0.3333333333333333703, 0.3333333333333333703, 0.3333333333333333703, 0.3333333333333333703, 0.3333333333333333703, 0.3333333333333333703, 0.3333333333333333703),
 ( 0.3333333333333333703, 0.3333333333333333703, 0.3333333333333333703, 0.3333333333333333703, 0.3333333333333333703, 0.3333333333333333703, 0.3333333333333333703, 0.3333333333333333703),
 ( 1.000000000000000000, 1.000000000000000000, 1.000000000000000000, 1.000000000000000000, 1.000000000000000000, 1.000000000000000000, 1.000000000000000000, 1.000000000000000000) ) ) 
 REPRESENTATION_ITEM ( '' )  SURFACE ( )  );
#8696 = AXIS2_PLACEMENT_3D ( 'NONE', #8697, #4325, #2169 ) ;
#8697 = CARTESIAN_POINT ( 'NONE',  ( -0.07499999999999999722, -0.1799999999999998546, 1.694065894508600678E-18 ) ) ;
#8698 = CARTESIAN_POINT ( 'NONE',  ( 0.08239861090485432749, -0.1596082831334434127, -0.1807461816759862172 ) ) ;
#8699 = CARTESIAN_POINT ( 'NONE',  ( 0.05890968464740115040, 0.08150869627554437058, 0.1073432767893481993 ) ) ;
#8700 = SURFACE_STYLE_FILL_AREA ( #6185 ) ;
#8701 = CARTESIAN_POINT ( 'NONE',  ( 0.05479637219290104527, 0.06507246895410406795, -0.1094001866963251468 ) ) ;
#8702 = CARTESIAN_POINT ( 'NONE',  ( -0.01870399914927206586, 0.06096691183954550119, -0.05161007736896324610 ) ) ;
#8703 = CARTESIAN_POINT ( 'NONE',  ( 0.08869948980913960890, -0.1500000000000000222, -0.02739082947506822630 ) ) ;
#8704 = CYLINDRICAL_SURFACE ( 'NONE', #4935, 0.01500000000000000465 ) ;
#8705 = CARTESIAN_POINT ( 'NONE',  ( 0.06001733102831773720, -0.2100000000000000477, 0.0007208539969983218231 ) ) ;
#8706 = UNCERTAINTY_MEASURE_WITH_UNIT (LENGTH_MEASURE( 1.000000000000000082E-05 ), #8584, 'distance_accuracy_value', 'NONE');
#8707 =( NAMED_UNIT ( * ) PLANE_ANGLE_UNIT ( ) SI_UNIT ( $, .RADIAN. ) );
#8708 = PRESENTATION_LAYER_ASSIGNMENT (  '', '', ( #8179 ) ) ;
#8709 = CARTESIAN_POINT ( 'NONE',  ( 0.2650000000000000133, -0.1700000000000000122, 0.2000000000000000111 ) ) ;
#8710 = CARTESIAN_POINT ( 'NONE',  ( -0.09596429329532014940, -0.1592549829037861742, 0.1976011304244731370 ) ) ;
#8711 = CARTESIAN_POINT ( 'NONE',  ( -0.07047146707949827893, -0.1599234489190879127, 0.2134020470028331617 ) ) ;
#8712 = LINE ( 'NONE', #2723, #9057 ) ;
#8713 = ADVANCED_FACE ( 'NONE', ( #7209 ), #2728, .F. ) ;
#8714 = DIRECTION ( 'NONE',  ( -0.03046997120607365661, 0.9995356826287380425, 2.569782765358182702E-06 ) ) ;
#8715 = CARTESIAN_POINT ( 'NONE',  ( -0.08241796049103122801, -0.1714750815506327353, 0.1071406757243149044 ) ) ;
#8716 = EDGE_CURVE ( 'NONE', #83, #3737, #5388, .T. ) ;
#8717 = FACE_OUTER_BOUND ( 'NONE', #445, .T. ) ;
#8718 = DIRECTION ( 'NONE',  ( 0.000000000000000000, -1.000000000000000000, 0.000000000000000000 ) ) ;
#8719 = CARTESIAN_POINT ( 'NONE',  ( -0.01742357537140429291, 0.07553506467072447494, 0.05243358991517151069 ) ) ;
#8720 = CARTESIAN_POINT ( 'NONE',  ( -0.05713828095033455373, -0.2017142887114537764, -0.1593994066789437003 ) ) ;
#8721 = ORIENTED_EDGE ( 'NONE', *, *, #3203, .F. ) ;
#8722 = CARTESIAN_POINT ( 'NONE',  ( -0.05739860464631623554, 0.1135141179427377883, 0.1065611519788924877 ) ) ;
#8723 = EDGE_CURVE ( 'NONE', #5663, #8448, #8457, .T. ) ;
#8724 =( LENGTH_UNIT ( ) NAMED_UNIT ( * ) SI_UNIT ( .MILLI., .METRE. ) );
#8725 = FILL_AREA_STYLE ('',( #9415 ) ) ;
#8726 = CARTESIAN_POINT ( 'NONE',  ( -0.02558706827006660203, -0.2134792989444822264, -0.05341463339220226675 ) ) ;
#8727 = VERTEX_POINT ( 'NONE', #2759 ) ;
#8728 = CARTESIAN_POINT ( 'NONE',  ( -0.01434853082098024382, 0.05166984850717366851, -0.1595842419334807250 ) ) ;
#8729 = CARTESIAN_POINT ( 'NONE',  ( 0.1263304363684769893, -0.1700000000000000122, 0.08571248745034230898 ) ) ;
#8730 = CARTESIAN_POINT ( 'NONE',  ( -0.1149999999999999772, 0.1710000000000000409, -0.1575000000000000011 ) ) ;
#8731 = PRESENTATION_STYLE_ASSIGNMENT (( #1859 ) ) ;
#8732 = EDGE_CURVE ( 'NONE', #6139, #333, #2250, .T. ) ;
#8733 = CARTESIAN_POINT ( 'NONE',  ( 0.07659722545628695756, -0.01269603075454551165, -0.1807461816279632150 ) ) ;
#8734 = CARTESIAN_POINT ( 'NONE',  ( 0.04174343265777232664, 0.07850502150267235635, -0.1072625030480235664 ) ) ;
#8735 = CARTESIAN_POINT ( 'NONE',  ( 0.05473283737356482437, 0.06507876646770399676, -0.1094436194445309873 ) ) ;
#8736 = DIRECTION ( 'NONE',  ( -1.000000000000000000, 5.892403111334263550E-17, -0.000000000000000000 ) ) ;
#8737 = CARTESIAN_POINT ( 'NONE',  ( 0.05873526738759400623, -0.1500000000000000222, -0.02592593678564418525 ) ) ;
#8738 = FILL_AREA_STYLE ('',( #6296 ) ) ;
#8739 = ORIENTED_EDGE ( 'NONE', *, *, #7680, .T. ) ;
#8740 = CARTESIAN_POINT ( 'NONE',  ( 0.03257769607660405270, -0.1599999999999998368, 0.1800000000000000766 ) ) ;
#8741 = PRESENTATION_STYLE_ASSIGNMENT (( #1218 ) ) ;
#8742 = CARTESIAN_POINT ( 'NONE',  ( -0.02681696864738939562, 0.06072712390455373144, -0.1746281687564169294 ) ) ;
#8743 = CARTESIAN_POINT ( 'NONE',  ( -0.0006426625713745802524, 0.1131050979785666322, 0.1068809710448803546 ) ) ;
#8744 = CARTESIAN_POINT ( 'NONE',  ( -0.06959202642698679442, -0.1263082061307159720, 0.2134052885665921884 ) ) ;
#8745 = CARTESIAN_POINT ( 'NONE',  ( 0.01688944998909807163, -0.1769980238659117078, 0.1603467722081255431 ) ) ;
#8746 = CARTESIAN_POINT ( 'NONE',  ( 0.03475921152906832207, -0.1830020087317828503, -0.1072308291421391752 ) ) ;
#8747 = EDGE_LOOP ( 'NONE', ( #8112, #9423, #4220, #8664, #3054, #7058 ) ) ;
#8748 = VERTEX_POINT ( 'NONE', #1284 ) ;
#8749 = ORIENTED_EDGE ( 'NONE', *, *, #5814, .F. ) ;
#8750 = DIRECTION ( 'NONE',  ( -0.03046991852340233398, 0.9995356842380251905, 3.719675056887077259E-19 ) ) ;
#8751 = CARTESIAN_POINT ( 'NONE',  ( -0.0006426625713745802524, 0.1131050979785666322, 0.1068809710448803546 ) ) ;
#8752 = CARTESIAN_POINT ( 'NONE',  ( 0.02909521289674309522, 0.07849138800471212873, 0.1059181345838505622 ) ) ;
#8753 = DIRECTION ( 'NONE',  ( 0.000000000000000000, 1.000000000000000000, 0.000000000000000000 ) ) ;
#8754 = EDGE_CURVE ( 'NONE', #4415, #4947, #5133, .T. ) ;
#8755 = COLOUR_RGB ( '',1.000000000000000000, 1.000000000000000000, 0.5019607843137254832 ) ;
#8756 = CARTESIAN_POINT ( 'NONE',  ( -0.05836279877952892797, 0.05998743945579414899, 0.1599823585076222132 ) ) ;
#8757 = VERTEX_POINT ( 'NONE', #9270 ) ;
#8758 = ORIENTED_EDGE ( 'NONE', *, *, #3885, .T. ) ;
#8759 = ORIENTED_EDGE ( 'NONE', *, *, #2716, .T. ) ;
#8760 = ADVANCED_FACE ( 'NONE', ( #1602 ), #1715, .T. ) ;
#8761 =( BOUNDED_SURFACE ( )  B_SPLINE_SURFACE ( 3, 3, ( 
 ( #3350, #2638, #7799, #9210, #4162, #3415, #9241, #4877 ),
 ( #5607, #1230, #1976, #7826, #4909, #5636, #6373, #4199 ),
 ( #539, #1310, #5728, #6461, #2790, #1408, #8728, #7273 ),
 ( #665, #5699, #2096, #2824, #7911, #6500, #8015, #7942 ),
 ( #4359, #9390, #634, #5759, #2129, #3591, #4224, #4324 ),
 ( #9421, #3532, #5061, #1446, #3623, #9328, #4969, #2295 ),
 ( #1507, #1547, #1478, #3749, #65, #5187, #794, #5125 ) ),
 .UNSPECIFIED., .T., .F., .T. ) 
 B_SPLINE_SURFACE_WITH_KNOTS ( ( 4, 3, 4 ),
 ( 4, 2, 2, 4 ),
 ( 0.000000000000000000, 0.5000000000000000000, 1.000000000000000000 ),
 ( 0.7195829134847867570, 0.7499909750257768293, 0.7651954247257339858, 0.7803995624815461829 ),
 .UNSPECIFIED. ) 
 GEOMETRIC_REPRESENTATION_ITEM ( )  RATIONAL_B_SPLINE_SURFACE ( (
 ( 1.000000000000000000, 1.000000000000000000, 1.000000000000000000, 1.000000000000000000, 1.000000000000000000, 1.000000000000000000, 1.000000000000000000, 1.000000000000000000),
 ( 0.3333333333333333703, 0.3333333333333333703, 0.3333333333333333703, 0.3333333333333333703, 0.3333333333333333703, 0.3333333333333333703, 0.3333333333333333703, 0.3333333333333333703),
 ( 0.3333333333333333703, 0.3333333333333333703, 0.3333333333333333703, 0.3333333333333333703, 0.3333333333333333703, 0.3333333333333333703, 0.3333333333333333703, 0.3333333333333333703),
 ( 1.000000000000000000, 1.000000000000000000, 1.000000000000000000, 1.000000000000000000, 1.000000000000000000, 1.000000000000000000, 1.000000000000000000, 1.000000000000000000),
 ( 0.3333333333333333703, 0.3333333333333333703, 0.3333333333333333703, 0.3333333333333333703, 0.3333333333333333703, 0.3333333333333333703, 0.3333333333333333703, 0.3333333333333333703),
 ( 0.3333333333333333703, 0.3333333333333333703, 0.3333333333333333703, 0.3333333333333333703, 0.3333333333333333703, 0.3333333333333333703, 0.3333333333333333703, 0.3333333333333333703),
 ( 1.000000000000000000, 1.000000000000000000, 1.000000000000000000, 1.000000000000000000, 1.000000000000000000, 1.000000000000000000, 1.000000000000000000, 1.000000000000000000) ) ) 
 REPRESENTATION_ITEM ( '' )  SURFACE ( )  );
#8762 = CARTESIAN_POINT ( 'NONE',  ( -0.02380456098840993961, 0.06127446744620545366, 0.1791030586105208378 ) ) ;
#8763 = CARTESIAN_POINT ( 'NONE',  ( 0.07994287076084287402, -0.1228036973541708626, -0.2107125921014233183 ) ) ;
#8764 = DIRECTION ( 'NONE',  ( -0.8496570271152052989, 0.02589787347911665441, -0.5266993795544201440 ) ) ;
#8765 = VECTOR ( 'NONE', #2554, 1000.000000000000000 ) ;
#8766 = CARTESIAN_POINT ( 'NONE',  ( -0.1183026054910963076, -0.1945617947990926633, -0.06481081346928965758 ) ) ;
#8767 = STYLED_ITEM ( 'NONE', ( #677 ), #7654 ) ;
#8768 = CARTESIAN_POINT ( 'NONE',  ( 0.05478803582209895023, 0.06507329621563161248, -0.1094111302797926843 ) ) ;
#8769 = COLOUR_RGB ( '',1.000000000000000000, 1.000000000000000000, 1.000000000000000000 ) ;
#8770 = DIRECTION ( 'NONE',  ( 0.9993255101729127121, 0.03046351156190877860, 0.02050607668388119975 ) ) ;
#8771 = CARTESIAN_POINT ( 'NONE',  ( 0.02113848844925341960, -0.06769075067954843927, 0.1777328117915815686 ) ) ;
#8772 = ORIENTED_EDGE ( 'NONE', *, *, #4534, .T. ) ;
#8773 = ORIENTED_EDGE ( 'NONE', *, *, #6792, .T. ) ;
#8774 = DIRECTION ( 'NONE',  ( 0.000000000000000000, -1.000000000000000000, -0.000000000000000000 ) ) ;
#8775 = EDGE_CURVE ( 'NONE', #7755, #617, #6881, .T. ) ;
#8776 =( NAMED_UNIT ( * ) PLANE_ANGLE_UNIT ( ) SI_UNIT ( $, .RADIAN. ) );
#8777 = CARTESIAN_POINT ( 'NONE',  ( 0.01603239993964471546, 0.05583156983628496245, 0.1341531717378988131 ) ) ;
#8778 = CARTESIAN_POINT ( 'NONE',  ( -0.06182200845597225769, 0.06009301659026487774, 0.2134020394151813493 ) ) ;
#8779 = VERTEX_POINT ( 'NONE', #6086 ) ;
#8780 = EDGE_LOOP ( 'NONE', ( #7639, #9093, #7566, #2927, #5198, #6696 ) ) ;
#8781 = CARTESIAN_POINT ( 'NONE',  ( -0.1324539786586064749, -0.1600000000000000311, -0.09439770601777114356 ) ) ;
#8782 = CARTESIAN_POINT ( 'NONE',  ( -0.08473246064718908954, -0.1714750387733445236, 0.05389623255997228607 ) ) ;
#8783 = PRESENTATION_LAYER_ASSIGNMENT (  '', '', ( #7870 ) ) ;
#8784 = PRESENTATION_LAYER_ASSIGNMENT (  '', '', ( #386 ) ) ;
#8785 = CARTESIAN_POINT ( 'NONE',  ( 0.007107306169619426010, 0.08447173138404535930, 0.1338269443907603162 ) ) ;
#8786 = CARTESIAN_POINT ( 'NONE',  ( -0.04396866915088002564, 0.08724864394693580827, 0.1285857063507560849 ) ) ;
#8787 = ORIENTED_EDGE ( 'NONE', *, *, #2949, .F. ) ;
#8788 = B_SPLINE_CURVE_WITH_KNOTS ( 'NONE', 3,
 ( #3681, #7311, #29, #5760, #5884, #1447, #4447, #666, #5787, #8729, #2130 ),
 .UNSPECIFIED., .F., .F.,
 ( 4, 1, 1, 1, 1, 1, 1, 1, 4 ),
 ( 0.000000000000000000, 0.1274639945884469550, 0.2621587074575456033, 0.4330378518549585221, 0.4971100557800188779, 0.5846169476978876345, 0.7491849293604234683, 0.8454087080526230258, 0.8813923682364565027 ),
 .UNSPECIFIED. ) ;
#8789 = FILL_AREA_STYLE_COLOUR ( '', #1880 ) ;
#8790 = STYLED_ITEM ( 'NONE', ( #8693 ), #915 ) ;
#8791 = FACE_OUTER_BOUND ( 'NONE', #8780, .T. ) ;
#8792 = CARTESIAN_POINT ( 'NONE',  ( -0.009364660647431926124, 0.06368063921707999009, 0.1947928148510028878 ) ) ;
#8793 = CARTESIAN_POINT ( 'NONE',  ( -0.01841810677207893904, -0.1799999999999999378, 0.1599999999999999478 ) ) ;
#8794 = CARTESIAN_POINT ( 'NONE',  ( 0.05404250727499376045, 0.06514622838440209396, -0.1064799600882749275 ) ) ;
#8795 = DIRECTION ( 'NONE',  ( -0.03046991852340233398, 0.9995356842380251905, 3.719675056887077259E-19 ) ) ;
#8796 = CARTESIAN_POINT ( 'NONE',  ( -0.1224553533780482206, -0.1866446418226942738, -0.07852396715685375228 ) ) ;
#8797 = CARTESIAN_POINT ( 'NONE',  ( 0.2119780917785163421, -0.2299999999999999545, 0.1558400173204970429 ) ) ;
#8798 = CARTESIAN_POINT ( 'NONE',  ( 0.05509770702443633067, -0.2100000261870918206, -0.1060460677537383850 ) ) ;
#8799 = CARTESIAN_POINT ( 'NONE',  ( -0.06802612104045256680, -0.1650051271632559657, 0.1599883468427513722 ) ) ;
#8800 = COLOUR_RGB ( '',1.000000000000000000, 1.000000000000000000, 1.000000000000000000 ) ;
#8801 = CARTESIAN_POINT ( 'NONE',  ( 0.04174343265777232664, 0.07850502150267235635, -0.1072625030480235664 ) ) ;
#8802 = CARTESIAN_POINT ( 'NONE',  ( -0.06437314076729357126, -0.1600765510809122882, 0.1465979529971667694 ) ) ;
#8803 = VERTEX_POINT ( 'NONE', #9023 ) ;
#8804 =( GEOMETRIC_REPRESENTATION_CONTEXT ( 3 ) GLOBAL_UNCERTAINTY_ASSIGNED_CONTEXT ( ( #1088 ) ) GLOBAL_UNIT_ASSIGNED_CONTEXT ( ( #7574, #3911, #969 ) ) REPRESENTATION_CONTEXT ( 'NONE', 'WORKASPACE' ) );
#8805 = CARTESIAN_POINT ( 'NONE',  ( -0.02421753238349722351, 0.06120168961290523013, -0.1814089713292614536 ) ) ;
#8806 = FILL_AREA_STYLE ('',( #739 ) ) ;
#8807 = PRESENTATION_LAYER_ASSIGNMENT (  '', '', ( #7847 ) ) ;
#8808 = CARTESIAN_POINT ( 'NONE',  ( 0.02909521289674309522, 0.07849138800471212873, 0.1059181345838505622 ) ) ;
#8809 = CARTESIAN_POINT ( 'NONE',  ( 0.04627433646674403156, -0.1830019761340885287, 0.1596532277918742138 ) ) ;
#8810 = CARTESIAN_POINT ( 'NONE',  ( 0.003725692630542891837, -0.1769979943429172142, -0.1596522519181532151 ) ) ;
#8811 = UNCERTAINTY_MEASURE_WITH_UNIT (LENGTH_MEASURE( 1.000000000000000082E-05 ), #1463, 'distance_accuracy_value', 'NONE');
#8812 =( NAMED_UNIT ( * ) PLANE_ANGLE_UNIT ( ) SI_UNIT ( $, .RADIAN. ) );
#8813 = CARTESIAN_POINT ( 'NONE',  ( -0.01259245371102965701, 0.04690177450077820387, 0.1331154924618501989 ) ) ;
#8814 = CARTESIAN_POINT ( 'NONE',  ( 0.1210060534523357684, -0.1733317812631707533, 0.04582059648827407905 ) ) ;
#8815 = CARTESIAN_POINT ( 'NONE',  ( -0.05184640278434354127, -0.01390998239999764567, -0.1734383760420361853 ) ) ;
#8816 = CARTESIAN_POINT ( 'NONE',  ( -0.03100910114337037879, -0.1411963759059665646, 0.1748129528537775979 ) ) ;
#8817 = CARTESIAN_POINT ( 'NONE',  ( 0.07659722545628695756, -0.01269603075454551165, -0.1807461816279632150 ) ) ;
#8818 = CARTESIAN_POINT ( 'NONE',  ( -0.05007454677528902498, 0.04648590295817336959, 0.02674921222360961137 ) ) ;
#8819 = SURFACE_STYLE_FILL_AREA ( #933 ) ;
#8820 = MECHANICAL_DESIGN_GEOMETRIC_PRESENTATION_REPRESENTATION (  '', ( #7860 ), #7690 ) ;
#8821 = CIRCLE ( 'NONE', #8958, 0.02500000000000001180 ) ;
#8822 = CARTESIAN_POINT ( 'NONE',  ( 0.07591923254621761596, -0.03107351326781155471, -0.2107090319563468817 ) ) ;
#8823 = DIRECTION ( 'NONE',  ( -0.9544681135048440623, -0.2976636645781976509, -0.01967137749071950006 ) ) ;
#8824 = DIRECTION ( 'NONE',  ( -0.02052558504614553775, -0.0002560480453883467664, 0.9997892952006998124 ) ) ;
#8825 = DIRECTION ( 'NONE',  ( -0.9997207864866128890, 1.576297494586496692E-06, 0.02362941099781006374 ) ) ;
#8826 = EDGE_CURVE ( 'NONE', #1142, #8103, #8905, .T. ) ;
#8827 = DIRECTION ( 'NONE',  ( -0.9196353003962208783, 0.3921679738779000890, 0.02179895707723860515 ) ) ;
#8828 = CARTESIAN_POINT ( 'NONE',  ( 0.1725477585110243850, -0.2299999999999999545, 0.1470482413654660425 ) ) ;
#8829 = DIRECTION ( 'NONE',  ( -0.9880525659434229446, 0.03011737767676796185, -0.1511458583438287651 ) ) ;
#8830 = FILL_AREA_STYLE_COLOUR ( '', #536 ) ;
#8831 = CIRCLE ( 'NONE', #6362, 0.005021137201350154601 ) ;
#8832 = ADVANCED_FACE ( 'NONE', ( #4908 ), #7419, .T. ) ;
#8833 = CARTESIAN_POINT ( 'NONE',  ( -0.02890812999619865944, -0.08607519669228200221, 0.1748111692315258425 ) ) ;
#8834 = PRESENTATION_LAYER_ASSIGNMENT (  '', '', ( #4872 ) ) ;
#8835 = CARTESIAN_POINT ( 'NONE',  ( -0.08016871703130686033, -0.1596657669923492173, 0.1720995417108199532 ) ) ;
#8836 = DIRECTION ( 'NONE',  ( 1.000000000000000000, 0.000000000000000000, 0.000000000000000000 ) ) ;
#8837 = CARTESIAN_POINT ( 'NONE',  ( -0.05179716778799536847, 0.05663989749048424505, 0.1667750626894652921 ) ) ;
#8838 = VERTEX_POINT ( 'NONE', #2452 ) ;
#8839 = CARTESIAN_POINT ( 'NONE',  ( 0.03475921152906832207, -0.1830020087317828503, -0.1072308291421391752 ) ) ;
#8840 = LINE ( 'NONE', #9254, #5304 ) ;
#8841 = FILL_AREA_STYLE_COLOUR ( '', #4459 ) ;
#8842 = CARTESIAN_POINT ( 'NONE',  ( -0.01141174830308344483, 0.04689498630165666454, 0.1063766058498976375 ) ) ;
#8843 =( NAMED_UNIT ( * ) PLANE_ANGLE_UNIT ( ) SI_UNIT ( $, .RADIAN. ) );
#8844 = CARTESIAN_POINT ( 'NONE',  ( -0.05938439204331855820, 0.07275956983467629646, -0.05407232402845882357 ) ) ;
#8845 = LINE ( 'NONE', #4829, #4045 ) ;
#8846 = CARTESIAN_POINT ( 'NONE',  ( -0.01331246135426633267, 0.02441517609070101638, -0.1595842188527249461 ) ) ;
#8847 = DIRECTION ( 'NONE',  ( -0.02362941044756635897, 0.0001591926594850766048, -0.9997207738261707499 ) ) ;
#8848 = ORIENTED_EDGE ( 'NONE', *, *, #2423, .T. ) ;
#8849 = CARTESIAN_POINT ( 'NONE',  ( 0.07981676973540997866, -0.08600596400996664281, -0.1807461978869688846 ) ) ;
#8850 = CARTESIAN_POINT ( 'NONE',  ( -0.05538097305629863937, 0.07275960128011772776, -0.1602677579499604543 ) ) ;
#8851 = CIRCLE ( 'NONE', #8937, 0.01500000000000000291 ) ;
#8852 = CARTESIAN_POINT ( 'NONE',  ( -0.01723317072334797778, 0.06243439839761835697, 0.1671785557947525480 ) ) ;
#8853 = SURFACE_STYLE_USAGE ( .BOTH. , #4580 ) ;
#8854 = CARTESIAN_POINT ( 'NONE',  ( 0.01891225521023444378, -0.1227761479094068436, 0.1777328277816520308 ) ) ;
#8855 = CARTESIAN_POINT ( 'NONE',  ( 0.03210509325080170701, -0.1599857056563633306, 0.1599844460355385745 ) ) ;
#8856 = VERTEX_POINT ( 'NONE', #1241 ) ;
#8857 = EDGE_CURVE ( 'NONE', #6372, #4322, #6526, .T. ) ;
#8858 =( NAMED_UNIT ( * ) SI_UNIT ( $, .STERADIAN. ) SOLID_ANGLE_UNIT ( ) );
#8859 = CARTESIAN_POINT ( 'NONE',  ( 0.03130478124286706354, 0.04249595403114227871, -0.1546713924784019478 ) ) ;
#8860 = CARTESIAN_POINT ( 'NONE',  ( 0.1200386451867181542, -0.1892856129354569261, 0.04717050854947146821 ) ) ;
#8861 = CARTESIAN_POINT ( 'NONE',  ( -0.2325630728473178921, 0.04653785154078909914, 0.2000000000000000111 ) ) ;
#8862 =( NAMED_UNIT ( * ) PLANE_ANGLE_UNIT ( ) SI_UNIT ( $, .RADIAN. ) );
#8863 = STYLED_ITEM ( 'NONE', ( #402 ), #5297 ) ;
#8864 = CIRCLE ( 'NONE', #293, 0.01499999999999999944 ) ;
#8865 = CARTESIAN_POINT ( 'NONE',  ( 0.05771061989657728930, 0.08151548931438569456, 0.1338605640702588695 ) ) ;
#8866 = ORIENTED_EDGE ( 'NONE', *, *, #6412, .T. ) ;
#8867 = VERTEX_POINT ( 'NONE', #5619 ) ;
#8868 = ORIENTED_EDGE ( 'NONE', *, *, #3168, .F. ) ;
#8869 = COLOUR_RGB ( '',1.000000000000000000, 1.000000000000000000, 0.5019607843137254832 ) ;
#8870 = CARTESIAN_POINT ( 'NONE',  ( -0.005937463389280983779, 0.06415941592616368483, 0.1945712140013653169 ) ) ;
#8871 =( LENGTH_UNIT ( ) NAMED_UNIT ( * ) SI_UNIT ( .MILLI., .METRE. ) );
#8872 = CARTESIAN_POINT ( 'NONE',  ( 0.02773688939759600541, -0.2123992979402443970, -0.1336076282458188436 ) ) ;
#8873 = MECHANICAL_DESIGN_GEOMETRIC_PRESENTATION_REPRESENTATION (  '', ( #6260 ), #8512 ) ;
#8874 = ORIENTED_EDGE ( 'NONE', *, *, #8594, .F. ) ;
#8875 = EDGE_LOOP ( 'NONE', ( #7366, #2718, #1677, #8164 ) ) ;
#8876 = CARTESIAN_POINT ( 'NONE',  ( -0.05836279877952892797, 0.05998743945579414899, 0.1599823585076222132 ) ) ;
#8877 = AXIS2_PLACEMENT_3D ( 'NONE', #8230, #3011, #4551 ) ;
#8878 = ADVANCED_FACE ( 'NONE', ( #7201 ), #7109, .F. ) ;
#8879 = CARTESIAN_POINT ( 'NONE',  ( 0.03581637891814706820, 0.1083392668633236799, -0.05435361686202731801 ) ) ;
#8880 = CARTESIAN_POINT ( 'NONE',  ( 0.1208698137571890679, -0.1729274855108942632, 0.04598326658899694330 ) ) ;
#8881 =( BOUNDED_SURFACE ( )  B_SPLINE_SURFACE ( 3, 3, ( 
 ( #8361, #8454, #4841, #7729, #1948, #411, #7671, #378 ),
 ( #2572, #5481, #9114, #8506, #3371, #7032, #7056, #6973 ),
 ( #4873, #7705, #5536, #1842, #5602, #6341, #3318, #4816 ),
 ( #1138, #4032, #1189, #4750, #8418, #1157, #4130, #7765 ),
 ( #2661, #444, #1096, #4787, #1875, #5565, #9147, #7794 ),
 ( #2633, #5510, #9174, #6312, #6251, #7002, #3410, #467 ),
 ( #4070, #1222, #6286, #1910, #6941, #8483, #2545, #4107 ) ),
 .UNSPECIFIED., .T., .F., .T. ) 
 B_SPLINE_SURFACE_WITH_KNOTS ( ( 4, 3, 4 ),
 ( 4, 2, 2, 4 ),
 ( 0.000000000000000000, 0.5000000000000000000, 1.000000000000000000 ),
 ( 0.7890819539983995323, 0.8333321516436658083, 0.8554603693797637742, 0.8775845940005594370 ),
 .UNSPECIFIED. ) 
 GEOMETRIC_REPRESENTATION_ITEM ( )  RATIONAL_B_SPLINE_SURFACE ( (
 ( 1.000000000000000000, 1.000000000000000000, 1.000000000000000000, 1.000000000000000000, 1.000000000000000000, 1.000000000000000000, 1.000000000000000000, 1.000000000000000000),
 ( 0.3333333333333333703, 0.3333333333333333703, 0.3333333333333333703, 0.3333333333333333703, 0.3333333333333333703, 0.3333333333333333703, 0.3333333333333333703, 0.3333333333333333703),
 ( 0.3333333333333333703, 0.3333333333333333703, 0.3333333333333333703, 0.3333333333333333703, 0.3333333333333333703, 0.3333333333333333703, 0.3333333333333333703, 0.3333333333333333703),
 ( 1.000000000000000000, 1.000000000000000000, 1.000000000000000000, 1.000000000000000000, 1.000000000000000000, 1.000000000000000000, 1.000000000000000000, 1.000000000000000000),
 ( 0.3333333333333333703, 0.3333333333333333703, 0.3333333333333333703, 0.3333333333333333703, 0.3333333333333333703, 0.3333333333333333703, 0.3333333333333333703, 0.3333333333333333703),
 ( 0.3333333333333333703, 0.3333333333333333703, 0.3333333333333333703, 0.3333333333333333703, 0.3333333333333333703, 0.3333333333333333703, 0.3333333333333333703, 0.3333333333333333703),
 ( 1.000000000000000000, 1.000000000000000000, 1.000000000000000000, 1.000000000000000000, 1.000000000000000000, 1.000000000000000000, 1.000000000000000000, 1.000000000000000000) ) ) 
 REPRESENTATION_ITEM ( '' )  SURFACE ( )  );
#8882 = CARTESIAN_POINT ( 'NONE',  ( -0.06782637479816570891, 0.05918918710087352902, -0.2004157815677239385 ) ) ;
#8883 = CARTESIAN_POINT ( 'NONE',  ( -0.03034207140520951348, -0.1228065206388667535, 0.1748112007711367377 ) ) ;
#8884 = CARTESIAN_POINT ( 'NONE',  ( 0.07579469260835058897, 0.04228645707397922504, -0.1507833713355124505 ) ) ;
#8885 = CARTESIAN_POINT ( 'NONE',  ( -0.02984619047157107893, 0.06097066738909746875, 0.1462005660701012344 ) ) ;
#8886 = LINE ( 'NONE', #8923, #3856 ) ;
#8887 = COLOUR_RGB ( '',1.000000000000000000, 1.000000000000000000, 0.5019607843137254832 ) ;
#8888 = VERTEX_POINT ( 'NONE', #7323 ) ;
#8889 = ORIENTED_EDGE ( 'NONE', *, *, #4038, .T. ) ;
#8890 = CARTESIAN_POINT ( 'NONE',  ( 0.1525014675670199049, -0.1699999999999999845, 0.1230518830271274400 ) ) ;
#8891 = CARTESIAN_POINT ( 'NONE',  ( 0.05431371939469042953, 0.06512033941436695672, -0.03345281490491220505 ) ) ;
#8892 = CARTESIAN_POINT ( 'NONE',  ( -0.1058367025873510336, -0.1799999999999998546, -0.01666926602964832402 ) ) ;
#8893 = CARTESIAN_POINT ( 'NONE',  ( -0.1195234402462690554, -0.1905595718825826568, -0.04803277871555074185 ) ) ;
#8894 = STYLED_ITEM ( 'NONE', ( #2624 ), #8455 ) ;
#8895 = CARTESIAN_POINT ( 'NONE',  ( 0.03843601167469061497, -0.1224823299864074566, -0.1546749066712272136 ) ) ;
#8896 = CARTESIAN_POINT ( 'NONE',  ( -0.1160320050683524423, -0.1836951146549645475, -0.04129283042104675561 ) ) ;
#8897 =( LENGTH_UNIT ( ) NAMED_UNIT ( * ) SI_UNIT ( .MILLI., .METRE. ) );
#8898 = PRESENTATION_STYLE_ASSIGNMENT (( #1461 ) ) ;
#8899 = VERTEX_POINT ( 'NONE', #7347 ) ;
#8900 = ORIENTED_EDGE ( 'NONE', *, *, #3515, .T. ) ;
#8901 = EDGE_CURVE ( 'NONE', #810, #1795, #6749, .T. ) ;
#8902 = CARTESIAN_POINT ( 'NONE',  ( 0.03158189322792104292, -0.1800000000000001321, 0.1599999999999998646 ) ) ;
#8903 = CARTESIAN_POINT ( 'NONE',  ( -0.2151529299272666451, -0.2299999999999999545, -0.1514657711333049772 ) ) ;
#8904 = CARTESIAN_POINT ( 'NONE',  ( 0.03373482484458720232, 0.07849132467248870482, 0.02568504823611458820 ) ) ;
#8905 = LINE ( 'NONE', #1720, #5372 ) ;
#8906 = CARTESIAN_POINT ( 'NONE',  ( -0.04436086439084908212, 0.05767589816477945719, 0.1757314232717364089 ) ) ;
#8907 = EDGE_CURVE ( 'NONE', #7678, #9453, #5184, .T. ) ;
#8908 = ORIENTED_EDGE ( 'NONE', *, *, #376, .T. ) ;
#8909 = MECHANICAL_DESIGN_GEOMETRIC_PRESENTATION_REPRESENTATION (  '', ( #6171 ), #6866 ) ;
#8910 = DIRECTION ( 'NONE',  ( 0.03046773440284091319, 0.9995357508165266802, 0.000000000000000000 ) ) ;
#8911 = CARTESIAN_POINT ( 'NONE',  ( 0.05716764051093140703, 0.08150871852634393455, 0.1603067086836617861 ) ) ;
#8912 = CARTESIAN_POINT ( 'NONE',  ( -0.02033162852806202903, 0.07553514886684735419, 0.1059518483957106738 ) ) ;
#8913 = CARTESIAN_POINT ( 'NONE',  ( 0.08983026888629146167, -0.1800000000000000488, 0.04204236359722141048 ) ) ;
#8914 = CIRCLE ( 'NONE', #3015, 0.01499999999999998904 ) ;
#8915 = CARTESIAN_POINT ( 'NONE',  ( -0.07897292529976683573, 0.09903310933586984000, 0.02483132693722752554 ) ) ;
#8916 = ADVANCED_FACE ( 'NONE', ( #4798 ), #1070, .T. ) ;
#8917 = ORIENTED_EDGE ( 'NONE', *, *, #7817, .F. ) ;
#8918 = STYLED_ITEM ( 'NONE', ( #8731 ), #1021 ) ;
#8919 = CARTESIAN_POINT ( 'NONE',  ( 4.763757880476105065E-06, -0.06892881686731527902, 0.1851888148043358828 ) ) ;
#8920 = CARTESIAN_POINT ( 'NONE',  ( 0.02982378969089837309, 0.02375326748288214204, 0.1480775594813176221 ) ) ;
#8921 =( LENGTH_UNIT ( ) NAMED_UNIT ( * ) SI_UNIT ( .MILLI., .METRE. ) );
#8922 = CIRCLE ( 'NONE', #2415, 0.01499999999999998210 ) ;
#8923 = CARTESIAN_POINT ( 'NONE',  ( -0.1149999999999999911, -0.1700000000000000122, 0.2000000000000000111 ) ) ;
#8924 = DIRECTION ( 'NONE',  ( -0.02052558504614403201, -0.0002560480453828502408, 0.9997892952006997014 ) ) ;
#8925 = CARTESIAN_POINT ( 'NONE',  ( 0.0003341977938218504830, -0.08728511133057782756, -0.1762706641737999125 ) ) ;
#8926 = CARTESIAN_POINT ( 'NONE',  ( -0.1180708908888211811, -0.1851189646165809222, -0.04309441901388554041 ) ) ;
#8927 = CARTESIAN_POINT ( 'NONE',  ( 0.1150000000000000050, -0.1700000000000000122, -0.2000000000000000666 ) ) ;
#8928 = CARTESIAN_POINT ( 'NONE',  ( 0.05742025327286093273, -0.2099999738119067150, -0.05261640399852135497 ) ) ;
#8929 = ADVANCED_FACE ( 'NONE', ( #3868 ), #5828, .T. ) ;
#8930 = CARTESIAN_POINT ( 'NONE',  ( 0.03200268577051364194, 0.07849130379308980054, 0.05240611079259199084 ) ) ;
#8931 = PRESENTATION_LAYER_ASSIGNMENT (  '', '', ( #6195 ) ) ;
#8932 = CIRCLE ( 'NONE', #6072, 0.01500000000000004281 ) ;
#8933 = CARTESIAN_POINT ( 'NONE',  ( -0.07519379774260888383, -0.03109362048599495151, 0.1720995094240694578 ) ) ;
#8934 = DIRECTION ( 'NONE',  ( 0.03046773440284036155, 0.9995357508165269023, 0.000000000000000000 ) ) ;
#8935 = CIRCLE ( 'NONE', #815, 0.01499999999999998210 ) ;
#8936 = UNCERTAINTY_MEASURE_WITH_UNIT (LENGTH_MEASURE( 1.000000000000000082E-05 ), #5500, 'distance_accuracy_value', 'NONE');
#8937 = AXIS2_PLACEMENT_3D ( 'NONE', #3919, #2522, #8338 ) ;
#8938 = CARTESIAN_POINT ( 'NONE',  ( 0.02899074939090677885, 0.1083391823141740123, 0.05222534817079499403 ) ) ;
#8939 = CARTESIAN_POINT ( 'NONE',  ( 0.01688944998909807163, -0.1769980238659117078, 0.1603467722081255431 ) ) ;
#8940 = EDGE_CURVE ( 'NONE', #9249, #8390, #6172, .T. ) ;
#8941 = VECTOR ( 'NONE', #3943, 1000.000000000000000 ) ;
#8942 = FILL_AREA_STYLE_COLOUR ( '', #8755 ) ;
#8943 = DIRECTION ( 'NONE',  ( 0.000000000000000000, 0.000000000000000000, -1.000000000000000000 ) ) ;
#8944 = FILL_AREA_STYLE ('',( #8378 ) ) ;
#8945 = CARTESIAN_POINT ( 'NONE',  ( -0.2325630728473178921, 0.04653785154078909914, -0.2000000000000000111 ) ) ;
#8946 = CARTESIAN_POINT ( 'NONE',  ( -0.07383910806475374455, 0.09903317304229697360, -0.05494534713253924202 ) ) ;
#8947 = FACE_OUTER_BOUND ( 'NONE', #6287, .T. ) ;
#8948 = CARTESIAN_POINT ( 'NONE',  ( -0.002213048029611217569, -0.1238395305235085730, 0.1851888307776549114 ) ) ;
#8949 = DIRECTION ( 'NONE',  ( -0.02362802936328170164, -0.0001592579951429536338, -0.9997208064581326603 ) ) ;
#8950 = CARTESIAN_POINT ( 'NONE',  ( 0.06841810677207900426, -0.1800000000000000211, -0.1600000000000000033 ) ) ;
#8951 = CARTESIAN_POINT ( 'NONE',  ( 0.05543925275131450503, 0.06500790888448650107, -0.09681999848180611323 ) ) ;
#8952 = DIRECTION ( 'NONE',  ( 0.02615073541497721366, 0.9996580110404036379, 3.284281681383466349E-18 ) ) ;
#8953 = EDGE_CURVE ( 'NONE', #1314, #9094, #1639, .T. ) ;
#8954 = DIRECTION ( 'NONE',  ( -0.02362802936328045264, -0.0001592579951470475812, -0.9997208064581327713 ) ) ;
#8955 = SURFACE_STYLE_USAGE ( .BOTH. , #3850 ) ;
#8956 = DIRECTION ( 'NONE',  ( 0.9993255319173289797, -0.03046132653440713003, 0.02050826282043495541 ) ) ;
#8957 = ORIENTED_EDGE ( 'NONE', *, *, #9031, .T. ) ;
#8958 = AXIS2_PLACEMENT_3D ( 'NONE', #3739, #3702, #8315 ) ;
#8959 = CARTESIAN_POINT ( 'NONE',  ( 0.03034303733933077507, 0.04864341698340243769, 0.1597475851036911088 ) ) ;
#8960 = FILL_AREA_STYLE_COLOUR ( '', #6235 ) ;
#8961 = CARTESIAN_POINT ( 'NONE',  ( 0.01719709787858262826, 0.05582477284818525287, 0.1077304859532542819 ) ) ;
#8962 =( GEOMETRIC_REPRESENTATION_CONTEXT ( 3 ) GLOBAL_UNCERTAINTY_ASSIGNED_CONTEXT ( ( #6132 ) ) GLOBAL_UNIT_ASSIGNED_CONTEXT ( ( #2238, #5994, #1567 ) ) REPRESENTATION_CONTEXT ( 'NONE', 'WORKASPACE' ) );
#8963 = VECTOR ( 'NONE', #2249, 1000.000000000000000 ) ;
#8964 = ORIENTED_EDGE ( 'NONE', *, *, #2969, .T. ) ;
#8965 = CARTESIAN_POINT ( 'NONE',  ( -0.1210718620247217825, -0.2299999999999999545, -0.04574611991424980956 ) ) ;
#8966 = CARTESIAN_POINT ( 'NONE',  ( 0.04224685976086230838, 0.07999999999999983513, 0.1599999999999999756 ) ) ;
#8967 = ADVANCED_FACE ( 'NONE', ( #6278 ), #2328, .T. ) ;
#8968 = CARTESIAN_POINT ( 'NONE',  ( 0.06862251717703113374, 0.08150869652257698716, -0.05238083746731506812 ) ) ;
#8969 =( NAMED_UNIT ( * ) SI_UNIT ( $, .STERADIAN. ) SOLID_ANGLE_UNIT ( ) );
#8970 =( NAMED_UNIT ( * ) SI_UNIT ( $, .STERADIAN. ) SOLID_ANGLE_UNIT ( ) );
#8971 = DIRECTION ( 'NONE',  ( -0.9544742299142688902, -0.2976542202237386636, -0.01951690581423030230 ) ) ;
#8972 = CARTESIAN_POINT ( 'NONE',  ( 0.04363721792942096972, 0.02265612795029536136, -0.2092166762030485960 ) ) ;
#8973 = DIRECTION ( 'NONE',  ( 0.8457699189191014710, 0.000000000000000000, 0.5335477900353224889 ) ) ;
#8974 = CARTESIAN_POINT ( 'NONE',  ( -0.05409886421971344533, -0.1382782943188765601, 0.1879025851734620889 ) ) ;
#8975 = VERTEX_POINT ( 'NONE', #2929 ) ;
#8976 = ORIENTED_EDGE ( 'NONE', *, *, #825, .T. ) ;
#8977 = ORIENTED_EDGE ( 'NONE', *, *, #8169, .F. ) ;
#8978 =( NAMED_UNIT ( * ) PLANE_ANGLE_UNIT ( ) SI_UNIT ( $, .RADIAN. ) );
#8979 = CARTESIAN_POINT ( 'NONE',  ( 0.05419432110842360706, 0.06513337705753308171, -0.1617970997053747029 ) ) ;
#8980 = CARTESIAN_POINT ( 'NONE',  ( 0.04270360461715385497, 0.09499303869986530646, 0.1600132166784632992 ) ) ;
#8981 = CARTESIAN_POINT ( 'NONE',  ( 0.02487878397908473843, -0.08623180867946528272, 0.1480774521239617836 ) ) ;
#8982 =( LENGTH_UNIT ( ) NAMED_UNIT ( * ) SI_UNIT ( .MILLI., .METRE. ) );
#8983 = CARTESIAN_POINT ( 'NONE',  ( -0.09783348573682118521, -0.1799999999999998546, -0.02935581481343481000 ) ) ;
#8984 = CARTESIAN_POINT ( 'NONE',  ( -0.009523131291011833338, -0.03263062019087452359, -0.2053286466191961701 ) ) ;
#8985 = CARTESIAN_POINT ( 'NONE',  ( -0.2650000000000000133, 0.05000000000000002359, -0.2000000000000000111 ) ) ;
#8986 = SURFACE_STYLE_FILL_AREA ( #4840 ) ;
#8987 = ORIENTED_EDGE ( 'NONE', *, *, #7123, .T. ) ;
#8988 = ORIENTED_EDGE ( 'NONE', *, *, #6495, .F. ) ;
#8989 = UNCERTAINTY_MEASURE_WITH_UNIT (LENGTH_MEASURE( 1.000000000000000082E-05 ), #8521, 'distance_accuracy_value', 'NONE');
#8990 =( GEOMETRIC_REPRESENTATION_CONTEXT ( 3 ) GLOBAL_UNCERTAINTY_ASSIGNED_CONTEXT ( ( #2509 ) ) GLOBAL_UNIT_ASSIGNED_CONTEXT ( ( #3845, #5983, #7433 ) ) REPRESENTATION_CONTEXT ( 'NONE', 'WORKASPACE' ) );
#8991 = ORIENTED_EDGE ( 'NONE', *, *, #8716, .F. ) ;
#8992 = CIRCLE ( 'NONE', #6414, 0.01500000000000000291 ) ;
#8993 = CARTESIAN_POINT ( 'NONE',  ( 0.002413416327855054562, -0.01397600669075664895, 0.1851888153867500553 ) ) ;
#8994 = MECHANICAL_DESIGN_GEOMETRIC_PRESENTATION_REPRESENTATION (  '', ( #2993 ), #9467 ) ;
#8995 = CARTESIAN_POINT ( 'NONE',  ( -0.1988062389287093279, -0.2300000000000000655, -0.08175643111878473646 ) ) ;
#8996 = CARTESIAN_POINT ( 'NONE',  ( -0.05467589081548501762, -0.1603342330076509836, 0.1879004582891800057 ) ) ;
#8997 = CARTESIAN_POINT ( 'NONE',  ( -0.02207016194171037074, 0.07553504503132692227, 0.1597049293376392176 ) ) ;
#8998 = DIRECTION ( 'NONE',  ( 0.000000000000000000, 1.000000000000000000, 0.000000000000000000 ) ) ;
#8999 = CIRCLE ( 'NONE', #6343, 0.01499999999999999424 ) ;
#9000 = ORIENTED_EDGE ( 'NONE', *, *, #243, .F. ) ;
#9001 = VERTEX_POINT ( 'NONE', #6929 ) ;
#9002 = CARTESIAN_POINT ( 'NONE',  ( 0.06179607625543379751, 0.08150861190854616356, 0.05421920339958552493 ) ) ;
#9003 = CARTESIAN_POINT ( 'NONE',  ( -0.06437314076729357126, -0.1600765510809122882, 0.1465979529971667694 ) ) ;
#9005 = MANIFOLD_SOLID_BREP ( 'Fillet1', #190 ) ;
#9004 = CARTESIAN_POINT ( 'NONE',  ( 0.001715012044033118214, -0.2063910585750854676, -0.05234412275075565196 ) ) ;
#9006 =( GEOMETRIC_REPRESENTATION_CONTEXT ( 3 ) GLOBAL_UNCERTAINTY_ASSIGNED_CONTEXT ( ( #7675 ) ) GLOBAL_UNIT_ASSIGNED_CONTEXT ( ( #3065, #6654, #2311 ) ) REPRESENTATION_CONTEXT ( 'NONE', 'WORKASPACE' ) );
#9007 = SURFACE_STYLE_FILL_AREA ( #3086 ) ;
#9008 = MECHANICAL_DESIGN_GEOMETRIC_PRESENTATION_REPRESENTATION (  '', ( #1476 ), #5578 ) ;
#9009 = CARTESIAN_POINT ( 'NONE',  ( 0.07458613559038640428, 0.05167446082113478362, -0.1058372330185853305 ) ) ;
#9010 = CARTESIAN_POINT ( 'NONE',  ( 0.06215210110285118716, 0.06424877142291247900, -0.1634909290230469048 ) ) ;
#9011 = CIRCLE ( 'NONE', #3527, 0.01499999999999998557 ) ;
#9012 = FILL_AREA_STYLE_COLOUR ( '', #3616 ) ;
#9013 = ORIENTED_EDGE ( 'NONE', *, *, #7505, .T. ) ;
#9014 = EDGE_LOOP ( 'NONE', ( #1428, #6219, #3061, #8085 ) ) ;
#9015 = CARTESIAN_POINT ( 'NONE',  ( 0.05149099006641463805, -0.1238875184769430565, -0.1792573380220374157 ) ) ;
#9016 = CARTESIAN_POINT ( 'NONE',  ( -0.05538097305629864631, 0.07275960128011772776, -0.1602677579499604543 ) ) ;
#9017 = EDGE_CURVE ( 'NONE', #8243, #3211, #3834, .T. ) ;
#9018 = LINE ( 'NONE', #6895, #8342 ) ;
#9019 = EDGE_LOOP ( 'NONE', ( #8976, #6395, #7491, #8327 ) ) ;
#9020 = DIRECTION ( 'NONE',  ( 0.04805693313322132593, 0.000000000000000000, 0.9988445981121534256 ) ) ;
#9021 = CARTESIAN_POINT ( 'NONE',  ( -0.2695297534840720433, -0.1700000000000000122, 0.1820868920339089869 ) ) ;
#9022 = CARTESIAN_POINT ( 'NONE',  ( 0.04286737101959040008, -0.1602722764029111124, 0.2119225383565922216 ) ) ;
#9023 = CARTESIAN_POINT ( 'NONE',  ( 0.2650000000000000133, -0.2300000000000000100, 0.2000000000000000111 ) ) ;
#9024 = ORIENTED_EDGE ( 'NONE', *, *, #6627, .F. ) ;
#9025 = CARTESIAN_POINT ( 'NONE',  ( 0.001925023365897547169, 0.06507048084520165865, -0.002442143269708730528 ) ) ;
#9026 = CARTESIAN_POINT ( 'NONE',  ( -0.09097894025904687543, -0.03038616109700731718, 0.1976010580354682633 ) ) ;
#9027 = CARTESIAN_POINT ( 'NONE',  ( 0.07267395238361196164, 0.08150857145238467327, -0.1596940962204190240 ) ) ;
#9028 = CARTESIAN_POINT ( 'NONE',  ( -0.1149999944237603128, 0.06074636187408656574, -0.2000000000000000389 ) ) ;
#9029 = ADVANCED_FACE ( 'NONE', ( #3517 ), #8409, .T. ) ;
#9030 = CARTESIAN_POINT ( 'NONE',  ( -0.1278671797069859395, -0.2300000000000000933, -0.03805575324395597120 ) ) ;
#9031 = EDGE_CURVE ( 'NONE', #6035, #5451, #9117, .T. ) ;
#9032 = ORIENTED_EDGE ( 'NONE', *, *, #8589, .F. ) ;
#9033 = CARTESIAN_POINT ( 'NONE',  ( -0.0006426625713745802524, 0.1131050979785666322, 0.1068809710448803546 ) ) ;
#9034 = CARTESIAN_POINT ( 'NONE',  ( 0.1210718620247217964, -0.1864627417671178844, 0.04574611991424980262 ) ) ;
#9035 = DIRECTION ( 'NONE',  ( -0.9997207864866128890, 1.576297494586496692E-06, 0.02362941099781006374 ) ) ;
#9036 = PRESENTATION_LAYER_ASSIGNMENT (  '', '', ( #6585 ) ) ;
#9037 = LINE ( 'NONE', #7494, #7687 ) ;
#9038 = DIRECTION ( 'NONE',  ( 0.000000000000000000, -1.000000000000000000, 0.000000000000000000 ) ) ;
#9039 = ORIENTED_EDGE ( 'NONE', *, *, #8048, .F. ) ;
#9040 = CARTESIAN_POINT ( 'NONE',  ( 0.1210718620247217547, -0.1735372582328822688, 0.04574611991424980956 ) ) ;
#9041 = DIRECTION ( 'NONE',  ( -0.02615162913723788340, 0.9996579830122664934, -9.640184560099837596E-05 ) ) ;
#9042 = SURFACE_SIDE_STYLE ('',( #3672 ) ) ;
#9043 = DIRECTION ( 'NONE',  ( -1.000000000000000000, 0.000000000000000000, -0.000000000000000000 ) ) ;
#9044 = CARTESIAN_POINT ( 'NONE',  ( 0.04747615596063559790, -0.03232268158606577818, -0.1792538099493989345 ) ) ;
#9045 = DIRECTION ( 'NONE',  ( 0.9993792182221449272, 0.02614205897145211593, -0.02361717464955841519 ) ) ;
#9046 = EDGE_CURVE ( 'NONE', #2856, #1691, #9011, .T. ) ;
#9047 = STYLED_ITEM ( 'NONE', ( #2887 ), #1553 ) ;
#9048 = CARTESIAN_POINT ( 'NONE',  ( 0.005294201183873123440, 0.05957121074199848987, 0.1851888148890352970 ) ) ;
#9049 =( GEOMETRIC_REPRESENTATION_CONTEXT ( 3 ) GLOBAL_UNCERTAINTY_ASSIGNED_CONTEXT ( ( #5012 ) ) GLOBAL_UNIT_ASSIGNED_CONTEXT ( ( #4153, #9265, #8596 ) ) REPRESENTATION_CONTEXT ( 'NONE', 'WORKASPACE' ) );
#9050 = DIRECTION ( 'NONE',  ( -0.02362941044757715936, 0.0001591926594771905790, -0.9997207738261705279 ) ) ;
#9051 = CARTESIAN_POINT ( 'NONE',  ( -0.1235769495700908271, -0.1772088798463652137, -0.08079817340749587129 ) ) ;
#9052 = CARTESIAN_POINT ( 'NONE',  ( 0.001948349799474555612, 0.06507283655063379746, -0.002431107655872046403 ) ) ;
#9053 = CARTESIAN_POINT ( 'NONE',  ( -0.2017251974013796190, -0.1600000000000000311, -0.1177992224742518967 ) ) ;
#9054 = DIRECTION ( 'NONE',  ( -0.03046778570332212693, -0.9995357492496584895, 2.502094344221383881E-06 ) ) ;
#9055 = DIRECTION ( 'NONE',  ( -0.9378280814248962649, 0.02858595053343655421, -0.3459209926023541493 ) ) ;
#9056 = B_SPLINE_CURVE_WITH_KNOTS ( 'NONE', 3,
 ( #8985, #6160, #4585, #8270, #259, #9084, #3222, #9028 ),
 .UNSPECIFIED., .F., .F.,
 ( 4, 1, 1, 1, 1, 4 ),
 ( 0.000000000000000000, 0.08125249521118288465, 0.1198496107998578836, 0.1845807110164505438, 0.2607815769963077179, 0.2852255054979184745 ),
 .UNSPECIFIED. ) ;
#9057 = VECTOR ( 'NONE', #1973, 1000.000000000000000 ) ;
#9058 = UNCERTAINTY_MEASURE_WITH_UNIT (LENGTH_MEASURE( 1.000000000000000082E-05 ), #2259, 'distance_accuracy_value', 'NONE');
#9059 = CARTESIAN_POINT ( 'NONE',  ( -0.08731171926942844774, 0.06086995279463838088, 0.1976010580285487150 ) ) ;
#9060 = AXIS2_PLACEMENT_3D ( 'NONE', #6581, #2374, #6723 ) ;
#9061 = DIRECTION ( 'NONE',  ( -0.02052558504614553775, -0.0002560480453883467664, 0.9997892952006998124 ) ) ;
#9062 = MECHANICAL_DESIGN_GEOMETRIC_PRESENTATION_REPRESENTATION (  '', ( #2527 ), #1534 ) ;
#9063 = CARTESIAN_POINT ( 'NONE',  ( -0.02111725954527864102, -0.1599001180110951603, 0.1466632736079168664 ) ) ;
#9064 = CARTESIAN_POINT ( 'NONE',  ( -0.07435170301095246626, -0.01276431064381375498, 0.1720995321723959026 ) ) ;
#9065 = EDGE_CURVE ( 'NONE', #7169, #4791, #1331, .T. ) ;
#9066 = CARTESIAN_POINT ( 'NONE',  ( 0.03194634755137860938, -0.1596204022849642135, -0.1837293514539657946 ) ) ;
#9067 = DIRECTION ( 'NONE',  ( 0.000000000000000000, 1.000000000000000000, -0.000000000000000000 ) ) ;
#9068 = CARTESIAN_POINT ( 'NONE',  ( 0.03872829207045157263, 0.1083529006219487445, -0.1073910101277164297 ) ) ;
#9069 = ADVANCED_FACE ( 'NONE', ( #5915 ), #6722, .T. ) ;
#9070 = SURFACE_STYLE_FILL_AREA ( #6773 ) ;
#9071 = PLANE ( 'NONE',  #7526 ) ;
#9072 = FILL_AREA_STYLE_COLOUR ( '', #1538 ) ;
#9073 = ORIENTED_EDGE ( 'NONE', *, *, #7023, .F. ) ;
#9074 = CARTESIAN_POINT ( 'NONE',  ( -0.07279225769380755218, 0.02384145569598937128, 0.1720995550641016836 ) ) ;
#9075 = AXIS2_PLACEMENT_3D ( 'NONE', #7786, #1901, #1177 ) ;
#9076 = VECTOR ( 'NONE', #173, 1000.000000000000000 ) ;
#9077 = CARTESIAN_POINT ( 'NONE',  ( -0.07995680085045328567, -0.1700000000000000122, -0.009416265411460027560 ) ) ;
#9078 = CARTESIAN_POINT ( 'NONE',  ( 0.05039361619911595508, 0.02288957246332467416, 0.2119226241201712102 ) ) ;
#9079 = ORIENTED_EDGE ( 'NONE', *, *, #3083, .T. ) ;
#9080 = CARTESIAN_POINT ( 'NONE',  ( 0.004627662156240725487, 0.06532935793175344286, -0.1600603991616278976 ) ) ;
#9081 =( LENGTH_UNIT ( ) NAMED_UNIT ( * ) SI_UNIT ( .MILLI., .METRE. ) );
#9082 = EDGE_CURVE ( 'NONE', #6977, #4900, #7190, .T. ) ;
#9083 = CARTESIAN_POINT ( 'NONE',  ( -0.2152613609851926069, -0.1600000000000000311, -0.1513163763863970557 ) ) ;
#9084 = CARTESIAN_POINT ( 'NONE',  ( -0.1373303449748731475, 0.06276119459245108056, -0.2000000000000000111 ) ) ;
#9085 = EDGE_CURVE ( 'NONE', #4881, #4891, #6660, .T. ) ;
#9086 =( NAMED_UNIT ( * ) PLANE_ANGLE_UNIT ( ) SI_UNIT ( $, .RADIAN. ) );
#9087 = CARTESIAN_POINT ( 'NONE',  ( -0.2650000000000000133, -0.1700000000000000122, -0.2000000000000000111 ) ) ;
#9088 = CARTESIAN_POINT ( 'NONE',  ( 0.03557462518260626205, 0.06629352452145548247, 0.1616763555965963772 ) ) ;
#9089 = PRESENTATION_LAYER_ASSIGNMENT (  '', '', ( #7648 ) ) ;
#9090 = CARTESIAN_POINT ( 'NONE',  ( -0.01036332776209082651, -0.06848387265186192674, 0.2133367240540213761 ) ) ;
#9091 = CARTESIAN_POINT ( 'NONE',  ( -0.04438995818832240647, 0.05767217155673239060, 0.1840318449912698440 ) ) ;
#9092 = FACE_OUTER_BOUND ( 'NONE', #7193, .T. ) ;
#9093 = ORIENTED_EDGE ( 'NONE', *, *, #3647, .T. ) ;
#9094 = VERTEX_POINT ( 'NONE', #1927 ) ;
#9095 = FILL_AREA_STYLE ('',( #1703 ) ) ;
#9096 = FILL_AREA_STYLE_COLOUR ( '', #4284 ) ;
#9097 = VERTEX_POINT ( 'NONE', #2161 ) ;
#9098 = LINE ( 'NONE', #2704, #5219 ) ;
#9099 = STYLED_ITEM ( 'NONE', ( #9187 ), #1067 ) ;
#9100 = CARTESIAN_POINT ( 'NONE',  ( -0.1525014675670198216, -0.2300000000000000100, -0.1230518830271274400 ) ) ;
#9101 =( NAMED_UNIT ( * ) SI_UNIT ( $, .STERADIAN. ) SOLID_ANGLE_UNIT ( ) );
#9102 =( NAMED_UNIT ( * ) SI_UNIT ( $, .STERADIAN. ) SOLID_ANGLE_UNIT ( ) );
#9103 = CARTESIAN_POINT ( 'NONE',  ( 0.01841810677207909863, -0.1800000000000001876, -0.1600000000000000033 ) ) ;
#9104 = CIRCLE ( 'NONE', #1656, 0.01499999999999998557 ) ;
#9105 = FACE_OUTER_BOUND ( 'NONE', #7663, .T. ) ;
#9106 = ORIENTED_EDGE ( 'NONE', *, *, #5635, .F. ) ;
#9107 = ORIENTED_EDGE ( 'NONE', *, *, #2370, .F. ) ;
#9108 =( BOUNDED_SURFACE ( )  B_SPLINE_SURFACE ( 3, 3, ( 
 ( #8059, #7326, #9440, #8089, #5805, #5113, #2151, #5776 ),
 ( #782, #3698, #2902, #5837, #9407, #8035, #5048, #3607 ),
 ( #2934, #4404, #49, #4345, #5079, #746, #7354, #5869 ),
 ( #8809, #3640, #5172, #5903, #686, #8746, #9469, #1425 ),
 ( #4376, #5274, #140, #3795, #1663, #881, #8872, #948 ),
 ( #211, #5242, #8181, #6071, #5997, #1631, #5337, #6759 ),
 ( #8939, #5935, #4497, #843, #7417, #6038, #3864, #6791 ) ),
 .UNSPECIFIED., .T., .F., .F. ) 
 B_SPLINE_SURFACE_WITH_KNOTS ( ( 4, 3, 4 ),
 ( 4, 2, 2, 4 ),
 ( 0.000000000000000000, 0.5000000000000000000, 1.000000000000000000 ),
 ( 0.2890988593904340043, 0.3333330976862661776, 0.3554506181633211304, 0.3775673580739546398 ),
 .UNSPECIFIED. ) 
 GEOMETRIC_REPRESENTATION_ITEM ( )  RATIONAL_B_SPLINE_SURFACE ( (
 ( 1.000000000000000000, 1.000000000000000000, 1.000000000000000000, 1.000000000000000000, 1.000000000000000000, 1.000000000000000000, 1.000000000000000000, 1.000000000000000000),
 ( 0.3333333333333333703, 0.3333333333333333703, 0.3333333333333333703, 0.3333333333333333703, 0.3333333333333333703, 0.3333333333333333703, 0.3333333333333333703, 0.3333333333333333703),
 ( 0.3333333333333333703, 0.3333333333333333703, 0.3333333333333333703, 0.3333333333333333703, 0.3333333333333333703, 0.3333333333333333703, 0.3333333333333333703, 0.3333333333333333703),
 ( 1.000000000000000000, 1.000000000000000000, 1.000000000000000000, 1.000000000000000000, 1.000000000000000000, 1.000000000000000000, 1.000000000000000000, 1.000000000000000000),
 ( 0.3333333333333333703, 0.3333333333333333703, 0.3333333333333333703, 0.3333333333333333703, 0.3333333333333333703, 0.3333333333333333703, 0.3333333333333333703, 0.3333333333333333703),
 ( 0.3333333333333333703, 0.3333333333333333703, 0.3333333333333333703, 0.3333333333333333703, 0.3333333333333333703, 0.3333333333333333703, 0.3333333333333333703, 0.3333333333333333703),
 ( 1.000000000000000000, 1.000000000000000000, 1.000000000000000000, 1.000000000000000000, 1.000000000000000000, 1.000000000000000000, 1.000000000000000000, 1.000000000000000000) ) ) 
 REPRESENTATION_ITEM ( '' )  SURFACE ( )  );
#9109 = CARTESIAN_POINT ( 'NONE',  ( -0.2151529299272667006, -0.1600000000000000311, -0.1514657711333048939 ) ) ;
#9110 = DIRECTION ( 'NONE',  ( 0.8457699189191014710, 0.000000000000000000, 0.5335477900353224889 ) ) ;
#9111 = CARTESIAN_POINT ( 'NONE',  ( 0.05151530004937621837, 0.05968646588952951360, 0.2119225320233766863 ) ) ;
#9112 = CARTESIAN_POINT ( 'NONE',  ( 0.001880246044335271045, 0.06506595306029443193, -0.002481883982724373064 ) ) ;
#9113 = CARTESIAN_POINT ( 'NONE',  ( -0.1210718620247217825, -0.1550000000000000266, -0.04574611991424980956 ) ) ;
#9114 = CARTESIAN_POINT ( 'NONE',  ( -0.04492967602188336490, 0.04648596662705563320, -0.05319930092437843983 ) ) ;
#9115 = AXIS2_PLACEMENT_3D ( 'NONE', #1032, #4650, #6841 ) ;
#9116 = ADVANCED_FACE ( 'NONE', ( #3746 ), #1622, .T. ) ;
#9117 = CIRCLE ( 'NONE', #2726, 0.01500000000000000812 ) ;
#9118 = CARTESIAN_POINT ( 'NONE',  ( -0.03149142828299716923, -0.1596314237595157226, 0.1748111763077719594 ) ) ;
#9119 = ORIENTED_EDGE ( 'NONE', *, *, #5788, .F. ) ;
#9120 = ORIENTED_EDGE ( 'NONE', *, *, #2769, .F. ) ;
#9121 = AXIS2_PLACEMENT_3D ( 'NONE', #6238, #4671, #1857 ) ;
#9122 = CARTESIAN_POINT ( 'NONE',  ( -0.05775353733764598818, -0.1885249708726764450, 0.1061533933985962797 ) ) ;
#9123 = EDGE_CURVE ( 'NONE', #643, #7638, #414, .T. ) ;
#9124 = DIRECTION ( 'NONE',  ( 0.000000000000000000, 0.000000000000000000, -1.000000000000000000 ) ) ;
#9125 = CARTESIAN_POINT ( 'NONE',  ( 0.02989997058898736723, 0.06638942913889128716, 0.1889784960525464352 ) ) ;
#9126 = CARTESIAN_POINT ( 'NONE',  ( -0.03848536668753513995, -0.06727705765413723171, 0.2029590940321191750 ) ) ;
#9127 = CARTESIAN_POINT ( 'NONE',  ( -0.04394293155326184364, 0.05774112001596532623, 0.1824382408584617477 ) ) ;
#9128 = ORIENTED_EDGE ( 'NONE', *, *, #6288, .T. ) ;
#9129 = VERTEX_POINT ( 'NONE', #5386 ) ;
#9130 = DIRECTION ( 'NONE',  ( -0.02052558504614403201, -0.0002560480453828502408, 0.9997892952006997014 ) ) ;
#9131 = CARTESIAN_POINT ( 'NONE',  ( 0.02096756751788050877, 0.08447857841192439599, -0.1059920774311447905 ) ) ;
#9132 = STYLED_ITEM ( 'NONE', ( #6277 ), #7456 ) ;
#9133 = VECTOR ( 'NONE', #6861, 1000.000000000000000 ) ;
#9135 = ORIENTED_EDGE ( 'NONE', *, *, #484, .T. ) ;
#9134 = SURFACE_SIDE_STYLE ('',( #7407 ) ) ;
#9136 = CARTESIAN_POINT ( 'NONE',  ( -0.06309956079619305491, 0.02345018506393498070, 0.2134020852841647109 ) ) ;
#9137 = VERTEX_POINT ( 'NONE', #6113 ) ;
#9138 = CARTESIAN_POINT ( 'NONE',  ( -0.08983026888629133677, -0.1799999999999998546, -0.04204236359722136884 ) ) ;
#9139 = EDGE_CURVE ( 'NONE', #1795, #8213, #188, .T. ) ;
#9140 = DIRECTION ( 'NONE',  ( -0.02362941044757715936, 0.0001591926594771905790, -0.9997207738261705279 ) ) ;
#9141 = CARTESIAN_POINT ( 'NONE',  ( -0.07346109639168897643, 0.05553867103998176569, 0.1759520160593280591 ) ) ;
#9142 = CARTESIAN_POINT ( 'NONE',  ( -0.1210060534523358100, -0.1733317812631707255, -0.04582059648827404436 ) ) ;
#9143 = CIRCLE ( 'NONE', #2540, 0.01500000000000004281 ) ;
#9144 = CARTESIAN_POINT ( 'NONE',  ( -0.09783348573682121296, -0.1799999999999998546, -0.02935581481343479612 ) ) ;
#9145 = CARTESIAN_POINT ( 'NONE',  ( -0.1149999999999999911, -0.1700000000000000122, -0.2000000000000000666 ) ) ;
#9146 = DIRECTION ( 'NONE',  ( -0.8988292666643789008, -0.02740114883363692355, 0.4374415691611529544 ) ) ;
#9147 = CARTESIAN_POINT ( 'NONE',  ( -0.05809114783018897582, 0.1135266205047741339, 0.1109708466314109354 ) ) ;
#9148 = ORIENTED_EDGE ( 'NONE', *, *, #9376, .F. ) ;
#9149 = AXIS2_PLACEMENT_3D ( 'NONE', #2491, #8369, #4695 ) ;
#9150 = CARTESIAN_POINT ( 'NONE',  ( 0.08983026888629146167, -0.1800000000000000488, 0.04204236359722142435 ) ) ;
#9151 = CARTESIAN_POINT ( 'NONE',  ( -0.08125668331257390742, -0.1714784185965504693, 0.1391356869294486376 ) ) ;
#9152 = CARTESIAN_POINT ( 'NONE',  ( -0.03135016904044989061, 0.06030111137638633628, -0.1922635795046461205 ) ) ;
#9153 = DIRECTION ( 'NONE',  ( -0.8756075530290937659, -0.4826932479921549612, -0.01785052999736495838 ) ) ;
#9154 = CARTESIAN_POINT ( 'NONE',  ( -0.01246783144895670728, 0.06011253546178475099, 0.1466632757714832480 ) ) ;
#9155 = AXIS2_PLACEMENT_3D ( 'NONE', #4905, #2060, #7792 ) ;
#9156 = CARTESIAN_POINT ( 'NONE',  ( -0.01568352880647135017, 0.07553508554169061084, 0.02571827680933060079 ) ) ;
#9157 = ADVANCED_FACE ( 'NONE', ( #7767 ), #4341, .F. ) ;
#9158 = CARTESIAN_POINT ( 'NONE',  ( -0.1249087701522724331, -0.2300000000000000100, -0.08369358674891526351 ) ) ;
#9159 = FILL_AREA_STYLE ('',( #4607 ) ) ;
#9160 = CARTESIAN_POINT ( 'NONE',  ( -0.1229017327928497716, 0.06518394147448915155, -0.2000000000000000111 ) ) ;
#9161 = CARTESIAN_POINT ( 'NONE',  ( -0.05409886421971344533, -0.1382782943188765601, 0.1879025851734620889 ) ) ;
#9162 = DIRECTION ( 'NONE',  ( -0.02615301167375811559, -0.9996579468436914695, -9.639838070536060899E-05 ) ) ;
#9163 = COLOUR_RGB ( '',1.000000000000000000, 1.000000000000000000, 0.5019607843137254832 ) ;
#9164 = AXIS2_PLACEMENT_3D ( 'NONE', #7040, #2667, #9124 ) ;
#9165 = UNCERTAINTY_MEASURE_WITH_UNIT (LENGTH_MEASURE( 1.000000000000000082E-05 ), #199, 'distance_accuracy_value', 'NONE');
#9166 = CARTESIAN_POINT ( 'NONE',  ( -0.2650000000000000133, 0.1700000000000000122, -0.1750000000000000167 ) ) ;
#9167 =( GEOMETRIC_REPRESENTATION_CONTEXT ( 3 ) GLOBAL_UNCERTAINTY_ASSIGNED_CONTEXT ( ( #8070 ) ) GLOBAL_UNIT_ASSIGNED_CONTEXT ( ( #2421, #8202, #7572 ) ) REPRESENTATION_CONTEXT ( 'NONE', 'WORKASPACE' ) );
#9168 = CARTESIAN_POINT ( 'NONE',  ( 0.05877322003750036494, 0.06000000000000001166, -0.1799999999999998546 ) ) ;
#9169 =( NAMED_UNIT ( * ) PLANE_ANGLE_UNIT ( ) SI_UNIT ( $, .RADIAN. ) );
#9170 = LINE ( 'NONE', #9021, #143 ) ;
#9171 =( NAMED_UNIT ( * ) PLANE_ANGLE_UNIT ( ) SI_UNIT ( $, .RADIAN. ) );
#9172 = CARTESIAN_POINT ( 'NONE',  ( 0.1263304363684769616, -0.2300000000000000377, 0.08571248745034228123 ) ) ;
#9173 = APPLICATION_CONTEXT ( 'automotive_design' ) ;
#9174 = CARTESIAN_POINT ( 'NONE',  ( -0.07383910806475374455, 0.09903317304229697360, -0.05494534713253924202 ) ) ;
#9175 = CARTESIAN_POINT ( 'NONE',  ( 0.02207025368785180131, 0.08446481330335606219, -0.1597072464127865798 ) ) ;
#9176 = ADVANCED_FACE ( 'NONE', ( #3736 ), #7670, .F. ) ;
#9177 = ORIENTED_EDGE ( 'NONE', *, *, #2015, .F. ) ;
#9178 = CARTESIAN_POINT ( 'NONE',  ( 0.06001733102831775107, -0.1800000000000000488, 0.0007208539969983214979 ) ) ;
#9179 = PRESENTATION_STYLE_ASSIGNMENT (( #46 ) ) ;
#9180 = PRESENTATION_LAYER_ASSIGNMENT (  '', '', ( #6554 ) ) ;
#9181 = CARTESIAN_POINT ( 'NONE',  ( 0.005777038474611681518, 0.06543220861094296847, -0.03010034281118452448 ) ) ;
#9182 = CARTESIAN_POINT ( 'NONE',  ( 0.05215041298627004496, 0.06532209321009072034, 0.1899334535301606119 ) ) ;
#9183 =( GEOMETRIC_REPRESENTATION_CONTEXT ( 3 ) GLOBAL_UNCERTAINTY_ASSIGNED_CONTEXT ( ( #974 ) ) GLOBAL_UNIT_ASSIGNED_CONTEXT ( ( #1004, #1743, #5353 ) ) REPRESENTATION_CONTEXT ( 'NONE', 'WORKASPACE' ) );
#9184 = CARTESIAN_POINT ( 'NONE',  ( 0.007496469502861365791, -0.1424638824638891077, 0.1570426723159381033 ) ) ;
#9185 = CARTESIAN_POINT ( 'NONE',  ( -0.06790334511830102560, -0.08653081879698991397, 0.2134020236125176717 ) ) ;
#9186 = ORIENTED_EDGE ( 'NONE', *, *, #8066, .F. ) ;
#9187 = PRESENTATION_STYLE_ASSIGNMENT (( #611 ) ) ;
#9188 = CARTESIAN_POINT ( 'NONE',  ( -0.1210718620247217825, -0.3794892511997078333, -0.04574611991424980956 ) ) ;
#9189 =( NAMED_UNIT ( * ) SI_UNIT ( $, .STERADIAN. ) SOLID_ANGLE_UNIT ( ) );
#9190 = CARTESIAN_POINT ( 'NONE',  ( -0.1215706202752425552, -0.1600000000000000866, -0.04522770759022995413 ) ) ;
#9191 = COLOUR_RGB ( '',1.000000000000000000, 1.000000000000000000, 1.000000000000000000 ) ;
#9192 = CARTESIAN_POINT ( 'NONE',  ( -0.05856653988604328814, -0.01347204494487666201, 0.1465979835645814244 ) ) ;
#9193 = CARTESIAN_POINT ( 'NONE',  ( -0.07587136464398643032, -0.1799999999999998546, -0.01811097402364495249 ) ) ;
#9194 = ORIENTED_EDGE ( 'NONE', *, *, #5303, .F. ) ;
#9195 = AXIS2_PLACEMENT_3D ( 'NONE', #7582, #1115, #1017 ) ;
#9196 = CARTESIAN_POINT ( 'NONE',  ( 0.2415971205140184652, 0.07078765774638730301, 0.2000000000000000111 ) ) ;
#9197 = DIRECTION ( 'NONE',  ( -0.02614935266312754317, 0.9996580472117949645, 0.000000000000000000 ) ) ;
#9198 = CARTESIAN_POINT ( 'NONE',  ( -0.02045109522346427039, -0.1465206760322854407, 0.1600427155867265028 ) ) ;
#9199 = CARTESIAN_POINT ( 'NONE',  ( -0.007753140239137710880, 0.07999999999999989064, 0.1600000000000000033 ) ) ;
#9200 = SURFACE_STYLE_FILL_AREA ( #2836 ) ;
#9201 = CARTESIAN_POINT ( 'NONE',  ( 0.04690078410537555642, 0.06574052792415120694, 0.1600918927722245477 ) ) ;
#9202 = EDGE_CURVE ( 'NONE', #7426, #632, #1225, .T. ) ;
#9203 = DIRECTION ( 'NONE',  ( 0.000000000000000000, 0.000000000000000000, 1.000000000000000000 ) ) ;
#9204 = CARTESIAN_POINT ( 'NONE',  ( 0.004627662156240725487, 0.06532935793175344286, -0.1600603991616278976 ) ) ;
#9205 = VERTEX_POINT ( 'NONE', #8404 ) ;
#9206 = ORIENTED_EDGE ( 'NONE', *, *, #9257, .F. ) ;
#9207 = ADVANCED_FACE ( 'NONE', ( #5905 ), #431, .F. ) ;
#9208 = EDGE_CURVE ( 'NONE', #821, #3413, #6603, .T. ) ;
#9209 = SURFACE_SIDE_STYLE ('',( #7979 ) ) ;
#9210 = CARTESIAN_POINT ( 'NONE',  ( -0.05103198152823617412, -0.03225706243498603631, -0.1734383684654335900 ) ) ;
#9211 = SURFACE_STYLE_USAGE ( .BOTH. , #3416 ) ;
#9212 = DIRECTION ( 'NONE',  ( 0.03046773440284203729, 0.9995357508165267912, 1.240023949330540363E-19 ) ) ;
#9213 = CARTESIAN_POINT ( 'NONE',  ( 0.03831738193863373082, 0.06620358414496788080, 0.1941329215599021663 ) ) ;
#9214 = ORIENTED_EDGE ( 'NONE', *, *, #5920, .F. ) ;
#9215 = ORIENTED_EDGE ( 'NONE', *, *, #6158, .T. ) ;
#9216 = COLOUR_RGB ( '',1.000000000000000000, 1.000000000000000000, 0.5019607843137254832 ) ;
#9217 = ORIENTED_EDGE ( 'NONE', *, *, #2700, .T. ) ;
#9218 = EDGE_CURVE ( 'NONE', #1572, #8390, #3411, .T. ) ;
#9219 = LINE ( 'NONE', #5290, #4084 ) ;
#9220 = CARTESIAN_POINT ( 'NONE',  ( -0.02151754748105509651, 0.07554193604853857991, 0.1327892651147117298 ) ) ;
#9221 = CARTESIAN_POINT ( 'NONE',  ( 0.03311052091361531974, -0.1830020056570831333, -0.1603477480818468193 ) ) ;
#9222 = ORIENTED_EDGE ( 'NONE', *, *, #1367, .F. ) ;
#9223 = UNCERTAINTY_MEASURE_WITH_UNIT (LENGTH_MEASURE( 1.000000000000000082E-05 ), #2324, 'distance_accuracy_value', 'NONE');
#9224 =( GEOMETRIC_REPRESENTATION_CONTEXT ( 3 ) GLOBAL_UNCERTAINTY_ASSIGNED_CONTEXT ( ( #4315 ) ) GLOBAL_UNIT_ASSIGNED_CONTEXT ( ( #6408, #2069, #7189 ) ) REPRESENTATION_CONTEXT ( 'NONE', 'WORKASPACE' ) );
#9225 = DIRECTION ( 'NONE',  ( 0.000000000000000000, 0.000000000000000000, -1.000000000000000000 ) ) ;
#9226 = CARTESIAN_POINT ( 'NONE',  ( -0.07759558637517972868, -0.08612823792040319448, 0.1720994934069381421 ) ) ;
#9227 = CARTESIAN_POINT ( 'NONE',  ( -0.2119781053466710252, -0.2300000000000000655, -0.1558400203457861455 ) ) ;
#9228 = CARTESIAN_POINT ( 'NONE',  ( 0.04283232809466361313, 0.07849142854761531618, -0.1603059037795810104 ) ) ;
#9229 = ORIENTED_EDGE ( 'NONE', *, *, #4316, .F. ) ;
#9230 = ORIENTED_EDGE ( 'NONE', *, *, #9271, .F. ) ;
#9231 = CARTESIAN_POINT ( 'NONE',  ( -0.07198146250150516678, 0.05549410249654834065, 0.1873745078947902931 ) ) ;
#9232 = CARTESIAN_POINT ( 'NONE',  ( -0.02832811775182575778, -0.1465206615570088244, -0.02656005557001000703 ) ) ;
#9233 = CARTESIAN_POINT ( 'NONE',  ( 0.06789493444100580533, -0.1599857055168055764, -0.1599844472747599666 ) ) ;
#9234 = FILL_AREA_STYLE ('',( #4749 ) ) ;
#9235 = MECHANICAL_DESIGN_GEOMETRIC_PRESENTATION_REPRESENTATION (  '', ( #2878 ), #581 ) ;
#9236 = AXIS2_PLACEMENT_3D ( 'NONE', #4053, #1934, #1895 ) ;
#9237 = PRESENTATION_STYLE_ASSIGNMENT (( #8267 ) ) ;
#9238 = ORIENTED_EDGE ( 'NONE', *, *, #1011, .T. ) ;
#9239 = EDGE_CURVE ( 'NONE', #9336, #5080, #8999, .T. ) ;
#9240 = ORIENTED_EDGE ( 'NONE', *, *, #1421, .F. ) ;
#9241 = CARTESIAN_POINT ( 'NONE',  ( -0.05424407178639067267, 0.04433031392871654430, -0.1734384156922617604 ) ) ;
#9242 = CARTESIAN_POINT ( 'NONE',  ( -0.07710654297899700860, -0.2132089508571229641, 0.05354050567630755375 ) ) ;
#9243 = CARTESIAN_POINT ( 'NONE',  ( -0.1149999999999999911, -0.2300000000000000100, -0.2000000000000000666 ) ) ;
#9244 = CARTESIAN_POINT ( 'NONE',  ( 0.03714116325957766973, 0.06624556728681436912, 0.1298862525610373353 ) ) ;
#9245 = DIRECTION ( 'NONE',  ( -0.6478960474732827768, 0.000000000000000000, -0.7617287651575839202 ) ) ;
#9246 = DIRECTION ( 'NONE',  ( 1.000000000000000000, 0.000000000000000000, 0.000000000000000000 ) ) ;
#9247 = CARTESIAN_POINT ( 'NONE',  ( 0.05343394484036941700, 0.06520434352097621844, -0.1012070677203716768 ) ) ;
#9248 = CARTESIAN_POINT ( 'NONE',  ( -0.09481767416992330222, -0.1222797244707338887, 0.1976010736303302207 ) ) ;
#9249 = VERTEX_POINT ( 'NONE', #9283 ) ;
#9250 = ORIENTED_EDGE ( 'NONE', *, *, #2594, .T. ) ;
#9251 =( LENGTH_UNIT ( ) NAMED_UNIT ( * ) SI_UNIT ( .MILLI., .METRE. ) );
#9252 = ADVANCED_FACE ( 'NONE', ( #6862 ), #2897, .T. ) ;
#9253 = CARTESIAN_POINT ( 'NONE',  ( -0.01264014817397169331, 0.04082587357008828771, -0.2053287017580738005 ) ) ;
#9254 = CARTESIAN_POINT ( 'NONE',  ( -0.1149999999999999911, 0.000000000000000000, 0.2000000000000000111 ) ) ;
#9255 = DIRECTION ( 'NONE',  ( 0.5335477900353235992, 0.000000000000000000, -0.8457699189191006939 ) ) ;
#9256 = CARTESIAN_POINT ( 'NONE',  ( -0.08473246064718908954, -0.1714750387733445236, 0.05389623255997228607 ) ) ;
#9257 = EDGE_CURVE ( 'NONE', #8888, #2955, #4577, .T. ) ;
#9258 = VECTOR ( 'NONE', #1995, 1000.000000000000000 ) ;
#9259 = ORIENTED_EDGE ( 'NONE', *, *, #8100, .T. ) ;
#9260 = LINE ( 'NONE', #1469, #4358 ) ;
#9261 = CARTESIAN_POINT ( 'NONE',  ( 0.2017251974013795635, -0.1600000000000000311, 0.1177992224742518967 ) ) ;
#9262 = CARTESIAN_POINT ( 'NONE',  ( 0.003125261053210068567, -0.1582856943436078689, 0.05206966383502262957 ) ) ;
#9263 = MECHANICAL_DESIGN_GEOMETRIC_PRESENTATION_REPRESENTATION (  '', ( #7870 ), #3283 ) ;
#9264 = DIRECTION ( 'NONE',  ( 0.000000000000000000, 0.000000000000000000, -1.000000000000000000 ) ) ;
#9265 =( NAMED_UNIT ( * ) PLANE_ANGLE_UNIT ( ) SI_UNIT ( $, .RADIAN. ) );
#9266 = CARTESIAN_POINT ( 'NONE',  ( 0.01303012574899878144, 0.06595352322070378859, -0.1601045227498989754 ) ) ;
#9267 = CARTESIAN_POINT ( 'NONE',  ( -0.04474264559673851033, -0.1741217486853661178, -0.1328600348769796713 ) ) ;
#9268 = FACE_OUTER_BOUND ( 'NONE', #6613, .T. ) ;
#9269 = CARTESIAN_POINT ( 'NONE',  ( 0.04585259899092345576, 0.04114877391244763094, -0.1492910072385299491 ) ) ;
#9270 = CARTESIAN_POINT ( 'NONE',  ( 0.07267395238361196164, 0.08150857145238467327, -0.1596940962204190240 ) ) ;
#9271 = EDGE_CURVE ( 'NONE', #2719, #731, #5227, .T. ) ;
#9272 = FACE_OUTER_BOUND ( 'NONE', #2288, .T. ) ;
#9273 = CARTESIAN_POINT ( 'NONE',  ( -0.008362798779528951218, 0.05998743945579443348, 0.1599823585076225185 ) ) ;
#9274 = CARTESIAN_POINT ( 'NONE',  ( 0.05378472479057648525, 0.06517099124996569848, -0.1044281703913526177 ) ) ;
#9275 = CARTESIAN_POINT ( 'NONE',  ( -0.07759558637517972868, -0.08612823792040319448, 0.1720994934069381421 ) ) ;
#9276 = MECHANICAL_DESIGN_GEOMETRIC_PRESENTATION_REPRESENTATION (  '', ( #9455 ), #2257 ) ;
#9277 = CARTESIAN_POINT ( 'NONE',  ( 0.006563881463434948979, 0.08446495496867284514, 0.1602950706623608168 ) ) ;
#9278 = CARTESIAN_POINT ( 'NONE',  ( 0.2017251974013795635, -0.1700000000000000122, 0.1177992224742518967 ) ) ;
#9279 = TOROIDAL_SURFACE ( 'NONE', #1793, 0.02002113720135016359, 0.01499999999999999598 ) ;
#9280 = CARTESIAN_POINT ( 'NONE',  ( 0.0003341977938218504830, -0.08728511133057782756, -0.1762706641737999125 ) ) ;
#9281 = ORIENTED_EDGE ( 'NONE', *, *, #4629, .F. ) ;
#9282 = SURFACE_SIDE_STYLE ('',( #8507 ) ) ;
#9283 = CARTESIAN_POINT ( 'NONE',  ( -0.1149999999999999911, -0.1550000000000000266, -0.08067978065948146205 ) ) ;
#9284 = UNCERTAINTY_MEASURE_WITH_UNIT (LENGTH_MEASURE( 1.000000000000000082E-05 ), #2941, 'distance_accuracy_value', 'NONE');
#9285 =( LENGTH_UNIT ( ) NAMED_UNIT ( * ) SI_UNIT ( .MILLI., .METRE. ) );
#9286 = CARTESIAN_POINT ( 'NONE',  ( -0.1249087721757495273, -0.1700000000000000122, -0.08369358962154455073 ) ) ;
#9287 = MECHANICAL_DESIGN_GEOMETRIC_PRESENTATION_REPRESENTATION (  '', ( #7847 ), #2747 ) ;
#9288 = FILL_AREA_STYLE ('',( #4903 ) ) ;
#9289 = DIRECTION ( 'NONE',  ( 1.000000000000000000, 0.000000000000000000, 3.614007241618348278E-16 ) ) ;
#9290 = ORIENTED_EDGE ( 'NONE', *, *, #497, .T. ) ;
#9291 = FILL_AREA_STYLE ('',( #7089 ) ) ;
#9292 = DIRECTION ( 'NONE',  ( -1.000000000000000000, 0.000000000000000000, 0.000000000000000000 ) ) ;
#9293 = CARTESIAN_POINT ( 'NONE',  ( 0.02208641170365356274, 0.06632234581115949157, -0.1721883596485029033 ) ) ;
#9294 = B_SPLINE_CURVE_WITH_KNOTS ( 'NONE', 3,
 ( #5883, #2320, #8104, #3717, #7431, #125, #1680, #3215 ),
 .UNSPECIFIED., .F., .F.,
 ( 4, 1, 1, 1, 1, 4 ),
 ( 0.5000000000000011102, 0.5846169476978876345, 0.7491849293604234683, 0.8454087080526229148, 0.9060393886626013638, 0.9999999999999998890 ),
 .UNSPECIFIED. ) ;
#9295 =( LENGTH_UNIT ( ) NAMED_UNIT ( * ) SI_UNIT ( .MILLI., .METRE. ) );
#9296 = ORIENTED_EDGE ( 'NONE', *, *, #3279, .F. ) ;
#9297 = FILL_AREA_STYLE ('',( #5572 ) ) ;
#9298 = CARTESIAN_POINT ( 'NONE',  ( 0.001532786562456707035, 0.06503054854783382743, -0.004087293486400712765 ) ) ;
#9299 = CARTESIAN_POINT ( 'NONE',  ( 0.04457167130824135626, 0.06589336453602959165, 0.01011638866690422675 ) ) ;
#9300 = PLANE ( 'NONE',  #4759 ) ;
#9301 = AXIS2_PLACEMENT_3D ( 'NONE', #5325, #2426, #7538 ) ;
#9302 = DIRECTION ( 'NONE',  ( 1.000000000000000000, -0.000000000000000000, -0.000000000000000000 ) ) ;
#9303 = CARTESIAN_POINT ( 'NONE',  ( -0.05647067506860625058, 0.07277320431515266197, -0.1071850233187526952 ) ) ;
#9304 = DIRECTION ( 'NONE',  ( -0.04805693313322133980, 1.040834085586084565E-17, -0.9988445981121535366 ) ) ;
#9305 = ORIENTED_EDGE ( 'NONE', *, *, #4866, .F. ) ;
#9306 = CARTESIAN_POINT ( 'NONE',  ( 0.1150000000000000189, 0.1710000000000000409, 0.1575000000000000011 ) ) ;
#9307 = EDGE_CURVE ( 'NONE', #8757, #2523, #8129, .T. ) ;
#9308 = DIRECTION ( 'NONE',  ( 0.7493687470348626700, 0.000000000000000000, 0.6621529135837129765 ) ) ;
#9309 = CARTESIAN_POINT ( 'NONE',  ( 0.01950687667996676283, -0.03135531660027277706, -0.2127873503522902943 ) ) ;
#9310 = CARTESIAN_POINT ( 'NONE',  ( -0.01259245371102965701, 0.04690177450077820387, 0.1331154924618501989 ) ) ;
#9311 = CARTESIAN_POINT ( 'NONE',  ( 0.01036068162156727861, -0.1476091968779353336, -0.1330287512822579676 ) ) ;
#9312 = CARTESIAN_POINT ( 'NONE',  ( 0.1150000000000000050, -0.2300000000000000100, -0.2000000000000000666 ) ) ;
#9313 = CARTESIAN_POINT ( 'NONE',  ( -0.07312456078177705099, -0.2132089703611583231, 0.1601165255607624738 ) ) ;
#9314 = AXIS2_PLACEMENT_3D ( 'NONE', #1792, #1734, #7557 ) ;
#9315 = ORIENTED_EDGE ( 'NONE', *, *, #6512, .T. ) ;
#9316 = ORIENTED_EDGE ( 'NONE', *, *, #9239, .F. ) ;
#9317 = ORIENTED_EDGE ( 'NONE', *, *, #2594, .F. ) ;
#9318 = CARTESIAN_POINT ( 'NONE',  ( -0.002886140486550816710, -0.01395436986021653288, -0.1762706477526660431 ) ) ;
#9319 = CARTESIAN_POINT ( 'NONE',  ( -0.008510188100590142246, 0.04689490203137950536, 0.05297780866287567919 ) ) ;
#9320 = CARTESIAN_POINT ( 'NONE',  ( -0.1210718620247219907, -0.1735372582328823243, -0.04574611991424954588 ) ) ;
#9321 = CARTESIAN_POINT ( 'NONE',  ( -0.07088710494496802683, 0.07275947084674075360, 0.1597285065621297240 ) ) ;
#9322 = CARTESIAN_POINT ( 'NONE',  ( -0.01383507588303255556, -0.1858824717040781782, -0.05396934460752672580 ) ) ;
#9323 = CARTESIAN_POINT ( 'NONE',  ( -0.005907815774665365997, 0.06415940513134019141, -0.1751686636970490041 ) ) ;
#9324 = CIRCLE ( 'NONE', #3312, 0.01499999999999999598 ) ;
#9325 = SURFACE_STYLE_FILL_AREA ( #7487 ) ;
#9326 = ORIENTED_EDGE ( 'NONE', *, *, #4354, .T. ) ;
#9327 = MECHANICAL_DESIGN_GEOMETRIC_PRESENTATION_REPRESENTATION (  '', ( #7714 ), #3103 ) ;
#9328 = CARTESIAN_POINT ( 'NONE',  ( -0.06649199759471835502, 0.02224194882914513546, -0.2004157819883061464 ) ) ;
#9329 = CARTESIAN_POINT ( 'NONE',  ( 0.04747615596063559790, -0.03232268158606577818, -0.1792538099493989345 ) ) ;
#9330 = CARTESIAN_POINT ( 'NONE',  ( 0.05158481475361261642, 0.06537209034687367637, -0.07960766895645585151 ) ) ;
#9331 = COLOUR_RGB ( '',1.000000000000000000, 1.000000000000000000, 0.5019607843137254832 ) ;
#9332 = CARTESIAN_POINT ( 'NONE',  ( 0.07163455147043171212, 0.05166081801831702569, -0.05220203172158747323 ) ) ;
#9333 = CARTESIAN_POINT ( 'NONE',  ( 0.01742230392339601946, -0.1600000000000002531, -0.1799999999999999101 ) ) ;
#9334 = PRESENTATION_STYLE_ASSIGNMENT (( #6458 ) ) ;
#9335 = CARTESIAN_POINT ( 'NONE',  ( -0.05631915349536183862, 0.04648705137445473951, 0.1556446470466626986 ) ) ;
#9336 = VERTEX_POINT ( 'NONE', #198 ) ;
#9337 = ORIENTED_EDGE ( 'NONE', *, *, #3735, .F. ) ;
#9339 = UNCERTAINTY_MEASURE_WITH_UNIT (LENGTH_MEASURE( 1.000000000000000082E-05 ), #4438, 'distance_accuracy_value', 'NONE');
#9338 = CARTESIAN_POINT ( 'NONE',  ( 0.05342245509936370540, -0.1499999767357093616, -0.1596407855061202086 ) ) ;
#9340 = EDGE_CURVE ( 'NONE', #6073, #7637, #3293, .T. ) ;
#9341 = PRESENTATION_LAYER_ASSIGNMENT (  '', '', ( #1384 ) ) ;
#9342 = CARTESIAN_POINT ( 'NONE',  ( 0.0003341977938218504830, -0.08728511133057782756, -0.1762706641737999125 ) ) ;
#9343 = SURFACE_SIDE_STYLE ('',( #8616 ) ) ;
#9344 = CARTESIAN_POINT ( 'NONE',  ( -0.06323674805419310374, -0.1234351170064101333, 0.1465979763792362167 ) ) ;
#9345 = EDGE_LOOP ( 'NONE', ( #7275, #3173, #2820, #5329, #6750, #6735 ) ) ;
#9346 = ORIENTED_EDGE ( 'NONE', *, *, #9218, .F. ) ;
#9347 = AXIS2_PLACEMENT_3D ( 'NONE', #6522, #2086, #2782 ) ;
#9348 = CARTESIAN_POINT ( 'NONE',  ( -0.1249087721757495273, -0.1550000000000000266, -0.08369358962154455073 ) ) ;
#9349 = CARTESIAN_POINT ( 'NONE',  ( 0.06706820526791758275, -0.1600107095439065874, -0.1949958160647514149 ) ) ;
#9350 = CARTESIAN_POINT ( 'NONE',  ( 0.01204396818640438363, 0.1131187399372438340, -0.1063773337456498241 ) ) ;
#9351 = DIRECTION ( 'NONE',  ( 1.000000000000000000, -0.000000000000000000, -0.000000000000000000 ) ) ;
#9352 = LINE ( 'NONE', #8118, #548 ) ;
#9353 = CARTESIAN_POINT ( 'NONE',  ( -0.05538097305629863937, 0.07275960128011772776, -0.1602677579499604543 ) ) ;
#9354 =( LENGTH_UNIT ( ) NAMED_UNIT ( * ) SI_UNIT ( .MILLI., .METRE. ) );
#9355 = APPLICATION_CONTEXT ( 'automotive_design' ) ;
#9356 = CARTESIAN_POINT ( 'NONE',  ( 0.01476977078570658984, 0.06604911078081417142, -0.1627013189575952923 ) ) ;
#9357 = EDGE_LOOP ( 'NONE', ( #9206, #8072 ) ) ;
#9358 = B_SPLINE_CURVE_WITH_KNOTS ( 'NONE', 3,
 ( #1133, #7055, #3465, #7028, #6283 ),
 .UNSPECIFIED., .F., .F.,
 ( 4, 1, 4 ),
 ( 0.2851771301895631994, 0.3459602654579067016, 0.4116992864761913062 ),
 .UNSPECIFIED. ) ;
#9359 = AXIS2_PLACEMENT_3D ( 'NONE', #5656, #1182, #1941 ) ;
#9360 =( GEOMETRIC_REPRESENTATION_CONTEXT ( 3 ) GLOBAL_UNCERTAINTY_ASSIGNED_CONTEXT ( ( #4082 ) ) GLOBAL_UNIT_ASSIGNED_CONTEXT ( ( #6146, #8190, #6768 ) ) REPRESENTATION_CONTEXT ( 'NONE', 'WORKASPACE' ) );
#9361 = CARTESIAN_POINT ( 'NONE',  ( -0.0001040243828149226842, 0.06490031073038324272, -0.1575000000000000289 ) ) ;
#9362 = CARTESIAN_POINT ( 'NONE',  ( 0.05322675103707237565, 0.06522374918983055159, -0.09901037006455729039 ) ) ;
#9363 = CARTESIAN_POINT ( 'NONE',  ( 0.05836284255224575418, 0.05998743853633667356, -0.1599823553555815292 ) ) ;
#9364 = DIRECTION ( 'NONE',  ( -0.9544742299142688902, -0.2976542202237386636, -0.01951690581423030230 ) ) ;
#9365 = CARTESIAN_POINT ( 'NONE',  ( 0.04892825714993721126, 0.06559105135830174682, 0.09317371819758685225 ) ) ;
#9366 = CARTESIAN_POINT ( 'NONE',  ( -0.05739860464631623554, 0.1135141179427377883, 0.1065611519788924877 ) ) ;
#9367 = SURFACE_STYLE_USAGE ( .BOTH. , #2868 ) ;
#9368 = VECTOR ( 'NONE', #8111, 1000.000000000000000 ) ;
#9369 = CARTESIAN_POINT ( 'NONE',  ( -0.01056712906464392018, 0.07553514922935447573, -0.05414117792360108317 ) ) ;
#9370 = PRESENTATION_LAYER_ASSIGNMENT (  '', '', ( #3579 ) ) ;
#9371 = DIRECTION ( 'NONE',  ( -0.8497608738607280721, 0.02228220051005870561, -0.5266972192786679718 ) ) ;
#9372 = CARTESIAN_POINT ( 'NONE',  ( -0.002886140486550816710, -0.01395436986021653288, -0.1762706477526660431 ) ) ;
#9373 = CARTESIAN_POINT ( 'NONE',  ( -0.02033162852806202903, 0.07553514886684735419, 0.1059518483957106738 ) ) ;
#9374 = CARTESIAN_POINT ( 'NONE',  ( -0.06790334511830102560, -0.08653081879698991397, 0.2134020236125176717 ) ) ;
#9375 = CARTESIAN_POINT ( 'NONE',  ( -0.1988062389287093279, -0.1550000000000000266, -0.08175643111878473646 ) ) ;
#9376 = EDGE_CURVE ( 'NONE', #4891, #2372, #7987, .T. ) ;
#9377 = LINE ( 'NONE', #8595, #3463 ) ;
#9378 =( NAMED_UNIT ( * ) SI_UNIT ( $, .STERADIAN. ) SOLID_ANGLE_UNIT ( ) );
#9379 = CARTESIAN_POINT ( 'NONE',  ( -0.01657673494057359739, 0.1041889445152969079, -0.1076215824951461258 ) ) ;
#9380 = CARTESIAN_POINT ( 'NONE',  ( -0.03346796698381065277, -0.1741259671488289140, 0.1072151652631458535 ) ) ;
#9381 = CARTESIAN_POINT ( 'NONE',  ( -0.03315871517070716895, 0.08724051504716617833, -0.05248310047304365067 ) ) ;
#9382 = EDGE_CURVE ( 'NONE', #6140, #1824, #6034, .T. ) ;
#9383 = CARTESIAN_POINT ( 'NONE',  ( 0.2650000000000000133, -0.1700000000000000122, 0.2000000000000000111 ) ) ;
#9384 = CARTESIAN_POINT ( 'NONE',  ( 0.01670388165458825194, 0.06614417479651787946, -0.1921852783750938320 ) ) ;
#9385 =( NAMED_UNIT ( * ) PLANE_ANGLE_UNIT ( ) SI_UNIT ( $, .RADIAN. ) );
#9386 = CARTESIAN_POINT ( 'NONE',  ( 0.04163720122047109146, 0.05998743945579433634, 0.1599823585076224075 ) ) ;
#9387 = SURFACE_STYLE_FILL_AREA ( #7763 ) ;
#9388 = PRESENTATION_STYLE_ASSIGNMENT (( #531 ) ) ;
#9389 = ADVANCED_FACE ( 'NONE', ( #9105 ), #1749, .F. ) ;
#9390 = CARTESIAN_POINT ( 'NONE',  ( -0.03317217246240962425, -0.1233027515601612389, -0.2135425661767300642 ) ) ;
#9391 = FILL_AREA_STYLE ('',( #602 ) ) ;
#9392 = CARTESIAN_POINT ( 'NONE',  ( 0.02787913665942245989, 0.07849817793620419981, 0.1327563563108895006 ) ) ;
#9393 = CARTESIAN_POINT ( 'NONE',  ( 0.05461363252952779884, 0.06509054144515676044, -0.1093310933736756363 ) ) ;
#9394 = CARTESIAN_POINT ( 'NONE',  ( 0.2650000000000000133, -0.2300000000000000100, -0.2000000000000000111 ) ) ;
#9395 = CARTESIAN_POINT ( 'NONE',  ( 0.02487878397908473843, -0.08623180867946528272, 0.1480774521239617836 ) ) ;
#9396 = PRESENTATION_STYLE_ASSIGNMENT (( #5126 ) ) ;
#9397 = PRESENTATION_LAYER_ASSIGNMENT (  '', '', ( #8790 ) ) ;
#9398 = VERTEX_POINT ( 'NONE', #2571 ) ;
#9399 =( NAMED_UNIT ( * ) PLANE_ANGLE_UNIT ( ) SI_UNIT ( $, .RADIAN. ) );
#9400 = UNCERTAINTY_MEASURE_WITH_UNIT (LENGTH_MEASURE( 1.000000000000000082E-05 ), #9354, 'distance_accuracy_value', 'NONE');
#9401 = LINE ( 'NONE', #2077, #1646 ) ;
#9402 = CARTESIAN_POINT ( 'NONE',  ( 0.02909521289674309522, 0.07849138800471212873, 0.1059181345838505622 ) ) ;
#9403 = SURFACE_SIDE_STYLE ('',( #3757 ) ) ;
#9404 = CARTESIAN_POINT ( 'NONE',  ( -0.007653135609097315266, 0.07554878298997783070, -0.1072363261806407314 ) ) ;
#9405 = CARTESIAN_POINT ( 'NONE',  ( -0.05467589081548501762, -0.1603342330076509836, 0.1879004582891800057 ) ) ;
#9406 = CIRCLE ( 'NONE', #5143, 0.03502113720135019426 ) ;
#9407 = CARTESIAN_POINT ( 'NONE',  ( 0.01370983687046477793, -0.1476049240087968506, -0.05290644852075871568 ) ) ;
#9408 = VERTEX_POINT ( 'NONE', #8417 ) ;
#9409 = AXIS2_PLACEMENT_3D ( 'NONE', #3241, #6926, #7655 ) ;
#9410 = FILL_AREA_STYLE_COLOUR ( '', #5724 ) ;
#9411 = CARTESIAN_POINT ( 'NONE',  ( -0.02459389849763883584, 0.1041752481412175774, 0.02512943998699366729 ) ) ;
#9412 = CARTESIAN_POINT ( 'NONE',  ( -0.02558706827006660203, -0.2134792989444822264, -0.05341463339220226675 ) ) ;
#9413 = CARTESIAN_POINT ( 'NONE',  ( -0.02984619047157107893, 0.06097066738909746875, 0.1462005660701012344 ) ) ;
#9414 = CARTESIAN_POINT ( 'NONE',  ( 0.1210718620247217964, -0.3794892511997078333, 0.04574611991424980956 ) ) ;
#9415 = FILL_AREA_STYLE_COLOUR ( '', #8308 ) ;
#9416 = EDGE_CURVE ( 'NONE', #7415, #8328, #2925, .T. ) ;
#9417 = ORIENTED_EDGE ( 'NONE', *, *, #7578, .T. ) ;
#9418 = CARTESIAN_POINT ( 'NONE',  ( -0.04461917553330744385, 0.08724052915325926361, 0.1602714934378702549 ) ) ;
#9419 = DIRECTION ( 'NONE',  ( 0.9993255319173287576, -0.03046132653440610655, 0.02050826282043630502 ) ) ;
#9420 = CARTESIAN_POINT ( 'NONE',  ( -0.05315322126890210941, -0.2017143031329149405, -0.05210948287576527838 ) ) ;
#9421 = CARTESIAN_POINT ( 'NONE',  ( -0.05918049212551992205, -0.1606979132735562865, -0.2004157821168419396 ) ) ;
#9422 = EDGE_LOOP ( 'NONE', ( #9000, #3322, #3530, #5422, #9107, #6470 ) ) ;
#9423 = ORIENTED_EDGE ( 'NONE', *, *, #8551, .T. ) ;
#9424 = CARTESIAN_POINT ( 'NONE',  ( 0.06965760183211006096, 0.1113564656763517402, -0.1597636644985956089 ) ) ;
#9425 = STYLED_ITEM ( 'NONE', ( #3895 ), #7607 ) ;
#9426 = CARTESIAN_POINT ( 'NONE',  ( 0.05554823001079731842, 0.06499683561621572014, -0.08414381107640332702 ) ) ;
#9427 = ORIENTED_EDGE ( 'NONE', *, *, #8907, .T. ) ;
#9428 = PRESENTATION_STYLE_ASSIGNMENT (( #8955 ) ) ;
#9429 = CARTESIAN_POINT ( 'NONE',  ( -0.01574389540271731169, 0.06098055610365419460, -0.1054173326258477789 ) ) ;
#9430 = CARTESIAN_POINT ( 'NONE',  ( 0.08738751317985424261, -0.1799999737873384242, -0.05402129216672520856 ) ) ;
#9431 = CARTESIAN_POINT ( 'NONE',  ( 0.08738758080858789745, -0.1499999737842905578, -0.05401973146214837651 ) ) ;
#9432 = CARTESIAN_POINT ( 'NONE',  ( -0.1231392251582503344, -0.1846423754568048969, -0.07994672680752644423 ) ) ;
#9433 = EDGE_CURVE ( 'NONE', #1582, #4882, #6360, .T. ) ;
#9434 = ORIENTED_EDGE ( 'NONE', *, *, #8754, .F. ) ;
#9435 =( NAMED_UNIT ( * ) SI_UNIT ( $, .STERADIAN. ) SOLID_ANGLE_UNIT ( ) );
#9436 = CARTESIAN_POINT ( 'NONE',  ( -0.03044264125108054470, 0.1041820975962990115, 0.1324630377675732329 ) ) ;
#9437 = CARTESIAN_POINT ( 'NONE',  ( -0.08731171926942844774, 0.06086995279463838088, 0.1976010580285487150 ) ) ;
#9438 = EDGE_LOOP ( 'NONE', ( #9281, #3941, #7292, #4071 ) ) ;
#9439 = CARTESIAN_POINT ( 'NONE',  ( 0.2650000000000000133, -0.1700000000000000122, -0.2000000000000000111 ) ) ;
#9440 = CARTESIAN_POINT ( 'NONE',  ( 0.01290053401576154307, -0.1769980456568087390, 0.05403062533482731050 ) ) ;
#9441 = AXIS2_PLACEMENT_3D ( 'NONE', #5679, #1238, #1290 ) ;
#9442 = ADVANCED_FACE ( 'NONE', ( #1440 ), #177, .T. ) ;
#9443 = SURFACE_STYLE_FILL_AREA ( #5470 ) ;
#9444 = ORIENTED_EDGE ( 'NONE', *, *, #8114, .F. ) ;
#9445 = CARTESIAN_POINT ( 'NONE',  ( -0.01314198247471285927, 0.04689492196060065371, 0.1598808892726673314 ) ) ;
#9446 = CARTESIAN_POINT ( 'NONE',  ( 0.06072634792644873020, 0.05166760948578333346, 0.1339747659758602216 ) ) ;
#9447 = CARTESIAN_POINT ( 'NONE',  ( -0.05809114783018897582, 0.1135266205047741339, 0.1109708466314109354 ) ) ;
#9448 = CARTESIAN_POINT ( 'NONE',  ( -0.01259245371102965701, 0.04690177450077820387, 0.1331154924618501989 ) ) ;
#9449 = B_SPLINE_CURVE_WITH_KNOTS ( 'NONE', 3,
 ( #494, #2687, #1868, #437, #3440 ),
 .UNSPECIFIED., .F., .F.,
 ( 4, 1, 4 ),
 ( 0.5250155825794098341, 0.6540397345420932984, 0.7148228704850070336 ),
 .UNSPECIFIED. ) ;
#9450 = DIRECTION ( 'NONE',  ( 0.9993792182221449272, 0.02614205897144670707, -0.02361717464956112830 ) ) ;
#9451 = CARTESIAN_POINT ( 'NONE',  ( -0.05103198152823617412, -0.03225706243498603631, -0.1734383684654335900 ) ) ;
#9452 = ORIENTED_EDGE ( 'NONE', *, *, #8460, .F. ) ;
#9453 = VERTEX_POINT ( 'NONE', #443 ) ;
#9454 =( BOUNDED_SURFACE ( )  B_SPLINE_SURFACE ( 3, 3, ( 
 ( #2994, #8801, #42, #5895, #3727, #9402, #5042, #647 ),
 ( #1386, #6511, #4490, #8143, #2432, #2398, #5270, #8959 ),
 ( #5199, #7442, #8209, #107, #3021, #6676, #6065, #908 ),
 ( #4591, #5233, #5299, #7546, #838, #3092, #8865, #3158 ),
 ( #5960, #2358, #6818, #803, #874, #8273, #2304, #7476 ),
 ( #3056, #3819, #1597, #3761, #7412, #1694, #6029, #4563 ),
 ( #6711, #1658, #3888, #2334, #8930, #8175, #4455, #79 ) ),
 .UNSPECIFIED., .T., .F., .F. ) 
 B_SPLINE_SURFACE_WITH_KNOTS ( ( 4, 3, 4 ),
 ( 4, 2, 2, 4 ),
 ( 0.000000000000000000, 0.5000000000000000000, 1.000000000000000000 ),
 ( 0.1224153570411147529, 0.1666656434494600547, 0.1887940325006644271, 0.2109176686151477131 ),
 .UNSPECIFIED. ) 
 GEOMETRIC_REPRESENTATION_ITEM ( )  RATIONAL_B_SPLINE_SURFACE ( (
 ( 1.000000000000000000, 1.000000000000000000, 1.000000000000000000, 1.000000000000000000, 1.000000000000000000, 1.000000000000000000, 1.000000000000000000, 1.000000000000000000),
 ( 0.3333333333333333703, 0.3333333333333333703, 0.3333333333333333703, 0.3333333333333333703, 0.3333333333333333703, 0.3333333333333333703, 0.3333333333333333703, 0.3333333333333333703),
 ( 0.3333333333333333703, 0.3333333333333333703, 0.3333333333333333703, 0.3333333333333333703, 0.3333333333333333703, 0.3333333333333333703, 0.3333333333333333703, 0.3333333333333333703),
 ( 1.000000000000000000, 1.000000000000000000, 1.000000000000000000, 1.000000000000000000, 1.000000000000000000, 1.000000000000000000, 1.000000000000000000, 1.000000000000000000),
 ( 0.3333333333333333703, 0.3333333333333333703, 0.3333333333333333703, 0.3333333333333333703, 0.3333333333333333703, 0.3333333333333333703, 0.3333333333333333703, 0.3333333333333333703),
 ( 0.3333333333333333703, 0.3333333333333333703, 0.3333333333333333703, 0.3333333333333333703, 0.3333333333333333703, 0.3333333333333333703, 0.3333333333333333703, 0.3333333333333333703),
 ( 1.000000000000000000, 1.000000000000000000, 1.000000000000000000, 1.000000000000000000, 1.000000000000000000, 1.000000000000000000, 1.000000000000000000, 1.000000000000000000) ) ) 
 REPRESENTATION_ITEM ( '' )  SURFACE ( )  );
#9455 = STYLED_ITEM ( 'NONE', ( #5617 ), #871 ) ;
#9456 = CARTESIAN_POINT ( 'NONE',  ( 0.1988062389287093279, -0.1699999999999999845, 0.08175643111878472258 ) ) ;
#9457 = CARTESIAN_POINT ( 'NONE',  ( 0.05411099270629329827, 0.06513962310723440952, -0.1069826171907961310 ) ) ;
#9458 = DIRECTION ( 'NONE',  ( 0.9993255101729127121, 0.03046351156190941697, 0.02050607668387869481 ) ) ;
#9459 = CARTESIAN_POINT ( 'NONE',  ( 0.03200268577051364194, 0.07849130379308980054, 0.05240611079259199084 ) ) ;
#9460 = CARTESIAN_POINT ( 'NONE',  ( 0.05227415593092466645, 0.06531099670940966606, 0.01720297836815007364 ) ) ;
#9461 = CARTESIAN_POINT ( 'NONE',  ( -0.2650000000000000133, 0.05000000000000002359, 0.1999999999999999833 ) ) ;
#9462 = CARTESIAN_POINT ( 'NONE',  ( 0.05742032090159458757, -0.1799999738088588763, -0.05261484329394443271 ) ) ;
#9463 = CARTESIAN_POINT ( 'NONE',  ( -0.01853928658077071481, -0.08650274834164334292, 0.1466632599674078941 ) ) ;
#9464 = EDGE_LOOP ( 'NONE', ( #62, #373, #3646 ) ) ;
#9465 = FILL_AREA_STYLE_COLOUR ( '', #2240 ) ;
#9466 = CARTESIAN_POINT ( 'NONE',  ( 0.006563881463434948979, 0.08446495496867284514, 0.1602950706623608168 ) ) ;
#9467 =( GEOMETRIC_REPRESENTATION_CONTEXT ( 3 ) GLOBAL_UNCERTAINTY_ASSIGNED_CONTEXT ( ( #8641 ) ) GLOBAL_UNIT_ASSIGNED_CONTEXT ( ( #6109, #1635, #8969 ) ) REPRESENTATION_CONTEXT ( 'NONE', 'WORKASPACE' ) );
#9468 = CARTESIAN_POINT ( 'NONE',  ( 0.02787913665942245989, 0.07849817793620419981, 0.1327563563108895006 ) ) ;
#9469 = CARTESIAN_POINT ( 'NONE',  ( 0.03373778724202080442, -0.1830062300829545796, -0.1338102927549473520 ) ) ;
#9470 = ORIENTED_EDGE ( 'NONE', *, *, #1714, .T. ) ;
#9471 = ORIENTED_EDGE ( 'NONE', *, *, #7276, .F. ) ;
#9472 = CARTESIAN_POINT ( 'NONE',  ( 0.02989116684935663390, 0.05583841688660499264, -0.1056068211166397708 ) ) ;
#9473 = CARTESIAN_POINT ( 'NONE',  ( 0.02732607901079321666, 0.07849128147365572183, 0.1596932913163382206 ) ) ;
#9474 = DIRECTION ( 'NONE',  ( -0.000000000000000000, 1.000000000000000000, 0.000000000000000000 ) ) ;
#9475 = CARTESIAN_POINT ( 'NONE',  ( 0.02732607901079321319, 0.07849128147365570796, 0.1596932913163382206 ) ) ;
#9476 = FACE_OUTER_BOUND ( 'NONE', #6000, .T. ) ;
#9477 = PRESENTATION_LAYER_ASSIGNMENT (  '', '', ( #4112 ) ) ;
#9478 = DIRECTION ( 'NONE',  ( 0.03046773440284101728, 0.9995357508165267912, -1.736033529062866094E-18 ) ) ;
#9479 = MECHANICAL_DESIGN_GEOMETRIC_PRESENTATION_REPRESENTATION (  '', ( #2165 ), #6900 ) ;
#9480 = FACE_OUTER_BOUND ( 'NONE', #2478, .T. ) ;
#9481 = SURFACE_STYLE_FILL_AREA ( #1647 ) ;
ENDSEC;
END-ISO-10303-21;
