// Generated by tools/build_home_hub_icons.py. Do not edit by hand.
#include "ui_icons.h"

#include <cstdint>

namespace bluepaws::ui {

alignas(4) static const uint8_t icon_home_data[] = {
    0x00, 0x00, 0x00, 0x00, 0x00, 0x00, 0x00, 0x00, 0x00, 0x00, 0x00, 0x00, 0x00, 0x00, 0x00, 0x00,
    0x00, 0x00, 0x00, 0x00, 0x00, 0x00, 0x00, 0x00, 0x00, 0x00, 0x00, 0x00, 0x00, 0x00, 0x00, 0x00,
    0x00, 0x00, 0x00, 0x00, 0x00, 0x00, 0x00, 0x00, 0x04, 0x00, 0x2B, 0xD6, 0xFF, 0xDC, 0x33, 0x00,
    0x04, 0x00, 0x00, 0x00, 0x00, 0x00, 0x00, 0x00, 0x00, 0x00, 0x00, 0x00, 0x00, 0x00, 0x00, 0x00,
    0x00, 0x00, 0x00, 0x00, 0x00, 0x04, 0x00, 0x27, 0xE4, 0xFA, 0x96, 0xF4, 0xEB, 0x2F, 0x00, 0x04,
    0x00, 0x00, 0x00, 0x00, 0x00, 0x00, 0x00, 0x00, 0x00, 0x00, 0x00, 0x00, 0x00, 0x00, 0x00, 0x00,
    0x00, 0x00, 0x04, 0x00, 0x28, 0xE7, 0xF8, 0x3E, 0x00, 0x34, 0xF1, 0xEF, 0x30, 0x00, 0x04, 0x00,
    0x00, 0x00, 0x00, 0x00, 0x00, 0x00, 0x00, 0x00, 0x00, 0x00, 0x00, 0x00, 0x00, 0x00, 0x00, 0x04,
    0x00, 0x28, 0xE6, 0xF7, 0x3C, 0x00, 0x08, 0x00, 0x33, 0xF0, 0xEE, 0x30, 0x00, 0x04, 0x00, 0x00,
    0x00, 0x00, 0x00, 0x00, 0x00, 0x00, 0x00, 0x00, 0x00, 0x00, 0x00, 0x00, 0x04, 0x00, 0x28, 0xE6,
    0xF7, 0x3C, 0x00, 0x04, 0x00, 0x04, 0x00, 0x33, 0xF0, 0xEE, 0x30, 0x00, 0x04, 0x00, 0x00, 0x00,
    0x00, 0x00, 0x00, 0x00, 0x00, 0x00, 0x00, 0x00, 0x00, 0x04, 0x00, 0x28, 0xE6, 0xF7, 0x3C, 0x00,
    0x04, 0x00, 0x00, 0x00, 0x04, 0x00, 0x33, 0xF0, 0xEE, 0x30, 0x00, 0x04, 0x00, 0x00, 0x00, 0x00,
    0x00, 0x00, 0x00, 0x00, 0x00, 0x00, 0x04, 0x00, 0x28, 0xE6, 0xF7, 0x3C, 0x00, 0x04, 0x00, 0x00,
    0x00, 0x00, 0x00, 0x04, 0x00, 0x33, 0xF0, 0xEE, 0x30, 0x00, 0x04, 0x00, 0x00, 0x00, 0x00, 0x00,
    0x00, 0x00, 0x00, 0x04, 0x00, 0x28, 0xE6, 0xF7, 0x3C, 0x00, 0x04, 0x00, 0x00, 0x00, 0x00, 0x00,
    0x00, 0x00, 0x04, 0x00, 0x33, 0xF1, 0xEE, 0x30, 0x00, 0x04, 0x00, 0x00, 0x00, 0x00, 0x00, 0x00,
    0x04, 0x00, 0x28, 0xE6, 0xF7, 0x3C, 0x00, 0x04, 0x00, 0x00, 0x00, 0x00, 0x00, 0x00, 0x00, 0x00,
    0x00, 0x04, 0x00, 0x33, 0xF0, 0xEE, 0x30, 0x00, 0x04, 0x00, 0x00, 0x00, 0x00, 0x04, 0x00, 0x28,
    0xE6, 0xF7, 0x3C, 0x00, 0x04, 0x00, 0x00, 0x00, 0x00, 0x00, 0x00, 0x00, 0x00, 0x00, 0x00, 0x00,
    0x04, 0x00, 0x33, 0xF0, 0xEE, 0x30, 0x00, 0x04, 0x00, 0x00, 0x00, 0x00, 0x27, 0xE7, 0xF7, 0x3C,
    0x00, 0x04, 0x00, 0x00, 0x00, 0x00, 0x00, 0x00, 0x00, 0x00, 0x00, 0x00, 0x00, 0x00, 0x00, 0x04,
    0x00, 0x33, 0xF1, 0xEE, 0x2F, 0x00, 0x00, 0x00, 0x00, 0x29, 0xE6, 0xF8, 0x3D, 0x00, 0x04, 0x00,
    0x00, 0x00, 0x00, 0x00, 0x00, 0x00, 0x00, 0x00, 0x00, 0x00, 0x00, 0x00, 0x00, 0x00, 0x04, 0x00,
    0x33, 0xF1, 0xED, 0x32, 0x00, 0x00, 0x00, 0xD4, 0xF3, 0x3F, 0x00, 0x06, 0x00, 0x00, 0x00, 0x00,
    0x00, 0x00, 0x00, 0x00, 0x00, 0x00, 0x00, 0x00, 0x00, 0x00, 0x00, 0x00, 0x00, 0x06, 0x00, 0x36,
    0xED, 0xDF, 0x00, 0x00, 0x00, 0xFF, 0xA0, 0x00, 0x00, 0x00, 0x00, 0x00, 0x00, 0x00, 0x00, 0x00,
    0x00, 0x00, 0x00, 0x00, 0x00, 0x00, 0x00, 0x00, 0x00, 0x00, 0x00, 0x00, 0x00, 0x00, 0x92, 0xFF,
    0x00, 0x00, 0x00, 0xCE, 0xFF, 0xAA, 0x9C, 0x2F, 0x00, 0x02, 0x00, 0x00, 0x00, 0x00, 0x01, 0x02,
    0x02, 0x02, 0x01, 0x00, 0x00, 0x00, 0x00, 0x02, 0x00, 0x28, 0x9A, 0xA8, 0xFD, 0xD9, 0x00, 0x00,
    0x00, 0x22, 0xB7, 0xF6, 0xFF, 0x81, 0x00, 0x04, 0x00, 0x00, 0x00, 0x03, 0x00, 0x00, 0x00, 0x00,
    0x00, 0x03, 0x00, 0x00, 0x00, 0x04, 0x00, 0x73, 0xFF, 0xF8, 0xBE, 0x29, 0x00, 0x00, 0x00, 0x00,
    0x00, 0x25, 0xFB, 0x7B, 0x00, 0x04, 0x00, 0x00, 0x01, 0x00, 0x09, 0x19, 0x19, 0x1A, 0x0B, 0x00,
    0x01, 0x00, 0x00, 0x04, 0x00, 0x6D, 0xFB, 0x2F, 0x00, 0x00, 0x00, 0x00, 0x00, 0x04, 0x02, 0x1C,
    0xFF, 0x7C, 0x00, 0x04, 0x00, 0x02, 0x00, 0x74, 0xF0, 0xFF, 0xFF, 0xFF, 0xF3, 0x7D, 0x00, 0x02,
    0x00, 0x04, 0x00, 0x6E, 0xFF, 0x26, 0x01, 0x04, 0x00, 0x00, 0x00, 0x02, 0x00, 0x20, 0xFF, 0x7C,
    0x00, 0x04, 0x03, 0x00, 0x4F, 0xFF, 0xC7, 0x85, 0x87, 0x85, 0xC0, 0xFF, 0x5B, 0x00, 0x03, 0x04,
    0x00, 0x6E, 0xFF, 0x2A, 0x00, 0x02, 0x00, 0x00, 0x00, 0x02, 0x00, 0x1F, 0xFF, 0x7C, 0x00, 0x04,
    0x04, 0x00, 0xA9, 0xF6, 0x06, 0x00, 0x00, 0x00, 0x00, 0xEF, 0xB7, 0x00, 0x03, 0x04, 0x00, 0x6E,
    0xFF, 0x29, 0x00, 0x02, 0x00, 0x00, 0x00, 0x02, 0x00, 0x1F, 0xFF, 0x7C, 0x00, 0x04, 0x03, 0x00,
    0xB1, 0xF0, 0x02, 0x04, 0x05, 0x04, 0x00, 0xE4, 0xBF, 0x00, 0x03, 0x04, 0x00, 0x6E, 0xFF, 0x29,
    0x00, 0x02, 0x00, 0x00, 0x00, 0x02, 0x00, 0x1F, 0xFF, 0x7C, 0x00, 0x04, 0x03, 0x00, 0xAF, 0xF1,
    0x04, 0x00, 0x01, 0x00, 0x01, 0xE6, 0xBD, 0x00, 0x03, 0x04, 0x00, 0x6E, 0xFF, 0x29, 0x00, 0x02,
    0x00, 0x00, 0x00, 0x02, 0x00, 0x1F, 0xFF, 0x7D, 0x00, 0x04, 0x03, 0x00, 0xB0, 0xF1, 0x03, 0x00,
    0x01, 0x00, 0x00, 0xE6, 0xBE, 0x00, 0x03, 0x04, 0x00, 0x6F, 0xFF, 0x29, 0x00, 0x02, 0x00, 0x00,
    0x00, 0x02, 0x00, 0x20, 0xFE, 0x77, 0x03, 0x08, 0x07, 0x04, 0xB1, 0xF1, 0x03, 0x00, 0x01, 0x00,
    0x00, 0xE6, 0xBF, 0x04, 0x07, 0x08, 0x03, 0x69, 0xFE, 0x2A, 0x00, 0x02, 0x00, 0x00, 0x00, 0x02,
    0x00, 0x17, 0xFF, 0x98, 0x00, 0x00, 0x00, 0x00, 0xAA, 0xF1, 0x03, 0x00, 0x01, 0x00, 0x00, 0xE6,
    0xB9, 0x00, 0x00, 0x00, 0x00, 0x89, 0xFF, 0x20, 0x00, 0x02, 0x00, 0x00, 0x00, 0x00, 0x02, 0x00,
    0xB1, 0xFF, 0xA9, 0x97, 0x99, 0x96, 0xDF, 0xEB, 0x05, 0x00, 0x01, 0x00, 0x00, 0xE1, 0xE4, 0x96,
    0x99, 0x97, 0xA5, 0xFF, 0xBD, 0x02, 0x02, 0x00, 0x00, 0x00, 0x00, 0x00, 0x01, 0x01, 0x14, 0xB2,
    0xFF, 0xFF, 0xFF, 0xFF, 0xFF, 0xC5, 0x03, 0x01, 0x01, 0x01, 0x00, 0xBB, 0xFF, 0xFF, 0xFF, 0xFF,
    0xFF, 0xBA, 0x19, 0x01, 0x02, 0x00, 0x00, 0x00, 0x00, 0x00, 0x00, 0x00, 0x00, 0x00, 0x00, 0x00,
    0x00, 0x00, 0x00, 0x00, 0x00, 0x00, 0x00, 0x00, 0x00, 0x00, 0x00, 0x00, 0x00, 0x00, 0x00, 0x00,
    0x00, 0x00, 0x00, 0x00, 0x00, 0x00, 0x00, 0x00, 0x00, 0x00, 0x00, 0x00, 0x00, 0x00, 0x00, 0x00,
    0x00, 0x00, 0x00, 0x00, 0x00, 0x00, 0x00, 0x00, 0x00, 0x00, 0x00, 0x00, 0x00, 0x00, 0x00, 0x00,
    0x00, 0x00, 0x00, 0x00,
};

const lv_image_dsc_t icon_home = {
    .header = {
        .magic = LV_IMAGE_HEADER_MAGIC,
        .cf = LV_COLOR_FORMAT_A8,
        .flags = 0,
        .w = 30,
        .h = 30,
        .stride = 30,
        .reserved_2 = 0,
    },
    .data_size = 900,
    .data = icon_home_data,
    .reserved = nullptr,
    .reserved_2 = nullptr,
};

alignas(4) static const uint8_t icon_rotate_data[] = {
    0x00, 0x00, 0x00, 0x00, 0x00, 0x00, 0x00, 0x00, 0x00, 0x00, 0x00, 0x00, 0x00, 0x00, 0x00, 0x00,
    0x00, 0x00, 0x00, 0x00, 0x00, 0x00, 0x00, 0x00, 0x00, 0x00, 0x00, 0x00, 0x00, 0x00, 0x00, 0x00,
    0x00, 0x00, 0x01, 0x03, 0x00, 0x01, 0x4C, 0xA0, 0xD8, 0xF3, 0xF8, 0x44, 0x00, 0x06, 0x00, 0x00,
    0x00, 0x00, 0x02, 0x00, 0x00, 0x00, 0x00, 0x00, 0x00, 0x00, 0x00, 0x00, 0x00, 0x00, 0x00, 0x01,
    0x01, 0x00, 0x49, 0xC6, 0xFF, 0xFF, 0xFF, 0xFF, 0xF8, 0x35, 0x02, 0x00, 0x51, 0xBF, 0xCA, 0x67,
    0x00, 0x03, 0x00, 0x00, 0x00, 0x00, 0x00, 0x00, 0x00, 0x00, 0x00, 0x00, 0x01, 0x01, 0x02, 0x90,
    0xFF, 0xFF, 0xFF, 0xF8, 0xFE, 0xF6, 0x43, 0x00, 0x00, 0x6A, 0xFF, 0xFF, 0xFF, 0xFF, 0x7B, 0x00,
    0x04, 0x00, 0x00, 0x00, 0x00, 0x00, 0x00, 0x00, 0x00, 0x01, 0x03, 0x02, 0xA9, 0xFF, 0xE6, 0x4B,
    0x87, 0xFF, 0xF6, 0x44, 0x00, 0x00, 0x68, 0xFF, 0xE6, 0x39, 0x62, 0xF8, 0xFF, 0x7A, 0x00, 0x04,
    0x00, 0x00, 0x00, 0x00, 0x00, 0x00, 0x00, 0x03, 0x00, 0x91, 0xFF, 0xD0, 0x20, 0x00, 0x00, 0x79,
    0x3F, 0x00, 0x00, 0x68, 0xFF, 0xE5, 0x2C, 0x00, 0x15, 0xF2, 0xFC, 0xFF, 0x7A, 0x00, 0x04, 0x00,
    0x00, 0x00, 0x00, 0x00, 0x00, 0x00, 0x45, 0xFF, 0xE3, 0x1D, 0x00, 0x05, 0x00, 0x00, 0x00, 0x00,
    0x68, 0xFF, 0xE5, 0x2C, 0x00, 0x02, 0x94, 0xFF, 0xF9, 0xFB, 0xFF, 0x7A, 0x00, 0x04, 0x00, 0x00,
    0x00, 0x00, 0x00, 0x04, 0xCC, 0xFF, 0x4E, 0x00, 0x05, 0x00, 0x01, 0x08, 0x00, 0x68, 0xFF, 0xE5,
    0x2C, 0x00, 0x06, 0x01, 0x40, 0xF3, 0xFF, 0xFC, 0xFB, 0xFF, 0x7A, 0x00, 0x03, 0x00, 0x00, 0x00,
    0x00, 0x46, 0xFF, 0xC2, 0x00, 0x03, 0x00, 0x00, 0x04, 0x00, 0x68, 0xFF, 0xE5, 0x2C, 0x00, 0x04,
    0x00, 0x02, 0x00, 0x3F, 0xF4, 0xFF, 0xF9, 0xFE, 0xFF, 0x7B, 0x00, 0x02, 0x00, 0x00, 0x00, 0x9F,
    0xFF, 0x5B, 0x01, 0x04, 0x00, 0x04, 0x00, 0x68, 0xFF, 0xE5, 0x2B, 0x00, 0x04, 0x00, 0x00, 0x00,
    0x04, 0x00, 0x40, 0xF4, 0xFF, 0xF4, 0xFF, 0xFF, 0x65, 0x00, 0x00, 0x00, 0x00, 0xDD, 0xFC, 0x20,
    0x00, 0x02, 0x04, 0x00, 0x68, 0xFF, 0xE5, 0x2C, 0x00, 0x04, 0x00, 0x00, 0x00, 0x00, 0x00, 0x04,
    0x00, 0x3E, 0x8E, 0x1E, 0x62, 0xFD, 0xD1, 0x00, 0x00, 0x00, 0x00, 0xFB, 0xE6, 0x07, 0x00, 0x05,
    0x00, 0x68, 0xFF, 0xE5, 0x2B, 0x00, 0x04, 0x00, 0x00, 0x00, 0x00, 0x00, 0x00, 0x00, 0x02, 0x00,
    0x00, 0x00, 0x34, 0xFE, 0xC4, 0x00, 0x00, 0x00, 0x00, 0xFF, 0xDA, 0x00, 0x04, 0x00, 0x68, 0xFF,
    0xE5, 0x2C, 0x00, 0x04, 0x00, 0x00, 0x00, 0x00, 0x00, 0x00, 0x00, 0x00, 0x00, 0x06, 0x00, 0x2D,
    0xE4, 0xFF, 0x4E, 0x00, 0x00, 0x00, 0x00, 0x44, 0x34, 0x04, 0x00, 0x68, 0xFF, 0xE5, 0x2B, 0x00,
    0x04, 0x00, 0x00, 0x00, 0x00, 0x00, 0x00, 0x00, 0x00, 0x00, 0x04, 0x00, 0x2B, 0xE5, 0xFF, 0x6A,
    0x00, 0x05, 0x00, 0x00, 0x00, 0x00, 0x00, 0x00, 0x67, 0xFF, 0xE5, 0x2C, 0x00, 0x04, 0x00, 0x00,
    0x00, 0x00, 0x00, 0x00, 0x00, 0x00, 0x00, 0x04, 0x00, 0x2B, 0xE5, 0xFF, 0x68, 0x00, 0x00, 0x00,
    0x00, 0x00, 0x00, 0x05, 0x00, 0x69, 0xFF, 0xE5, 0x2C, 0x00, 0x04, 0x00, 0x00, 0x00, 0x00, 0x00,
    0x00, 0x00, 0x00, 0x00, 0x04, 0x00, 0x2B, 0xE5, 0xFF, 0x68, 0x00, 0x04, 0x34, 0x44, 0x00, 0x00,
    0x00, 0x00, 0x4E, 0xFF, 0xE4, 0x2C, 0x00, 0x04, 0x00, 0x00, 0x00, 0x00, 0x00, 0x00, 0x00, 0x00,
    0x00, 0x04, 0x00, 0x2B, 0xE5, 0xFF, 0x68, 0x00, 0x04, 0x00, 0xDA, 0xFF, 0x00, 0x00, 0x00, 0x00,
    0xC4, 0xFE, 0x34, 0x00, 0x05, 0x00, 0x00, 0x00, 0x00, 0x00, 0x00, 0x00, 0x00, 0x00, 0x04, 0x00,
    0x2B, 0xE5, 0xFF, 0x68, 0x00, 0x05, 0x00, 0x07, 0xE6, 0xFB, 0x00, 0x00, 0x00, 0x00, 0xD1, 0xFD,
    0x61, 0x00, 0x05, 0x00, 0x00, 0x00, 0x00, 0x00, 0x00, 0x00, 0x00, 0x04, 0x00, 0x2B, 0xE5, 0xFF,
    0x68, 0x00, 0x04, 0x02, 0x00, 0x20, 0xFC, 0xDC, 0x00, 0x00, 0x00, 0x00, 0x65, 0xFF, 0xFE, 0x60,
    0x00, 0x05, 0x00, 0x00, 0x00, 0x00, 0x00, 0x00, 0x04, 0x00, 0x2B, 0xE5, 0xFF, 0x68, 0x00, 0x04,
    0x00, 0x04, 0x01, 0x5B, 0xFF, 0x9E, 0x00, 0x00, 0x00, 0x02, 0x00, 0x7A, 0xFF, 0xFF, 0x60, 0x00,
    0x05, 0x00, 0x00, 0x00, 0x00, 0x04, 0x00, 0x2B, 0xE5, 0xFF, 0x68, 0x00, 0x04, 0x00, 0x00, 0x03,
    0x00, 0xC3, 0xFF, 0x46, 0x00, 0x00, 0x00, 0x00, 0x03, 0x00, 0x79, 0xFF, 0xFF, 0x60, 0x00, 0x05,
    0x00, 0x00, 0x04, 0x00, 0x2B, 0xE5, 0xFF, 0x68, 0x00, 0x08, 0x01, 0x00, 0x05, 0x00, 0x4F, 0xFF,
    0xCC, 0x04, 0x00, 0x00, 0x00, 0x00, 0x00, 0x04, 0x00, 0x79, 0xFF, 0xFF, 0x60, 0x00, 0x05, 0x05,
    0x00, 0x2B, 0xE5, 0xFF, 0x68, 0x00, 0x00, 0x00, 0x00, 0x05, 0x00, 0x1D, 0xE4, 0xFF, 0x44, 0x00,
    0x00, 0x00, 0x00, 0x00, 0x00, 0x00, 0x04, 0x00, 0x79, 0xFF, 0xFF, 0x60, 0x00, 0x00, 0x2C, 0xE5,
    0xFF, 0x68, 0x00, 0x00, 0x3F, 0x79, 0x00, 0x00, 0x20, 0xD0, 0xFF, 0x91, 0x00, 0x03, 0x00, 0x00,
    0x00, 0x00, 0x00, 0x00, 0x00, 0x04, 0x00, 0x79, 0xFF, 0xFE, 0x62, 0x39, 0xE6, 0xFF, 0x68, 0x00,
    0x00, 0x44, 0xF6, 0xFF, 0x87, 0x4B, 0xE6, 0xFF, 0xA9, 0x02, 0x03, 0x01, 0x00, 0x00, 0x00, 0x00,
    0x00, 0x00, 0x00, 0x00, 0x04, 0x00, 0x7A, 0xFF, 0xFF, 0xFF, 0xFF, 0x6A, 0x00, 0x00, 0x42, 0xF6,
    0xFE, 0xF8, 0xFF, 0xFF, 0xFF, 0x90, 0x02, 0x01, 0x01, 0x00, 0x00, 0x00, 0x00, 0x00, 0x00, 0x00,
    0x00, 0x00, 0x00, 0x03, 0x00, 0x66, 0xCA, 0xBF, 0x51, 0x00, 0x02, 0x35, 0xF8, 0xFF, 0xFF, 0xFF,
    0xFF, 0xC6, 0x49, 0x00, 0x01, 0x01, 0x00, 0x00, 0x00, 0x00, 0x00, 0x00, 0x00, 0x00, 0x00, 0x00,
    0x00, 0x00, 0x02, 0x00, 0x00, 0x00, 0x00, 0x06, 0x00, 0x44, 0xF8, 0xF2, 0xD9, 0xA0, 0x4C, 0x01,
    0x00, 0x03, 0x00, 0x00, 0x00, 0x00, 0x00, 0x00, 0x00, 0x00, 0x00, 0x00, 0x00, 0x00, 0x00, 0x00,
    0x00, 0x00, 0x00, 0x00, 0x00, 0x00, 0x00, 0x00, 0x00, 0x00, 0x00, 0x00, 0x00, 0x00, 0x00, 0x00,
    0x00, 0x00, 0x00, 0x00, 0x00, 0x00, 0x00, 0x00, 0x00, 0x00, 0x00, 0x00, 0x00, 0x00, 0x00, 0x00,
    0x00, 0x00, 0x00, 0x00, 0x00, 0x00, 0x00, 0x00, 0x00, 0x00, 0x00, 0x00, 0x00, 0x00, 0x00, 0x00,
    0x00, 0x00, 0x00, 0x00,
};

const lv_image_dsc_t icon_rotate = {
    .header = {
        .magic = LV_IMAGE_HEADER_MAGIC,
        .cf = LV_COLOR_FORMAT_A8,
        .flags = 0,
        .w = 30,
        .h = 30,
        .stride = 30,
        .reserved_2 = 0,
    },
    .data_size = 900,
    .data = icon_rotate_data,
    .reserved = nullptr,
    .reserved_2 = nullptr,
};

alignas(4) static const uint8_t icon_night_mode_data[] = {
    0x00, 0x00, 0x00, 0x00, 0x00, 0x00, 0x00, 0x00, 0x00, 0x00, 0x00, 0x00, 0x00, 0x00, 0x00, 0x00,
    0x00, 0x00, 0x00, 0x00, 0x00, 0x00, 0x00, 0x00, 0x00, 0x00, 0x00, 0x00, 0x00, 0x00, 0x00, 0x00,
    0x00, 0x00, 0x00, 0x00, 0x00, 0x00, 0x00, 0x00, 0x00, 0x03, 0x00, 0x4E, 0xF4, 0x4E, 0x00, 0x03,
    0x00, 0x00, 0x00, 0x00, 0x00, 0x00, 0x00, 0x00, 0x00, 0x00, 0x00, 0x00, 0x00, 0x00, 0x00, 0x00,
    0x00, 0x03, 0x01, 0x00, 0x00, 0x00, 0x00, 0x04, 0x00, 0x75, 0xFF, 0x75, 0x00, 0x04, 0x00, 0x00,
    0x00, 0x00, 0x01, 0x03, 0x00, 0x00, 0x00, 0x00, 0x00, 0x00, 0x00, 0x00, 0x00, 0x00, 0x00, 0x00,
    0x00, 0x01, 0x00, 0x00, 0x00, 0x04, 0x01, 0x79, 0xFF, 0x79, 0x01, 0x04, 0x00, 0x00, 0x00, 0x01,
    0x00, 0x00, 0x00, 0x00, 0x00, 0x00, 0x00, 0x00, 0x00, 0x00, 0x00, 0x00, 0x03, 0x43, 0x0E, 0x00,
    0x01, 0x00, 0x02, 0x06, 0x00, 0x31, 0xBC, 0x31, 0x00, 0x06, 0x02, 0x00, 0x01, 0x00, 0x0E, 0x43,
    0x03, 0x00, 0x00, 0x00, 0x00, 0x00, 0x00, 0x00, 0x03, 0x00, 0x45, 0xFF, 0xC4, 0x10, 0x01, 0x04,
    0x00, 0x00, 0x0A, 0x1F, 0x2B, 0x1F, 0x0A, 0x00, 0x00, 0x04, 0x01, 0x10, 0xC3, 0xFF, 0x45, 0x00,
    0x03, 0x00, 0x00, 0x00, 0x00, 0x00, 0x01, 0x02, 0x15, 0xC3, 0xFF, 0xC5, 0x04, 0x00, 0x39, 0xA1,
    0xE1, 0xFD, 0xFF, 0xFD, 0xE1, 0xA1, 0x3A, 0x00, 0x04, 0xC5, 0xFF, 0xC3, 0x15, 0x02, 0x01, 0x00,
    0x00, 0x00, 0x00, 0x00, 0x00, 0x01, 0x00, 0x0F, 0xC1, 0xBA, 0x03, 0x90, 0xFF, 0xFF, 0xFF, 0xFF,
    0xFF, 0xFF, 0xFF, 0xFF, 0xFF, 0x92, 0x03, 0xBA, 0xC1, 0x0F, 0x00, 0x01, 0x00, 0x00, 0x00, 0x00,
    0x00, 0x00, 0x00, 0x00, 0x01, 0x00, 0x00, 0x02, 0xB1, 0xFF, 0xFE, 0xFB, 0xFE, 0xFE, 0xFF, 0xFE,
    0xFE, 0xFB, 0xFD, 0xFF, 0xB2, 0x02, 0x00, 0x00, 0x01, 0x00, 0x00, 0x00, 0x00, 0x00, 0x00, 0x00,
    0x00, 0x00, 0x00, 0x04, 0x00, 0x91, 0xFF, 0xC6, 0xA4, 0xFF, 0xFC, 0xFF, 0xFF, 0xFF, 0xFF, 0xFF,
    0xFF, 0xF9, 0xFF, 0x93, 0x00, 0x04, 0x00, 0x00, 0x00, 0x00, 0x00, 0x00, 0x00, 0x00, 0x00, 0x00,
    0x03, 0x00, 0x35, 0xFF, 0xEC, 0x1A, 0xAF, 0xFF, 0xFC, 0xFF, 0xFF, 0xFF, 0xFF, 0xFF, 0xFF, 0xFE,
    0xFB, 0xFF, 0x36, 0x00, 0x03, 0x00, 0x00, 0x00, 0x00, 0x00, 0x00, 0x03, 0x04, 0x04, 0x06, 0x00,
    0xA0, 0xFF, 0x73, 0x00, 0xD7, 0xFF, 0xFD, 0xFF, 0xFF, 0xFF, 0xFF, 0xFF, 0xFF, 0xFF, 0xFB, 0xFF,
    0xA4, 0x00, 0x06, 0x04, 0x04, 0x03, 0x00, 0x00, 0x00, 0x00, 0x00, 0x00, 0x00, 0x0A, 0xE8, 0xF7,
    0x19, 0x01, 0xC6, 0xFF, 0xFC, 0xFF, 0xFF, 0xFF, 0xFF, 0xFF, 0xFF, 0xFF, 0xFD, 0xFF, 0xE5, 0x0B,
    0x00, 0x00, 0x00, 0x00, 0x00, 0x00, 0x00, 0x4E, 0x72, 0x73, 0x35, 0x1E, 0xFF, 0xCF, 0x01, 0x00,
    0x97, 0xFE, 0xFB, 0xFF, 0xFF, 0xFF, 0xFF, 0xFF, 0xFF, 0xFF, 0xFE, 0xFF, 0xFD, 0x20, 0x35, 0x73,
    0x72, 0x4E, 0x00, 0x00, 0x00, 0xFF, 0xFF, 0xFF, 0xCD, 0x27, 0xFE, 0xBC, 0x01, 0x00, 0x3D, 0xFF,
    0xFB, 0xFF, 0xFF, 0xFF, 0xFF, 0xFF, 0xFF, 0xFF, 0xFF, 0xFF, 0xFF, 0x2A, 0xCD, 0xFF, 0xFF, 0xFF,
    0x00, 0x00, 0x00, 0x4E, 0x72, 0x73, 0x35, 0x1E, 0xFF, 0xCF, 0x00, 0x02, 0x00, 0xAE, 0xFF, 0xF9,
    0xFF, 0xFF, 0xFF, 0xFF, 0xFF, 0xFF, 0xFE, 0xFF, 0xFD, 0x20, 0x35, 0x73, 0x72, 0x4E, 0x00, 0x00,
    0x00, 0x00, 0x00, 0x00, 0x00, 0x0A, 0xE8, 0xF7, 0x17, 0x02, 0x03, 0x13, 0xD2, 0xFF, 0xFC, 0xFB,
    0xFC, 0xFD, 0xFC, 0xFD, 0xFD, 0xFF, 0xE5, 0x0B, 0x00, 0x00, 0x00, 0x00, 0x00, 0x00, 0x00, 0x03,
    0x04, 0x04, 0x06, 0x00, 0xA0, 0xFF, 0x72, 0x00, 0x07, 0x00, 0x14, 0xAB, 0xFF, 0xFF, 0xFF, 0xFF,
    0xFF, 0xFF, 0xFB, 0xFF, 0xA4, 0x00, 0x06, 0x04, 0x04, 0x03, 0x00, 0x00, 0x00, 0x00, 0x00, 0x00,
    0x03, 0x00, 0x35, 0xFF, 0xEB, 0x23, 0x00, 0x07, 0x00, 0x00, 0x3F, 0x93, 0xC3, 0xD3, 0xB1, 0xA5,
    0xF6, 0xFF, 0x35, 0x00, 0x03, 0x00, 0x00, 0x00, 0x00, 0x00, 0x00, 0x00, 0x00, 0x00, 0x00, 0x04,
    0x00, 0x91, 0xFF, 0xD4, 0x27, 0x00, 0x00, 0x02, 0x00, 0x00, 0x00, 0x00, 0x1C, 0xC2, 0xFF, 0x91,
    0x00, 0x04, 0x00, 0x00, 0x00, 0x00, 0x00, 0x00, 0x00, 0x00, 0x00, 0x00, 0x01, 0x00, 0x00, 0x02,
    0xB0, 0xFF, 0xEE, 0x73, 0x1D, 0x00, 0x00, 0x02, 0x1F, 0x74, 0xF0, 0xFF, 0xB1, 0x02, 0x00, 0x00,
    0x01, 0x00, 0x00, 0x00, 0x00, 0x00, 0x00, 0x00, 0x00, 0x01, 0x00, 0x0F, 0xC1, 0xBA, 0x03, 0x90,
    0xFF, 0xFF, 0xFB, 0xD0, 0xBF, 0xD0, 0xFB, 0xFF, 0xFF, 0x90, 0x03, 0xBA, 0xC1, 0x0F, 0x00, 0x01,
    0x00, 0x00, 0x00, 0x00, 0x00, 0x00, 0x01, 0x02, 0x15, 0xC3, 0xFF, 0xC4, 0x04, 0x00, 0x38, 0x9E,
    0xE4, 0xFF, 0xFF, 0xFF, 0xE4, 0x9E, 0x38, 0x00, 0x04, 0xC5, 0xFF, 0xC4, 0x15, 0x02, 0x01, 0x00,
    0x00, 0x00, 0x00, 0x00, 0x03, 0x00, 0x45, 0xFF, 0xC4, 0x10, 0x01, 0x04, 0x00, 0x00, 0x09, 0x1D,
    0x28, 0x1D, 0x09, 0x00, 0x00, 0x04, 0x01, 0x10, 0xC3, 0xFF, 0x45, 0x00, 0x03, 0x00, 0x00, 0x00,
    0x00, 0x00, 0x00, 0x00, 0x03, 0x43, 0x0E, 0x00, 0x01, 0x00, 0x02, 0x06, 0x00, 0x31, 0xBC, 0x31,
    0x00, 0x06, 0x02, 0x00, 0x01, 0x00, 0x0E, 0x43, 0x03, 0x00, 0x00, 0x00, 0x00, 0x00, 0x00, 0x00,
    0x00, 0x00, 0x00, 0x00, 0x00, 0x01, 0x00, 0x00, 0x00, 0x04, 0x01, 0x79, 0xFF, 0x79, 0x01, 0x04,
    0x00, 0x00, 0x00, 0x01, 0x00, 0x00, 0x00, 0x00, 0x00, 0x00, 0x00, 0x00, 0x00, 0x00, 0x00, 0x00,
    0x00, 0x03, 0x01, 0x00, 0x00, 0x00, 0x00, 0x04, 0x00, 0x75, 0xFF, 0x75, 0x00, 0x04, 0x00, 0x00,
    0x00, 0x00, 0x01, 0x03, 0x00, 0x00, 0x00, 0x00, 0x00, 0x00, 0x00, 0x00, 0x00, 0x00, 0x00, 0x00,
    0x00, 0x00, 0x00, 0x00, 0x00, 0x03, 0x00, 0x4E, 0xF3, 0x4E, 0x00, 0x03, 0x00, 0x00, 0x00, 0x00,
    0x00, 0x00, 0x00, 0x00, 0x00, 0x00, 0x00, 0x00, 0x00, 0x00, 0x00, 0x00, 0x00, 0x00, 0x00, 0x00,
    0x00, 0x00, 0x00, 0x00, 0x00, 0x00, 0x00, 0x00, 0x00, 0x00, 0x00, 0x00, 0x00, 0x00, 0x00, 0x00,
    0x00, 0x00, 0x00, 0x00, 0x00, 0x00, 0x00, 0x00, 0x00, 0x00, 0x00, 0x00, 0x00, 0x00, 0x00, 0x00,
    0x00, 0x00, 0x00, 0x00, 0x00, 0x00, 0x00, 0x00, 0x00, 0x00, 0x00, 0x00, 0x00, 0x00, 0x00, 0x00,
    0x00, 0x00, 0x00, 0x00,
};

const lv_image_dsc_t icon_night_mode = {
    .header = {
        .magic = LV_IMAGE_HEADER_MAGIC,
        .cf = LV_COLOR_FORMAT_A8,
        .flags = 0,
        .w = 30,
        .h = 30,
        .stride = 30,
        .reserved_2 = 0,
    },
    .data_size = 900,
    .data = icon_night_mode_data,
    .reserved = nullptr,
    .reserved_2 = nullptr,
};

alignas(4) static const uint8_t icon_brightness_data[] = {
    0x00, 0x00, 0x00, 0x00, 0x00, 0x00, 0x00, 0x00, 0x00, 0x00, 0x00, 0x00, 0x00, 0x00, 0x00, 0x00,
    0x00, 0x00, 0x00, 0x00, 0x00, 0x00, 0x00, 0x00, 0x00, 0x00, 0x00, 0x00, 0x00, 0x00, 0x00, 0x00,
    0x00, 0x00, 0x00, 0x00, 0x00, 0x01, 0x01, 0x00, 0x00, 0x00, 0x03, 0x00, 0xB7, 0xB7, 0x00, 0x03,
    0x00, 0x00, 0x00, 0x01, 0x01, 0x00, 0x00, 0x00, 0x00, 0x00, 0x00, 0x00, 0x00, 0x00, 0x00, 0x00,
    0x00, 0x00, 0x00, 0x00, 0x00, 0x02, 0x00, 0x00, 0x02, 0x00, 0xD5, 0xD5, 0x00, 0x02, 0x00, 0x00,
    0x02, 0x00, 0x00, 0x00, 0x00, 0x00, 0x00, 0x00, 0x00, 0x00, 0x00, 0x00, 0x00, 0x00, 0x00, 0x00,
    0x00, 0x0A, 0x11, 0x00, 0x02, 0x00, 0x02, 0x01, 0xD0, 0xD0, 0x01, 0x02, 0x00, 0x02, 0x00, 0x11,
    0x0A, 0x00, 0x00, 0x00, 0x00, 0x00, 0x00, 0x00, 0x00, 0x00, 0x00, 0x00, 0x00, 0x04, 0x00, 0x92,
    0xEA, 0x29, 0x00, 0x03, 0x06, 0x00, 0xD4, 0xD4, 0x00, 0x06, 0x03, 0x00, 0x28, 0xEA, 0x92, 0x00,
    0x04, 0x00, 0x00, 0x00, 0x00, 0x00, 0x00, 0x00, 0x00, 0x00, 0x00, 0x02, 0x01, 0x3B, 0xF5, 0xE6,
    0x28, 0x00, 0x00, 0x04, 0x7A, 0x7A, 0x04, 0x00, 0x00, 0x28, 0xE6, 0xF5, 0x3B, 0x01, 0x02, 0x00,
    0x00, 0x00, 0x00, 0x00, 0x00, 0x00, 0x00, 0x00, 0x00, 0x00, 0x02, 0x00, 0x38, 0xFC, 0xE5, 0x11,
    0x84, 0xEA, 0xFF, 0xFF, 0xEB, 0x85, 0x11, 0xE5, 0xFC, 0x38, 0x00, 0x02, 0x00, 0x00, 0x00, 0x00,
    0x00, 0x00, 0x00, 0x00, 0x00, 0x00, 0x00, 0x00, 0x00, 0x04, 0x00, 0x3F, 0x8D, 0xCF, 0xFF, 0xC4,
    0x82, 0x82, 0xC4, 0xFF, 0xCF, 0x8D, 0x3F, 0x00, 0x04, 0x00, 0x00, 0x00, 0x00, 0x00, 0x00, 0x00,
    0x00, 0x00, 0x00, 0x00, 0x00, 0x02, 0x02, 0x02, 0x06, 0x00, 0xAC, 0xFF, 0x56, 0x00, 0x00, 0x00,
    0x00, 0x56, 0xFF, 0xAC, 0x00, 0x06, 0x02, 0x02, 0x02, 0x00, 0x00, 0x00, 0x00, 0x00, 0x00, 0x00,
    0x00, 0x00, 0x00, 0x00, 0x00, 0x00, 0x00, 0x45, 0xFF, 0x78, 0x00, 0x05, 0x04, 0x04, 0x05, 0x00,
    0x78, 0xFF, 0x45, 0x00, 0x00, 0x00, 0x00, 0x00, 0x00, 0x00, 0x00, 0x00, 0x00, 0x00, 0x00, 0x00,
    0x05, 0x27, 0x29, 0x2D, 0x16, 0x93, 0xFC, 0x10, 0x03, 0x02, 0x00, 0x00, 0x02, 0x03, 0x11, 0xFC,
    0x92, 0x16, 0x2D, 0x29, 0x27, 0x05, 0x00, 0x00, 0x00, 0x00, 0x00, 0x00, 0x00, 0x00, 0x6E, 0xFF,
    0xFF, 0xFF, 0xDC, 0xBF, 0xE8, 0x00, 0x00, 0x01, 0x00, 0x00, 0x01, 0x00, 0x00, 0xE8, 0xBF, 0xDC,
    0xFF, 0xFF, 0xFF, 0x6E, 0x00, 0x00, 0x00, 0x00, 0x00, 0x00, 0x00, 0x00, 0x20, 0x6B, 0x6D, 0x71,
    0x4D, 0xA3, 0xF6, 0x07, 0x02, 0x01, 0x00, 0x00, 0x01, 0x02, 0x07, 0xF6, 0xA3, 0x4D, 0x71, 0x6D,
    0x6B, 0x20, 0x00, 0x00, 0x00, 0x00, 0x00, 0x00, 0x00, 0x00, 0x00, 0x00, 0x00, 0x00, 0x00, 0x5E,
    0xFF, 0x4F, 0x00, 0x07, 0x03, 0x03, 0x07, 0x00, 0x4F, 0xFF, 0x5D, 0x00, 0x00, 0x00, 0x00, 0x00,
    0x00, 0x00, 0x00, 0x00, 0x00, 0x00, 0x00, 0x00, 0x01, 0x04, 0x04, 0x05, 0x05, 0x07, 0xD7, 0xE7,
    0x22, 0x00, 0x00, 0x00, 0x00, 0x22, 0xE7, 0xD7, 0x07, 0x05, 0x05, 0x04, 0x04, 0x01, 0x00, 0x00,
    0x00, 0x00, 0x00, 0x00, 0x00, 0x00, 0x00, 0x00, 0x00, 0x02, 0x00, 0x11, 0x71, 0xF8, 0xF6, 0x79,
    0x3A, 0x3A, 0x79, 0xF6, 0xF8, 0x71, 0x11, 0x00, 0x02, 0x00, 0x00, 0x00, 0x00, 0x00, 0x00, 0x00,
    0x00, 0x00, 0x00, 0x00, 0x00, 0x00, 0x01, 0x00, 0x11, 0xD4, 0xEC, 0x3B, 0xC9, 0xFF, 0xFF, 0xFF,
    0xFF, 0xC9, 0x3B, 0xEC, 0xD4, 0x11, 0x00, 0x01, 0x00, 0x00, 0x00, 0x00, 0x00, 0x00, 0x00, 0x00,
    0x00, 0x00, 0x00, 0x01, 0x02, 0x15, 0xC7, 0xFF, 0x5C, 0x00, 0x00, 0x33, 0x87, 0x87, 0x33, 0x00,
    0x00, 0x5C, 0xFF, 0xC7, 0x15, 0x02, 0x01, 0x00, 0x00, 0x00, 0x00, 0x00, 0x00, 0x00, 0x00, 0x00,
    0x00, 0x04, 0x00, 0x97, 0xFF, 0x5A, 0x00, 0x05, 0x03, 0x00, 0xBD, 0xBD, 0x00, 0x03, 0x05, 0x00,
    0x5A, 0xFF, 0x96, 0x00, 0x04, 0x00, 0x00, 0x00, 0x00, 0x00, 0x00, 0x00, 0x00, 0x00, 0x00, 0x01,
    0x00, 0x2D, 0x44, 0x00, 0x03, 0x00, 0x02, 0x03, 0xD5, 0xD5, 0x03, 0x02, 0x00, 0x03, 0x00, 0x44,
    0x2D, 0x00, 0x01, 0x00, 0x00, 0x00, 0x00, 0x00, 0x00, 0x00, 0x00, 0x00, 0x00, 0x00, 0x00, 0x00,
    0x00, 0x02, 0x00, 0x00, 0x02, 0x00, 0xD1, 0xD1, 0x00, 0x02, 0x00, 0x01, 0x03, 0x00, 0x00, 0x00,
    0x00, 0x00, 0x00, 0x00, 0x00, 0x00, 0x00, 0x00, 0x00, 0x00, 0x00, 0x00, 0x00, 0x02, 0x03, 0x00,
    0x00, 0x00, 0x03, 0x00, 0xCD, 0xCD, 0x00, 0x03, 0x03, 0x00, 0x00, 0x06, 0x02, 0x00, 0x00, 0x00,
    0x00, 0x00, 0x00, 0x00, 0x00, 0x00, 0x00, 0x00, 0x02, 0x03, 0x03, 0x03, 0x03, 0x03, 0x03, 0x03,
    0x04, 0x03, 0x28, 0x27, 0x03, 0x03, 0x00, 0x01, 0x00, 0x00, 0x03, 0x03, 0x03, 0x02, 0x00, 0x00,
    0x00, 0x00, 0x00, 0x00, 0x00, 0x00, 0x00, 0x00, 0x00, 0x00, 0x00, 0x00, 0x00, 0x00, 0x00, 0x00,
    0x00, 0x00, 0x00, 0x00, 0x72, 0xE7, 0xDC, 0x54, 0x00, 0x00, 0x00, 0x00, 0x00, 0x00, 0x00, 0x00,
    0x00, 0x00, 0x00, 0x00, 0x2D, 0x42, 0x42, 0x42, 0x42, 0x42, 0x42, 0x42, 0x42, 0x42, 0x44, 0x46,
    0x42, 0x6C, 0xFF, 0xCC, 0xDD, 0xFD, 0x54, 0x42, 0x43, 0x2D, 0x00, 0x00, 0x00, 0x00, 0x00, 0x00,
    0x00, 0x00, 0xF7, 0xFF, 0xFF, 0xFF, 0xFF, 0xFF, 0xFF, 0xFF, 0xFF, 0xFF, 0xFF, 0xFF, 0xFF, 0xFF,
    0xF8, 0x00, 0x2F, 0xFF, 0xFF, 0xFF, 0xFF, 0xF7, 0x00, 0x00, 0x00, 0x00, 0x00, 0x00, 0x00, 0x00,
    0x38, 0x50, 0x4F, 0x4F, 0x4F, 0x4F, 0x4F, 0x4F, 0x4F, 0x4F, 0x4F, 0x51, 0x4F, 0x77, 0xFF, 0xBA,
    0xCD, 0xFC, 0x61, 0x4F, 0x51, 0x38, 0x00, 0x00, 0x00, 0x00, 0x00, 0x00, 0x00, 0x00, 0x00, 0x00,
    0x00, 0x00, 0x00, 0x00, 0x00, 0x00, 0x00, 0x00, 0x00, 0x00, 0x00, 0x00, 0x89, 0xFF, 0xF8, 0x67,
    0x00, 0x00, 0x00, 0x00, 0x00, 0x00, 0x00, 0x00, 0x00, 0x00, 0x00, 0x00, 0x00, 0x00, 0x00, 0x00,
    0x00, 0x00, 0x00, 0x00, 0x00, 0x00, 0x00, 0x00, 0x00, 0x00, 0x00, 0x00, 0x00, 0x00, 0x00, 0x00,
    0x00, 0x00, 0x00, 0x00, 0x00, 0x00, 0x00, 0x00, 0x00, 0x00, 0x00, 0x00, 0x00, 0x00, 0x00, 0x00,
    0x00, 0x00, 0x00, 0x00, 0x00, 0x00, 0x00, 0x00, 0x00, 0x00, 0x00, 0x00, 0x00, 0x00, 0x00, 0x00,
    0x00, 0x00, 0x00, 0x00,
};

const lv_image_dsc_t icon_brightness = {
    .header = {
        .magic = LV_IMAGE_HEADER_MAGIC,
        .cf = LV_COLOR_FORMAT_A8,
        .flags = 0,
        .w = 30,
        .h = 30,
        .stride = 30,
        .reserved_2 = 0,
    },
    .data_size = 900,
    .data = icon_brightness_data,
    .reserved = nullptr,
    .reserved_2 = nullptr,
};

alignas(4) static const uint8_t icon_zoom_in_data[] = {
    0x00, 0x00, 0x00, 0x00, 0x00, 0x00, 0x00, 0x00, 0x00, 0x00, 0x00, 0x00, 0x00, 0x00, 0x00, 0x00,
    0x00, 0x00, 0x00, 0x00, 0x00, 0x00, 0x00, 0x00, 0x00, 0x00, 0x00, 0x00, 0x00, 0x00, 0x00, 0x00,
    0x00, 0x00, 0x03, 0x00, 0x00, 0x2C, 0x83, 0xC7, 0xEE, 0xFE, 0xF9, 0xDE, 0xAA, 0x5A, 0x09, 0x00,
    0x02, 0x01, 0x00, 0x00, 0x00, 0x00, 0x00, 0x00, 0x00, 0x00, 0x00, 0x00, 0x00, 0x00, 0x00, 0x03,
    0x00, 0x19, 0x99, 0xF4, 0xFF, 0xFF, 0xFF, 0xFE, 0xFF, 0xFF, 0xFF, 0xFF, 0xD1, 0x57, 0x00, 0x01,
    0x01, 0x00, 0x00, 0x00, 0x00, 0x00, 0x00, 0x00, 0x00, 0x00, 0x00, 0x00, 0x03, 0x00, 0x3D, 0xE2,
    0xFF, 0xFF, 0xB8, 0x68, 0x39, 0x2A, 0x2E, 0x4B, 0x8C, 0xE1, 0xFF, 0xFF, 0x9A, 0x03, 0x02, 0x01,
    0x00, 0x00, 0x00, 0x00, 0x00, 0x00, 0x00, 0x00, 0x00, 0x03, 0x00, 0x3B, 0xF4, 0xFF, 0xCF, 0x41,
    0x00, 0x00, 0x00, 0x00, 0x00, 0x00, 0x00, 0x11, 0x85, 0xFE, 0xFF, 0xA8, 0x00, 0x03, 0x01, 0x00,
    0x00, 0x00, 0x00, 0x00, 0x00, 0x00, 0x00, 0x02, 0x17, 0xE6, 0xFF, 0xB9, 0x0E, 0x00, 0x03, 0x04,
    0x07, 0x66, 0x35, 0x03, 0x06, 0x00, 0x00, 0x55, 0xF7, 0xFF, 0x7E, 0x00, 0x03, 0x00, 0x00, 0x00,
    0x00, 0x00, 0x00, 0x00, 0x00, 0x00, 0x9B, 0xFF, 0xD2, 0x0C, 0x00, 0x04, 0x03, 0x00, 0x42, 0xFF,
    0xC6, 0x00, 0x02, 0x01, 0x06, 0x00, 0x64, 0xFF, 0xFA, 0x2B, 0x01, 0x02, 0x00, 0x00, 0x00, 0x00,
    0x00, 0x00, 0x00, 0x29, 0xF7, 0xFC, 0x3C, 0x00, 0x04, 0x00, 0x03, 0x00, 0x4D, 0xFB, 0xC7, 0x00,
    0x01, 0x00, 0x00, 0x05, 0x00, 0xB3, 0xFF, 0x9F, 0x00, 0x03, 0x00, 0x00, 0x00, 0x00, 0x00, 0x00,
    0x00, 0x85, 0xFF, 0xBA, 0x00, 0x03, 0x03, 0x03, 0x06, 0x03, 0x4D, 0xFF, 0xC7, 0x03, 0x04, 0x03,
    0x03, 0x05, 0x01, 0x3C, 0xFF, 0xEE, 0x12, 0x00, 0x01, 0x00, 0x00, 0x00, 0x00, 0x00, 0x00, 0xCA,
    0xFE, 0x65, 0x01, 0x03, 0x00, 0x00, 0x00, 0x00, 0x40, 0xFF, 0xC4, 0x00, 0x00, 0x00, 0x00, 0x00,
    0x01, 0x04, 0xDB, 0xFF, 0x45, 0x00, 0x03, 0x00, 0x00, 0x00, 0x00, 0x00, 0x00, 0xF0, 0xFF, 0x36,
    0x00, 0x06, 0x41, 0x4B, 0x4D, 0x4A, 0x80, 0xFF, 0xD8, 0x4B, 0x4C, 0x4A, 0x4B, 0x21, 0x01, 0x00,
    0xAA, 0xFE, 0x6C, 0x00, 0x04, 0x00, 0x00, 0x00, 0x00, 0x00, 0x00, 0xFF, 0xFE, 0x28, 0x00, 0x68,
    0xFF, 0xFF, 0xFF, 0xFF, 0xFF, 0xFF, 0xFF, 0xFF, 0xFF, 0xFF, 0xFF, 0xE9, 0x0A, 0x00, 0x96, 0xFF,
    0x7D, 0x00, 0x04, 0x00, 0x00, 0x00, 0x00, 0x00, 0x00, 0xFA, 0xFF, 0x2C, 0x00, 0x36, 0xBE, 0xC6,
    0xC7, 0xC7, 0xD8, 0xFF, 0xF3, 0xC7, 0xC7, 0xC5, 0xC7, 0x8C, 0x04, 0x01, 0x9D, 0xFF, 0x77, 0x00,
    0x04, 0x00, 0x00, 0x00, 0x00, 0x00, 0x00, 0xE1, 0xFF, 0x48, 0x01, 0x00, 0x00, 0x00, 0x00, 0x00,
    0x47, 0xFF, 0xC6, 0x00, 0x00, 0x00, 0x00, 0x00, 0x01, 0x00, 0xBF, 0xFF, 0x5B, 0x00, 0x04, 0x00,
    0x00, 0x00, 0x00, 0x00, 0x00, 0xAC, 0xFE, 0x8A, 0x00, 0x05, 0x02, 0x01, 0x04, 0x01, 0x4C, 0xFF,
    0xC7, 0x01, 0x02, 0x01, 0x01, 0x04, 0x01, 0x17, 0xF3, 0xFE, 0x2B, 0x00, 0x02, 0x00, 0x00, 0x00,
    0x00, 0x00, 0x00, 0x58, 0xFF, 0xE4, 0x0C, 0x02, 0x02, 0x00, 0x03, 0x00, 0x4A, 0xFD, 0xC5, 0x00,
    0x01, 0x00, 0x00, 0x05, 0x00, 0x72, 0xFF, 0xCE, 0x03, 0x01, 0x00, 0x00, 0x00, 0x00, 0x00, 0x00,
    0x00, 0x09, 0xD7, 0xFF, 0x87, 0x00, 0x06, 0x00, 0x03, 0x00, 0x4F, 0xFF, 0xD0, 0x00, 0x01, 0x00,
    0x03, 0x00, 0x17, 0xE8, 0xFF, 0x65, 0x00, 0x04, 0x00, 0x00, 0x00, 0x00, 0x00, 0x00, 0x00, 0x00,
    0x53, 0xFF, 0xFA, 0x54, 0x00, 0x04, 0x05, 0x01, 0x23, 0xDC, 0x8C, 0x00, 0x04, 0x05, 0x00, 0x06,
    0xBE, 0xFF, 0xCA, 0x08, 0x02, 0x01, 0x00, 0x00, 0x00, 0x00, 0x00, 0x00, 0x00, 0x03, 0x00, 0x9B,
    0xFF, 0xF8, 0x65, 0x00, 0x00, 0x00, 0x00, 0x09, 0x00, 0x01, 0x00, 0x00, 0x1C, 0xBB, 0xFF, 0xFC,
    0x49, 0x00, 0x05, 0x00, 0x00, 0x00, 0x00, 0x00, 0x00, 0x00, 0x00, 0x01, 0x03, 0x03, 0xA7, 0xFF,
    0xFF, 0xB0, 0x41, 0x07, 0x00, 0x00, 0x00, 0x00, 0x1C, 0x72, 0xE6, 0xFF, 0xFF, 0xFF, 0xD4, 0x21,
    0x00, 0x03, 0x00, 0x00, 0x00, 0x00, 0x00, 0x00, 0x00, 0x00, 0x01, 0x01, 0x00, 0x7F, 0xF7, 0xFF,
    0xFF, 0xDA, 0xAD, 0x98, 0x9F, 0xC0, 0xF3, 0xFF, 0xFF, 0xC9, 0x53, 0xD9, 0xFF, 0xDA, 0x20, 0x00,
    0x03, 0x00, 0x00, 0x00, 0x00, 0x00, 0x00, 0x00, 0x00, 0x01, 0x01, 0x00, 0x2F, 0x9D, 0xEA, 0xFF,
    0xFF, 0xFF, 0xFF, 0xFF, 0xFF, 0xCA, 0x68, 0x06, 0x00, 0x21, 0xDA, 0xFF, 0xDA, 0x20, 0x00, 0x03,
    0x00, 0x00, 0x00, 0x00, 0x00, 0x00, 0x00, 0x00, 0x00, 0x03, 0x00, 0x00, 0x14, 0x44, 0x6A, 0x7C,
    0x76, 0x5A, 0x2D, 0x00, 0x00, 0x00, 0x05, 0x00, 0x20, 0xDA, 0xFF, 0xDA, 0x20, 0x00, 0x03, 0x00,
    0x00, 0x00, 0x00, 0x00, 0x00, 0x00, 0x00, 0x00, 0x02, 0x03, 0x00, 0x00, 0x00, 0x00, 0x00, 0x00,
    0x00, 0x00, 0x03, 0x01, 0x00, 0x03, 0x00, 0x20, 0xDA, 0xFF, 0xDA, 0x21, 0x00, 0x04, 0x00, 0x00,
    0x00, 0x00, 0x00, 0x00, 0x00, 0x00, 0x00, 0x00, 0x01, 0x03, 0x04, 0x04, 0x04, 0x04, 0x02, 0x01,
    0x00, 0x00, 0x00, 0x00, 0x03, 0x00, 0x20, 0xDA, 0xFF, 0xDB, 0x1F, 0x00, 0x00, 0x00, 0x00, 0x00,
    0x00, 0x00, 0x00, 0x00, 0x00, 0x00, 0x00, 0x00, 0x00, 0x00, 0x00, 0x00, 0x00, 0x00, 0x00, 0x00,
    0x00, 0x00, 0x00, 0x03, 0x00, 0x20, 0xDB, 0xFF, 0xD9, 0x22, 0x00, 0x00, 0x00, 0x00, 0x00, 0x00,
    0x00, 0x00, 0x00, 0x00, 0x00, 0x00, 0x00, 0x00, 0x00, 0x00, 0x00, 0x00, 0x00, 0x00, 0x00, 0x00,
    0x00, 0x00, 0x03, 0x00, 0x20, 0xD6, 0xFF, 0xE3, 0x00, 0x00, 0x00, 0x00, 0x00, 0x00, 0x00, 0x00,
    0x00, 0x00, 0x00, 0x00, 0x00, 0x00, 0x00, 0x00, 0x00, 0x00, 0x00, 0x00, 0x00, 0x00, 0x00, 0x00,
    0x00, 0x04, 0x00, 0x22, 0xDF, 0xDA, 0x00, 0x00, 0x00, 0x00, 0x00, 0x00, 0x00, 0x00, 0x00, 0x00,
    0x00, 0x00, 0x00, 0x00, 0x00, 0x00, 0x00, 0x00, 0x00, 0x00, 0x00, 0x00, 0x00, 0x00, 0x00, 0x00,
    0x00, 0x00, 0x00, 0x00, 0x00, 0x00, 0x00, 0x00, 0x00, 0x00, 0x00, 0x00, 0x00, 0x00, 0x00, 0x00,
    0x00, 0x00, 0x00, 0x00, 0x00, 0x00, 0x00, 0x00, 0x00, 0x00, 0x00, 0x00, 0x00, 0x00, 0x00, 0x00,
    0x00, 0x00, 0x00, 0x00,
};

const lv_image_dsc_t icon_zoom_in = {
    .header = {
        .magic = LV_IMAGE_HEADER_MAGIC,
        .cf = LV_COLOR_FORMAT_A8,
        .flags = 0,
        .w = 30,
        .h = 30,
        .stride = 30,
        .reserved_2 = 0,
    },
    .data_size = 900,
    .data = icon_zoom_in_data,
    .reserved = nullptr,
    .reserved_2 = nullptr,
};

alignas(4) static const uint8_t icon_zoom_out_data[] = {
    0x00, 0x00, 0x00, 0x00, 0x00, 0x00, 0x00, 0x00, 0x00, 0x00, 0x00, 0x00, 0x00, 0x00, 0x00, 0x00,
    0x00, 0x00, 0x00, 0x00, 0x00, 0x00, 0x00, 0x00, 0x00, 0x00, 0x00, 0x00, 0x00, 0x00, 0x00, 0x00,
    0x00, 0x00, 0x00, 0x03, 0x00, 0x06, 0x58, 0xB0, 0xEB, 0xFF, 0xFF, 0xF2, 0xBD, 0x68, 0x11, 0x00,
    0x02, 0x01, 0x00, 0x00, 0x00, 0x00, 0x00, 0x00, 0x00, 0x00, 0x00, 0x00, 0x00, 0x00, 0x00, 0x00,
    0x02, 0x00, 0x4B, 0xD0, 0xFF, 0xFF, 0xE8, 0xCB, 0xC9, 0xE3, 0xFF, 0xFF, 0xE2, 0x62, 0x00, 0x01,
    0x01, 0x00, 0x00, 0x00, 0x00, 0x00, 0x00, 0x00, 0x00, 0x00, 0x00, 0x00, 0x00, 0x03, 0x00, 0x80,
    0xFF, 0xFF, 0x98, 0x37, 0x09, 0x00, 0x00, 0x05, 0x2C, 0x84, 0xF8, 0xFF, 0x9F, 0x03, 0x02, 0x01,
    0x00, 0x00, 0x00, 0x00, 0x00, 0x00, 0x00, 0x00, 0x00, 0x00, 0x03, 0x00, 0x7E, 0xFF, 0xDA, 0x38,
    0x00, 0x00, 0x00, 0x01, 0x01, 0x00, 0x00, 0x00, 0x24, 0xC1, 0xFF, 0xA2, 0x00, 0x03, 0x00, 0x00,
    0x00, 0x00, 0x00, 0x00, 0x00, 0x00, 0x00, 0x00, 0x00, 0x42, 0xFF, 0xDB, 0x1C, 0x00, 0x05, 0x02,
    0x01, 0x00, 0x00, 0x01, 0x02, 0x05, 0x00, 0x09, 0xBE, 0xFF, 0x6A, 0x00, 0x03, 0x00, 0x00, 0x00,
    0x00, 0x00, 0x00, 0x00, 0x00, 0x00, 0x05, 0xD2, 0xFC, 0x35, 0x00, 0x05, 0x00, 0x00, 0x00, 0x00,
    0x00, 0x00, 0x00, 0x00, 0x04, 0x00, 0x18, 0xEB, 0xF0, 0x15, 0x00, 0x01, 0x00, 0x00, 0x00, 0x00,
    0x00, 0x00, 0x00, 0x00, 0x4F, 0xFF, 0x9E, 0x00, 0x05, 0x00, 0x00, 0x00, 0x00, 0x00, 0x00, 0x00,
    0x00, 0x00, 0x00, 0x05, 0x00, 0x72, 0xFF, 0x73, 0x00, 0x04, 0x00, 0x00, 0x00, 0x00, 0x00, 0x00,
    0x00, 0x00, 0xAB, 0xFF, 0x35, 0x01, 0x04, 0x03, 0x02, 0x02, 0x02, 0x02, 0x02, 0x02, 0x02, 0x02,
    0x03, 0x03, 0x01, 0x15, 0xF9, 0xCA, 0x00, 0x01, 0x00, 0x00, 0x00, 0x00, 0x00, 0x00, 0x00, 0x00,
    0xE8, 0xED, 0x08, 0x00, 0x00, 0x00, 0x00, 0x00, 0x00, 0x00, 0x00, 0x00, 0x00, 0x00, 0x00, 0x00,
    0x02, 0x00, 0xCB, 0xFA, 0x0F, 0x00, 0x01, 0x00, 0x00, 0x00, 0x00, 0x00, 0x00, 0x00, 0xFF, 0xCD,
    0x00, 0x00, 0x22, 0xB5, 0xBF, 0xBF, 0xC0, 0xC0, 0xC0, 0xC0, 0xBF, 0xBE, 0xBC, 0x3B, 0x01, 0x01,
    0xA6, 0xFF, 0x23, 0x00, 0x02, 0x00, 0x00, 0x00, 0x00, 0x00, 0x00, 0x00, 0xFF, 0xC9, 0x00, 0x00,
    0x37, 0xF9, 0xFE, 0xFF, 0xFF, 0xFF, 0xFF, 0xFF, 0xFF, 0xFD, 0xFE, 0x5A, 0x00, 0x00, 0xA2, 0xFF,
    0x25, 0x00, 0x02, 0x00, 0x00, 0x00, 0x00, 0x00, 0x00, 0x00, 0xF3, 0xE2, 0x03, 0x00, 0x00, 0x0D,
    0x14, 0x13, 0x14, 0x14, 0x14, 0x14, 0x13, 0x14, 0x10, 0x00, 0x02, 0x00, 0xBD, 0xFE, 0x16, 0x00,
    0x02, 0x00, 0x00, 0x00, 0x00, 0x00, 0x00, 0x00, 0xC0, 0xFE, 0x23, 0x01, 0x03, 0x00, 0x00, 0x00,
    0x00, 0x00, 0x00, 0x00, 0x00, 0x00, 0x00, 0x02, 0x01, 0x09, 0xF0, 0xDC, 0x02, 0x01, 0x00, 0x00,
    0x00, 0x00, 0x00, 0x00, 0x00, 0x00, 0x6B, 0xFF, 0x7B, 0x00, 0x04, 0x01, 0x01, 0x01, 0x01, 0x01,
    0x01, 0x01, 0x01, 0x01, 0x01, 0x04, 0x00, 0x4F, 0xFF, 0x8F, 0x00, 0x04, 0x00, 0x00, 0x00, 0x00,
    0x00, 0x00, 0x00, 0x00, 0x13, 0xEC, 0xEB, 0x14, 0x01, 0x03, 0x00, 0x00, 0x00, 0x00, 0x00, 0x00,
    0x00, 0x00, 0x01, 0x03, 0x02, 0xCF, 0xFE, 0x2B, 0x00, 0x02, 0x00, 0x00, 0x00, 0x00, 0x00, 0x00,
    0x00, 0x00, 0x00, 0x6C, 0xFF, 0xAF, 0x00, 0x00, 0x04, 0x01, 0x00, 0x00, 0x00, 0x00, 0x00, 0x03,
    0x02, 0x00, 0x8D, 0xFF, 0x98, 0x00, 0x03, 0x00, 0x00, 0x00, 0x00, 0x00, 0x00, 0x00, 0x00, 0x00,
    0x03, 0x02, 0xB4, 0xFF, 0xA4, 0x0B, 0x00, 0x00, 0x03, 0x04, 0x04, 0x03, 0x00, 0x00, 0x00, 0x86,
    0xFF, 0xCA, 0x10, 0x02, 0x01, 0x00, 0x00, 0x00, 0x00, 0x00, 0x00, 0x00, 0x00, 0x00, 0x01, 0x01,
    0x0D, 0xBB, 0xFF, 0xD6, 0x52, 0x08, 0x00, 0x00, 0x00, 0x00, 0x02, 0x40, 0xC0, 0xFF, 0xFD, 0x4C,
    0x00, 0x05, 0x00, 0x00, 0x00, 0x00, 0x00, 0x00, 0x00, 0x00, 0x00, 0x00, 0x00, 0x01, 0x00, 0x06,
    0x8C, 0xFF, 0xFF, 0xE4, 0xA7, 0x83, 0x80, 0x9F, 0xD9, 0xFF, 0xFF, 0xBF, 0xFE, 0xE2, 0x29, 0x00,
    0x03, 0x00, 0x00, 0x00, 0x00, 0x00, 0x00, 0x00, 0x00, 0x00, 0x00, 0x00, 0x01, 0x00, 0x00, 0x31,
    0x99, 0xE9, 0xFF, 0xFF, 0xFF, 0xFF, 0xF2, 0xA9, 0x43, 0x00, 0x6F, 0xFF, 0xDE, 0x21, 0x00, 0x03,
    0x00, 0x00, 0x00, 0x00, 0x00, 0x00, 0x00, 0x00, 0x00, 0x00, 0x00, 0x01, 0x03, 0x00, 0x00, 0x09,
    0x2A, 0x41, 0x43, 0x2F, 0x0E, 0x00, 0x00, 0x03, 0x00, 0x78, 0xFF, 0xD7, 0x1B, 0x00, 0x03, 0x00,
    0x00, 0x00, 0x00, 0x00, 0x00, 0x00, 0x00, 0x00, 0x00, 0x00, 0x00, 0x02, 0x03, 0x00, 0x00, 0x00,
    0x00, 0x00, 0x00, 0x03, 0x03, 0x01, 0x04, 0x00, 0x82, 0xFF, 0xD0, 0x15, 0x00, 0x02, 0x00, 0x00,
    0x00, 0x00, 0x00, 0x00, 0x00, 0x00, 0x00, 0x00, 0x00, 0x00, 0x00, 0x01, 0x02, 0x03, 0x03, 0x02,
    0x01, 0x00, 0x00, 0x00, 0x01, 0x04, 0x00, 0x8B, 0xFF, 0xC8, 0x10, 0x00, 0x02, 0x00, 0x00, 0x00,
    0x00, 0x00, 0x00, 0x00, 0x00, 0x00, 0x00, 0x00, 0x00, 0x00, 0x00, 0x00, 0x00, 0x00, 0x00, 0x00,
    0x00, 0x00, 0x00, 0x01, 0x04, 0x00, 0x95, 0xFF, 0xC0, 0x0A, 0x00, 0x00, 0x00, 0x00, 0x00, 0x00,
    0x00, 0x00, 0x00, 0x00, 0x00, 0x00, 0x00, 0x00, 0x00, 0x00, 0x00, 0x00, 0x00, 0x00, 0x00, 0x00,
    0x00, 0x00, 0x01, 0x03, 0x00, 0xA0, 0xFF, 0xB5, 0x07, 0x00, 0x00, 0x00, 0x00, 0x00, 0x00, 0x00,
    0x00, 0x00, 0x00, 0x00, 0x00, 0x00, 0x00, 0x00, 0x00, 0x00, 0x00, 0x00, 0x00, 0x00, 0x00, 0x00,
    0x00, 0x01, 0x02, 0x01, 0xA6, 0xFF, 0xBB, 0x00, 0x00, 0x00, 0x00, 0x00, 0x00, 0x00, 0x00, 0x00,
    0x00, 0x00, 0x00, 0x00, 0x00, 0x00, 0x00, 0x00, 0x00, 0x00, 0x00, 0x00, 0x00, 0x00, 0x00, 0x00,
    0x02, 0x01, 0x04, 0xBE, 0xED, 0x00, 0x00, 0x00, 0x00, 0x00, 0x00, 0x00, 0x00, 0x00, 0x00, 0x00,
    0x00, 0x00, 0x00, 0x00, 0x00, 0x00, 0x00, 0x00, 0x00, 0x00, 0x00, 0x00, 0x00, 0x00, 0x00, 0x00,
    0x00, 0x00, 0x00, 0x00, 0x00, 0x00, 0x00, 0x00, 0x00, 0x00, 0x00, 0x00, 0x00, 0x00, 0x00, 0x00,
    0x00, 0x00, 0x00, 0x00, 0x00, 0x00, 0x00, 0x00, 0x00, 0x00, 0x00, 0x00, 0x00, 0x00, 0x00, 0x00,
    0x00, 0x00, 0x00, 0x00,
};

const lv_image_dsc_t icon_zoom_out = {
    .header = {
        .magic = LV_IMAGE_HEADER_MAGIC,
        .cf = LV_COLOR_FORMAT_A8,
        .flags = 0,
        .w = 30,
        .h = 30,
        .stride = 30,
        .reserved_2 = 0,
    },
    .data_size = 900,
    .data = icon_zoom_out_data,
    .reserved = nullptr,
    .reserved_2 = nullptr,
};

alignas(4) static const uint8_t icon_settings_data[] = {
    0x00, 0x00, 0x00, 0x00, 0x00, 0x00, 0x00, 0x00, 0x00, 0x00, 0x00, 0x00, 0x00, 0x00, 0x00, 0x00,
    0x00, 0x00, 0x00, 0x00, 0x00, 0x00, 0x00, 0x00, 0x00, 0x00, 0x00, 0x00, 0x00, 0x00, 0x00, 0x00,
    0x00, 0x00, 0x00, 0x00, 0x00, 0x00, 0x00, 0x00, 0x00, 0x00, 0x00, 0x00, 0x00, 0x00, 0x00, 0x00,
    0x00, 0x00, 0x00, 0x00, 0x00, 0x00, 0x00, 0x00, 0x00, 0x00, 0x00, 0x00, 0x00, 0x00, 0x00, 0x00,
    0x00, 0x00, 0x00, 0x00, 0x00, 0x00, 0x00, 0x00, 0x00, 0x00, 0x00, 0x00, 0x00, 0x00, 0x00, 0x00,
    0x00, 0x00, 0x00, 0x00, 0x00, 0x00, 0x00, 0x00, 0x00, 0x00, 0x00, 0x00, 0x00, 0x00, 0x00, 0x00,
    0x00, 0x00, 0x00, 0x00, 0x00, 0x00, 0x00, 0x00, 0x00, 0x00, 0x00, 0x00, 0x00, 0x00, 0x00, 0x00,
    0x00, 0x00, 0x00, 0x00, 0x00, 0x00, 0x00, 0x00, 0x00, 0x00, 0x00, 0x00, 0x00, 0x00, 0x00, 0x00,
    0x00, 0x00, 0x00, 0x00, 0x00, 0x00, 0x00, 0x00, 0x00, 0x00, 0x00, 0x00, 0x00, 0x00, 0x00, 0x00,
    0x00, 0x00, 0x00, 0x00, 0x00, 0x00, 0x00, 0x00, 0x00, 0x00, 0x00, 0x00, 0x00, 0x00, 0x00, 0x00,
    0x00, 0x00, 0x00, 0x00, 0x00, 0x00, 0x00, 0x00, 0x00, 0x00, 0x00, 0x00, 0x00, 0x00, 0x00, 0x00,
    0x00, 0x00, 0x00, 0x00, 0x00, 0x00, 0x00, 0x00, 0x00, 0x00, 0x00, 0x00, 0x00, 0x00, 0x00, 0x00,
    0x00, 0x00, 0x00, 0x00, 0x00, 0x00, 0x00, 0x00, 0x00, 0x00, 0x00, 0x00, 0x00, 0x00, 0x00, 0x00,
    0x00, 0x00, 0x00, 0x00, 0x00, 0x00, 0x00, 0x00, 0x02, 0x01, 0x1E, 0xD3, 0xFD, 0xFD, 0xFE, 0xFE,
    0xFE, 0xFD, 0xFD, 0xD4, 0x1F, 0x01, 0x02, 0x00, 0x00, 0x00, 0x00, 0x00, 0x00, 0x00, 0x00, 0x00,
    0x00, 0x00, 0x00, 0x00, 0x00, 0x00, 0x00, 0x00, 0x00, 0x00, 0x00, 0x00, 0x00, 0x00, 0x00, 0x00,
    0x00, 0x00, 0x00, 0x00, 0x00, 0x00, 0x00, 0x00, 0x00, 0x00, 0x00, 0x00, 0x00, 0x00, 0x00, 0x00,
    0x00, 0x00, 0x00, 0x00, 0x00, 0x00, 0x00, 0x00, 0x04, 0x00, 0x80, 0xFF, 0xFB, 0xFF, 0xFF, 0xFF,
    0xFF, 0xFF, 0xFB, 0xFF, 0x81, 0x00, 0x04, 0x00, 0x00, 0x00, 0x00, 0x00, 0x00, 0x00, 0x00, 0x00,
    0x00, 0x00, 0x00, 0x00, 0x00, 0x00, 0x00, 0x00, 0x00, 0x00, 0x00, 0x00, 0x00, 0x00, 0x00, 0x00,
    0x00, 0x00, 0x00, 0x00, 0x00, 0x00, 0x00, 0x00, 0x00, 0x00, 0x00, 0x00, 0x00, 0x00, 0x00, 0x00,
    0x00, 0x00, 0x00, 0x00, 0x00, 0x00, 0x01, 0x03, 0x06, 0x00, 0xBE, 0xFE, 0xFC, 0xFF, 0xFF, 0xFF,
    0xFF, 0xFF, 0xFC, 0xFE, 0xC0, 0x00, 0x06, 0x03, 0x01, 0x00, 0x00, 0x00, 0x00, 0x00, 0x00, 0x00,
    0x00, 0x00, 0x00, 0x00, 0x00, 0x00, 0x00, 0x00, 0x00, 0x00, 0x00, 0x00, 0x00, 0x00, 0x00, 0x00,
    0x00, 0x00, 0x00, 0x00, 0x00, 0x00, 0x00, 0x00, 0x00, 0x00, 0x00, 0x00, 0x00, 0x00, 0x03, 0x03,
    0x00, 0x00, 0x00, 0x00, 0x01, 0x04, 0x00, 0x00, 0x00, 0x0B, 0xED, 0xFF, 0xFE, 0xFF, 0xFF, 0xFF,
    0xFF, 0xFF, 0xFE, 0xFF, 0xEE, 0x0C, 0x00, 0x00, 0x00, 0x04, 0x01, 0x00, 0x00, 0x00, 0x00, 0x03,
    0x03, 0x00, 0x00, 0x00, 0x00, 0x00, 0x00, 0x00, 0x00, 0x00, 0x00, 0x00, 0x00, 0x00, 0x00, 0x00,
    0x00, 0x00, 0x00, 0x00, 0x00, 0x00, 0x00, 0x00, 0x00, 0x00, 0x00, 0x00, 0x00, 0x01, 0x00, 0x00,
    0x00, 0x02, 0x01, 0x03, 0x00, 0x00, 0x01, 0x3D, 0x85, 0xCC, 0xFF, 0xFE, 0xFF, 0xFF, 0xFF, 0xFF,
    0xFF, 0xFF, 0xFF, 0xFE, 0xFF, 0xCC, 0x86, 0x3D, 0x02, 0x00, 0x00, 0x03, 0x01, 0x02, 0x01, 0x00,
    0x00, 0x01, 0x00, 0x00, 0x00, 0x00, 0x00, 0x00, 0x00, 0x00, 0x00, 0x00, 0x00, 0x00, 0x00, 0x00,
    0x00, 0x00, 0x00, 0x00, 0x00, 0x00, 0x00, 0x00, 0x00, 0x00, 0x00, 0x01, 0x01, 0x00, 0x50, 0x4D,
    0x00, 0x00, 0x00, 0x00, 0x12, 0x71, 0xD0, 0xFF, 0xFF, 0xFF, 0xFF, 0xFF, 0xFF, 0xFF, 0xFF, 0xFF,
    0xFF, 0xFF, 0xFF, 0xFF, 0xFF, 0xFF, 0xFF, 0xFF, 0xD1, 0x72, 0x13, 0x00, 0x00, 0x00, 0x00, 0x4C,
    0x50, 0x00, 0x01, 0x01, 0x00, 0x00, 0x00, 0x00, 0x00, 0x00, 0x00, 0x00, 0x00, 0x00, 0x00, 0x00,
    0x00, 0x00, 0x00, 0x00, 0x00, 0x00, 0x00, 0x00, 0x00, 0x00, 0x01, 0x03, 0x00, 0x99, 0xFF, 0xFF,
    0xBE, 0x34, 0x0A, 0x75, 0xE5, 0xFF, 0xFF, 0xFE, 0xFB, 0xFD, 0xFF, 0xFF, 0xFF, 0xFF, 0xFF, 0xFF,
    0xFF, 0xFF, 0xFF, 0xFF, 0xFF, 0xFD, 0xFB, 0xFE, 0xFF, 0xFF, 0xE6, 0x76, 0x0A, 0x34, 0xBD, 0xFF,
    0xFF, 0x9A, 0x00, 0x02, 0x01, 0x00, 0x00, 0x00, 0x00, 0x00, 0x00, 0x00, 0x00, 0x00, 0x00, 0x00,
    0x00, 0x00, 0x00, 0x00, 0x00, 0x00, 0x00, 0x00, 0x00, 0x01, 0x03, 0x00, 0x9A, 0xFF, 0xFA, 0xFC,
    0xFF, 0xF9, 0xDD, 0xFF, 0xFF, 0xFB, 0xFD, 0xFF, 0xFF, 0xFF, 0xFF, 0xFF, 0xFF, 0xFF, 0xFF, 0xFF,
    0xFF, 0xFF, 0xFF, 0xFF, 0xFF, 0xFF, 0xFF, 0xFF, 0xFD, 0xFB, 0xFF, 0xFF, 0xDE, 0xF9, 0xFF, 0xFC,
    0xFA, 0xFF, 0x9C, 0x00, 0x03, 0x01, 0x00, 0x00, 0x00, 0x00, 0x00, 0x00, 0x00, 0x00, 0x00, 0x00,
    0x00, 0x00, 0x00, 0x00, 0x00, 0x00, 0x00, 0x00, 0x01, 0x03, 0x00, 0x9A, 0xFF, 0xFA, 0xFF, 0xFF,
    0xFC, 0xFF, 0xFF, 0xFC, 0xFE, 0xFF, 0xFF, 0xFF, 0xFF, 0xFF, 0xFF, 0xFF, 0xFF, 0xFF, 0xFF, 0xFF,
    0xFF, 0xFF, 0xFF, 0xFF, 0xFF, 0xFF, 0xFF, 0xFF, 0xFF, 0xFF, 0xFE, 0xFC, 0xFF, 0xFF, 0xFC, 0xFF,
    0xFF, 0xFA, 0xFF, 0x9C, 0x00, 0x03, 0x01, 0x00, 0x00, 0x00, 0x00, 0x00, 0x00, 0x00, 0x00, 0x00,
    0x00, 0x00, 0x00, 0x00, 0x00, 0x00, 0x00, 0x01, 0x02, 0x00, 0x9A, 0xFF, 0xFA, 0xFF, 0xFF, 0xFF,
    0xFF, 0xFE, 0xFD, 0xFF, 0xFF, 0xFF, 0xFF, 0xFF, 0xFF, 0xFF, 0xFF, 0xFF, 0xFF, 0xFF, 0xFF, 0xFF,
    0xFF, 0xFF, 0xFF, 0xFF, 0xFF, 0xFF, 0xFF, 0xFF, 0xFF, 0xFF, 0xFF, 0xFF, 0xFD, 0xFE, 0xFF, 0xFF,
    0xFF, 0xFF, 0xFA, 0xFF, 0x9C, 0x00, 0x02, 0x01, 0x00, 0x00, 0x00, 0x00, 0x00, 0x00, 0x00, 0x00,
    0x00, 0x00, 0x00, 0x00, 0x00, 0x00, 0x00, 0x02, 0x01, 0x99, 0xFF, 0xFA, 0xFF, 0xFF, 0xFF, 0xFF,
    0xFF, 0xFF, 0xFF, 0xFF, 0xFF, 0xFF, 0xFF, 0xFF, 0xFF, 0xFF, 0xFF, 0xFF, 0xFF, 0xFF, 0xFF, 0xFF,
    0xFF, 0xFF, 0xFF, 0xFF, 0xFF, 0xFF, 0xFF, 0xFF, 0xFF, 0xFF, 0xFF, 0xFF, 0xFF, 0xFF, 0xFF, 0xFF,
    0xFF, 0xFF, 0xFF, 0xFA, 0xFF, 0x9B, 0x02, 0x02, 0x00, 0x00, 0x00, 0x00, 0x00, 0x00, 0x00, 0x00,
    0x00, 0x00, 0x00, 0x00, 0x00, 0x00, 0x03, 0x00, 0x4F, 0xFF, 0xFA, 0xFF, 0xFF, 0xFF, 0xFF, 0xFF,
    0xFF, 0xFF, 0xFF, 0xFF, 0xFF, 0xFF, 0xFF, 0xFF, 0xFF, 0xFF, 0xFF, 0xFE, 0xFC, 0xFB, 0xFB, 0xFB,
    0xFB, 0xFB, 0xFC, 0xFE, 0xFF, 0xFF, 0xFF, 0xFF, 0xFF, 0xFF, 0xFF, 0xFF, 0xFF, 0xFF, 0xFF, 0xFF,
    0xFF, 0xFF, 0xFF, 0xFF, 0xFA, 0xFF, 0x51, 0x00, 0x03, 0x00, 0x00, 0x00, 0x00, 0x00, 0x00, 0x00,
    0x00, 0x00, 0x00, 0x00, 0x00, 0x00, 0x03, 0x00, 0x4C, 0xFF, 0xFC, 0xFF, 0xFF, 0xFF, 0xFF, 0xFF,
    0xFF, 0xFF, 0xFF, 0xFF, 0xFF, 0xFF, 0xFF, 0xFF, 0xFF, 0xFC, 0xFC, 0xFF, 0xFF, 0xFF, 0xFF, 0xFF,
    0xFF, 0xFF, 0xFF, 0xFF, 0xFC, 0xFC, 0xFF, 0xFF, 0xFF, 0xFF, 0xFF, 0xFF, 0xFF, 0xFF, 0xFF, 0xFF,
    0xFF, 0xFF, 0xFF, 0xFF, 0xFC, 0xFF, 0x4E, 0x00, 0x03, 0x00, 0x00, 0x00, 0x00, 0x00, 0x00, 0x00,
    0x00, 0x00, 0x00, 0x00, 0x00, 0x00, 0x00, 0x02, 0x02, 0xC2, 0xFF, 0xFC, 0xFF, 0xFF, 0xFF, 0xFF,
    0xFF, 0xFF, 0xFF, 0xFF, 0xFF, 0xFF, 0xFF, 0xFD, 0xFE, 0xFF, 0xFF, 0xF1, 0xC5, 0x9F, 0x86, 0x7C,
    0x86, 0x9E, 0xC4, 0xF0, 0xFF, 0xFF, 0xFF, 0xFC, 0xFF, 0xFF, 0xFF, 0xFF, 0xFF, 0xFF, 0xFF, 0xFF,
    0xFF, 0xFF, 0xFF, 0xFC, 0xFF, 0xC4, 0x02, 0x02, 0x00, 0x00, 0x00, 0x00, 0x00, 0x00, 0x00, 0x00,
    0x00, 0x00, 0x00, 0x00, 0x00, 0x00, 0x00, 0x02, 0x00, 0x2F, 0xF2, 0xFD, 0xFE, 0xFF, 0xFF, 0xFF,
    0xFF, 0xFF, 0xFF, 0xFF, 0xFF, 0xFF, 0xFC, 0xFF, 0xFF, 0xB8, 0x5B, 0x19, 0x00, 0x00, 0x00, 0x00,
    0x00, 0x00, 0x00, 0x17, 0x57, 0xB4, 0xFF, 0xFF, 0xFC, 0xFF, 0xFF, 0xFF, 0xFF, 0xFF, 0xFF, 0xFF,
    0xFF, 0xFF, 0xFE, 0xFD, 0xF2, 0x30, 0x00, 0x02, 0x00, 0x00, 0x00, 0x00, 0x00, 0x00, 0x00, 0x00,
    0x00, 0x00, 0x00, 0x00, 0x00, 0x00, 0x00, 0x01, 0x02, 0x03, 0xDD, 0xFF, 0xFD, 0xFF, 0xFF, 0xFF,
    0xFF, 0xFF, 0xFF, 0xFF, 0xFE, 0xFD, 0xFF, 0xC4, 0x3F, 0x00, 0x00, 0x00, 0x02, 0x00, 0x00, 0x00,
    0x00, 0x00, 0x02, 0x00, 0x00, 0x00, 0x3B, 0xBF, 0xFF, 0xFE, 0xFE, 0xFF, 0xFF, 0xFF, 0xFF, 0xFF,
    0xFF, 0xFF, 0xFD, 0xFF, 0xDE, 0x04, 0x02, 0x01, 0x00, 0x00, 0x00, 0x00, 0x00, 0x00, 0x00, 0x00,
    0x00, 0x00, 0x00, 0x00, 0x00, 0x00, 0x00, 0x04, 0x00, 0x74, 0xFF, 0xFC, 0xFF, 0xFF, 0xFF, 0xFF,
    0xFF, 0xFF, 0xFF, 0xFE, 0xFE, 0xFF, 0x7E, 0x01, 0x00, 0x05, 0x00, 0x00, 0x00, 0x13, 0x29, 0x33,
    0x29, 0x13, 0x00, 0x00, 0x04, 0x02, 0x00, 0x00, 0x78, 0xFF, 0xFF, 0xFE, 0xFF, 0xFF, 0xFF, 0xFF,
    0xFF, 0xFF, 0xFF, 0xFC, 0xFF, 0x76, 0x00, 0x03, 0x00, 0x00, 0x00, 0x00, 0x00, 0x00, 0x00, 0x00,
    0x00, 0x00, 0x00, 0x00, 0x00, 0x00, 0x01, 0x01, 0x0F, 0xEA, 0xFE, 0xFD, 0xFF, 0xFF, 0xFF, 0xFF,
    0xFF, 0xFF, 0xFE, 0xFD, 0xFB, 0x57, 0x00, 0x04, 0x02, 0x00, 0x20, 0x7A, 0xC5, 0xED, 0xFE, 0xFF,
    0xFE, 0xEC, 0xC4, 0x36, 0x00, 0x02, 0x03, 0x02, 0x00, 0x52, 0xF9, 0xFD, 0xFE, 0xFF, 0xFF, 0xFF,
    0xFF, 0xFF, 0xFF, 0xFD, 0xFE, 0xEB, 0x10, 0x01, 0x01, 0x00, 0x00, 0x00, 0x00, 0x00, 0x00, 0x00,
    0x00, 0x00, 0x00, 0x00, 0x00, 0x00, 0x04, 0x00, 0x70, 0xFF, 0xFB, 0xFF, 0xFF, 0xFF, 0xFF, 0xFF,
    0xFF, 0xFE, 0xFC, 0xFF, 0x57, 0x00, 0x08, 0x00, 0x09, 0x86, 0xF2, 0xFF, 0xFF, 0xFF, 0xFF, 0xFE,
    0xFF, 0xFF, 0xFF, 0xC4, 0x00, 0x03, 0x00, 0x00, 0x05, 0x00, 0x51, 0xFE, 0xFC, 0xFE, 0xFF, 0xFF,
    0xFF, 0xFF, 0xFF, 0xFF, 0xFB, 0xFF, 0x71, 0x00, 0x04, 0x00, 0x00, 0x00, 0x00, 0x00, 0x00, 0x00,
    0x00, 0x00, 0x00, 0x00, 0x00, 0x00, 0x01, 0x03, 0xD5, 0xFE, 0xFD, 0xFF, 0xFF, 0xFF, 0xFF, 0xFF,
    0xFF, 0xFC, 0xFF, 0x7E, 0x00, 0x08, 0x00, 0x22, 0xCC, 0xFF, 0xFF, 0xFB, 0xFC, 0xFE, 0xFE, 0xFF,
    0xFF, 0xF8, 0xFF, 0x98, 0x00, 0x03, 0x00, 0x00, 0x00, 0x05, 0x00, 0x79, 0xFF, 0xFC, 0xFF, 0xFF,
    0xFF, 0xFF, 0xFF, 0xFF, 0xFD, 0xFE, 0xD6, 0x03, 0x01, 0x00, 0x00, 0x00, 0x00, 0x00, 0x00, 0x00,
    0x00, 0x00, 0x00, 0x00, 0x00, 0x03, 0x01, 0x3A, 0xFF, 0xFD, 0xFF, 0xFF, 0xFF, 0xFF, 0xFF, 0xFF,
    0xFC, 0xFF, 0xC8, 0x00, 0x06, 0x00, 0x20, 0xE1, 0xFF, 0xFA, 0xFE, 0xFF, 0xFF, 0xFF, 0xFF, 0xFF,
    0xFB, 0xFF, 0xB9, 0x0A, 0x02, 0x01, 0x00, 0x00, 0x00, 0x01, 0x04, 0x00, 0xC5, 0xFF, 0xFC, 0xFF,
    0xFF, 0xFF, 0xFF, 0xFF, 0xFF, 0xFD, 0xFF, 0x3B, 0x01, 0x03, 0x00, 0x00, 0x00, 0x00, 0x00, 0x00,
    0x00, 0x00, 0x00, 0x02, 0x04, 0x06, 0x00, 0x85, 0xFF, 0xFB, 0xFF, 0xFF, 0xFF, 0xFF, 0xFF, 0xFF,
    0xFD, 0xFE, 0x3A, 0x00, 0x05, 0x09, 0xD0, 0xFF, 0xFA, 0xFF, 0xFF, 0xFF, 0xFF, 0xFF, 0xFF, 0xFB,
    0xFF, 0xB9, 0x08, 0x00, 0x01, 0x00, 0x00, 0x00, 0x00, 0x00, 0x03, 0x00, 0x38, 0xFE, 0xFD, 0xFF,
    0xFF, 0xFF, 0xFF, 0xFF, 0xFF, 0xFB, 0xFF, 0x87, 0x00, 0x06, 0x04, 0x02, 0x00, 0x00, 0x00, 0x00,
    0x00, 0x00, 0x00, 0x00, 0x00, 0x00, 0x12, 0xCD, 0xFE, 0xFD, 0xFF, 0xFF, 0xFF, 0xFF, 0xFF, 0xFC,
    0xFF, 0xBC, 0x00, 0x05, 0x00, 0x87, 0xFF, 0xFA, 0xFF, 0xFF, 0xFF, 0xFF, 0xFF, 0xFF, 0xFC, 0xFF,
    0xB9, 0x08, 0x00, 0x02, 0x00, 0x00, 0x00, 0x01, 0x03, 0x02, 0x02, 0x03, 0x00, 0xBA, 0xFF, 0xFC,
    0xFF, 0xFF, 0xFF, 0xFF, 0xFF, 0xFD, 0xFE, 0xCE, 0x12, 0x00, 0x00, 0x00, 0x00, 0x00, 0x00, 0x00,
    0x00, 0x00, 0x00, 0x1D, 0x7F, 0xBC, 0xEB, 0xFF, 0xFF, 0xFF, 0xFF, 0xFF, 0xFF, 0xFF, 0xFF, 0xFC,
    0xFF, 0x59, 0x01, 0x01, 0x1D, 0xF6, 0xFD, 0xFE, 0xFF, 0xFF, 0xFF, 0xFF, 0xFF, 0xFD, 0xFF, 0xBC,
    0x08, 0x00, 0x02, 0x00, 0x00, 0x00, 0x01, 0x00, 0x00, 0x00, 0x00, 0x04, 0x01, 0x57, 0xFF, 0xFC,
    0xFF, 0xFF, 0xFF, 0xFF, 0xFF, 0xFF, 0xFF, 0xFF, 0xEB, 0xBC, 0x80, 0x1E, 0x00, 0x00, 0x00, 0x00,
    0x00, 0x00, 0x00, 0xD7, 0xFF, 0xFF, 0xFF, 0xFF, 0xFF, 0xFF, 0xFF, 0xFF, 0xFF, 0xFF, 0xFE, 0xFF,
    0xF3, 0x16, 0x00, 0x00, 0x7C, 0xFF, 0xFB, 0xFF, 0xFF, 0xFF, 0xFF, 0xFF, 0xFE, 0xFE, 0xE7, 0x11,
    0x00, 0x03, 0x00, 0x00, 0x00, 0x02, 0x00, 0x07, 0x96, 0xBA, 0x35, 0x01, 0x01, 0x16, 0xF2, 0xFF,
    0xFE, 0xFF, 0xFF, 0xFF, 0xFF, 0xFF, 0xFF, 0xFF, 0xFF, 0xFF, 0xFF, 0xD8, 0x00, 0x00, 0x00, 0x00,
    0x00, 0x00, 0x00, 0xFF, 0xFB, 0xFC, 0xFE, 0xFF, 0xFF, 0xFF, 0xFF, 0xFF, 0xFF, 0xFF, 0xFC, 0xFF,
    0xC8, 0x00, 0x02, 0x00, 0xC7, 0xFE, 0xFC, 0xFF, 0xFF, 0xFF, 0xFF, 0xFF, 0xFB, 0xFF, 0x99, 0x00,
    0x05, 0x00, 0x00, 0x00, 0x02, 0x00, 0x07, 0xB7, 0xFF, 0xFF, 0xCB, 0x00, 0x02, 0x00, 0xC7, 0xFF,
    0xFC, 0xFF, 0xFF, 0xFF, 0xFF, 0xFF, 0xFF, 0xFF, 0xFE, 0xFC, 0xFB, 0xFF, 0x00, 0x00, 0x00, 0x00,
    0x00, 0x00, 0x00, 0xFD, 0xFF, 0xFF, 0xFF, 0xFF, 0xFF, 0xFF, 0xFF, 0xFF, 0xFF, 0xFF, 0xFB, 0xFF,
    0xA1, 0x00, 0x00, 0x11, 0xEF, 0xFF, 0xFE, 0xFF, 0xFF, 0xFF, 0xFF, 0xFF, 0xFB, 0xFF, 0x8D, 0x02,
    0x05, 0x00, 0x00, 0x02, 0x00, 0x07, 0xB7, 0xFF, 0xF8, 0xFC, 0xF0, 0x13, 0x00, 0x00, 0xA0, 0xFF,
    0xFB, 0xFF, 0xFF, 0xFF, 0xFF, 0xFF, 0xFF, 0xFF, 0xFF, 0xFF, 0xFF, 0xFE, 0x00, 0x00, 0x00, 0x00,
    0x00, 0x00, 0x00, 0xFE, 0xFF, 0xFF, 0xFF, 0xFF, 0xFF, 0xFF, 0xFF, 0xFF, 0xFF, 0xFF, 0xFB, 0xFF,
    0x89, 0x00, 0x00, 0x29, 0xFD, 0xFF, 0xFE, 0xFF, 0xFF, 0xFF, 0xFF, 0xFF, 0xFD, 0xFF, 0xD0, 0x00,
    0x01, 0x05, 0x05, 0x00, 0x07, 0xB8, 0xFF, 0xFB, 0xFF, 0xFF, 0xFE, 0x2A, 0x00, 0x00, 0x88, 0xFF,
    0xFB, 0xFF, 0xFF, 0xFF, 0xFF, 0xFF, 0xFF, 0xFF, 0xFF, 0xFF, 0xFF, 0xFF, 0x00, 0x00, 0x00, 0x00,
    0x00, 0x00, 0x00, 0xFE, 0xFF, 0xFF, 0xFF, 0xFF, 0xFF, 0xFF, 0xFF, 0xFF, 0xFF, 0xFF, 0xFB, 0xFF,
    0x80, 0x00, 0x00, 0x31, 0xFF, 0xFF, 0xFF, 0xFF, 0xFF, 0xFF, 0xFF, 0xFF, 0xFF, 0xFD, 0xFF, 0x8B,
    0x01, 0x00, 0x00, 0x15, 0xB9, 0xFF, 0xFB, 0xFF, 0xFF, 0xFE, 0xFF, 0x32, 0x00, 0x00, 0x7F, 0xFF,
    0xFB, 0xFF, 0xFF, 0xFF, 0xFF, 0xFF, 0xFF, 0xFF, 0xFF, 0xFF, 0xFF, 0xFF, 0x00, 0x00, 0x00, 0x00,
    0x00, 0x00, 0x00, 0xFE, 0xFF, 0xFF, 0xFF, 0xFF, 0xFF, 0xFF, 0xFF, 0xFF, 0xFF, 0xFF, 0xFB, 0xFF,
    0x8E, 0x00, 0x00, 0x29, 0xFD, 0xFF, 0xFF, 0xFF, 0xFF, 0xFF, 0xFF, 0xFF, 0xFF, 0xFF, 0xFD, 0xFF,
    0xCF, 0x8F, 0x9A, 0xE5, 0xFF, 0xFC, 0xFF, 0xFF, 0xFE, 0xFF, 0xFE, 0x2A, 0x00, 0x00, 0x88, 0xFF,
    0xFB, 0xFF, 0xFF, 0xFF, 0xFF, 0xFF, 0xFF, 0xFF, 0xFF, 0xFF, 0xFF, 0xFF, 0x00, 0x00, 0x00, 0x00,
    0x00, 0x00, 0x00, 0xFD, 0xFF, 0xFF, 0xFF, 0xFF, 0xFF, 0xFF, 0xFF, 0xFF, 0xFF, 0xFF, 0xFB, 0xFD,
    0xB2, 0x00, 0x00, 0x11, 0xF0, 0xFF, 0xFE, 0xFF, 0xFF, 0xFF, 0xFF, 0xFF, 0xFF, 0xFF, 0xFF, 0xFD,
    0xFF, 0xFF, 0xFF, 0xFF, 0xFD, 0xFF, 0xFF, 0xFF, 0xFE, 0xFF, 0xEF, 0x12, 0x00, 0x00, 0xA1, 0xFF,
    0xFB, 0xFF, 0xFF, 0xFF, 0xFF, 0xFF, 0xFF, 0xFF, 0xFF, 0xFF, 0xFF, 0xFE, 0x00, 0x00, 0x00, 0x00,
    0x00, 0x00, 0x00, 0xFF, 0xFB, 0xFC, 0xFE, 0xFF, 0xFF, 0xFF, 0xFF, 0xFF, 0xFF, 0xFF, 0xFA, 0xFF,
    0x92, 0x00, 0x05, 0x01, 0xBB, 0xFF, 0xFC, 0xFF, 0xFF, 0xFF, 0xFF, 0xFF, 0xFF, 0xFF, 0xFF, 0xFF,
    0xFD, 0xFB, 0xFB, 0xFD, 0xFF, 0xFF, 0xFF, 0xFF, 0xFC, 0xFE, 0xC7, 0x00, 0x02, 0x00, 0xC8, 0xFF,
    0xFC, 0xFF, 0xFF, 0xFF, 0xFF, 0xFF, 0xFF, 0xFF, 0xFE, 0xFC, 0xFB, 0xFF, 0x00, 0x00, 0x00, 0x00,
    0x00, 0x00, 0x00, 0xD7, 0xFF, 0xFF, 0xFF, 0xFF, 0xFF, 0xFF, 0xFF, 0xFF, 0xFF, 0xFA, 0xFF, 0xA6,
    0x04, 0x03, 0x04, 0x00, 0xB1, 0xFF, 0xFC, 0xFF, 0xFF, 0xFF, 0xFF, 0xFF, 0xFF, 0xFF, 0xFF, 0xFF,
    0xFF, 0xFF, 0xFF, 0xFF, 0xFF, 0xFF, 0xFF, 0xFF, 0xFB, 0xFF, 0x7D, 0x00, 0x01, 0x16, 0xF3, 0xFF,
    0xFE, 0xFF, 0xFF, 0xFF, 0xFF, 0xFF, 0xFF, 0xFF, 0xFF, 0xFF, 0xFF, 0xD8, 0x00, 0x00, 0x00, 0x00,
    0x00, 0x00, 0x00, 0x1D, 0x7F, 0xBC, 0xEB, 0xFF, 0xFF, 0xFF, 0xFF, 0xFF, 0xFA, 0xFF, 0xA7, 0x00,
    0x02, 0x04, 0x00, 0x94, 0xFF, 0xFD, 0xFF, 0xFF, 0xFF, 0xFF, 0xFF, 0xFF, 0xFF, 0xFF, 0xFF, 0xFF,
    0xFF, 0xFF, 0xFF, 0xFF, 0xFF, 0xFF, 0xFF, 0xFE, 0xFD, 0xF7, 0x1F, 0x01, 0x01, 0x57, 0xFF, 0xFC,
    0xFF, 0xFF, 0xFF, 0xFF, 0xFF, 0xFF, 0xFF, 0xFF, 0xEB, 0xBC, 0x80, 0x1E, 0x00, 0x00, 0x00, 0x00,
    0x00, 0x00, 0x00, 0x00, 0x00, 0x00, 0x12, 0xCE, 0xFF, 0xFD, 0xFF, 0xFA, 0xFF, 0xA7, 0x00, 0x03,
    0x05, 0x00, 0x94, 0xFF, 0xFC, 0xFF, 0xFF, 0xFF, 0xFF, 0xFF, 0xFF, 0xFF, 0xFF, 0xFF, 0xFF, 0xFF,
    0xFF, 0xFF, 0xFF, 0xFF, 0xFF, 0xFF, 0xFF, 0xFA, 0xFF, 0x8F, 0x00, 0x05, 0x00, 0xBB, 0xFF, 0xFC,
    0xFF, 0xFF, 0xFF, 0xFF, 0xFF, 0xFD, 0xFE, 0xCE, 0x12, 0x00, 0x00, 0x00, 0x00, 0x00, 0x00, 0x00,
    0x00, 0x00, 0x00, 0x02, 0x04, 0x06, 0x00, 0x86, 0xFF, 0xFB, 0xFA, 0xFF, 0xA8, 0x01, 0x03, 0x05,
    0x00, 0x94, 0xFF, 0xFA, 0xFF, 0xFF, 0xFF, 0xFF, 0xFF, 0xFF, 0xFF, 0xFF, 0xFF, 0xFF, 0xFF, 0xFF,
    0xFF, 0xFF, 0xFF, 0xFF, 0xFF, 0xFF, 0xFB, 0xFF, 0xDB, 0x0D, 0x04, 0x00, 0x38, 0xFE, 0xFD, 0xFF,
    0xFF, 0xFF, 0xFF, 0xFF, 0xFF, 0xFB, 0xFF, 0x87, 0x00, 0x06, 0x04, 0x02, 0x00, 0x00, 0x00, 0x00,
    0x00, 0x00, 0x00, 0x00, 0x00, 0x03, 0x01, 0x38, 0xFF, 0xF9, 0xFF, 0xA9, 0x01, 0x03, 0x05, 0x00,
    0x94, 0xFF, 0xFA, 0xFF, 0xFF, 0xFF, 0xFF, 0xFF, 0xFF, 0xFF, 0xFF, 0xFF, 0xFF, 0xFF, 0xFF, 0xFF,
    0xFF, 0xFF, 0xFF, 0xFF, 0xFF, 0xFA, 0xFF, 0xEF, 0x2E, 0x00, 0x06, 0x00, 0xC4, 0xFF, 0xFC, 0xFF,
    0xFF, 0xFF, 0xFF, 0xFF, 0xFF, 0xFD, 0xFF, 0x3B, 0x01, 0x03, 0x00, 0x00, 0x00, 0x00, 0x00, 0x00,
    0x00, 0x00, 0x00, 0x00, 0x00, 0x00, 0x01, 0x03, 0xD0, 0xFF, 0xA7, 0x01, 0x03, 0x05, 0x00, 0x94,
    0xFF, 0xFA, 0xFF, 0xFF, 0xFF, 0xFF, 0xFF, 0xFF, 0xFF, 0xFF, 0xFF, 0xFC, 0xFC, 0xFE, 0xFE, 0xFF,
    0xFE, 0xFE, 0xFD, 0xFB, 0xFF, 0xFF, 0xDF, 0x33, 0x00, 0x08, 0x00, 0x78, 0xFF, 0xFC, 0xFF, 0xFF,
    0xFF, 0xFF, 0xFF, 0xFF, 0xFD, 0xFE, 0xD6, 0x03, 0x01, 0x00, 0x00, 0x00, 0x00, 0x00, 0x00, 0x00,
    0x00, 0x00, 0x00, 0x00, 0x00, 0x00, 0x04, 0x00, 0x73, 0xB6, 0x00, 0x02, 0x05, 0x00, 0x94, 0xFF,
    0xFA, 0xFF, 0xFF, 0xFF, 0xFF, 0xFF, 0xFF, 0xFF, 0xFF, 0xFF, 0xFD, 0xFF, 0xFF, 0xFF, 0xFF, 0xFE,
    0xFF, 0xFF, 0xFF, 0xFF, 0xFB, 0x9F, 0x17, 0x00, 0x08, 0x00, 0x50, 0xFF, 0xFC, 0xFE, 0xFF, 0xFF,
    0xFF, 0xFF, 0xFF, 0xFF, 0xFB, 0xFF, 0x71, 0x00, 0x04, 0x00, 0x00, 0x00, 0x00, 0x00, 0x00, 0x00,
    0x00, 0x00, 0x00, 0x00, 0x00, 0x00, 0x00, 0x00, 0x08, 0x03, 0x01, 0x04, 0x00, 0x95, 0xFF, 0xFA,
    0xFF, 0xFF, 0xFF, 0xFF, 0xFF, 0xFF, 0xFF, 0xFF, 0xFF, 0xFC, 0xFF, 0xB2, 0xBF, 0xEE, 0xFF, 0xFF,
    0xFF, 0xEE, 0xC8, 0x85, 0x2E, 0x00, 0x00, 0x05, 0x00, 0x51, 0xF9, 0xFD, 0xFE, 0xFF, 0xFF, 0xFF,
    0xFF, 0xFF, 0xFF, 0xFD, 0xFE, 0xEB, 0x10, 0x01, 0x01, 0x00, 0x00, 0x00, 0x00, 0x00, 0x00, 0x00,
    0x00, 0x00, 0x00, 0x00, 0x00, 0x00, 0x00, 0x00, 0x00, 0x00, 0x04, 0x00, 0x94, 0xFF, 0xFA, 0xFF,
    0xFF, 0xFF, 0xFF, 0xFF, 0xFF, 0xFF, 0xFF, 0xFF, 0xFB, 0xFF, 0x95, 0x00, 0x00, 0x13, 0x2A, 0x33,
    0x29, 0x14, 0x00, 0x00, 0x00, 0x05, 0x00, 0x00, 0x79, 0xFF, 0xFF, 0xFE, 0xFF, 0xFF, 0xFF, 0xFF,
    0xFF, 0xFF, 0xFF, 0xFC, 0xFF, 0x76, 0x00, 0x03, 0x00, 0x00, 0x00, 0x00, 0x00, 0x00, 0x00, 0x00,
    0x00, 0x00, 0x00, 0x00, 0x00, 0x00, 0x00, 0x00, 0x02, 0x04, 0x00, 0x95, 0xFF, 0xFA, 0xFF, 0xFF,
    0xFF, 0xFF, 0xFF, 0xFF, 0xFF, 0xFF, 0xFF, 0xFB, 0xFF, 0x96, 0x00, 0x04, 0x05, 0x00, 0x00, 0x00,
    0x00, 0x00, 0x01, 0x00, 0x00, 0x00, 0x3F, 0xC1, 0xFF, 0xFD, 0xFE, 0xFF, 0xFF, 0xFF, 0xFF, 0xFF,
    0xFF, 0xFF, 0xFD, 0xFF, 0xDE, 0x04, 0x02, 0x01, 0x00, 0x00, 0x00, 0x00, 0x00, 0x00, 0x00, 0x00,
    0x00, 0x00, 0x00, 0x00, 0x00, 0x00, 0x00, 0x01, 0x03, 0x00, 0x95, 0xFF, 0xFA, 0xFF, 0xFF, 0xFF,
    0xFF, 0xFF, 0xFF, 0xFF, 0xFF, 0xFF, 0xFB, 0xFF, 0x96, 0x00, 0x04, 0x01, 0x00, 0x00, 0x00, 0x00,
    0x00, 0x00, 0x00, 0x1F, 0x60, 0xBB, 0xFF, 0xFF, 0xFC, 0xFF, 0xFF, 0xFF, 0xFF, 0xFF, 0xFF, 0xFF,
    0xFF, 0xFF, 0xFE, 0xFD, 0xF2, 0x30, 0x00, 0x02, 0x00, 0x00, 0x00, 0x00, 0x00, 0x00, 0x00, 0x00,
    0x00, 0x00, 0x00, 0x00, 0x00, 0x00, 0x01, 0x03, 0x00, 0x95, 0xFF, 0xFB, 0xFF, 0xFF, 0xFF, 0xFF,
    0xFF, 0xFF, 0xFF, 0xFF, 0xFF, 0xFB, 0xFF, 0x96, 0x00, 0x04, 0x02, 0x00, 0x90, 0xA2, 0x85, 0x82,
    0x92, 0xAC, 0xCF, 0xF5, 0xFF, 0xFF, 0xFE, 0xFD, 0xFF, 0xFF, 0xFF, 0xFF, 0xFF, 0xFF, 0xFF, 0xFF,
    0xFF, 0xFF, 0xFF, 0xFC, 0xFF, 0xC4, 0x02, 0x02, 0x00, 0x00, 0x00, 0x00, 0x00, 0x00, 0x00, 0x00,
    0x00, 0x00, 0x00, 0x00, 0x00, 0x01, 0x03, 0x00, 0x95, 0xFF, 0xFB, 0xFF, 0xFF, 0xFF, 0xFF, 0xFF,
    0xFF, 0xFF, 0xFF, 0xFF, 0xFB, 0xFF, 0x96, 0x00, 0x04, 0x03, 0x00, 0xA3, 0xFF, 0xFF, 0xFF, 0xFF,
    0xFF, 0xFF, 0xFF, 0xFF, 0xFC, 0xFC, 0xFF, 0xFF, 0xFF, 0xFF, 0xFF, 0xFF, 0xFF, 0xFF, 0xFF, 0xFF,
    0xFF, 0xFF, 0xFF, 0xFF, 0xFC, 0xFF, 0x4E, 0x00, 0x03, 0x00, 0x00, 0x00, 0x00, 0x00, 0x00, 0x00,
    0x00, 0x00, 0x00, 0x00, 0x01, 0x03, 0x00, 0x95, 0xFF, 0xFA, 0xFF, 0xFF, 0xFF, 0xFF, 0xFF, 0xFF,
    0xFF, 0xFF, 0xFF, 0xFB, 0xFF, 0x96, 0x00, 0x04, 0x03, 0x00, 0xA3, 0xFF, 0xFA, 0xFB, 0xFB, 0xFB,
    0xFB, 0xFB, 0xFD, 0xFE, 0xFF, 0xFF, 0xFF, 0xFF, 0xFF, 0xFF, 0xFF, 0xFF, 0xFF, 0xFF, 0xFF, 0xFF,
    0xFF, 0xFF, 0xFF, 0xFF, 0xFA, 0xFF, 0x51, 0x00, 0x03, 0x00, 0x00, 0x00, 0x00, 0x00, 0x00, 0x00,
    0x00, 0x00, 0x00, 0x01, 0x03, 0x00, 0x95, 0xFF, 0xFA, 0xFF, 0xFF, 0xFF, 0xFF, 0xFF, 0xFF, 0xFF,
    0xFF, 0xFF, 0xFB, 0xFF, 0x96, 0x00, 0x04, 0x03, 0x00, 0xA4, 0xFF, 0xFA, 0xFF, 0xFF, 0xFF, 0xFF,
    0xFF, 0xFF, 0xFF, 0xFF, 0xFF, 0xFF, 0xFF, 0xFF, 0xFF, 0xFF, 0xFF, 0xFF, 0xFF, 0xFF, 0xFF, 0xFF,
    0xFF, 0xFF, 0xFF, 0xFA, 0xFF, 0x9B, 0x02, 0x02, 0x00, 0x00, 0x00, 0x00, 0x00, 0x00, 0x00, 0x00,
    0x00, 0x00, 0x00, 0x03, 0x00, 0x95, 0xFF, 0xFA, 0xFF, 0xFF, 0xFF, 0xFF, 0xFF, 0xFF, 0xFF, 0xFF,
    0xFF, 0xFB, 0xFF, 0x96, 0x00, 0x04, 0x03, 0x00, 0xA3, 0xFF, 0xFA, 0xFF, 0xFF, 0xFF, 0xFF, 0xFF,
    0xFF, 0xFF, 0xFF, 0xFF, 0xFF, 0xFF, 0xFF, 0xFF, 0xFF, 0xFF, 0xFF, 0xFF, 0xFD, 0xFE, 0xFF, 0xFF,
    0xFF, 0xFF, 0xFA, 0xFF, 0x9C, 0x00, 0x02, 0x01, 0x00, 0x00, 0x00, 0x00, 0x00, 0x00, 0x00, 0x00,
    0x00, 0x00, 0x00, 0x00, 0x8D, 0xFF, 0xFA, 0xFF, 0xFF, 0xFF, 0xFF, 0xFF, 0xFF, 0xFF, 0xFF, 0xFF,
    0xFB, 0xFF, 0x96, 0x00, 0x04, 0x03, 0x00, 0xA4, 0xFF, 0xFA, 0xFF, 0xFF, 0xFF, 0xFF, 0xFF, 0xFF,
    0xFF, 0xFF, 0xFF, 0xFF, 0xFF, 0xFF, 0xFF, 0xFF, 0xFF, 0xFF, 0xFE, 0xFC, 0xFF, 0xFF, 0xFC, 0xFF,
    0xFF, 0xFA, 0xFF, 0x9C, 0x00, 0x03, 0x01, 0x00, 0x00, 0x00, 0x00, 0x00, 0x00, 0x00, 0x00, 0x00,
    0x00, 0x00, 0x00, 0x57, 0xFF, 0xFB, 0xFF, 0xFF, 0xFF, 0xFF, 0xFF, 0xFF, 0xFF, 0xFF, 0xFF, 0xFB,
    0xFF, 0x96, 0x00, 0x04, 0x01, 0x00, 0xA1, 0xFF, 0xFA, 0xFF, 0xFF, 0xFF, 0xFF, 0xFF, 0xFF, 0xFF,
    0xFF, 0xFF, 0xFF, 0xFF, 0xFF, 0xFF, 0xFF, 0xFF, 0xFD, 0xFB, 0xFF, 0xFF, 0xDE, 0xF9, 0xFF, 0xFC,
    0xFA, 0xFF, 0x9C, 0x00, 0x03, 0x01, 0x00, 0x00, 0x00, 0x00, 0x00, 0x00, 0x00, 0x00, 0x00, 0x00,
    0x00, 0x00, 0x00, 0xCF, 0xFE, 0xFD, 0xFF, 0xFF, 0xFF, 0xFF, 0xFF, 0xFF, 0xFF, 0xFF, 0xFB, 0xFF,
    0x96, 0x00, 0x03, 0x03, 0x09, 0xB2, 0xFF, 0xF9, 0xFB, 0xFD, 0xFF, 0xFF, 0xFF, 0xFF, 0xFF, 0xFF,
    0xFF, 0xFF, 0xFF, 0xFF, 0xFF, 0xFD, 0xFB, 0xFE, 0xFF, 0xFF, 0xE6, 0x76, 0x0A, 0x34, 0xBD, 0xFF,
    0xFF, 0x9A, 0x00, 0x02, 0x01, 0x00, 0x00, 0x00, 0x00, 0x00, 0x00, 0x00, 0x00, 0x00, 0x00, 0x00,
    0x00, 0x00, 0x00, 0xF8, 0xFF, 0xFF, 0xFF, 0xFF, 0xFF, 0xFF, 0xFF, 0xFF, 0xFF, 0xFB, 0xFF, 0x96,
    0x00, 0x03, 0x02, 0x01, 0x0B, 0x77, 0xCC, 0xFF, 0xFF, 0xFF, 0xFF, 0xFF, 0xFF, 0xFF, 0xFF, 0xFF,
    0xFF, 0xFF, 0xFF, 0xFF, 0xFF, 0xFF, 0xFF, 0xFF, 0xD1, 0x72, 0x13, 0x00, 0x00, 0x00, 0x00, 0x4C,
    0x50, 0x00, 0x01, 0x01, 0x00, 0x00, 0x00, 0x00, 0x00, 0x00, 0x00, 0x00, 0x00, 0x00, 0x00, 0x00,
    0x00, 0x00, 0x00, 0xF8, 0xFF, 0xFF, 0xFF, 0xFF, 0xFF, 0xFF, 0xFF, 0xFF, 0xFB, 0xFF, 0x96, 0x00,
    0x03, 0x01, 0x00, 0x00, 0x00, 0x00, 0x01, 0x3B, 0x86, 0xCC, 0xFF, 0xFF, 0xFF, 0xFF, 0xFF, 0xFF,
    0xFF, 0xFF, 0xFF, 0xFE, 0xFF, 0xCC, 0x86, 0x3D, 0x02, 0x00, 0x00, 0x03, 0x01, 0x02, 0x01, 0x00,
    0x00, 0x01, 0x00, 0x00, 0x00, 0x00, 0x00, 0x00, 0x00, 0x00, 0x00, 0x00, 0x00, 0x00, 0x00, 0x00,
    0x00, 0x00, 0x00, 0xCC, 0xFE, 0xFD, 0xFF, 0xFF, 0xFF, 0xFF, 0xFF, 0xFA, 0xFF, 0x96, 0x00, 0x03,
    0x01, 0x00, 0x00, 0x00, 0x00, 0x03, 0x00, 0x00, 0x00, 0x0B, 0xEC, 0xFF, 0xFE, 0xFF, 0xFF, 0xFF,
    0xFF, 0xFF, 0xFE, 0xFF, 0xEE, 0x0C, 0x00, 0x00, 0x00, 0x04, 0x01, 0x00, 0x00, 0x00, 0x00, 0x03,
    0x03, 0x00, 0x00, 0x00, 0x00, 0x00, 0x00, 0x00, 0x00, 0x00, 0x00, 0x00, 0x00, 0x00, 0x00, 0x00,
    0x00, 0x00, 0x00, 0x52, 0xFF, 0xFD, 0xFD, 0xFF, 0xFF, 0xFD, 0xFC, 0xFF, 0x97, 0x00, 0x03, 0x01,
    0x00, 0x00, 0x00, 0x00, 0x00, 0x00, 0x01, 0x03, 0x06, 0x00, 0xBE, 0xFE, 0xFC, 0xFF, 0xFF, 0xFF,
    0xFF, 0xFF, 0xFC, 0xFE, 0xC0, 0x00, 0x06, 0x03, 0x01, 0x00, 0x00, 0x00, 0x00, 0x00, 0x00, 0x00,
    0x00, 0x00, 0x00, 0x00, 0x00, 0x00, 0x00, 0x00, 0x00, 0x00, 0x00, 0x00, 0x00, 0x00, 0x00, 0x00,
    0x00, 0x00, 0x00, 0x00, 0x7F, 0xFF, 0xFF, 0xFF, 0xFF, 0xFF, 0xFF, 0x8D, 0x00, 0x03, 0x01, 0x00,
    0x00, 0x00, 0x00, 0x00, 0x00, 0x00, 0x00, 0x00, 0x04, 0x00, 0x80, 0xFF, 0xFB, 0xFF, 0xFF, 0xFF,
    0xFF, 0xFF, 0xFB, 0xFF, 0x81, 0x00, 0x04, 0x00, 0x00, 0x00, 0x00, 0x00, 0x00, 0x00, 0x00, 0x00,
    0x00, 0x00, 0x00, 0x00, 0x00, 0x00, 0x00, 0x00, 0x00, 0x00, 0x00, 0x00, 0x00, 0x00, 0x00, 0x00,
    0x00, 0x00, 0x00, 0x02, 0x00, 0x54, 0xC6, 0xF4, 0xF5, 0xC8, 0x57, 0x00, 0x02, 0x01, 0x00, 0x00,
    0x00, 0x00, 0x00, 0x00, 0x00, 0x00, 0x00, 0x00, 0x02, 0x01, 0x1E, 0xD3, 0xFD, 0xFD, 0xFE, 0xFE,
    0xFE, 0xFD, 0xFD, 0xD4, 0x1F, 0x01, 0x02, 0x00, 0x00, 0x00, 0x00, 0x00, 0x00, 0x00, 0x00, 0x00,
    0x00, 0x00, 0x00, 0x00, 0x00, 0x00, 0x00, 0x00, 0x00, 0x00, 0x00, 0x00, 0x00, 0x00, 0x00, 0x00,
    0x00, 0x00, 0x00, 0x00, 0x00, 0x00, 0x00, 0x00, 0x00, 0x00, 0x00, 0x00, 0x00, 0x00, 0x00, 0x00,
    0x00, 0x00, 0x00, 0x00, 0x00, 0x00, 0x00, 0x00, 0x00, 0x00, 0x00, 0x00, 0x00, 0x00, 0x00, 0x00,
    0x00, 0x00, 0x00, 0x00, 0x00, 0x00, 0x00, 0x00, 0x00, 0x00, 0x00, 0x00, 0x00, 0x00, 0x00, 0x00,
    0x00, 0x00, 0x00, 0x00, 0x00, 0x00, 0x00, 0x00, 0x00, 0x00, 0x00, 0x00, 0x00, 0x00, 0x00, 0x00,
    0x00, 0x00, 0x00, 0x00, 0x00, 0x00, 0x00, 0x00, 0x00, 0x00, 0x00, 0x00, 0x00, 0x00, 0x00, 0x00,
    0x00, 0x00, 0x00, 0x00, 0x00, 0x00, 0x00, 0x00, 0x00, 0x00, 0x00, 0x00, 0x00, 0x00, 0x00, 0x00,
    0x00, 0x00, 0x00, 0x00, 0x00, 0x00, 0x00, 0x00, 0x00, 0x00, 0x00, 0x00, 0x00, 0x00, 0x00, 0x00,
    0x00, 0x00, 0x00, 0x00, 0x00, 0x00, 0x00, 0x00, 0x00, 0x00, 0x00, 0x00, 0x00, 0x00, 0x00, 0x00,
    0x00, 0x00, 0x00, 0x00, 0x00, 0x00, 0x00, 0x00, 0x00, 0x00, 0x00, 0x00, 0x00, 0x00, 0x00, 0x00,
    0x00, 0x00, 0x00, 0x00, 0x00, 0x00, 0x00, 0x00, 0x00, 0x00, 0x00, 0x00, 0x00, 0x00, 0x00, 0x00,
    0x00, 0x00, 0x00, 0x00, 0x00, 0x00, 0x00, 0x00, 0x00, 0x00, 0x00, 0x00, 0x00, 0x00, 0x00, 0x00,
    0x00, 0x00, 0x00, 0x00, 0x00, 0x00, 0x00, 0x00, 0x00, 0x00, 0x00, 0x00, 0x00, 0x00, 0x00, 0x00,
    0x00, 0x00, 0x00, 0x00, 0x00, 0x00, 0x00, 0x00, 0x00, 0x00, 0x00, 0x00, 0x00, 0x00, 0x00, 0x00,
    0x00, 0x00, 0x00, 0x00, 0x00, 0x00, 0x00, 0x00, 0x00, 0x00, 0x00, 0x00, 0x00, 0x00, 0x00, 0x00,
    0x00, 0x00, 0x00, 0x00, 0x00, 0x00, 0x00, 0x00, 0x00, 0x00, 0x00, 0x00, 0x00, 0x00, 0x00, 0x00,
    0x00, 0x00, 0x00, 0x00, 0x00, 0x00, 0x00, 0x00, 0x00, 0x00, 0x00, 0x00, 0x00, 0x00, 0x00, 0x00,
};

const lv_image_dsc_t icon_settings = {
    .header = {
        .magic = LV_IMAGE_HEADER_MAGIC,
        .cf = LV_COLOR_FORMAT_A8,
        .flags = 0,
        .w = 64,
        .h = 64,
        .stride = 64,
        .reserved_2 = 0,
    },
    .data_size = 4096,
    .data = icon_settings_data,
    .reserved = nullptr,
    .reserved_2 = nullptr,
};

alignas(4) static const uint8_t icon_diagnostic_data[] = {
    0x00, 0x00, 0x00, 0x00, 0x00, 0x00, 0x00, 0x00, 0x00, 0x00, 0x00, 0x00, 0x00, 0x00, 0x00, 0x00,
    0x00, 0x00, 0x00, 0x00, 0x00, 0x00, 0x00, 0x00, 0x00, 0x00, 0x00, 0x00, 0x00, 0x00, 0x00, 0x00,
    0x00, 0x00, 0x00, 0x00, 0x00, 0x00, 0x00, 0x00, 0x00, 0x00, 0x00, 0x00, 0x00, 0x00, 0x00, 0x00,
    0x00, 0x00, 0x00, 0x00, 0x00, 0x00, 0x00, 0x00, 0x00, 0x00, 0x00, 0x00, 0x00, 0x00, 0x00, 0x00,
    0x00, 0x00, 0x00, 0x00, 0x00, 0x00, 0x00, 0x00, 0x00, 0x00, 0x00, 0x00, 0x00, 0x00, 0x00, 0x00,
    0x00, 0x00, 0x00, 0x00, 0x00, 0x00, 0x00, 0x00, 0x00, 0x00, 0x00, 0x00, 0x00, 0x00, 0x00, 0x00,
    0x00, 0x00, 0x00, 0x00, 0x00, 0x00, 0x00, 0x00, 0x00, 0x00, 0x00, 0x00, 0x00, 0x00, 0x00, 0x00,
    0x00, 0x00, 0x00, 0x00, 0x00, 0x00, 0x00, 0x00, 0x00, 0x00, 0x00, 0x00, 0x00, 0x00, 0x00, 0x00,
    0x00, 0x00, 0x00, 0x00, 0x00, 0x00, 0x00, 0x00, 0x00, 0x00, 0x00, 0x00, 0x00, 0x00, 0x00, 0x00,
    0x00, 0x00, 0x00, 0x00, 0x00, 0x00, 0x00, 0x00, 0x00, 0x00, 0x00, 0x00, 0x00, 0x00, 0x00, 0x00,
    0x00, 0x00, 0x00, 0x00, 0x00, 0x00, 0x00, 0x00, 0x00, 0x00, 0x00, 0x00, 0x00, 0x00, 0x00, 0x00,
    0x00, 0x00, 0x00, 0x00, 0x00, 0x00, 0x00, 0x00, 0x00, 0x00, 0x00, 0x00, 0x00, 0x00, 0x00, 0x00,
    0x00, 0x00, 0x00, 0x00, 0x00, 0x00, 0x00, 0x00, 0x00, 0x00, 0x00, 0x00, 0x00, 0x00, 0x00, 0x00,
    0x00, 0x00, 0x00, 0x00, 0x00, 0x00, 0x00, 0x00, 0x00, 0x00, 0x00, 0x00, 0x00, 0x00, 0x00, 0x00,
    0x00, 0x00, 0x01, 0x00, 0x0B, 0x8F, 0xE1, 0xE7, 0xA9, 0x22, 0x00, 0x02, 0x00, 0x00, 0x00, 0x00,
    0x00, 0x00, 0x00, 0x00, 0x00, 0x00, 0x00, 0x00, 0x00, 0x00, 0x00, 0x00, 0x00, 0x00, 0x00, 0x00,
    0x00, 0x00, 0x00, 0x00, 0x00, 0x00, 0x00, 0x00, 0x00, 0x00, 0x00, 0x00, 0x00, 0x00, 0x00, 0x00,
    0x00, 0x00, 0x00, 0x00, 0x00, 0x00, 0x00, 0x00, 0x00, 0x00, 0x00, 0x00, 0x00, 0x00, 0x02, 0x04,
    0x03, 0x02, 0x02, 0x06, 0xB9, 0xFF, 0xFF, 0xFF, 0xFF, 0xDF, 0x1C, 0x01, 0x03, 0x02, 0x04, 0x03,
    0x00, 0x00, 0x00, 0x00, 0x00, 0x00, 0x00, 0x00, 0x00, 0x00, 0x00, 0x00, 0x00, 0x00, 0x00, 0x00,
    0x00, 0x00, 0x00, 0x00, 0x00, 0x00, 0x00, 0x00, 0x00, 0x00, 0x00, 0x00, 0x00, 0x00, 0x00, 0x00,
    0x00, 0x00, 0x00, 0x00, 0x00, 0x00, 0x00, 0x00, 0x00, 0x00, 0x00, 0x00, 0x00, 0x01, 0x00, 0x00,
    0x00, 0x00, 0x00, 0x5C, 0xFF, 0xFA, 0xFE, 0xFE, 0xF9, 0xFF, 0x96, 0x00, 0x00, 0x00, 0x00, 0x00,
    0x01, 0x00, 0x00, 0x00, 0x00, 0x00, 0x00, 0x00, 0x00, 0x00, 0x00, 0x00, 0x00, 0x00, 0x00, 0x00,
    0x00, 0x00, 0x00, 0x00, 0x00, 0x00, 0x00, 0x00, 0x00, 0x00, 0x00, 0x00, 0x00, 0x00, 0x00, 0x00,
    0x00, 0x00, 0x00, 0x01, 0x04, 0x04, 0x04, 0x04, 0x04, 0x04, 0x04, 0x04, 0x01, 0x00, 0x28, 0x5B,
    0x3A, 0x1C, 0x00, 0x90, 0xFD, 0xFB, 0xFF, 0xFF, 0xFC, 0xFE, 0xC7, 0x00, 0x14, 0x32, 0x59, 0x3D,
    0x00, 0x01, 0x03, 0x04, 0x04, 0x04, 0x04, 0x04, 0x04, 0x04, 0x02, 0x00, 0x00, 0x00, 0x00, 0x00,
    0x00, 0x00, 0x00, 0x00, 0x00, 0x00, 0x00, 0x00, 0x00, 0x00, 0x00, 0x00, 0x00, 0x00, 0x00, 0x00,
    0x00, 0x00, 0x01, 0x00, 0x00, 0x00, 0x00, 0x00, 0x00, 0x00, 0x00, 0x00, 0x01, 0x2E, 0xF3, 0xFF,
    0xFF, 0xF3, 0xD3, 0xE3, 0xFF, 0xFE, 0xFF, 0xFF, 0xFE, 0xFF, 0xF0, 0xCD, 0xEE, 0xFF, 0xFF, 0xFF,
    0x5A, 0x00, 0x00, 0x00, 0x00, 0x00, 0x00, 0x00, 0x00, 0x00, 0x00, 0x02, 0x00, 0x00, 0x00, 0x00,
    0x00, 0x00, 0x00, 0x00, 0x00, 0x00, 0x00, 0x00, 0x00, 0x00, 0x00, 0x00, 0x00, 0x00, 0x00, 0x00,
    0x00, 0x01, 0x00, 0x0C, 0x66, 0x8A, 0x8B, 0x8B, 0x8C, 0x8B, 0x8C, 0x82, 0x00, 0x6C, 0xFF, 0xF7,
    0xFE, 0xFF, 0xFF, 0xFF, 0xFF, 0xFF, 0xFF, 0xFF, 0xFF, 0xFF, 0xFF, 0xFF, 0xFF, 0xFF, 0xF7, 0xFE,
    0xAA, 0x00, 0x68, 0x8D, 0x8A, 0x8C, 0x8C, 0x8B, 0x8C, 0x75, 0x1E, 0x00, 0x00, 0x00, 0x00, 0x00,
    0x00, 0x00, 0x00, 0x00, 0x00, 0x00, 0x00, 0x00, 0x00, 0x00, 0x00, 0x00, 0x00, 0x00, 0x00, 0x00,
    0x01, 0x01, 0x16, 0xD1, 0xFF, 0xFF, 0xFF, 0xFF, 0xFF, 0xFF, 0xFF, 0xF9, 0x00, 0x68, 0xFE, 0xFB,
    0xFF, 0xFE, 0xFD, 0xFE, 0xFF, 0xFF, 0xFF, 0xFF, 0xFF, 0xFF, 0xFE, 0xFD, 0xFE, 0xFF, 0xFB, 0xFF,
    0xA6, 0x00, 0xC8, 0xFF, 0xFF, 0xFF, 0xFF, 0xFF, 0xFF, 0xFF, 0xEB, 0x3B, 0x00, 0x00, 0x00, 0x00,
    0x00, 0x00, 0x00, 0x00, 0x00, 0x00, 0x00, 0x00, 0x00, 0x00, 0x00, 0x00, 0x00, 0x00, 0x00, 0x00,
    0x04, 0x00, 0x8E, 0xFF, 0xF8, 0xFB, 0xF8, 0xF7, 0xF7, 0xF5, 0xF7, 0xE2, 0x00, 0x67, 0xFB, 0xF7,
    0xFB, 0xFB, 0xFB, 0xFB, 0xFB, 0xFB, 0xFB, 0xFB, 0xFB, 0xFB, 0xFB, 0xFB, 0xFB, 0xFB, 0xF7, 0xFB,
    0xA4, 0x00, 0xB5, 0xF7, 0xF4, 0xF7, 0xF7, 0xF7, 0xFA, 0xF9, 0xFF, 0xD4, 0x00, 0x00, 0x00, 0x00,
    0x00, 0x00, 0x00, 0x00, 0x00, 0x00, 0x00, 0x00, 0x00, 0x00, 0x00, 0x00, 0x00, 0x00, 0x00, 0x00,
    0x02, 0x00, 0xC2, 0xFD, 0xFC, 0xFF, 0xFF, 0xFF, 0xFF, 0xFF, 0xFF, 0xF7, 0x00, 0x70, 0xFF, 0xFF,
    0xFF, 0xFF, 0xFF, 0xFF, 0xFF, 0xFF, 0xFF, 0xFF, 0xFF, 0xFF, 0xFF, 0xFF, 0xFF, 0xFF, 0xFF, 0xFF,
    0xB3, 0x00, 0xC6, 0xFF, 0xFF, 0xFF, 0xFF, 0xFF, 0xFF, 0xFF, 0xFE, 0xFE, 0x00, 0x00, 0x00, 0x00,
    0x00, 0x00, 0x00, 0x00, 0x00, 0x00, 0x00, 0x00, 0x00, 0x00, 0x00, 0x00, 0x00, 0x00, 0x00, 0x00,
    0x02, 0x00, 0xC1, 0xFF, 0xFE, 0xF4, 0x64, 0x58, 0x59, 0x58, 0x59, 0x51, 0x00, 0x2D, 0x6D, 0x6A,
    0x6C, 0x6C, 0x6C, 0x6C, 0x6C, 0x6C, 0x6C, 0x6C, 0x6C, 0x6C, 0x6C, 0x6C, 0x6C, 0x6C, 0x6A, 0x6D,
    0x47, 0x00, 0x41, 0x5A, 0x58, 0x59, 0x5A, 0x58, 0xD8, 0xFF, 0xFE, 0xFE, 0x00, 0x00, 0x00, 0x00,
    0x00, 0x00, 0x00, 0x00, 0x00, 0x00, 0x00, 0x00, 0x00, 0x00, 0x00, 0x00, 0x00, 0x00, 0x00, 0x00,
    0x02, 0x00, 0xC1, 0xFF, 0xFF, 0xED, 0x03, 0x00, 0x00, 0x00, 0x00, 0x00, 0x00, 0x00, 0x00, 0x00,
    0x00, 0x00, 0x00, 0x00, 0x00, 0x00, 0x00, 0x00, 0x00, 0x00, 0x00, 0x00, 0x00, 0x00, 0x00, 0x00,
    0x00, 0x03, 0x00, 0x00, 0x00, 0x00, 0x00, 0x00, 0xBF, 0xFF, 0xFD, 0xFE, 0x00, 0x00, 0x00, 0x00,
    0x00, 0x00, 0x00, 0x00, 0x00, 0x00, 0x00, 0x00, 0x00, 0x00, 0x00, 0x00, 0x00, 0x00, 0x00, 0x00,
    0x02, 0x00, 0xC1, 0xFF, 0xFF, 0xEE, 0x15, 0x04, 0x05, 0x04, 0x04, 0x03, 0x00, 0x02, 0x04, 0x04,
    0x04, 0x04, 0x04, 0x04, 0x04, 0x04, 0x04, 0x04, 0x04, 0x04, 0x04, 0x04, 0x04, 0x04, 0x04, 0x00,
    0x00, 0x00, 0x00, 0x04, 0x04, 0x04, 0x06, 0x04, 0xC4, 0xFF, 0xFD, 0xFE, 0x00, 0x00, 0x00, 0x00,
    0x00, 0x00, 0x00, 0x00, 0x00, 0x00, 0x00, 0x00, 0x00, 0x00, 0x00, 0x00, 0x00, 0x00, 0x00, 0x00,
    0x02, 0x00, 0xC1, 0xFF, 0xFF, 0xEE, 0x12, 0x00, 0x01, 0x00, 0x00, 0x00, 0x00, 0x00, 0x00, 0x00,
    0x00, 0x00, 0x02, 0x02, 0x02, 0x02, 0x00, 0x00, 0x00, 0x00, 0x00, 0x00, 0x01, 0x00, 0x01, 0x8E,
    0xA7, 0xA8, 0x7F, 0x00, 0x01, 0x00, 0x02, 0x00, 0xC3, 0xFF, 0xFD, 0xFE, 0x00, 0x00, 0x00, 0x00,
    0x00, 0x00, 0x00, 0x00, 0x00, 0x00, 0x00, 0x00, 0x00, 0x00, 0x00, 0x00, 0x00, 0x00, 0x00, 0x00,
    0x02, 0x00, 0xC1, 0xFF, 0xFF, 0xEE, 0x12, 0x00, 0x01, 0x00, 0x00, 0x00, 0x00, 0x00, 0x00, 0x00,
    0x00, 0x00, 0x00, 0x00, 0x00, 0x00, 0x00, 0x00, 0x00, 0x00, 0x00, 0x00, 0x01, 0x00, 0x02, 0xE7,
    0xFF, 0xFF, 0xCE, 0x00, 0x02, 0x00, 0x02, 0x00, 0xC3, 0xFF, 0xFD, 0xFE, 0x00, 0x00, 0x00, 0x00,
    0x00, 0x00, 0x00, 0x00, 0x00, 0x00, 0x00, 0x00, 0x00, 0x00, 0x00, 0x00, 0x00, 0x00, 0x00, 0x00,
    0x02, 0x00, 0xC1, 0xFF, 0xFF, 0xEE, 0x12, 0x00, 0x01, 0x00, 0x00, 0x00, 0x00, 0x00, 0x00, 0x01,
    0x00, 0x0C, 0xAD, 0xBB, 0xBD, 0x7B, 0x00, 0x02, 0x00, 0x00, 0x00, 0x00, 0x01, 0x00, 0x02, 0xD6,
    0xFB, 0xFB, 0xBF, 0x00, 0x02, 0x00, 0x02, 0x00, 0xC3, 0xFF, 0xFD, 0xFE, 0x00, 0x00, 0x00, 0x00,
    0x00, 0x00, 0x00, 0x00, 0x00, 0x00, 0x00, 0x00, 0x00, 0x00, 0x00, 0x00, 0x00, 0x00, 0x00, 0x00,
    0x02, 0x00, 0xBE, 0xFB, 0xFC, 0xEC, 0x12, 0x00, 0x01, 0x00, 0x00, 0x00, 0x00, 0x00, 0x00, 0x01,
    0x00, 0x12, 0xF9, 0xFF, 0xFF, 0xB1, 0x00, 0x03, 0x00, 0x00, 0x00, 0x00, 0x01, 0x00, 0x02, 0xD9,
    0xFF, 0xFF, 0xC2, 0x00, 0x02, 0x00, 0x02, 0x00, 0xC3, 0xFF, 0xFD, 0xFE, 0x00, 0x00, 0x00, 0x00,
    0x00, 0x00, 0x00, 0x00, 0x00, 0x00, 0x00, 0x00, 0x00, 0x00, 0x00, 0x00, 0x00, 0x00, 0x00, 0x00,
    0x02, 0x00, 0xCE, 0xFF, 0xFF, 0xF7, 0x12, 0x00, 0x01, 0x00, 0x00, 0x02, 0x03, 0x03, 0x03, 0x01,
    0x00, 0x11, 0xE9, 0xFC, 0xFC, 0xA6, 0x00, 0x03, 0x00, 0x00, 0x00, 0x00, 0x01, 0x00, 0x02, 0xD9,
    0xFF, 0xFF, 0xC2, 0x00, 0x02, 0x00, 0x02, 0x00, 0xC3, 0xFF, 0xFD, 0xFE, 0x00, 0x00, 0x00, 0x00,
    0x00, 0x00, 0x00, 0x00, 0x00, 0x00, 0x00, 0x00, 0x00, 0x00, 0x00, 0x00, 0x00, 0x00, 0x01, 0x03,
    0x05, 0x03, 0x7D, 0xA7, 0xBA, 0xCB, 0x14, 0x01, 0x01, 0x00, 0x00, 0x00, 0x00, 0x00, 0x00, 0x00,
    0x00, 0x11, 0xEC, 0xFF, 0xFF, 0xA8, 0x00, 0x03, 0x02, 0x04, 0x04, 0x04, 0x02, 0x00, 0x02, 0xD9,
    0xFF, 0xFF, 0xC2, 0x00, 0x02, 0x00, 0x02, 0x00, 0xC3, 0xFF, 0xFD, 0xFE, 0x00, 0x00, 0x00, 0x00,
    0x00, 0x00, 0x00, 0x00, 0x00, 0x00, 0x00, 0x00, 0x00, 0x00, 0x00, 0x00, 0x01, 0x03, 0x00, 0x00,
    0x00, 0x00, 0x00, 0x00, 0x00, 0x00, 0x00, 0x00, 0x03, 0x03, 0x00, 0x58, 0xA6, 0xA3, 0xA3, 0x18,
    0x00, 0x12, 0xEC, 0xFF, 0xFF, 0xA8, 0x00, 0x03, 0x00, 0x00, 0x00, 0x00, 0x00, 0x00, 0x02, 0xD9,
    0xFF, 0xFF, 0xC2, 0x00, 0x02, 0x00, 0x02, 0x00, 0xC3, 0xFF, 0xFD, 0xFE, 0x00, 0x00, 0x00, 0x00,
    0x00, 0x00, 0x00, 0x00, 0x00, 0x00, 0x00, 0x00, 0x00, 0x00, 0x00, 0x02, 0x00, 0x00, 0x06, 0x41,
    0x7D, 0xA6, 0xBD, 0xBD, 0xA7, 0x7A, 0x3E, 0x04, 0x00, 0x03, 0x02, 0x9B, 0xFF, 0xFF, 0xFF, 0x27,
    0x00, 0x13, 0xEC, 0xFF, 0xFF, 0xA8, 0x00, 0x01, 0x3C, 0x8B, 0x88, 0x8B, 0x20, 0x00, 0x03, 0xD9,
    0xFF, 0xFF, 0xC2, 0x00, 0x02, 0x00, 0x02, 0x00, 0xC3, 0xFF, 0xFD, 0xFE, 0x00, 0x00, 0x00, 0x00,
    0x00, 0x00, 0x00, 0x00, 0x00, 0x00, 0x00, 0x00, 0x00, 0x00, 0x03, 0x00, 0x0A, 0x74, 0xD8, 0xFF,
    0xFF, 0xFF, 0xFF, 0xFF, 0xFF, 0xFF, 0xFF, 0xD4, 0x6D, 0x08, 0x00, 0x69, 0xFF, 0xF8, 0xF8, 0x25,
    0x00, 0x13, 0xEC, 0xFF, 0xFF, 0xA8, 0x00, 0x00, 0x77, 0xFF, 0xFF, 0xFF, 0x3F, 0x00, 0x04, 0xD9,
    0xFF, 0xFF, 0xC2, 0x00, 0x02, 0x00, 0x02, 0x00, 0xC3, 0xFF, 0xFD, 0xFE, 0x00, 0x00, 0x00, 0x00,
    0x00, 0x00, 0x00, 0x00, 0x00, 0x00, 0x00, 0x00, 0x00, 0x04, 0x00, 0x3D, 0xD4, 0xFF, 0xFF, 0xFB,
    0xFF, 0xFF, 0xFF, 0xFF, 0xFF, 0xFF, 0xFB, 0xFF, 0xFF, 0xCE, 0x36, 0x00, 0x75, 0xFF, 0xF9, 0x25,
    0x00, 0x13, 0xEC, 0xFF, 0xFF, 0xA8, 0x00, 0x00, 0x6D, 0xFB, 0xF5, 0xFB, 0x3A, 0x00, 0x04, 0xD9,
    0xFF, 0xFF, 0xC2, 0x00, 0x02, 0x00, 0x02, 0x00, 0xC3, 0xFF, 0xFD, 0xFE, 0x00, 0x00, 0x00, 0x00,
    0x00, 0x00, 0x00, 0x00, 0x00, 0x00, 0x00, 0x00, 0x03, 0x00, 0x5A, 0xFB, 0xFF, 0xF8, 0xFF, 0xFF,
    0xE8, 0xBB, 0x9F, 0x9F, 0xBA, 0xE7, 0xFF, 0xFF, 0xF8, 0xFF, 0xF6, 0x53, 0x00, 0x82, 0xFF, 0x22,
    0x00, 0x13, 0xEC, 0xFF, 0xFF, 0xA8, 0x00, 0x00, 0x6F, 0xFF, 0xF9, 0xFF, 0x3B, 0x00, 0x04, 0xD9,
    0xFF, 0xFF, 0xC2, 0x00, 0x02, 0x00, 0x02, 0x00, 0xC3, 0xFF, 0xFD, 0xFE, 0x00, 0x00, 0x00, 0x00,
    0x00, 0x00, 0x00, 0x00, 0x00, 0x00, 0x00, 0x03, 0x00, 0x4D, 0xFF, 0xFE, 0xFA, 0xFF, 0xCD, 0x58,
    0x11, 0x00, 0x00, 0x00, 0x00, 0x0F, 0x55, 0xCA, 0xFF, 0xFA, 0xFF, 0xFD, 0x46, 0x00, 0xB4, 0x34,
    0x00, 0x13, 0xEC, 0xFF, 0xFF, 0xA8, 0x00, 0x00, 0x6F, 0xFF, 0xF9, 0xFF, 0x3B, 0x00, 0x04, 0xD9,
    0xFF, 0xFF, 0xC2, 0x00, 0x02, 0x00, 0x02, 0x00, 0xC3, 0xFF, 0xFD, 0xFE, 0x00, 0x00, 0x00, 0x00,
    0x00, 0x00, 0x00, 0x00, 0x00, 0x00, 0x02, 0x01, 0x1E, 0xF0, 0xFD, 0xFA, 0xFF, 0x89, 0x05, 0x00,
    0x00, 0x02, 0x03, 0x04, 0x02, 0x00, 0x00, 0x03, 0x84, 0xFF, 0xFA, 0xFE, 0xEB, 0x16, 0x1B, 0x1E,
    0x00, 0x12, 0xEC, 0xFF, 0xFF, 0xA8, 0x00, 0x00, 0x6F, 0xFF, 0xF9, 0xFF, 0x3B, 0x00, 0x04, 0xD9,
    0xFF, 0xFF, 0xC2, 0x00, 0x02, 0x00, 0x02, 0x00, 0xC3, 0xFF, 0xFD, 0xFE, 0x00, 0x00, 0x00, 0x00,
    0x00, 0x00, 0x00, 0x00, 0x00, 0x00, 0x03, 0x00, 0xAC, 0xFF, 0xF8, 0xFF, 0x7B, 0x00, 0x01, 0x04,
    0x01, 0x00, 0x00, 0x00, 0x00, 0x01, 0x04, 0x02, 0x00, 0x74, 0xFF, 0xF8, 0xFF, 0x9F, 0x00, 0x01,
    0x00, 0x11, 0xE8, 0xFB, 0xFB, 0xA5, 0x00, 0x00, 0x6D, 0xFB, 0xF5, 0xFB, 0x3A, 0x00, 0x04, 0xD6,
    0xFB, 0xFB, 0xBF, 0x00, 0x02, 0x00, 0x02, 0x00, 0xC3, 0xFF, 0xFD, 0xFE, 0x00, 0x00, 0x00, 0x00,
    0x00, 0x00, 0x00, 0x00, 0x00, 0x03, 0x00, 0x31, 0xFE, 0xFA, 0xFF, 0xAE, 0x00, 0x05, 0x01, 0x01,
    0x01, 0x06, 0xCC, 0x77, 0x00, 0x03, 0x00, 0x01, 0x05, 0x00, 0xA8, 0xFF, 0xFA, 0xFB, 0x27, 0x01,
    0x00, 0x12, 0xFD, 0xFF, 0xFF, 0xB4, 0x00, 0x00, 0x77, 0xFF, 0xFF, 0xFF, 0x3F, 0x00, 0x04, 0xE8,
    0xFF, 0xFF, 0xD0, 0x00, 0x02, 0x00, 0x02, 0x00, 0xC3, 0xFF, 0xFD, 0xFE, 0x00, 0x00, 0x00, 0x00,
    0x00, 0x00, 0x00, 0x00, 0x00, 0x04, 0x00, 0x92, 0xFF, 0xFC, 0xF6, 0x20, 0x01, 0x02, 0x00, 0x03,
    0x00, 0x3C, 0xFF, 0xD0, 0x01, 0x01, 0x00, 0x00, 0x02, 0x01, 0x1C, 0xF3, 0xFC, 0xFF, 0x83, 0x00,
    0x02, 0x0A, 0x8B, 0x96, 0x96, 0x63, 0x00, 0x00, 0x41, 0x96, 0x92, 0x96, 0x23, 0x00, 0x02, 0x80,
    0x96, 0x96, 0x72, 0x00, 0x01, 0x00, 0x02, 0x00, 0xC3, 0xFF, 0xFD, 0xFE, 0x00, 0x00, 0x00, 0x00,
    0x00, 0x00, 0x00, 0x00, 0x00, 0x01, 0x02, 0xD5, 0xFF, 0xFF, 0xAC, 0x00, 0x04, 0x04, 0x04, 0x08,
    0x03, 0x87, 0xFC, 0xF5, 0x21, 0x00, 0x04, 0x04, 0x04, 0x07, 0x00, 0xA5, 0xFF, 0xFF, 0xC9, 0x00,
    0x01, 0x00, 0x00, 0x00, 0x00, 0x00, 0x00, 0x00, 0x00, 0x00, 0x00, 0x00, 0x00, 0x00, 0x00, 0x00,
    0x00, 0x00, 0x00, 0x00, 0x00, 0x00, 0x02, 0x00, 0xC3, 0xFF, 0xFD, 0xFE, 0x00, 0x00, 0x00, 0x00,
    0x00, 0x00, 0x00, 0x00, 0x02, 0x00, 0x1B, 0xF7, 0xFE, 0xFF, 0x62, 0x01, 0x00, 0x00, 0x00, 0x00,
    0x00, 0xCF, 0xFF, 0xFF, 0x5F, 0x00, 0x00, 0x00, 0x00, 0x00, 0x00, 0x5D, 0xFF, 0xFF, 0xEE, 0x12,
    0x00, 0x02, 0x04, 0x04, 0x04, 0x03, 0x00, 0x00, 0x02, 0x04, 0x04, 0x04, 0x01, 0x00, 0x00, 0x03,
    0x04, 0x04, 0x03, 0x00, 0x00, 0x00, 0x02, 0x00, 0xC3, 0xFF, 0xFD, 0xFE, 0x00, 0x00, 0x00, 0x00,
    0x00, 0x00, 0x00, 0x00, 0x02, 0x00, 0x33, 0xFF, 0xFD, 0xFF, 0x3E, 0x00, 0x21, 0x66, 0x68, 0x68,
    0x76, 0xFD, 0xAC, 0xF0, 0xAE, 0x00, 0x29, 0x68, 0x67, 0x6A, 0x12, 0x32, 0xFF, 0xFF, 0xFD, 0x27,
    0x00, 0x02, 0x00, 0x00, 0x00, 0x00, 0x00, 0x00, 0x00, 0x00, 0x00, 0x00, 0x00, 0x00, 0x00, 0x00,
    0x00, 0x00, 0x00, 0x00, 0x00, 0x00, 0x02, 0x00, 0xC3, 0xFF, 0xFD, 0xFE, 0x00, 0x00, 0x00, 0x00,
    0x00, 0x00, 0x00, 0x00, 0x03, 0x00, 0x39, 0xFF, 0xFD, 0xFF, 0x37, 0x00, 0x77, 0xFF, 0xFF, 0xFF,
    0xFF, 0xFF, 0x36, 0xB9, 0xF3, 0x03, 0xC0, 0xFF, 0xFF, 0xFF, 0x34, 0x20, 0xFF, 0xFF, 0xFF, 0x2D,
    0x02, 0x05, 0x03, 0x03, 0x03, 0x03, 0x03, 0x03, 0x03, 0x03, 0x03, 0x03, 0x03, 0x03, 0x03, 0x03,
    0x03, 0x03, 0x03, 0x01, 0x00, 0x00, 0x02, 0x00, 0xC3, 0xFF, 0xFD, 0xFE, 0x00, 0x00, 0x00, 0x00,
    0x00, 0x00, 0x00, 0x00, 0x02, 0x00, 0x2E, 0xFF, 0xFD, 0xFF, 0x42, 0x00, 0x0C, 0x32, 0x34, 0x34,
    0x35, 0x33, 0x00, 0x7C, 0xFF, 0x5D, 0xFB, 0xA5, 0x34, 0x3A, 0x09, 0x39, 0xFF, 0xFF, 0xFB, 0x24,
    0x00, 0x00, 0x00, 0x00, 0x00, 0x00, 0x00, 0x00, 0x00, 0x00, 0x00, 0x00, 0x00, 0x00, 0x00, 0x00,
    0x00, 0x00, 0x00, 0x00, 0x00, 0x00, 0x02, 0x00, 0xC3, 0xFF, 0xFD, 0xFE, 0x00, 0x00, 0x00, 0x00,
    0x00, 0x00, 0x00, 0x00, 0x01, 0x00, 0x14, 0xF1, 0xFE, 0xFF, 0x6D, 0x01, 0x02, 0x00, 0x00, 0x00,
    0x00, 0x00, 0x01, 0x38, 0xFF, 0xEC, 0xFF, 0x33, 0x00, 0x00, 0x00, 0x67, 0xFF, 0xFF, 0xE9, 0x0B,
    0x1E, 0x4E, 0x4C, 0x4D, 0x4D, 0x4D, 0x4D, 0x4D, 0x4D, 0x4D, 0x4D, 0x4D, 0x4D, 0x4D, 0x4D, 0x4D,
    0x4D, 0x4C, 0x4C, 0x17, 0x00, 0x01, 0x02, 0x00, 0xC3, 0xFF, 0xFD, 0xFE, 0x00, 0x00, 0x00, 0x00,
    0x00, 0x00, 0x00, 0x00, 0x00, 0x01, 0x00, 0xC8, 0xFE, 0xFF, 0xBD, 0x00, 0x03, 0x03, 0x03, 0x03,
    0x03, 0x03, 0x00, 0x08, 0xDF, 0xFF, 0xCA, 0x02, 0x04, 0x06, 0x00, 0xB6, 0xFF, 0xFE, 0xC0, 0x00,
    0xA7, 0xFF, 0xFF, 0xFF, 0xFF, 0xFF, 0xFF, 0xFF, 0xFF, 0xFF, 0xFF, 0xFF, 0xFF, 0xFF, 0xFF, 0xFF,
    0xFF, 0xFF, 0xFF, 0x87, 0x00, 0x04, 0x02, 0x00, 0xC3, 0xFF, 0xFD, 0xFE, 0x00, 0x00, 0x00, 0x00,
    0x00, 0x00, 0x00, 0x00, 0x00, 0x04, 0x00, 0x7B, 0xFF, 0xFB, 0xFD, 0x35, 0x00, 0x03, 0x00, 0x00,
    0x00, 0x00, 0x03, 0x00, 0xA6, 0xFF, 0x69, 0x00, 0x07, 0x00, 0x2F, 0xFB, 0xFB, 0xFF, 0x6E, 0x03,
    0x44, 0x52, 0x50, 0x51, 0x51, 0x51, 0x51, 0x51, 0x51, 0x51, 0x51, 0x51, 0x51, 0x51, 0x51, 0x51,
    0x51, 0x51, 0x50, 0x18, 0x00, 0x01, 0x02, 0x00, 0xC3, 0xFF, 0xFD, 0xFE, 0x00, 0x00, 0x00, 0x00,
    0x00, 0x00, 0x00, 0x00, 0x00, 0x02, 0x00, 0x1D, 0xF6, 0xFB, 0xFF, 0xC9, 0x03, 0x02, 0x03, 0x00,
    0x00, 0x00, 0x03, 0x00, 0x49, 0xC2, 0x11, 0x03, 0x04, 0x01, 0xC5, 0xFF, 0xFB, 0xF0, 0x16, 0x00,
    0x00, 0x00, 0x00, 0x00, 0x00, 0x00, 0x00, 0x00, 0x00, 0x00, 0x00, 0x00, 0x00, 0x00, 0x00, 0x00,
    0x00, 0x00, 0x00, 0x00, 0x00, 0x00, 0x02, 0x00, 0xC3, 0xFF, 0xFD, 0xFE, 0x00, 0x00, 0x00, 0x00,
    0x00, 0x00, 0x00, 0x00, 0x00, 0x00, 0x03, 0x00, 0x89, 0xFF, 0xF8, 0xFF, 0xA1, 0x00, 0x00, 0x04,
    0x02, 0x01, 0x00, 0x00, 0x00, 0x00, 0x02, 0x00, 0x00, 0x9C, 0xFF, 0xF8, 0xFF, 0x7A, 0x00, 0x4D,
    0x5E, 0x5D, 0x5E, 0x5E, 0x5E, 0x5E, 0x5E, 0x5E, 0x5E, 0x5E, 0x5E, 0x5E, 0x5E, 0x5E, 0x5E, 0x5E,
    0x5E, 0x5D, 0x5D, 0x1F, 0x00, 0x01, 0x02, 0x00, 0xC3, 0xFF, 0xFD, 0xFE, 0x00, 0x00, 0x00, 0x00,
    0x00, 0x00, 0x00, 0x00, 0x00, 0x00, 0x01, 0x02, 0x0B, 0xD5, 0xFF, 0xF9, 0xFF, 0xB3, 0x1E, 0x00,
    0x00, 0x00, 0x01, 0x01, 0x00, 0x00, 0x00, 0x1B, 0xAE, 0xFF, 0xF7, 0xFF, 0xCD, 0x04, 0x47, 0xFF,
    0xFF, 0xFF, 0xFF, 0xFF, 0xFF, 0xFF, 0xFF, 0xFF, 0xFF, 0xFF, 0xFF, 0xFF, 0xFF, 0xFF, 0xFF, 0xFF,
    0xFF, 0xFF, 0xFF, 0x86, 0x00, 0x04, 0x02, 0x00, 0xC3, 0xFF, 0xFD, 0xFE, 0x00, 0x00, 0x00, 0x00,
    0x00, 0x00, 0x00, 0x00, 0x00, 0x00, 0x00, 0x02, 0x00, 0x28, 0xE9, 0xFF, 0xFA, 0xFF, 0xED, 0x86,
    0x32, 0x0A, 0x00, 0x00, 0x09, 0x30, 0x83, 0xEB, 0xFF, 0xF7, 0xFF, 0xE3, 0x24, 0x04, 0x33, 0x46,
    0x41, 0x43, 0x43, 0x43, 0x43, 0x43, 0x43, 0x43, 0x43, 0x43, 0x43, 0x43, 0x43, 0x43, 0x43, 0x43,
    0x43, 0x42, 0x42, 0x12, 0x00, 0x01, 0x02, 0x00, 0xC3, 0xFF, 0xFD, 0xFE, 0x00, 0x00, 0x00, 0x00,
    0x00, 0x00, 0x00, 0x00, 0x00, 0x00, 0x00, 0x00, 0x03, 0x00, 0x42, 0xFB, 0xFD, 0xFC, 0xFF, 0xFF,
    0xFF, 0xE2, 0xCB, 0xCB, 0xE1, 0xFF, 0xFF, 0xFF, 0xFB, 0xFF, 0xD6, 0x24, 0x00, 0x00, 0x00, 0x00,
    0x00, 0x00, 0x00, 0x00, 0x00, 0x00, 0x00, 0x00, 0x00, 0x00, 0x00, 0x00, 0x00, 0x00, 0x00, 0x00,
    0x00, 0x00, 0x00, 0x00, 0x00, 0x00, 0x02, 0x00, 0xC3, 0xFF, 0xFD, 0xFE, 0x00, 0x00, 0x00, 0x00,
    0x00, 0x00, 0x00, 0x00, 0x00, 0x00, 0x00, 0x00, 0x02, 0x00, 0x00, 0xE1, 0xFF, 0xFB, 0xFF, 0xFF,
    0xFD, 0xFF, 0xFF, 0xFF, 0xFF, 0xFD, 0xFF, 0xFF, 0xFF, 0x9C, 0x0D, 0x00, 0x65, 0x6A, 0x6C, 0x6E,
    0x6E, 0x6E, 0x6E, 0x6E, 0x6E, 0x6E, 0x6E, 0x6E, 0x6E, 0x6E, 0x6E, 0x6E, 0x6E, 0x6E, 0x6E, 0x6E,
    0x6E, 0x6D, 0x6D, 0x26, 0x00, 0x01, 0x02, 0x00, 0xC3, 0xFF, 0xFD, 0xFE, 0x00, 0x00, 0x00, 0x00,
    0x00, 0x00, 0x00, 0x00, 0x00, 0x00, 0x00, 0x01, 0x00, 0x0A, 0x3C, 0xF8, 0xFE, 0xFF, 0xF9, 0xF2,
    0xFF, 0xFF, 0xFF, 0xFF, 0xFF, 0xFF, 0xE9, 0xA1, 0x39, 0x00, 0x0F, 0xC8, 0xFF, 0xFF, 0xFF, 0xFF,
    0xFF, 0xFF, 0xFF, 0xFF, 0xFF, 0xFF, 0xFF, 0xFF, 0xFF, 0xFF, 0xFF, 0xFF, 0xFF, 0xFF, 0xFF, 0xFF,
    0xFF, 0xFF, 0xFF, 0x84, 0x00, 0x04, 0x02, 0x00, 0xC3, 0xFF, 0xFD, 0xFE, 0x00, 0x00, 0x00, 0x00,
    0x00, 0x00, 0x00, 0x00, 0x00, 0x00, 0x03, 0x00, 0x38, 0xE2, 0xF4, 0xFE, 0xFE, 0xB3, 0x24, 0x19,
    0x43, 0x6A, 0x7F, 0x7E, 0x65, 0x38, 0x10, 0x00, 0x00, 0x02, 0x0A, 0x3F, 0x38, 0x37, 0x37, 0x37,
    0x37, 0x37, 0x37, 0x37, 0x37, 0x37, 0x37, 0x37, 0x37, 0x37, 0x37, 0x37, 0x37, 0x37, 0x37, 0x37,
    0x37, 0x37, 0x36, 0x0C, 0x00, 0x01, 0x02, 0x00, 0xC3, 0xFF, 0xFD, 0xFE, 0x00, 0x00, 0x00, 0x00,
    0x00, 0x00, 0x00, 0x00, 0x00, 0x01, 0x03, 0x03, 0xCE, 0xFF, 0xFE, 0xFD, 0xFC, 0x31, 0x00, 0x00,
    0x00, 0x00, 0x00, 0x00, 0x00, 0x14, 0x01, 0x03, 0x02, 0x00, 0x00, 0x00, 0x00, 0x00, 0x00, 0x00,
    0x00, 0x00, 0x00, 0x00, 0x00, 0x00, 0x00, 0x00, 0x00, 0x00, 0x00, 0x00, 0x00, 0x00, 0x00, 0x00,
    0x00, 0x00, 0x00, 0x00, 0x00, 0x00, 0x02, 0x00, 0xC3, 0xFF, 0xFD, 0xFE, 0x00, 0x00, 0x00, 0x00,
    0x00, 0x00, 0x00, 0x00, 0x00, 0x04, 0x00, 0x65, 0xFF, 0xFA, 0xFE, 0xFB, 0xFE, 0x9C, 0x02, 0x05,
    0x05, 0x04, 0xA7, 0xDD, 0xEB, 0xED, 0x14, 0x00, 0x02, 0x00, 0x16, 0x76, 0x7C, 0x7C, 0x7C, 0x7C,
    0x7C, 0x7C, 0x7C, 0x7C, 0x7C, 0x7C, 0x7C, 0x7C, 0x7C, 0x7C, 0x7C, 0x7C, 0x7C, 0x7C, 0x7C, 0x7C,
    0x7C, 0x7B, 0x78, 0x1D, 0x00, 0x01, 0x02, 0x00, 0xC3, 0xFF, 0xFD, 0xFE, 0x00, 0x00, 0x00, 0x00,
    0x00, 0x00, 0x00, 0x00, 0x01, 0x02, 0x11, 0xE8, 0xFD, 0xFD, 0xFF, 0xFC, 0xFF, 0x67, 0x00, 0x04,
    0x02, 0x00, 0xC8, 0xFF, 0xFF, 0xEF, 0x12, 0x00, 0x05, 0x00, 0x49, 0xFF, 0xFF, 0xFF, 0xFF, 0xFF,
    0xFF, 0xFF, 0xFF, 0xFF, 0xFF, 0xFF, 0xFF, 0xFF, 0xFF, 0xFF, 0xFF, 0xFF, 0xFF, 0xFF, 0xFF, 0xFF,
    0xFF, 0xFF, 0xFF, 0x5A, 0x00, 0x04, 0x02, 0x00, 0xC3, 0xFF, 0xFD, 0xFE, 0x00, 0x00, 0x00, 0x00,
    0x00, 0x00, 0x00, 0x00, 0x03, 0x00, 0x8F, 0xFF, 0xFB, 0xFF, 0xFC, 0xFF, 0xCD, 0x02, 0x02, 0x01,
    0x02, 0x00, 0xBF, 0xFD, 0xFE, 0xED, 0x12, 0x00, 0x01, 0x00, 0x01, 0x22, 0x28, 0x27, 0x27, 0x27,
    0x27, 0x27, 0x27, 0x27, 0x27, 0x27, 0x27, 0x27, 0x27, 0x27, 0x27, 0x27, 0x27, 0x27, 0x27, 0x27,
    0x27, 0x28, 0x24, 0x02, 0x00, 0x00, 0x02, 0x00, 0xC3, 0xFF, 0xFD, 0xFE, 0x00, 0x00, 0x00, 0x00,
    0x00, 0x00, 0x00, 0x03, 0x01, 0x2A, 0xF9, 0xFD, 0xFE, 0xFF, 0xFC, 0xFF, 0x3E, 0x00, 0x03, 0x00,
    0x02, 0x00, 0xC1, 0xFF, 0xFF, 0xEE, 0x12, 0x00, 0x01, 0x00, 0x00, 0x00, 0x00, 0x00, 0x00, 0x00,
    0x00, 0x00, 0x00, 0x00, 0x00, 0x00, 0x00, 0x00, 0x00, 0x00, 0x00, 0x00, 0x00, 0x00, 0x00, 0x00,
    0x00, 0x00, 0x00, 0x00, 0x00, 0x00, 0x02, 0x00, 0xC3, 0xFF, 0xFD, 0xFE, 0x00, 0x00, 0x00, 0x00,
    0x00, 0x00, 0x00, 0x03, 0x00, 0xB8, 0xFF, 0xFC, 0xFF, 0xFC, 0xFF, 0xA8, 0x00, 0x03, 0x00, 0x00,
    0x02, 0x00, 0xC1, 0xFF, 0xFF, 0xEE, 0x12, 0x00, 0x01, 0x00, 0x01, 0x02, 0x03, 0x03, 0x03, 0x03,
    0x03, 0x03, 0x03, 0x03, 0x03, 0x03, 0x03, 0x03, 0x03, 0x03, 0x03, 0x03, 0x03, 0x03, 0x03, 0x03,
    0x03, 0x03, 0x03, 0x01, 0x00, 0x00, 0x02, 0x01, 0xC3, 0xFF, 0xFD, 0xFE, 0x00, 0x00, 0x00, 0x00,
    0x00, 0x00, 0x00, 0x00, 0x4B, 0xFF, 0xFC, 0xFF, 0xFE, 0xFD, 0xF4, 0x1F, 0x01, 0x02, 0x00, 0x00,
    0x02, 0x00, 0xC0, 0xFF, 0xFF, 0xEE, 0x0F, 0x00, 0x00, 0x00, 0x00, 0x00, 0x00, 0x00, 0x00, 0x00,
    0x00, 0x00, 0x00, 0x00, 0x00, 0x00, 0x00, 0x00, 0x00, 0x00, 0x00, 0x00, 0x00, 0x00, 0x00, 0x00,
    0x00, 0x00, 0x00, 0x00, 0x00, 0x00, 0x00, 0x00, 0xC2, 0xFF, 0xFD, 0xFE, 0x00, 0x00, 0x00, 0x00,
    0x00, 0x00, 0x00, 0x07, 0xD5, 0xFE, 0xFD, 0xFF, 0xFC, 0xFF, 0x7F, 0x00, 0x03, 0x00, 0x00, 0x00,
    0x02, 0x00, 0xC2, 0xFF, 0xFD, 0xFC, 0xD2, 0xCE, 0xCF, 0xCF, 0xCF, 0xCF, 0xCF, 0xCF, 0xCF, 0xCF,
    0xCF, 0xCF, 0xCF, 0xCF, 0xCF, 0xCF, 0xCF, 0xCF, 0xCF, 0xCF, 0xCF, 0xCF, 0xCF, 0xCF, 0xCF, 0xCF,
    0xCF, 0xCF, 0xCF, 0xCF, 0xCF, 0xCF, 0xCF, 0xCE, 0xF4, 0xFF, 0xFE, 0xFE, 0x00, 0x00, 0x00, 0x00,
    0x00, 0x00, 0x00, 0x7D, 0xFF, 0xFD, 0xFF, 0xFD, 0xFE, 0xDF, 0x0B, 0x02, 0x01, 0x00, 0x00, 0x00,
    0x03, 0x00, 0xB6, 0xFD, 0xF9, 0xFF, 0xFF, 0xFF, 0xFF, 0xFF, 0xFF, 0xFF, 0xFF, 0xFF, 0xFF, 0xFF,
    0xFF, 0xFF, 0xFF, 0xFF, 0xFF, 0xFF, 0xFF, 0xFF, 0xFF, 0xFF, 0xFF, 0xFF, 0xFF, 0xFF, 0xFF, 0xFF,
    0xFF, 0xFF, 0xFF, 0xFF, 0xFF, 0xFF, 0xFF, 0xFF, 0xFF, 0xFD, 0xFC, 0xF6, 0x00, 0x00, 0x00, 0x00,
    0x00, 0x00, 0x00, 0xEF, 0xFE, 0xFE, 0xFF, 0xFC, 0xFF, 0x56, 0x00, 0x03, 0x00, 0x00, 0x00, 0x00,
    0x03, 0x00, 0x51, 0xFF, 0xFF, 0xFF, 0xFF, 0xFF, 0xFF, 0xFF, 0xFF, 0xFF, 0xFF, 0xFF, 0xFF, 0xFF,
    0xFF, 0xFF, 0xFF, 0xFF, 0xFF, 0xFF, 0xFF, 0xFF, 0xFF, 0xFF, 0xFF, 0xFF, 0xFF, 0xFF, 0xFF, 0xFF,
    0xFF, 0xFF, 0xFF, 0xFF, 0xFF, 0xFF, 0xFF, 0xFF, 0xFF, 0xFF, 0xFF, 0x91, 0x00, 0x00, 0x00, 0x00,
    0x00, 0x00, 0x00, 0xFF, 0xFD, 0xFE, 0xFB, 0xFF, 0xC1, 0x00, 0x03, 0x00, 0x00, 0x00, 0x00, 0x00,
    0x00, 0x02, 0x00, 0x6A, 0xDE, 0xF5, 0xF7, 0xF7, 0xF7, 0xF7, 0xF7, 0xF7, 0xF7, 0xF7, 0xF7, 0xF7,
    0xF7, 0xF7, 0xF7, 0xF7, 0xF7, 0xF7, 0xF7, 0xF7, 0xF7, 0xF7, 0xF7, 0xF7, 0xF7, 0xF7, 0xF7, 0xF7,
    0xF7, 0xF7, 0xF7, 0xF7, 0xF7, 0xF7, 0xF7, 0xF7, 0xF6, 0xE9, 0x8C, 0x05, 0x00, 0x00, 0x00, 0x00,
    0x00, 0x00, 0x00, 0xA3, 0xFF, 0xFF, 0xFF, 0xF9, 0x30, 0x01, 0x03, 0x00, 0x00, 0x00, 0x00, 0x00,
    0x00, 0x00, 0x01, 0x00, 0x07, 0x1B, 0x1B, 0x1B, 0x1B, 0x1B, 0x1B, 0x1B, 0x1B, 0x1B, 0x1B, 0x1B,
    0x1B, 0x1B, 0x1B, 0x1B, 0x1B, 0x1B, 0x1B, 0x1B, 0x1B, 0x1B, 0x1B, 0x1B, 0x1B, 0x1B, 0x1B, 0x1B,
    0x1B, 0x1B, 0x1B, 0x1B, 0x1B, 0x1B, 0x1B, 0x1B, 0x1B, 0x0E, 0x00, 0x00, 0x00, 0x00, 0x00, 0x00,
    0x00, 0x00, 0x00, 0x0C, 0x9A, 0xE8, 0xD3, 0x51, 0x00, 0x02, 0x00, 0x00, 0x00, 0x00, 0x00, 0x00,
    0x00, 0x00, 0x00, 0x03, 0x00, 0x00, 0x00, 0x00, 0x00, 0x00, 0x00, 0x00, 0x00, 0x00, 0x00, 0x00,
    0x00, 0x00, 0x00, 0x00, 0x00, 0x00, 0x00, 0x00, 0x00, 0x00, 0x00, 0x00, 0x00, 0x00, 0x00, 0x00,
    0x00, 0x00, 0x00, 0x00, 0x00, 0x00, 0x00, 0x00, 0x00, 0x00, 0x03, 0x01, 0x00, 0x00, 0x00, 0x00,
    0x00, 0x00, 0x00, 0x00, 0x00, 0x00, 0x00, 0x00, 0x00, 0x00, 0x00, 0x00, 0x00, 0x00, 0x00, 0x00,
    0x00, 0x00, 0x00, 0x00, 0x00, 0x00, 0x00, 0x00, 0x00, 0x00, 0x00, 0x00, 0x00, 0x00, 0x00, 0x00,
    0x00, 0x00, 0x00, 0x00, 0x00, 0x00, 0x00, 0x00, 0x00, 0x00, 0x00, 0x00, 0x00, 0x00, 0x00, 0x00,
    0x00, 0x00, 0x00, 0x00, 0x00, 0x00, 0x00, 0x00, 0x00, 0x00, 0x00, 0x00, 0x00, 0x00, 0x00, 0x00,
    0x00, 0x00, 0x00, 0x00, 0x00, 0x00, 0x00, 0x00, 0x00, 0x00, 0x00, 0x00, 0x00, 0x00, 0x00, 0x00,
    0x00, 0x00, 0x00, 0x00, 0x00, 0x00, 0x00, 0x00, 0x00, 0x00, 0x00, 0x00, 0x00, 0x00, 0x00, 0x00,
    0x00, 0x00, 0x00, 0x00, 0x00, 0x00, 0x00, 0x00, 0x00, 0x00, 0x00, 0x00, 0x00, 0x00, 0x00, 0x00,
    0x00, 0x00, 0x00, 0x00, 0x00, 0x00, 0x00, 0x00, 0x00, 0x00, 0x00, 0x00, 0x00, 0x00, 0x00, 0x00,
    0x00, 0x00, 0x00, 0x00, 0x00, 0x00, 0x00, 0x00, 0x00, 0x00, 0x00, 0x00, 0x00, 0x00, 0x00, 0x00,
    0x00, 0x00, 0x00, 0x00, 0x00, 0x00, 0x00, 0x00, 0x00, 0x00, 0x00, 0x00, 0x00, 0x00, 0x00, 0x00,
    0x00, 0x00, 0x00, 0x00, 0x00, 0x00, 0x00, 0x00, 0x00, 0x00, 0x00, 0x00, 0x00, 0x00, 0x00, 0x00,
    0x00, 0x00, 0x00, 0x00, 0x00, 0x00, 0x00, 0x00, 0x00, 0x00, 0x00, 0x00, 0x00, 0x00, 0x00, 0x00,
    0x00, 0x00, 0x00, 0x00, 0x00, 0x00, 0x00, 0x00, 0x00, 0x00, 0x00, 0x00, 0x00, 0x00, 0x00, 0x00,
    0x00, 0x00, 0x00, 0x00, 0x00, 0x00, 0x00, 0x00, 0x00, 0x00, 0x00, 0x00, 0x00, 0x00, 0x00, 0x00,
    0x00, 0x00, 0x00, 0x00, 0x00, 0x00, 0x00, 0x00, 0x00, 0x00, 0x00, 0x00, 0x00, 0x00, 0x00, 0x00,
    0x00, 0x00, 0x00, 0x00, 0x00, 0x00, 0x00, 0x00, 0x00, 0x00, 0x00, 0x00, 0x00, 0x00, 0x00, 0x00,
};

const lv_image_dsc_t icon_diagnostic = {
    .header = {
        .magic = LV_IMAGE_HEADER_MAGIC,
        .cf = LV_COLOR_FORMAT_A8,
        .flags = 0,
        .w = 64,
        .h = 64,
        .stride = 64,
        .reserved_2 = 0,
    },
    .data_size = 4096,
    .data = icon_diagnostic_data,
    .reserved = nullptr,
    .reserved_2 = nullptr,
};

alignas(4) static const uint8_t icon_map_data[] = {
    0x00, 0x00, 0x00, 0x00, 0x00, 0x00, 0x00, 0x00, 0x00, 0x00, 0x00, 0x00, 0x00, 0x00, 0x00, 0x00,
    0x00, 0x00, 0x00, 0x00, 0x00, 0x00, 0x00, 0x00, 0x00, 0x00, 0x00, 0x00, 0x00, 0x00, 0x00, 0x00,
    0x00, 0x00, 0x00, 0x00, 0x00, 0x00, 0x00, 0x00, 0x00, 0x00, 0x00, 0x00, 0x00, 0x00, 0x00, 0x00,
    0x00, 0x00, 0x00, 0x00, 0x00, 0x00, 0x00, 0x00, 0x00, 0x00, 0x00, 0x00, 0x00, 0x00, 0x00, 0x00,
    0x00, 0x00, 0x00, 0x00, 0x00, 0x00, 0x00, 0x00, 0x00, 0x00, 0x00, 0x00, 0x00, 0x00, 0x00, 0x00,
    0x00, 0x00, 0x00, 0x00, 0x00, 0x00, 0x00, 0x00, 0x00, 0x00, 0x00, 0x00, 0x00, 0x00, 0x00, 0x00,
    0x00, 0x00, 0x00, 0x00, 0x00, 0x00, 0x00, 0x00, 0x00, 0x00, 0x00, 0x00, 0x00, 0x00, 0x00, 0x00,
    0x00, 0x00, 0x00, 0x00, 0x00, 0x00, 0x00, 0x00, 0x00, 0x00, 0x00, 0x00, 0x00, 0x00, 0x00, 0x00,
    0x00, 0x00, 0x00, 0x00, 0x00, 0x00, 0x00, 0x00, 0x00, 0x00, 0x00, 0x00, 0x00, 0x00, 0x00, 0x00,
    0x00, 0x00, 0x00, 0x00, 0x00, 0x00, 0x00, 0x00, 0x00, 0x00, 0x00, 0x00, 0x00, 0x00, 0x00, 0x00,
    0x00, 0x00, 0x00, 0x00, 0x00, 0x00, 0x00, 0x00, 0x00, 0x00, 0x00, 0x00, 0x00, 0x00, 0x00, 0x00,
    0x00, 0x00, 0x00, 0x00, 0x00, 0x00, 0x00, 0x00, 0x00, 0x00, 0x00, 0x00, 0x00, 0x00, 0x00, 0x00,
    0x00, 0x00, 0x00, 0x00, 0x00, 0x00, 0x00, 0x00, 0x00, 0x00, 0x00, 0x00, 0x00, 0x00, 0x00, 0x00,
    0x00, 0x00, 0x00, 0x00, 0x00, 0x00, 0x00, 0x00, 0x00, 0x00, 0x00, 0x00, 0x00, 0x00, 0x00, 0x00,
    0x00, 0x00, 0x00, 0x00, 0x00, 0x00, 0x00, 0x00, 0x00, 0x00, 0x00, 0x00, 0x00, 0x00, 0x00, 0x00,
    0x00, 0x00, 0x00, 0x00, 0x00, 0x00, 0x00, 0x00, 0x00, 0x00, 0x00, 0x00, 0x00, 0x00, 0x00, 0x00,
    0x00, 0x00, 0x00, 0x00, 0x00, 0x00, 0x00, 0x00, 0x00, 0x00, 0x00, 0x00, 0x00, 0x00, 0x00, 0x00,
    0x00, 0x00, 0x00, 0x00, 0x00, 0x00, 0x00, 0x00, 0x00, 0x00, 0x00, 0x00, 0x00, 0x00, 0x00, 0x00,
    0x00, 0x00, 0x00, 0x00, 0x00, 0x00, 0x00, 0x00, 0x00, 0x00, 0x00, 0x00, 0x00, 0x00, 0x00, 0x00,
    0x00, 0x00, 0x00, 0x00, 0x00, 0x00, 0x00, 0x00, 0x00, 0x00, 0x00, 0x00, 0x00, 0x00, 0x00, 0x00,
    0x00, 0x00, 0x00, 0x00, 0x00, 0x00, 0x00, 0x00, 0x00, 0x00, 0x00, 0x00, 0x00, 0x00, 0x00, 0x00,
    0x00, 0x00, 0x00, 0x00, 0x00, 0x00, 0x00, 0x00, 0x00, 0x00, 0x00, 0x00, 0x00, 0x00, 0x00, 0x00,
    0x00, 0x00, 0x00, 0x00, 0x00, 0x00, 0x00, 0x00, 0x00, 0x00, 0x00, 0x00, 0x00, 0x00, 0x00, 0x00,
    0x00, 0x00, 0x00, 0x00, 0x00, 0x00, 0x00, 0x00, 0x00, 0x00, 0x00, 0x00, 0x00, 0x00, 0x00, 0x00,
    0x00, 0x00, 0x00, 0x00, 0x00, 0x00, 0x00, 0x00, 0x00, 0x00, 0x00, 0x00, 0x00, 0x00, 0x00, 0x00,
    0x00, 0x00, 0x00, 0x00, 0x00, 0x00, 0x00, 0x00, 0x00, 0x00, 0x00, 0x00, 0x00, 0x00, 0x00, 0x00,
    0x00, 0x00, 0x00, 0x00, 0x00, 0x00, 0x00, 0x00, 0x00, 0x00, 0x00, 0x00, 0x00, 0x00, 0x00, 0x00,
    0x00, 0x00, 0x00, 0x00, 0x00, 0x00, 0x00, 0x00, 0x00, 0x00, 0x00, 0x00, 0x00, 0x00, 0x00, 0x00,
    0x00, 0x00, 0x00, 0x00, 0x00, 0x00, 0x00, 0x00, 0x00, 0x00, 0x00, 0x00, 0x00, 0x00, 0x00, 0x00,
    0x00, 0x00, 0x00, 0x00, 0x00, 0x00, 0x00, 0x00, 0x00, 0x00, 0x00, 0x00, 0x00, 0x00, 0x00, 0x00,
    0x00, 0x00, 0x00, 0x00, 0x00, 0x00, 0x00, 0x00, 0x00, 0x00, 0x00, 0x00, 0x00, 0x00, 0x00, 0x00,
    0x00, 0x00, 0x00, 0x00, 0x00, 0x00, 0x00, 0x00, 0x00, 0x00, 0x00, 0x00, 0x00, 0x00, 0x00, 0x00,
    0x00, 0x00, 0x00, 0x00, 0x00, 0x00, 0x00, 0x00, 0x00, 0x00, 0x00, 0x00, 0x00, 0x00, 0x00, 0x00,
    0x00, 0x00, 0x00, 0x00, 0x00, 0x00, 0x00, 0x00, 0x00, 0x00, 0x00, 0x00, 0x00, 0x00, 0x00, 0x00,
    0x00, 0x00, 0x00, 0x00, 0x00, 0x00, 0x00, 0x00, 0x00, 0x00, 0x00, 0x00, 0x00, 0x00, 0x00, 0x00,
    0x00, 0x00, 0x00, 0x00, 0x00, 0x00, 0x00, 0x00, 0x00, 0x00, 0x00, 0x00, 0x00, 0x00, 0x00, 0x00,
    0x00, 0x00, 0x00, 0x00, 0x00, 0x00, 0x00, 0x00, 0x00, 0x00, 0x00, 0x00, 0x00, 0x00, 0x00, 0x00,
    0x00, 0x00, 0x00, 0x00, 0x00, 0x00, 0x00, 0x00, 0x00, 0x00, 0x00, 0x00, 0x00, 0x00, 0x00, 0x00,
    0x00, 0x00, 0x00, 0x00, 0x00, 0x00, 0x00, 0x00, 0x00, 0x00, 0x00, 0x00, 0x00, 0x00, 0x00, 0x00,
    0x00, 0x00, 0x00, 0x00, 0x00, 0x00, 0x00, 0x00, 0x00, 0x00, 0x00, 0x00, 0x00, 0x00, 0x00, 0x00,
    0x00, 0x00, 0x00, 0x00, 0x00, 0x00, 0x00, 0x00, 0x00, 0x00, 0x00, 0x00, 0x00, 0x00, 0x00, 0x00,
    0x00, 0x00, 0x00, 0x00, 0x00, 0x00, 0x00, 0x00, 0x00, 0x00, 0x00, 0x00, 0x00, 0x00, 0x00, 0x00,
    0x00, 0x00, 0x00, 0x00, 0x00, 0x00, 0x00, 0x00, 0x00, 0x00, 0x00, 0x00, 0x00, 0x00, 0x00, 0x00,
    0x00, 0x00, 0x00, 0x00, 0x00, 0x00, 0x00, 0x00, 0x00, 0x00, 0x00, 0x00, 0x00, 0x00, 0x00, 0x00,
    0x00, 0x00, 0x00, 0x00, 0x00, 0x00, 0x00, 0x00, 0x00, 0x00, 0x00, 0x00, 0x00, 0x00, 0x00, 0x00,
    0x00, 0x00, 0x00, 0x00, 0x00, 0x00, 0x00, 0x00, 0x00, 0x00, 0x00, 0x00, 0x00, 0x00, 0x00, 0x00,
    0x00, 0x00, 0x00, 0x00, 0x00, 0x00, 0x00, 0x00, 0x00, 0x00, 0x00, 0x00, 0x00, 0x00, 0x00, 0x00,
    0x00, 0x00, 0x00, 0x00, 0x00, 0x00, 0x00, 0x00, 0x00, 0x00, 0x00, 0x00, 0x00, 0x00, 0x00, 0x00,
    0x00, 0x00, 0x00, 0x00, 0x00, 0x00, 0x00, 0x00, 0x00, 0x00, 0x00, 0x00, 0x00, 0x00, 0x00, 0x00,
    0x00, 0x00, 0x00, 0x00, 0x00, 0x00, 0x00, 0x00, 0x00, 0x00, 0x00, 0x00, 0x00, 0x00, 0x00, 0x00,
    0x00, 0x00, 0x00, 0x00, 0x00, 0x00, 0x00, 0x00, 0x00, 0x00, 0x00, 0x00, 0x00, 0x00, 0x00, 0x00,
    0x00, 0x00, 0x00, 0x00, 0x00, 0x00, 0x00, 0x00, 0x00, 0x00, 0x00, 0x00, 0x00, 0x00, 0x00, 0x00,
    0x00, 0x00, 0x00, 0x00, 0x00, 0x00, 0x00, 0x00, 0x00, 0x00, 0x00, 0x00, 0x00, 0x00, 0x00, 0x00,
    0x00, 0x00, 0x00, 0x00, 0x00, 0x00, 0x00, 0x00, 0x00, 0x00, 0x00, 0x00, 0x00, 0x00, 0x00, 0x00,
    0x00, 0x00, 0x00, 0x00, 0x00, 0x00, 0x00, 0x00, 0x00, 0x00, 0x00, 0x00, 0x00, 0x00, 0x00, 0x00,
    0x00, 0x00, 0x00, 0x00, 0x00, 0x00, 0x00, 0x00, 0x00, 0x00, 0x00, 0x00, 0x00, 0x00, 0x00, 0x00,
    0x00, 0x00, 0x00, 0x00, 0x00, 0x00, 0x00, 0x00, 0x00, 0x00, 0x00, 0x00, 0x00, 0x00, 0x00, 0x00,
    0x00, 0x00, 0x00, 0x00, 0x00, 0x00, 0x00, 0x00, 0x00, 0x00, 0x00, 0x00, 0x00, 0x00, 0x00, 0x00,
    0x00, 0x00, 0x00, 0x00, 0x00, 0x00, 0x00, 0x00, 0x00, 0x00, 0x00, 0x00, 0x00, 0x00, 0x00, 0x00,
    0x00, 0x00, 0x00, 0x00, 0x00, 0x00, 0x00, 0x00, 0x00, 0x00, 0x00, 0x00, 0x00, 0x00, 0x00, 0x00,
    0x00, 0x00, 0x00, 0x00, 0x00, 0x00, 0x00, 0x00, 0x00, 0x00, 0x00, 0x00, 0x00, 0x00, 0x00, 0x00,
    0x00, 0x00, 0x00, 0x00, 0x00, 0x00, 0x00, 0x00, 0x00, 0x00, 0x00, 0x00, 0x00, 0x00, 0x00, 0x00,
    0x00, 0x00, 0x00, 0x00, 0x00, 0x00, 0x00, 0x00, 0x00, 0x00, 0x00, 0x00, 0x00, 0x00, 0x00, 0x00,
    0x00, 0x00, 0x00, 0x00, 0x00, 0x00, 0x00, 0x00, 0x00, 0x00, 0x00, 0x00, 0x00, 0x00, 0x00, 0x00,
    0x00, 0x00, 0x00, 0x00, 0x00, 0x00, 0x00, 0x00, 0x00, 0x00, 0x00, 0x00, 0x00, 0x00, 0x00, 0x00,
    0x00, 0x00, 0x00, 0x00, 0x00, 0x00, 0x00, 0x00, 0x00, 0x00, 0x00, 0x00, 0x00, 0x00, 0x00, 0x00,
    0x00, 0x00, 0x00, 0x00, 0x00, 0x00, 0x00, 0x00, 0x00, 0x00, 0x00, 0x00, 0x00, 0x00, 0x00, 0x00,
    0x00, 0x00, 0x00, 0x00, 0x00, 0x00, 0x00, 0x00, 0x00, 0x00, 0x00, 0x00, 0x00, 0x00, 0x00, 0x00,
    0x00, 0x00, 0x00, 0x00, 0x00, 0x00, 0x00, 0x00, 0x00, 0x00, 0x00, 0x00, 0x00, 0x00, 0x00, 0x00,
    0x00, 0x00, 0x00, 0x00, 0x00, 0x00, 0x00, 0x00, 0x00, 0x00, 0x00, 0x00, 0x00, 0x00, 0x00, 0x00,
    0x00, 0x00, 0x00, 0x00, 0x00, 0x00, 0x00, 0x00, 0x00, 0x00, 0x00, 0x00, 0x00, 0x00, 0x00, 0x00,
    0x00, 0x00, 0x00, 0x00, 0x00, 0x00, 0x00, 0x00, 0x00, 0x00, 0x00, 0x00, 0x00, 0x00, 0x00, 0x00,
    0x00, 0x00, 0x00, 0x00, 0x00, 0x00, 0x00, 0x00, 0x00, 0x00, 0x00, 0x00, 0x00, 0x00, 0x00, 0x00,
    0x00, 0x00, 0x00, 0x00, 0x00, 0x00, 0x00, 0x00, 0x00, 0x00, 0x00, 0x00, 0x00, 0x00, 0x00, 0x00,
    0x00, 0x00, 0x00, 0x00, 0x00, 0x00, 0x00, 0x00, 0x00, 0x00, 0x00, 0x00, 0x00, 0x00, 0x00, 0x00,
    0x00, 0x00, 0x00, 0x00, 0x00, 0x00, 0x00, 0x00, 0x00, 0x00, 0x00, 0x00, 0x00, 0x00, 0x00, 0x00,
    0x00, 0x00, 0x00, 0x00, 0x00, 0x00, 0x00, 0x00, 0x00, 0x00, 0x00, 0x00, 0x00, 0x00, 0x00, 0x00,
    0x00, 0x00, 0x00, 0x00, 0x00, 0x00, 0x00, 0x00, 0x00, 0x00, 0x00, 0x00, 0x00, 0x00, 0x00, 0x00,
    0x00, 0x00, 0x00, 0x00, 0x00, 0x00, 0x00, 0x00, 0x00, 0x00, 0x00, 0x00, 0x00, 0x00, 0x00, 0x00,
    0x00, 0x00, 0x00, 0x00, 0x00, 0x00, 0x00, 0x00, 0x00, 0x00, 0x00, 0x00, 0x00, 0x00, 0x00, 0x00,
    0x00, 0x00, 0x00, 0x00, 0x00, 0x00, 0x00, 0x00, 0x00, 0x00, 0x00, 0x00, 0x00, 0x00, 0x00, 0x00,
    0x00, 0x00, 0x00, 0x00, 0x00, 0x00, 0x00, 0x00, 0x00, 0x00, 0x00, 0x00, 0x00, 0x00, 0x00, 0x00,
    0x00, 0x00, 0x00, 0x00, 0x00, 0x00, 0x00, 0x00, 0x00, 0x00, 0x00, 0x00, 0x00, 0x00, 0x00, 0x00,
    0x00, 0x00, 0x00, 0x00, 0x00, 0x00, 0x00, 0x00, 0x00, 0x00, 0x00, 0x00, 0x00, 0x00, 0x00, 0x00,
    0x00, 0x00, 0x00, 0x00, 0x00, 0x00, 0x00, 0x00, 0x00, 0x00, 0x00, 0x00, 0x00, 0x00, 0x00, 0x00,
    0x00, 0x00, 0x00, 0x00, 0x00, 0x00, 0x00, 0x00, 0x00, 0x00, 0x00, 0x00, 0x00, 0x00, 0x00, 0x00,
    0x00, 0x00, 0x00, 0x00, 0x00, 0x00, 0x00, 0x00, 0x00, 0x00, 0x00, 0x00, 0x00, 0x00, 0x00, 0x00,
    0x00, 0x00, 0x00, 0x00, 0x00, 0x00, 0x00, 0x00, 0x00, 0x00, 0x00, 0x00, 0x00, 0x00, 0x00, 0x00,
    0x00, 0x00, 0x00, 0x00, 0x00, 0x00, 0x00, 0x00, 0x00, 0x00, 0x00, 0x00, 0x00, 0x00, 0x00, 0x00,
    0x00, 0x00, 0x00, 0x00, 0x00, 0x00, 0x00, 0x00, 0x00, 0x00, 0x00, 0x00, 0x00, 0x00, 0x00, 0x00,
    0x00, 0x00, 0x00, 0x00, 0x00, 0x00, 0x00, 0x00, 0x00, 0x00, 0x00, 0x00, 0x00, 0x00, 0x00, 0x00,
    0x00, 0x00, 0x00, 0x00, 0x00, 0x00, 0x00, 0x00, 0x00, 0x00, 0x00, 0x00, 0x00, 0x00, 0x00, 0x00,
    0x00, 0x00, 0x00, 0x00, 0x7F, 0x7F, 0x00, 0x02, 0x7F, 0xBF, 0x3F, 0x04, 0xBF, 0xBF, 0x3F, 0x04,
    0x00, 0xFF, 0x00, 0x01, 0x00, 0x00, 0x00, 0x00, 0x00, 0x00, 0x00, 0x00, 0x00, 0x00, 0x00, 0x00,
    0x00, 0x00, 0x00, 0x00, 0xA3, 0xC8, 0x48, 0x1C, 0xA5, 0xCA, 0x46, 0x53, 0xA0, 0xB5, 0x41, 0x81,
    0x9C, 0xA6, 0x3F, 0x65, 0x9F, 0xA8, 0x40, 0x3B, 0xA0, 0xAA, 0x42, 0x1B, 0x7F, 0xFF, 0x7F, 0x02,
    0x00, 0x00, 0x00, 0x00, 0x00, 0x00, 0x00, 0x00, 0x00, 0x00, 0x00, 0x00, 0x00, 0x00, 0x00, 0x00,
    0x00, 0x00, 0x00, 0x00, 0x00, 0x00, 0x00, 0x00, 0x7F, 0x7F, 0x7F, 0x02, 0xBF, 0xBF, 0x3F, 0x04,
    0xBF, 0xBF, 0x3F, 0x04, 0xAA, 0xAA, 0x55, 0x03, 0x7F, 0x7F, 0x00, 0x02, 0xFF, 0xFF, 0x00, 0x01,
    0x00, 0x00, 0x00, 0x00, 0x00, 0x00, 0x00, 0x00, 0x00, 0x00, 0x00, 0x00, 0x00, 0x00, 0x00, 0x00,
    0x00, 0x00, 0x00, 0x00, 0x00, 0x00, 0x00, 0x00, 0x00, 0x00, 0x00, 0x00, 0x00, 0x00, 0x00, 0x00,
    0x00, 0x00, 0x00, 0x00, 0x00, 0x00, 0x00, 0x00, 0x00, 0x00, 0x00, 0x00, 0x00, 0x00, 0x00, 0x00,
    0x00, 0x00, 0x00, 0x00, 0x00, 0x00, 0x00, 0x00, 0x00, 0x00, 0x00, 0x00, 0x00, 0xFF, 0x00, 0x01,
    0x7F, 0xFF, 0x7F, 0x02, 0x7F, 0xBF, 0x3F, 0x04, 0xBF, 0xBF, 0x3F, 0x04, 0xFF, 0xFF, 0x00, 0x01,
    0x00, 0x00, 0x00, 0x00, 0x00, 0x00, 0x00, 0x00, 0x00, 0x00, 0x00, 0x00, 0x00, 0x00, 0x00, 0x00,
    0x9F, 0xBF, 0x3F, 0x08, 0xA4, 0xC9, 0x45, 0x30, 0xA5, 0xC8, 0x46, 0x66, 0xA2, 0xC6, 0x44, 0xA3,
    0xA1, 0xC5, 0x44, 0xD8, 0xA5, 0xCA, 0x45, 0xE7, 0xA2, 0xC7, 0x44, 0xA0, 0x9F, 0xCF, 0x3F, 0x10,
    0x00, 0x00, 0x00, 0x00, 0x00, 0x00, 0x00, 0x00, 0x00, 0x00, 0x00, 0x00, 0x00, 0x00, 0x00, 0x00,
    0x00, 0x00, 0x00, 0x00, 0x00, 0x00, 0x00, 0x00, 0x00, 0x00, 0x00, 0x00, 0x00, 0x00, 0x00, 0x00,
    0x00, 0x00, 0x00, 0x00, 0x00, 0x00, 0x00, 0x00, 0x7F, 0xFF, 0x7F, 0x02, 0x7F, 0xBF, 0x3F, 0x04,
    0x00, 0x00, 0x00, 0x00, 0x00, 0x00, 0x00, 0x00, 0x00, 0x00, 0x00, 0x00, 0x00, 0x00, 0x00, 0x00,
    0x00, 0x00, 0x00, 0x00, 0x9A, 0xBF, 0x51, 0x1C, 0xA3, 0xC7, 0x47, 0x4E, 0xA4, 0xC7, 0x46, 0x8A,
    0xA2, 0xC5, 0x44, 0xC4, 0xA2, 0xC5, 0x44, 0xEF, 0xA7, 0xCD, 0x46, 0xFF, 0xA2, 0xB9, 0x43, 0xFF,
    0xA2, 0xAB, 0x41, 0xFF, 0x9D, 0xA8, 0x3F, 0xFF, 0x9B, 0xA6, 0x3D, 0xEF, 0x9C, 0xA7, 0x3E, 0xD4,
    0x9D, 0xA7, 0x3F, 0xB1, 0x9B, 0xA6, 0x3E, 0x8B, 0x9D, 0xA7, 0x3D, 0x63, 0x9D, 0xAA, 0x3F, 0x3C,
    0xA3, 0xAD, 0x3F, 0x1C, 0x99, 0x99, 0x33, 0x05, 0x00, 0x00, 0x00, 0x00, 0x00, 0x00, 0x00, 0x00,
    0x00, 0x00, 0x00, 0x00, 0x00, 0x00, 0x00, 0x00, 0x00, 0x00, 0x00, 0x00, 0x00, 0x00, 0x00, 0x00,
    0x7F, 0x7F, 0x00, 0x02, 0x7F, 0x7F, 0x3F, 0x04, 0x7F, 0xBF, 0x3F, 0x04, 0xAA, 0xAA, 0x55, 0x03,
    0x7F, 0x7F, 0xFF, 0x02, 0x00, 0xFF, 0xFF, 0x01, 0x00, 0x00, 0x00, 0x00, 0x00, 0x00, 0x00, 0x00,
    0x00, 0x00, 0x00, 0x00, 0x00, 0x00, 0x00, 0x00, 0x00, 0x00, 0x00, 0x00, 0xFF, 0xFF, 0x00, 0x01,
    0xAA, 0xAA, 0x55, 0x03, 0x7F, 0xBF, 0x3F, 0x04, 0xAA, 0xAA, 0x55, 0x03, 0x00, 0x00, 0x00, 0x00,
    0x00, 0x00, 0x00, 0x00, 0x00, 0x00, 0x00, 0x00, 0x00, 0x00, 0x00, 0x00, 0x00, 0x00, 0x00, 0x00,
    0xA2, 0xC5, 0x45, 0x16, 0xA4, 0xC8, 0x46, 0x41, 0xA2, 0xC5, 0x44, 0x77, 0xA2, 0xC5, 0x45, 0xAD,
    0xA1, 0xC5, 0x44, 0xDB, 0xA2, 0xC5, 0x44, 0xFA, 0xA8, 0xCD, 0x47, 0xFF, 0xA9, 0xCE, 0x47, 0xFF,
    0xA5, 0xC9, 0x46, 0xFF, 0xA2, 0xC6, 0x45, 0xFF, 0xAE, 0xD4, 0x4A, 0xFF, 0xA0, 0xC3, 0x43, 0xAA,
    0x00, 0x00, 0x00, 0x00, 0x00, 0x00, 0x00, 0x00, 0x00, 0x00, 0x00, 0x00, 0x00, 0x00, 0x00, 0x00,
    0x00, 0x00, 0x00, 0x00, 0x00, 0x00, 0x00, 0x00, 0x00, 0x00, 0x00, 0x00, 0x00, 0x00, 0x00, 0x00,
    0x00, 0x00, 0x00, 0x00, 0xFF, 0xFF, 0x7F, 0x02, 0x00, 0x00, 0x00, 0x00, 0x00, 0x00, 0x00, 0x00,
    0x00, 0x00, 0x00, 0x00, 0xA4, 0xC5, 0x41, 0x1F, 0x9F, 0xC1, 0x49, 0x53, 0xA2, 0xC6, 0x46, 0x90,
    0xA7, 0xCB, 0x3F, 0xCA, 0xA7, 0xCC, 0x3E, 0xF5, 0xAD, 0xD2, 0x45, 0xFF, 0xAC, 0xD1, 0x4B, 0xFF,
    0xA8, 0xCD, 0x48, 0xFF, 0xA4, 0xC7, 0x45, 0xFF, 0xA0, 0xC5, 0x44, 0xFE, 0x9E, 0xB4, 0x40, 0xF5,
    0x9B, 0xA3, 0x3D, 0xFD, 0x9B, 0xA6, 0x3E, 0xFF, 0x9E, 0xA9, 0x3F, 0xFF, 0xA1, 0xAC, 0x40, 0xFF,
    0xA5, 0xB0, 0x42, 0xFF, 0xA7, 0xB3, 0x43, 0xFF, 0xA6, 0xB2, 0x42, 0xFF, 0xA1, 0xAC, 0x40, 0xFF,
    0x9B, 0xA6, 0x3D, 0xF7, 0x9B, 0xA7, 0x3E, 0xDD, 0x9C, 0xA7, 0x3E, 0xBB, 0x9C, 0xA8, 0x3E, 0x93,
    0x9D, 0xA6, 0x3D, 0x6B, 0x9F, 0xAB, 0x40, 0x43, 0xA2, 0xAA, 0x3D, 0x21, 0x9F, 0x9F, 0x3F, 0x08,
    0x00, 0x00, 0x00, 0x00, 0x00, 0x00, 0x00, 0x00, 0x00, 0x00, 0x00, 0x00, 0x00, 0x00, 0x00, 0x00,
    0x00, 0x00, 0x00, 0x00, 0x00, 0x00, 0x00, 0x00, 0x00, 0xFF, 0xFF, 0x01, 0x3F, 0xBF, 0xBF, 0x04,
    0x7F, 0xBF, 0x3F, 0x04, 0xBF, 0xBF, 0x3F, 0x04, 0x7F, 0x7F, 0x00, 0x02, 0x00, 0x00, 0x00, 0x00,
    0x00, 0x00, 0x00, 0x00, 0x00, 0x00, 0x00, 0x00, 0x00, 0x00, 0x00, 0x00, 0xBF, 0xBF, 0x3F, 0x04,
    0xA5, 0xC5, 0x46, 0x28, 0xA1, 0xC6, 0x44, 0x5A, 0xA2, 0xC5, 0x44, 0x92, 0xA3, 0xC6, 0x45, 0xC6,
    0xA2, 0xC5, 0x45, 0xF0, 0xA8, 0xCD, 0x47, 0xFF, 0xAD, 0xD3, 0x49, 0xFF, 0xAB, 0xD0, 0x48, 0xFF,
    0xA6, 0xCA, 0x46, 0xFF, 0xA2, 0xC5, 0x44, 0xFF, 0xA0, 0xC3, 0x43, 0xFD, 0xA0, 0xC4, 0x43, 0xFC,
    0xA0, 0xC3, 0x44, 0xFE, 0xA0, 0xC3, 0x44, 0xFE, 0xA2, 0xC4, 0x44, 0xFD, 0xA1, 0xC3, 0x44, 0xFD,
    0x00, 0x00, 0x00, 0x00, 0x00, 0x00, 0x00, 0x00, 0x00, 0x00, 0x00, 0x00, 0x00, 0x00, 0x00, 0x00,
    0x00, 0x00, 0x00, 0x00, 0x00, 0x00, 0x00, 0x00, 0x00, 0x00, 0x00, 0x00, 0x00, 0x00, 0x00, 0x00,
    0xFF, 0xFF, 0x7F, 0x02, 0x00, 0x00, 0x00, 0x00, 0x9F, 0xC4, 0x45, 0x30, 0xA7, 0xCA, 0x46, 0x8E,
    0xA3, 0xC6, 0x45, 0xCB, 0xA1, 0xC3, 0x45, 0xF5, 0xB0, 0xD6, 0x41, 0xFF, 0xAF, 0xD5, 0x45, 0xFF,
    0x99, 0xBC, 0x59, 0xFF, 0x8E, 0xAE, 0x5F, 0xFF, 0x96, 0xB8, 0x50, 0xFC, 0xA7, 0xCB, 0x3B, 0xFB,
    0xA4, 0xC8, 0x3F, 0xFC, 0x9F, 0xC2, 0x45, 0xFE, 0xA1, 0xC6, 0x44, 0xFF, 0x9E, 0xB3, 0x40, 0xF8,
    0x9B, 0xA4, 0x3E, 0xFF, 0x9B, 0xA6, 0x3E, 0xFF, 0x9A, 0xA5, 0x3E, 0xFE, 0x9B, 0xA6, 0x3E, 0xFD,
    0x9A, 0xA5, 0x3D, 0xFC, 0x9B, 0xA5, 0x3D, 0xFB, 0x9B, 0xA6, 0x3D, 0xFB, 0x9B, 0xA6, 0x3E, 0xFD,
    0x9C, 0xA8, 0x3F, 0xFF, 0xA0, 0xAB, 0x40, 0xFF, 0xA3, 0xAF, 0x41, 0xFF, 0xA6, 0xB2, 0x42, 0xFF,
    0xA6, 0xB1, 0x42, 0xFF, 0xA1, 0xAD, 0x41, 0xFF, 0x9B, 0xA6, 0x3E, 0xF9, 0x9B, 0xA6, 0x3E, 0xE1,
    0x9B, 0xA7, 0x3E, 0xC0, 0x9C, 0xA6, 0x3F, 0x99, 0x9D, 0xA8, 0x3D, 0x70, 0x9F, 0xA6, 0x38, 0x48,
    0x60, 0xC7, 0xF1, 0x25, 0x5C, 0xD0, 0xFF, 0x0B, 0x00, 0x00, 0x00, 0x00, 0x00, 0x00, 0x00, 0x00,
    0x00, 0x00, 0x00, 0x00, 0x00, 0x00, 0x00, 0x00, 0x00, 0x00, 0x00, 0x00, 0xAA, 0xC6, 0x46, 0x12,
    0xA1, 0xC7, 0x44, 0x3C, 0xA2, 0xC6, 0x43, 0x71, 0xA3, 0xC6, 0x45, 0xA8, 0xA3, 0xC6, 0x45, 0xD9,
    0xA1, 0xC5, 0x44, 0xFC, 0xAB, 0xD0, 0x48, 0xFF, 0xAC, 0xD2, 0x49, 0xFF, 0xA8, 0xCD, 0x47, 0xFF,
    0xA3, 0xC7, 0x45, 0xFF, 0xA1, 0xC3, 0x43, 0xFD, 0xA0, 0xC4, 0x44, 0xFB, 0xA0, 0xC3, 0x43, 0xFC,
    0xA1, 0xC4, 0x44, 0xFD, 0xA1, 0xC4, 0x44, 0xFE, 0xA1, 0xC4, 0x44, 0xFF, 0xA1, 0xC4, 0x44, 0xFF,
    0xA1, 0xC4, 0x44, 0xFF, 0xA1, 0xC4, 0x44, 0xFF, 0xA1, 0xC4, 0x44, 0xFF, 0xA0, 0xC4, 0x45, 0xFF,
    0x00, 0x00, 0x00, 0x00, 0x00, 0x00, 0x00, 0x00, 0x00, 0x00, 0x00, 0x00, 0x00, 0x00, 0x00, 0x00,
    0x00, 0x00, 0x00, 0x00, 0x00, 0x00, 0x00, 0x00, 0x00, 0x00, 0x00, 0x00, 0x00, 0x00, 0x00, 0x00,
    0x00, 0x00, 0x00, 0x00, 0xA0, 0xC2, 0x44, 0x69, 0xA7, 0xCC, 0x47, 0xFB, 0xAD, 0xD2, 0x49, 0xFF,
    0xA6, 0xCA, 0x48, 0xFF, 0xA9, 0xCD, 0x3D, 0xFF, 0x81, 0xA0, 0x68, 0xFC, 0x46, 0x5C, 0xB3, 0xFB,
    0x2C, 0x40, 0xCD, 0xFC, 0x27, 0x3B, 0xCE, 0xFE, 0x33, 0x47, 0xC8, 0xFF, 0x53, 0x6C, 0xA3, 0xFF,
    0x92, 0xB4, 0x55, 0xFF, 0xA6, 0xCA, 0x3E, 0xFF, 0xA0, 0xC4, 0x46, 0xFF, 0x9E, 0xB3, 0x40, 0xF8,
    0x9B, 0xA4, 0x3E, 0xFF, 0x9B, 0xA6, 0x3E, 0xFF, 0x9B, 0xA6, 0x3E, 0xFF, 0x9B, 0xA6, 0x3E, 0xFF,
    0x9B, 0xA6, 0x3E, 0xFF, 0x9B, 0xA6, 0x3E, 0xFF, 0x9B, 0xA6, 0x3E, 0xFF, 0x9B, 0xA6, 0x3E, 0xFF,
    0x9B, 0xA5, 0x3E, 0xFE, 0x9B, 0xA6, 0x3E, 0xFD, 0x9A, 0xA5, 0x3D, 0xFC, 0x9B, 0xA5, 0x3D, 0xFB,
    0x9B, 0xA5, 0x3D, 0xFB, 0x9B, 0xA6, 0x3D, 0xFD, 0x9C, 0xA7, 0x3E, 0xFF, 0x9F, 0xAB, 0x40, 0xFF,
    0xA3, 0xAE, 0x41, 0xFF, 0xA5, 0xB2, 0x45, 0xFF, 0xAA, 0xAF, 0x35, 0xFF, 0x7B, 0xB9, 0xA1, 0xFF,
    0x56, 0xC6, 0xFD, 0xFB, 0x59, 0xC3, 0xF4, 0xE4, 0x58, 0xC3, 0xF5, 0xC6, 0x57, 0xC4, 0xFF, 0x9E,
    0x8E, 0xB6, 0x66, 0x6D, 0xA4, 0xC4, 0x3E, 0x87, 0xA3, 0xC7, 0x46, 0xC0, 0xA1, 0xC5, 0x44, 0xEB,
    0xA6, 0xCA, 0x46, 0xFF, 0xAC, 0xD2, 0x49, 0xFF, 0xAB, 0xD0, 0x48, 0xFF, 0xA6, 0xCA, 0x46, 0xFF,
    0xA1, 0xC5, 0x44, 0xFF, 0xA0, 0xC3, 0x43, 0xFC, 0xA0, 0xC4, 0x44, 0xFB, 0xA0, 0xC4, 0x43, 0xFC,
    0xA0, 0xC3, 0x44, 0xFE, 0xA1, 0xC4, 0x44, 0xFF, 0xA1, 0xC4, 0x44, 0xFF, 0xA1, 0xC4, 0x44, 0xFF,
    0xA1, 0xC4, 0x44, 0xFF, 0xA1, 0xC4, 0x44, 0xFF, 0xA1, 0xC4, 0x44, 0xFF, 0xA1, 0xC4, 0x44, 0xFF,
    0xA1, 0xC4, 0x44, 0xFF, 0xA1, 0xC4, 0x44, 0xFF, 0xA1, 0xC4, 0x45, 0xFF, 0xA2, 0xC3, 0x40, 0xFE,
    0x00, 0x00, 0x00, 0x00, 0x00, 0x00, 0x00, 0x00, 0x00, 0x00, 0x00, 0x00, 0x00, 0x00, 0x00, 0x00,
    0x00, 0x00, 0x00, 0x00, 0x00, 0x00, 0x00, 0x00, 0x00, 0x00, 0x00, 0x00, 0x00, 0x00, 0x00, 0x00,
    0xA0, 0xC3, 0x42, 0x49, 0xA7, 0xCC, 0x47, 0xFF, 0xA3, 0xC6, 0x45, 0xFF, 0x9E, 0xC1, 0x45, 0xFB,
    0xA7, 0xCB, 0x3B, 0xFD, 0x77, 0x95, 0x75, 0xFE, 0x28, 0x3B, 0xD6, 0xFF, 0x1C, 0x30, 0xD2, 0xFF,
    0x30, 0x43, 0xCF, 0xFF, 0x3F, 0x51, 0xD2, 0xFF, 0x28, 0x3C, 0xCE, 0xFF, 0x1D, 0x30, 0xD6, 0xFF,
    0x35, 0x49, 0xC7, 0xFF, 0x8F, 0xAF, 0x59, 0xFF, 0xA6, 0xCA, 0x3F, 0xFF, 0x9C, 0xB1, 0x41, 0xF8,
    0x9B, 0xA4, 0x3E, 0xFF, 0x9B, 0xA6, 0x3E, 0xFF, 0x9B, 0xA6, 0x3E, 0xFF, 0x9B, 0xA6, 0x3E, 0xFF,
    0x9B, 0xA6, 0x3E, 0xFF, 0x9B, 0xA6, 0x3E, 0xFF, 0x9B, 0xA6, 0x3E, 0xFF, 0x9B, 0xA6, 0x3E, 0xFF,
    0x9B, 0xA6, 0x3E, 0xFF, 0x9B, 0xA6, 0x3E, 0xFF, 0x9B, 0xA6, 0x3E, 0xFF, 0x9B, 0xA6, 0x3E, 0xFF,
    0x9B, 0xA6, 0x3E, 0xFF, 0x9B, 0xA6, 0x3E, 0xFF, 0x9B, 0xA6, 0x3E, 0xFE, 0x9B, 0xA6, 0x3D, 0xFD,
    0x99, 0xA6, 0x41, 0xFC, 0xA0, 0xA3, 0x2F, 0xFB, 0x7C, 0xB3, 0x8E, 0xF5, 0x52, 0xC6, 0xFF, 0xFB,
    0x59, 0xC4, 0xF6, 0xFF, 0x5C, 0xC7, 0xF9, 0xFF, 0x57, 0xCF, 0xFF, 0xFF, 0x7C, 0xBB, 0xA7, 0xFF,
    0xA5, 0xB8, 0x3E, 0xFF, 0xAC, 0xD4, 0x4A, 0xFF, 0xA9, 0xCE, 0x48, 0xFF, 0xA4, 0xC8, 0x45, 0xFF,
    0xA0, 0xC3, 0x44, 0xFE, 0xA0, 0xC4, 0x44, 0xFB, 0xA1, 0xC4, 0x44, 0xFB, 0xA1, 0xC4, 0x43, 0xFD,
    0xA1, 0xC4, 0x44, 0xFE, 0xA1, 0xC4, 0x44, 0xFF, 0xA1, 0xC4, 0x44, 0xFF, 0xA1, 0xC4, 0x44, 0xFF,
    0xA1, 0xC4, 0x44, 0xFF, 0xA1, 0xC4, 0x44, 0xFF, 0xA1, 0xC4, 0x44, 0xFF, 0xA1, 0xC4, 0x44, 0xFF,
    0xA1, 0xC4, 0x44, 0xFF, 0xA1, 0xC4, 0x44, 0xFF, 0xA1, 0xC4, 0x44, 0xFF, 0xA1, 0xC4, 0x44, 0xFF,
    0xA1, 0xC4, 0x44, 0xFF, 0xA0, 0xC4, 0x46, 0xFF, 0xA5, 0xC4, 0x3B, 0xFF, 0x88, 0xC3, 0x81, 0xF9,
    0x00, 0x00, 0x00, 0x00, 0x00, 0x00, 0x00, 0x00, 0x00, 0x00, 0x00, 0x00, 0x00, 0x00, 0x00, 0x00,
    0x00, 0x00, 0x00, 0x00, 0x00, 0x00, 0x00, 0x00, 0x00, 0x00, 0x00, 0x00, 0x00, 0x00, 0x00, 0x00,
    0xA0, 0xC3, 0x44, 0xCE, 0xA7, 0xCB, 0x46, 0xFE, 0x9F, 0xC3, 0x44, 0xFC, 0xA4, 0xC8, 0x40, 0xFF,
    0x94, 0xB6, 0x53, 0xFF, 0x32, 0x46, 0xCB, 0xFF, 0x21, 0x36, 0xCE, 0xFF, 0x76, 0x84, 0xDC, 0xFF,
    0xDF, 0xE2, 0xF7, 0xFF, 0xF0, 0xF2, 0xFB, 0xFF, 0xCD, 0xD2, 0xF3, 0xFF, 0x54, 0x64, 0xD2, 0xFF,
    0x1D, 0x31, 0xD5, 0xFF, 0x48, 0x5E, 0xB1, 0xFF, 0xA4, 0xC9, 0x41, 0xFF, 0x9D, 0xB2, 0x40, 0xF8,
    0x9B, 0xA4, 0x3E, 0xFF, 0x9B, 0xA6, 0x3E, 0xFF, 0x9B, 0xA6, 0x3E, 0xFF, 0x9B, 0xA6, 0x3E, 0xFF,
    0x9B, 0xA6, 0x3E, 0xFF, 0x9B, 0xA6, 0x3E, 0xFF, 0x9B, 0xA6, 0x3E, 0xFF, 0x9B, 0xA6, 0x3E, 0xFF,
    0x9B, 0xA6, 0x3E, 0xFF, 0x9B, 0xA6, 0x3E, 0xFF, 0x9B, 0xA6, 0x3E, 0xFF, 0x9B, 0xA6, 0x3E, 0xFF,
    0x9B, 0xA6, 0x3E, 0xFF, 0x9B, 0xA6, 0x3E, 0xFF, 0x9B, 0xA6, 0x3E, 0xFF, 0x9A, 0xA7, 0x42, 0xFF,
    0xA0, 0xA4, 0x31, 0xFF, 0x85, 0xAF, 0x79, 0xF9, 0x54, 0xC4, 0xFD, 0xFD, 0x59, 0xC3, 0xF6, 0xFF,
    0x5A, 0xC2, 0xF1, 0xFE, 0x52, 0xC5, 0xFF, 0xFD, 0x72, 0xB7, 0xAE, 0xF6, 0xA0, 0xA2, 0x2E, 0xFA,
    0x9D, 0xB1, 0x3F, 0xF4, 0xA0, 0xC6, 0x44, 0xFB, 0xA0, 0xC4, 0x43, 0xFC, 0xA0, 0xC3, 0x44, 0xFE,
    0xA1, 0xC4, 0x44, 0xFF, 0xA1, 0xC4, 0x44, 0xFF, 0xA1, 0xC4, 0x44, 0xFF, 0xA1, 0xC4, 0x44, 0xFF,
    0xA1, 0xC4, 0x44, 0xFF, 0xA1, 0xC4, 0x44, 0xFF, 0xA1, 0xC4, 0x44, 0xFF, 0xA1, 0xC4, 0x44, 0xFF,
    0xA1, 0xC4, 0x44, 0xFF, 0xA1, 0xC4, 0x44, 0xFF, 0xA1, 0xC4, 0x44, 0xFF, 0xA1, 0xC4, 0x44, 0xFF,
    0xA1, 0xC4, 0x44, 0xFF, 0xA1, 0xC4, 0x44, 0xFF, 0xA1, 0xC4, 0x44, 0xFF, 0xA1, 0xC4, 0x44, 0xFF,
    0xA0, 0xC4, 0x45, 0xFF, 0xA4, 0xC5, 0x3F, 0xFF, 0x98, 0xC4, 0x58, 0xFB, 0x5A, 0xC3, 0xEF, 0xFB,
    0x00, 0x00, 0x00, 0x00, 0x00, 0x00, 0x00, 0x00, 0x00, 0x00, 0x00, 0x00, 0x00, 0x00, 0x00, 0x00,
    0x00, 0x00, 0x00, 0x00, 0x00, 0x00, 0x00, 0x00, 0x00, 0x00, 0x00, 0x00, 0x00, 0x00, 0x00, 0x00,
    0xA1, 0xC4, 0x44, 0xFB, 0xA1, 0xC4, 0x44, 0xFF, 0x9F, 0xC2, 0x46, 0xFF, 0xA9, 0xCD, 0x3A, 0xFF,
    0x6C, 0x88, 0x85, 0xFF, 0x1C, 0x30, 0xD6, 0xFF, 0x58, 0x69, 0xD5, 0xFF, 0xFF, 0xFF, 0xFF, 0xFF,
    0xFF, 0xFF, 0xFF, 0xFF, 0xFF, 0xFF, 0xFF, 0xFF, 0xFF, 0xFF, 0xFF, 0xFF, 0xE5, 0xE8, 0xF9, 0xFF,
    0x34, 0x48, 0xCE, 0xFF, 0x27, 0x3B, 0xD2, 0xFF, 0x88, 0xAA, 0x63, 0xFF, 0xA3, 0xBA, 0x39, 0xF8,
    0x99, 0xA3, 0x3F, 0xFF, 0x9B, 0xA6, 0x3E, 0xFF, 0x9B, 0xA6, 0x3E, 0xFF, 0x9B, 0xA6, 0x3E, 0xFF,
    0x9B, 0xA6, 0x3E, 0xFF, 0x9B, 0xA6, 0x3E, 0xFF, 0x9B, 0xA6, 0x3E, 0xFF, 0x9B, 0xA6, 0x3E, 0xFF,
    0x9B, 0xA6, 0x3E, 0xFF, 0x9B, 0xA6, 0x3E, 0xFF, 0x9B, 0xA6, 0x3E, 0xFF, 0x9B, 0xA6, 0x3E, 0xFF,
    0x9B, 0xA6, 0x3E, 0xFF, 0x9B, 0xA6, 0x3E, 0xFF, 0x9A, 0xA6, 0x41, 0xFF, 0xA0, 0xA5, 0x33, 0xFF,
    0x8B, 0xAC, 0x67, 0xFA, 0x57, 0xC3, 0xF7, 0xFC, 0x58, 0xC4, 0xF8, 0xFF, 0x5A, 0xC2, 0xF1, 0xFF,
    0x53, 0xC6, 0xFF, 0xFF, 0x6A, 0xBA, 0xC1, 0xF9, 0x9D, 0xA5, 0x37, 0xFD, 0x9B, 0xA5, 0x3E, 0xFF,
    0x9D, 0xB1, 0x41, 0xF8, 0xA1, 0xC6, 0x44, 0xFF, 0xA1, 0xC4, 0x44, 0xFF, 0xA1, 0xC4, 0x44, 0xFF,
    0xA1, 0xC4, 0x44, 0xFF, 0xA1, 0xC4, 0x44, 0xFF, 0xA1, 0xC4, 0x44, 0xFF, 0xA1, 0xC4, 0x44, 0xFF,
    0xA1, 0xC4, 0x44, 0xFF, 0xA1, 0xC4, 0x44, 0xFF, 0xA1, 0xC4, 0x44, 0xFF, 0xA1, 0xC4, 0x44, 0xFF,
    0xA1, 0xC4, 0x44, 0xFF, 0xA1, 0xC4, 0x44, 0xFF, 0xA1, 0xC4, 0x44, 0xFF, 0xA1, 0xC4, 0x44, 0xFF,
    0xA1, 0xC4, 0x44, 0xFF, 0xA1, 0xC4, 0x44, 0xFF, 0xA1, 0xC4, 0x44, 0xFF, 0xA1, 0xC4, 0x44, 0xFF,
    0xA0, 0xC4, 0x46, 0xFF, 0xA4, 0xC3, 0x39, 0xFE, 0x6C, 0xC3, 0xC4, 0xF9, 0x53, 0xC4, 0xFF, 0xFF,
    0x00, 0x00, 0x00, 0x00, 0x00, 0x00, 0x00, 0x00, 0x00, 0x00, 0x00, 0x00, 0x00, 0x00, 0x00, 0x00,
    0x00, 0x00, 0x00, 0x00, 0x00, 0x00, 0x00, 0x00, 0x00, 0x00, 0x00, 0x00, 0x00, 0x00, 0x00, 0x00,
    0xA1, 0xC4, 0x44, 0xFF, 0xA1, 0xC4, 0x44, 0xFF, 0x9F, 0xC2, 0x46, 0xFF, 0xA8, 0xCC, 0x3B, 0xFF,
    0x5A, 0x73, 0x9E, 0xFF, 0x16, 0x2A, 0xD3, 0xFF, 0x9C, 0xA6, 0xE6, 0xFF, 0xFD, 0xFE, 0xFF, 0xFF,
    0xFA, 0xFA, 0xFE, 0xFF, 0xFE, 0xFE, 0xFF, 0xFF, 0xFB, 0xFC, 0xFE, 0xFF, 0xFF, 0xFF, 0xFF, 0xFF,
    0x66, 0x75, 0xD9, 0xFF, 0x1A, 0x2E, 0xD4, 0xFF, 0x76, 0x95, 0x7B, 0xFF, 0xA5, 0xBD, 0x37, 0xF8,
    0x99, 0xA2, 0x40, 0xFF, 0x9B, 0xA6, 0x3E, 0xFF, 0x9B, 0xA6, 0x3E, 0xFF, 0x9B, 0xA6, 0x3E, 0xFF,
    0x9B, 0xA6, 0x3E, 0xFF, 0x9B, 0xA6, 0x3E, 0xFF, 0x9B, 0xA6, 0x3E, 0xFF, 0x9B, 0xA6, 0x3E, 0xFF,
    0x9B, 0xA6, 0x3E, 0xFF, 0x9B, 0xA6, 0x3E, 0xFF, 0x9B, 0xA6, 0x3E, 0xFF, 0x9B, 0xA6, 0x3E, 0xFF,
    0x9B, 0xA6, 0x3E, 0xFF, 0x9A, 0xA6, 0x41, 0xFF, 0x9F, 0xA5, 0x36, 0xFF, 0x91, 0xAA, 0x56, 0xFA,
    0x5A, 0xC2, 0xEE, 0xFB, 0x57, 0xC4, 0xFB, 0xFF, 0x5A, 0xC2, 0xF1, 0xFF, 0x54, 0xC5, 0xFF, 0xFF,
    0x64, 0xBE, 0xD3, 0xF9, 0x9A, 0xA5, 0x3E, 0xFC, 0x9C, 0xA7, 0x3C, 0xFF, 0x9A, 0xA4, 0x3F, 0xFF,
    0x9D, 0xB1, 0x40, 0xF8, 0xA1, 0xC6, 0x44, 0xFF, 0xA1, 0xC4, 0x44, 0xFF, 0xA1, 0xC4, 0x44, 0xFF,
    0xA1, 0xC4, 0x44, 0xFF, 0xA1, 0xC4, 0x44, 0xFF, 0xA1, 0xC4, 0x44, 0xFF, 0xA1, 0xC4, 0x44, 0xFF,
    0xA1, 0xC4, 0x44, 0xFF, 0xA1, 0xC4, 0x44, 0xFF, 0xA1, 0xC4, 0x44, 0xFF, 0xA1, 0xC4, 0x44, 0xFF,
    0xA1, 0xC4, 0x44, 0xFF, 0xA1, 0xC4, 0x44, 0xFF, 0xA1, 0xC4, 0x44, 0xFF, 0xA1, 0xC4, 0x44, 0xFF,
    0xA1, 0xC4, 0x44, 0xFF, 0xA1, 0xC4, 0x44, 0xFF, 0xA1, 0xC4, 0x44, 0xFF, 0xA0, 0xC4, 0x47, 0xFF,
    0xA6, 0xC5, 0x38, 0xFF, 0x86, 0xC3, 0x85, 0xF9, 0x53, 0xC2, 0xFF, 0xFE, 0x59, 0xC3, 0xF3, 0xFF,
    0x00, 0x00, 0x00, 0x00, 0x00, 0x00, 0x00, 0x00, 0x00, 0x00, 0x00, 0x00, 0x00, 0x00, 0x00, 0x00,
    0x00, 0x00, 0x00, 0x00, 0x00, 0x00, 0x00, 0x00, 0x00, 0x00, 0x00, 0x00, 0x00, 0x00, 0x00, 0x00,
    0xA1, 0xC4, 0x44, 0xFF, 0xA1, 0xC4, 0x44, 0xFF, 0x9F, 0xC2, 0x46, 0xFF, 0xA9, 0xCD, 0x3B, 0xFF,
    0x5F, 0x79, 0x97, 0xFF, 0x16, 0x2A, 0xD4, 0xFF, 0x90, 0x9B, 0xE3, 0xFF, 0xFF, 0xFF, 0xFF, 0xFF,
    0xF9, 0xF9, 0xFD, 0xFF, 0xFD, 0xFD, 0xFE, 0xFF, 0xFB, 0xFB, 0xFE, 0xFF, 0xFF, 0xFF, 0xFF, 0xFF,
    0x5C, 0x6C, 0xD7, 0xFF, 0x1C, 0x30, 0xD4, 0xFF, 0x7C, 0x9B, 0x74, 0xFF, 0xA5, 0xBC, 0x37, 0xF8,
    0x99, 0xA2, 0x40, 0xFF, 0x9B, 0xA6, 0x3E, 0xFF, 0x9B, 0xA6, 0x3E, 0xFF, 0x9B, 0xA6, 0x3E, 0xFF,
    0x9B, 0xA6, 0x3E, 0xFF, 0x9B, 0xA6, 0x3E, 0xFF, 0x9B, 0xA6, 0x3E, 0xFF, 0x9B, 0xA6, 0x3E, 0xFF,
    0x9B, 0xA6, 0x3E, 0xFF, 0x9B, 0xA6, 0x3E, 0xFF, 0x9B, 0xA6, 0x3E, 0xFF, 0x9B, 0xA6, 0x3E, 0xFF,
    0x9A, 0xA6, 0x40, 0xFF, 0x9E, 0xA6, 0x39, 0xFF, 0x97, 0xA7, 0x49, 0xFB, 0x5E, 0xC0, 0xE2, 0xFA,
    0x55, 0xC5, 0xFD, 0xFF, 0x5A, 0xC2, 0xF1, 0xFF, 0x55, 0xC5, 0xFD, 0xFF, 0x5E, 0xC0, 0xE2, 0xFA,
    0x97, 0xA7, 0x49, 0xFB, 0x9E, 0xA6, 0x39, 0xFF, 0x9A, 0xA7, 0x40, 0xFF, 0x9B, 0xA4, 0x3E, 0xFF,
    0x9D, 0xB1, 0x40, 0xF8, 0xA1, 0xC6, 0x44, 0xFF, 0xA1, 0xC4, 0x44, 0xFF, 0xA1, 0xC4, 0x44, 0xFF,
    0xA1, 0xC4, 0x44, 0xFF, 0xA1, 0xC4, 0x44, 0xFF, 0xA1, 0xC4, 0x44, 0xFF, 0xA1, 0xC4, 0x44, 0xFF,
    0xA1, 0xC4, 0x44, 0xFF, 0xA1, 0xC4, 0x44, 0xFF, 0xA1, 0xC4, 0x44, 0xFF, 0xA1, 0xC4, 0x44, 0xFF,
    0xA1, 0xC4, 0x44, 0xFF, 0xA1, 0xC4, 0x44, 0xFF, 0xA1, 0xC4, 0x44, 0xFF, 0xA1, 0xC4, 0x44, 0xFF,
    0xA1, 0xC4, 0x44, 0xFF, 0xA1, 0xC4, 0x44, 0xFF, 0xA0, 0xC4, 0x45, 0xFF, 0xA3, 0xC5, 0x40, 0xFF,
    0x9B, 0xC4, 0x53, 0xFB, 0x5B, 0xC3, 0xED, 0xFB, 0x57, 0xC4, 0xF8, 0xFF, 0x58, 0xC3, 0xF7, 0xFF,
    0x00, 0x00, 0x00, 0x00, 0x00, 0x00, 0x00, 0x00, 0x00, 0x00, 0x00, 0x00, 0x00, 0x00, 0x00, 0x00,
    0x00, 0x00, 0x00, 0x00, 0x00, 0x00, 0x00, 0x00, 0x00, 0x00, 0x00, 0x00, 0x00, 0x00, 0x00, 0x00,
    0xA1, 0xC4, 0x44, 0xFF, 0xA1, 0xC4, 0x44, 0xFF, 0x9F, 0xC2, 0x46, 0xFF, 0xA8, 0xCC, 0x3B, 0xFF,
    0x7C, 0x9B, 0x71, 0xFF, 0x22, 0x36, 0xD5, 0xFF, 0x41, 0x53, 0xD0, 0xFF, 0xEC, 0xEE, 0xFB, 0xFF,
    0xFF, 0xFF, 0xFF, 0xFF, 0xFF, 0xFF, 0xFF, 0xFF, 0xFF, 0xFF, 0xFF, 0xFF, 0xC4, 0xCA, 0xF1, 0xFF,
    0x27, 0x3C, 0xCE, 0xFF, 0x31, 0x45, 0xCA, 0xFF, 0x94, 0xB7, 0x55, 0xFF, 0xA1, 0xB7, 0x3C, 0xF8,
    0x9A, 0xA3, 0x3E, 0xFF, 0x9B, 0xA6, 0x3E, 0xFF, 0x9B, 0xA6, 0x3E, 0xFF, 0x9B, 0xA6, 0x3E, 0xFF,
    0x9B, 0xA6, 0x3E, 0xFF, 0x9B, 0xA6, 0x3E, 0xFF, 0x9B, 0xA6, 0x3E, 0xFF, 0x9B, 0xA6, 0x3E, 0xFF,
    0x9B, 0xA6, 0x3E, 0xFF, 0x9B, 0xA6, 0x3E, 0xFF, 0x9B, 0xA6, 0x3E, 0xFF, 0x9A, 0xA6, 0x3F, 0xFF,
    0x9C, 0xA6, 0x3C, 0xFF, 0x9A, 0xA5, 0x3E, 0xFC, 0x64, 0xBE, 0xD3, 0xF9, 0x54, 0xC5, 0xFF, 0xFF,
    0x5A, 0xC2, 0xF1, 0xFF, 0x57, 0xC5, 0xFB, 0xFF, 0x5A, 0xC2, 0xEE, 0xFB, 0x91, 0xAA, 0x56, 0xFA,
    0x9F, 0xA5, 0x36, 0xFF, 0x9A, 0xA6, 0x41, 0xFF, 0x9B, 0xA6, 0x3E, 0xFF, 0x9B, 0xA4, 0x3E, 0xFF,
    0x9D, 0xB1, 0x40, 0xF8, 0xA1, 0xC6, 0x44, 0xFF, 0xA1, 0xC4, 0x44, 0xFF, 0xA1, 0xC4, 0x44, 0xFF,
    0xA1, 0xC4, 0x44, 0xFF, 0xA1, 0xC4, 0x44, 0xFF, 0xA1, 0xC4, 0x44, 0xFF, 0xA1, 0xC4, 0x44, 0xFF,
    0xA1, 0xC4, 0x44, 0xFF, 0xA1, 0xC4, 0x44, 0xFF, 0xA1, 0xC4, 0x44, 0xFF, 0xA1, 0xC4, 0x44, 0xFF,
    0xA1, 0xC4, 0x44, 0xFF, 0xA1, 0xC4, 0x44, 0xFF, 0xA1, 0xC4, 0x44, 0xFF, 0xA1, 0xC4, 0x44, 0xFF,
    0xA1, 0xC4, 0x44, 0xFF, 0xA1, 0xC4, 0x44, 0xFF, 0xA0, 0xC4, 0x47, 0xFF, 0xA4, 0xC3, 0x39, 0xFE,
    0x6E, 0xC3, 0xBE, 0xF9, 0x54, 0xC3, 0xFF, 0xFF, 0x59, 0xC3, 0xF6, 0xFF, 0x5B, 0xC3, 0xED, 0xFC,
    0x00, 0x00, 0x00, 0x00, 0x00, 0x00, 0x00, 0x00, 0x00, 0x00, 0x00, 0x00, 0x00, 0x00, 0x00, 0x00,
    0x00, 0x00, 0x00, 0x00, 0x00, 0x00, 0x00, 0x00, 0x00, 0x00, 0x00, 0x00, 0x00, 0x00, 0x00, 0x00,
    0xA0, 0xC4, 0x47, 0xFF, 0xA0, 0xC4, 0x45, 0xFF, 0xA1, 0xC3, 0x45, 0xFF, 0xA2, 0xC6, 0x42, 0xFF,
    0x9C, 0xBF, 0x4A, 0xFF, 0x3A, 0x4F, 0xC2, 0xFF, 0x22, 0x37, 0xCF, 0xFF, 0x4A, 0x5C, 0xD4, 0xFF,
    0xAE, 0xB5, 0xEC, 0xFF, 0xC8, 0xCD, 0xF2, 0xFF, 0x99, 0xA3, 0xE7, 0xFF, 0x35, 0x48, 0xCE, 0xFF,
    0x23, 0x36, 0xD5, 0xFF, 0x4F, 0x66, 0xA7, 0xFF, 0xA7, 0xCD, 0x3D, 0xFF, 0x9C, 0xB1, 0x41, 0xF8,
    0x9B, 0xA4, 0x3E, 0xFF, 0x9B, 0xA6, 0x3E, 0xFF, 0x9B, 0xA6, 0x3E, 0xFF, 0x9B, 0xA6, 0x3E, 0xFF,
    0x9B, 0xA6, 0x3E, 0xFF, 0x9B, 0xA6, 0x3E, 0xFF, 0x9B, 0xA6, 0x3E, 0xFF, 0x9B, 0xA6, 0x3E, 0xFF,
    0x9B, 0xA6, 0x3E, 0xFF, 0x9B, 0xA6, 0x3E, 0xFF, 0x9B, 0xA6, 0x3F, 0xFF, 0x9B, 0xA7, 0x3E, 0xFF,
    0x9D, 0xA5, 0x37, 0xFD, 0x6A, 0xBA, 0xC1, 0xF9, 0x53, 0xC6, 0xFF, 0xFF, 0x5A, 0xC2, 0xF1, 0xFF,
    0x58, 0xC4, 0xF8, 0xFF, 0x57, 0xC3, 0xF7, 0xFC, 0x8B, 0xAC, 0x67, 0xFA, 0xA0, 0xA5, 0x33, 0xFF,
    0x9A, 0xA6, 0x41, 0xFF, 0x9B, 0xA6, 0x3E, 0xFF, 0x9B, 0xA6, 0x3E, 0xFF, 0x9B, 0xA4, 0x3E, 0xFF,
    0x9D, 0xB1, 0x40, 0xF8, 0xA1, 0xC6, 0x44, 0xFF, 0xA1, 0xC4, 0x44, 0xFF, 0xA1, 0xC4, 0x44, 0xFF,
    0xA1, 0xC4, 0x44, 0xFF, 0xA1, 0xC4, 0x44, 0xFF, 0xA1, 0xC4, 0x44, 0xFF, 0xA1, 0xC4, 0x44, 0xFF,
    0xA1, 0xC4, 0x44, 0xFF, 0xA1, 0xC4, 0x44, 0xFF, 0xA1, 0xC4, 0x44, 0xFF, 0xA1, 0xC4, 0x44, 0xFF,
    0xA1, 0xC4, 0x44, 0xFF, 0xA1, 0xC4, 0x44, 0xFF, 0xA1, 0xC4, 0x44, 0xFF, 0xA1, 0xC4, 0x44, 0xFF,
    0xA1, 0xC4, 0x44, 0xFF, 0xA0, 0xC4, 0x47, 0xFF, 0xA6, 0xC5, 0x38, 0xFF, 0x88, 0xC3, 0x82, 0xF9,
    0x53, 0xC2, 0xFF, 0xFE, 0x5A, 0xC3, 0xF3, 0xFF, 0x54, 0xC2, 0xFC, 0xFE, 0x86, 0xC3, 0x84, 0xF9,
    0x00, 0x00, 0x00, 0x00, 0x00, 0x00, 0x00, 0x00, 0x00, 0x00, 0x00, 0x00, 0x00, 0x00, 0x00, 0x00,
    0x00, 0x00, 0x00, 0x00, 0x00, 0x00, 0x00, 0x00, 0x00, 0x00, 0x00, 0x00, 0x00, 0x00, 0x00, 0x00,
    0xA6, 0xC4, 0x38, 0xFF, 0xA4, 0xC5, 0x3E, 0xFF, 0xA1, 0xC4, 0x44, 0xFF, 0x9E, 0xC2, 0x49, 0xFF,
    0xA8, 0xCD, 0x3C, 0xFF, 0x62, 0x7D, 0x8F, 0xFF, 0x26, 0x39, 0xD9, 0xFF, 0x29, 0x3D, 0xCA, 0xFF,
    0x20, 0x35, 0xCB, 0xFF, 0x25, 0x3A, 0xCC, 0xFF, 0x1F, 0x35, 0xCB, 0xFF, 0x2C, 0x41, 0xCC, 0xFF,
    0x28, 0x3B, 0xD6, 0xFF, 0x7C, 0x9A, 0x70, 0xFF, 0xA8, 0xCE, 0x3C, 0xFF, 0x9C, 0xB1, 0x42, 0xF8,
    0x9B, 0xA4, 0x3E, 0xFF, 0x9B, 0xA6, 0x3E, 0xFF, 0x9B, 0xA6, 0x3E, 0xFF, 0x9B, 0xA6, 0x3E, 0xFF,
    0x9B, 0xA6, 0x3E, 0xFF, 0x9B, 0xA6, 0x3E, 0xFF, 0x9B, 0xA6, 0x3E, 0xFF, 0x9B, 0xA6, 0x3E, 0xFF,
    0x9B, 0xA6, 0x3E, 0xFF, 0x9B, 0xA6, 0x3E, 0xFF, 0x9B, 0xA7, 0x40, 0xFF, 0x9F, 0xA3, 0x32, 0xFE,
    0x72, 0xB8, 0xAE, 0xF8, 0x53, 0xC5, 0xFF, 0xFF, 0x5A, 0xC2, 0xF2, 0xFF, 0x59, 0xC3, 0xF6, 0xFF,
    0x54, 0xC4, 0xFD, 0xFD, 0x85, 0xAF, 0x79, 0xF9, 0xA0, 0xA4, 0x31, 0xFF, 0x9A, 0xA7, 0x42, 0xFF,
    0x9B, 0xA6, 0x3E, 0xFF, 0x9B, 0xA6, 0x3E, 0xFF, 0x9B, 0xA6, 0x3E, 0xFF, 0x9B, 0xA4, 0x3E, 0xFF,
    0x9D, 0xB1, 0x40, 0xF8, 0xA1, 0xC6, 0x44, 0xFF, 0xA1, 0xC4, 0x44, 0xFF, 0xA1, 0xC4, 0x44, 0xFF,
    0xA1, 0xC4, 0x44, 0xFF, 0xA1, 0xC4, 0x44, 0xFF, 0xA1, 0xC4, 0x44, 0xFF, 0xA1, 0xC4, 0x44, 0xFF,
    0xA1, 0xC4, 0x44, 0xFF, 0xA1, 0xC4, 0x44, 0xFF, 0xA1, 0xC4, 0x44, 0xFF, 0xA1, 0xC4, 0x44, 0xFF,
    0xA1, 0xC4, 0x44, 0xFF, 0xA1, 0xC4, 0x44, 0xFF, 0xA1, 0xC4, 0x44, 0xFF, 0xA1, 0xC4, 0x44, 0xFF,
    0xA0, 0xC4, 0x45, 0xFF, 0xA3, 0xC5, 0x41, 0xFF, 0x9C, 0xC4, 0x50, 0xFB, 0x5C, 0xC3, 0xEB, 0xFB,
    0x58, 0xC4, 0xF7, 0xFF, 0x53, 0xC3, 0xFF, 0xFF, 0x70, 0xC3, 0xB9, 0xF9, 0xA5, 0xC3, 0x37, 0xFE,
    0x00, 0x00, 0x00, 0x00, 0x00, 0x00, 0x00, 0x00, 0x00, 0x00, 0x00, 0x00, 0x00, 0x00, 0x00, 0x00,
    0x00, 0x00, 0x00, 0x00, 0x00, 0x00, 0x00, 0x00, 0x00, 0x00, 0x00, 0x00, 0x00, 0x00, 0x00, 0x00,
    0x84, 0xC3, 0x89, 0xFA, 0x95, 0xC4, 0x5E, 0xFA, 0xA2, 0xC4, 0x41, 0xFC, 0xA5, 0xC3, 0x38, 0xFE,
    0xA9, 0xC8, 0x36, 0xFF, 0x95, 0xB5, 0x52, 0xFF, 0x2F, 0x44, 0xCD, 0xFF, 0x2E, 0x42, 0xD0, 0xFF,
    0x30, 0x44, 0xCE, 0xFF, 0x2F, 0x43, 0xCE, 0xFF, 0x31, 0x45, 0xCE, 0xFF, 0x29, 0x3D, 0xD3, 0xFF,
    0x3F, 0x55, 0xB9, 0xFF, 0xA1, 0xC4, 0x44, 0xFF, 0xA1, 0xC6, 0x44, 0xFF, 0x9D, 0xB2, 0x40, 0xF8,
    0x9B, 0xA4, 0x3E, 0xFF, 0x9B, 0xA6, 0x3E, 0xFF, 0x9B, 0xA6, 0x3E, 0xFF, 0x9B, 0xA6, 0x3E, 0xFF,
    0x9B, 0xA6, 0x3E, 0xFF, 0x9B, 0xA6, 0x3E, 0xFF, 0x9B, 0xA6, 0x3E, 0xFF, 0x9B, 0xA6, 0x3E, 0xFF,
    0x9B, 0xA6, 0x3E, 0xFF, 0x9A, 0xA7, 0x41, 0xFF, 0xA0, 0xA4, 0x30, 0xFE, 0x78, 0xB4, 0x99, 0xF9,
    0x53, 0xC5, 0xFF, 0xFE, 0x59, 0xC2, 0xF3, 0xFF, 0x59, 0xC3, 0xF4, 0xFF, 0x53, 0xC4, 0xFF, 0xFE,
    0x7D, 0xB2, 0x8D, 0xF9, 0xA0, 0xA4, 0x30, 0xFF, 0x9A, 0xA7, 0x42, 0xFF, 0x9B, 0xA6, 0x3E, 0xFF,
    0x9B, 0xA6, 0x3E, 0xFF, 0x9B, 0xA6, 0x3E, 0xFF, 0x9B, 0xA6, 0x3E, 0xFF, 0x9B, 0xA4, 0x3E, 0xFF,
    0x9D, 0xB1, 0x40, 0xF8, 0xA1, 0xC6, 0x44, 0xFF, 0xA1, 0xC4, 0x44, 0xFF, 0xA1, 0xC4, 0x44, 0xFF,
    0xA1, 0xC4, 0x44, 0xFF, 0xA1, 0xC4, 0x44, 0xFF, 0xA1, 0xC4, 0x44, 0xFF, 0xA1, 0xC4, 0x44, 0xFF,
    0xA1, 0xC4, 0x44, 0xFF, 0xA1, 0xC4, 0x44, 0xFF, 0xA1, 0xC4, 0x44, 0xFF, 0xA1, 0xC4, 0x44, 0xFF,
    0xA1, 0xC4, 0x44, 0xFF, 0xA1, 0xC4, 0x44, 0xFF, 0xA1, 0xC4, 0x44, 0xFF, 0xA1, 0xC4, 0x44, 0xFF,
    0xA0, 0xC4, 0x47, 0xFF, 0xA5, 0xC3, 0x38, 0xFE, 0x70, 0xC3, 0xBA, 0xF9, 0x54, 0xC3, 0xFF, 0xFF,
    0x58, 0xC4, 0xF6, 0xFF, 0x5B, 0xC3, 0xEC, 0xFB, 0x9B, 0xC4, 0x50, 0xFB, 0xA3, 0xC5, 0x40, 0xFF,
    0x00, 0x00, 0x00, 0x00, 0x00, 0x00, 0x00, 0x00, 0x00, 0x00, 0x00, 0x00, 0x00, 0x00, 0x00, 0x00,
    0x00, 0x00, 0x00, 0x00, 0x00, 0x00, 0x00, 0x00, 0x00, 0x00, 0x00, 0x00, 0x00, 0x00, 0x00, 0x00,
    0x53, 0xC3, 0xFF, 0xFE, 0x58, 0xC3, 0xF6, 0xFC, 0x64, 0xC3, 0xD7, 0xFA, 0x76, 0xC3, 0xAB, 0xF9,
    0x89, 0xC2, 0x7B, 0xF9, 0xA3, 0xCD, 0x48, 0xFB, 0x5F, 0x76, 0x8F, 0xFD, 0x26, 0x38, 0xD6, 0xFF,
    0x2F, 0x43, 0xCC, 0xFF, 0x2D, 0x41, 0xCE, 0xFF, 0x2F, 0x43, 0xCC, 0xFF, 0x24, 0x38, 0xDA, 0xFF,
    0x73, 0x91, 0x7B, 0xFF, 0xA9, 0xCC, 0x3B, 0xFF, 0x9F, 0xC4, 0x47, 0xFF, 0x9E, 0xB3, 0x40, 0xF8,
    0x9B, 0xA4, 0x3E, 0xFF, 0x9B, 0xA6, 0x3E, 0xFF, 0x9B, 0xA6, 0x3E, 0xFF, 0x9B, 0xA6, 0x3E, 0xFF,
    0x9B, 0xA6, 0x3E, 0xFF, 0x9B, 0xA6, 0x3E, 0xFF, 0x9B, 0xA6, 0x3E, 0xFF, 0x9B, 0xA6, 0x3E, 0xFF,
    0x9A, 0xA7, 0x42, 0xFF, 0xA0, 0xA4, 0x30, 0xFF, 0x81, 0xB1, 0x86, 0xF9, 0x53, 0xC5, 0xFF, 0xFD,
    0x59, 0xC3, 0xF4, 0xFF, 0x5A, 0xC2, 0xF2, 0xFF, 0x53, 0xC5, 0xFF, 0xFE, 0x75, 0xB5, 0xA1, 0xF9,
    0xA0, 0xA3, 0x30, 0xFE, 0x9A, 0xA7, 0x41, 0xFF, 0x9B, 0xA6, 0x3E, 0xFF, 0x9B, 0xA6, 0x3E, 0xFF,
    0x9B, 0xA6, 0x3E, 0xFF, 0x9B, 0xA6, 0x3E, 0xFF, 0x9B, 0xA6, 0x3E, 0xFF, 0x9B, 0xA4, 0x3E, 0xFF,
    0x9D, 0xB1, 0x40, 0xF8, 0xA1, 0xC6, 0x44, 0xFF, 0xA1, 0xC4, 0x44, 0xFF, 0xA1, 0xC4, 0x44, 0xFF,
    0xA1, 0xC4, 0x44, 0xFF, 0xA1, 0xC4, 0x44, 0xFF, 0xA1, 0xC4, 0x44, 0xFF, 0xA1, 0xC4, 0x44, 0xFF,
    0xA1, 0xC4, 0x44, 0xFF, 0xA1, 0xC4, 0x44, 0xFF, 0xA1, 0xC4, 0x44, 0xFF, 0xA1, 0xC4, 0x44, 0xFF,
    0xA1, 0xC4, 0x44, 0xFF, 0xA1, 0xC4, 0x44, 0xFF, 0xA1, 0xC4, 0x44, 0xFF, 0xA0, 0xC4, 0x47, 0xFF,
    0xA6, 0xC5, 0x39, 0xFF, 0x89, 0xC3, 0x7C, 0xF9, 0x53, 0xC3, 0xFF, 0xFD, 0x5A, 0xC4, 0xF2, 0xFF,
    0x53, 0xC2, 0xFF, 0xFE, 0x87, 0xC3, 0x83, 0xF9, 0xA6, 0xC5, 0x38, 0xFF, 0xA0, 0xC4, 0x47, 0xFF,
    0x00, 0x00, 0x00, 0x00, 0x00, 0x00, 0x00, 0x00, 0x00, 0x00, 0x00, 0x00, 0x00, 0x00, 0x00, 0x00,
    0x00, 0x00, 0x00, 0x00, 0x00, 0x00, 0x00, 0x00, 0x00, 0x00, 0x00, 0x00, 0x00, 0x00, 0x00, 0x00,
    0x59, 0xC3, 0xF3, 0xFF, 0x58, 0xC3, 0xF7, 0xFF, 0x56, 0xC4, 0xFE, 0xFF, 0x53, 0xC3, 0xFF, 0xFF,
    0x53, 0xC1, 0xFF, 0xFE, 0x5E, 0xC7, 0xEC, 0xFB, 0x5F, 0xB2, 0xD1, 0xFB, 0x2E, 0x44, 0xD0, 0xFF,
    0x2D, 0x40, 0xCE, 0xFF, 0x2E, 0x43, 0xCD, 0xFF, 0x29, 0x3D, 0xD4, 0xFF, 0x42, 0x54, 0xB2, 0xFF,
    0xA3, 0xC3, 0x3F, 0xFF, 0xA1, 0xC5, 0x44, 0xFF, 0xA0, 0xC6, 0x48, 0xFF, 0x9D, 0xB3, 0x42, 0xF8,
    0x9B, 0xA4, 0x3E, 0xFF, 0x9B, 0xA6, 0x3E, 0xFF, 0x9B, 0xA6, 0x3E, 0xFF, 0x9B, 0xA6, 0x3E, 0xFF,
    0x9B, 0xA6, 0x3E, 0xFF, 0x9B, 0xA6, 0x3E, 0xFF, 0x9B, 0xA6, 0x3E, 0xFF, 0x9A, 0xA7, 0x42, 0xFF,
    0xA0, 0xA5, 0x32, 0xFF, 0x88, 0xAE, 0x72, 0xF9, 0x55, 0xC4, 0xFB, 0xFD, 0x58, 0xC3, 0xF6, 0xFF,
    0x5A, 0xC2, 0xF1, 0xFF, 0x53, 0xC5, 0xFF, 0xFF, 0x6E, 0xB8, 0xB6, 0xF9, 0x9F, 0xA5, 0x33, 0xFD,
    0x9B, 0xA7, 0x40, 0xFF, 0x9B, 0xA6, 0x3F, 0xFF, 0x9B, 0xA6, 0x3E, 0xFF, 0x9B, 0xA6, 0x3E, 0xFF,
    0x9B, 0xA6, 0x3E, 0xFF, 0x9B, 0xA6, 0x3E, 0xFF, 0x9B, 0xA6, 0x3E, 0xFF, 0x9B, 0xA4, 0x3E, 0xFF,
    0x9D, 0xB1, 0x40, 0xF8, 0xA1, 0xC6, 0x44, 0xFF, 0xA1, 0xC4, 0x44, 0xFF, 0xA1, 0xC4, 0x44, 0xFF,
    0xA1, 0xC4, 0x44, 0xFF, 0xA1, 0xC4, 0x44, 0xFF, 0xA1, 0xC4, 0x44, 0xFF, 0xA1, 0xC4, 0x44, 0xFF,
    0xA1, 0xC4, 0x44, 0xFF, 0xA1, 0xC4, 0x44, 0xFF, 0xA1, 0xC4, 0x44, 0xFF, 0xA1, 0xC4, 0x44, 0xFF,
    0xA1, 0xC4, 0x44, 0xFF, 0xA1, 0xC4, 0x44, 0xFF, 0xA1, 0xC4, 0x45, 0xFF, 0xA3, 0xC5, 0x41, 0xFF,
    0x9C, 0xC3, 0x4C, 0xFC, 0x5D, 0xC3, 0xE8, 0xFB, 0x58, 0xC4, 0xF7, 0xFF, 0x54, 0xC3, 0xFF, 0xFF,
    0x6E, 0xC3, 0xBF, 0xF9, 0xA4, 0xC3, 0x39, 0xFE, 0xA0, 0xC4, 0x46, 0xFF, 0xA1, 0xC4, 0x44, 0xFF,
    0x00, 0x00, 0x00, 0x00, 0x00, 0x00, 0x00, 0x00, 0x00, 0x00, 0x00, 0x00, 0x00, 0x00, 0x00, 0x00,
    0x00, 0x00, 0x00, 0x00, 0x00, 0x00, 0x00, 0x00, 0x00, 0x00, 0x00, 0x00, 0x00, 0x00, 0x00, 0x00,
    0x58, 0xC3, 0xF6, 0xFF, 0x58, 0xC3, 0xF6, 0xFF, 0x59, 0xC3, 0xF4, 0xFF, 0x59, 0xC3, 0xF3, 0xFF,
    0x59, 0xC3, 0xF4, 0xFF, 0x56, 0xC1, 0xF9, 0xFF, 0x59, 0xCD, 0xFF, 0xFF, 0x41, 0x7D, 0xE0, 0xFF,
    0x2A, 0x37, 0xCB, 0xFF, 0x2F, 0x45, 0xCD, 0xFF, 0x27, 0x39, 0xD4, 0xFF, 0x63, 0x94, 0xA6, 0xFB,
    0x9D, 0xCD, 0x56, 0xFA, 0xA0, 0xC1, 0x41, 0xFD, 0xA6, 0xC6, 0x37, 0xFE, 0xA1, 0xB3, 0x38, 0xF9,
    0x9A, 0xA4, 0x40, 0xFF, 0x9B, 0xA6, 0x3F, 0xFF, 0x9B, 0xA6, 0x3E, 0xFF, 0x9B, 0xA6, 0x3E, 0xFF,
    0x9B, 0xA6, 0x3E, 0xFF, 0x9B, 0xA6, 0x3E, 0xFF, 0x9A, 0xA6, 0x41, 0xFF, 0x9F, 0xA5, 0x34, 0xFF,
    0x8E, 0xAB, 0x60, 0xFA, 0x58, 0xC3, 0xF4, 0xFC, 0x57, 0xC4, 0xF9, 0xFF, 0x5A, 0xC2, 0xF1, 0xFF,
    0x54, 0xC5, 0xFF, 0xFF, 0x68, 0xBC, 0xC8, 0xF9, 0x9C, 0xA5, 0x39, 0xFD, 0x9C, 0xA6, 0x3E, 0xFF,
    0x9A, 0xA6, 0x3F, 0xFF, 0x9B, 0xA6, 0x3E, 0xFF, 0x9B, 0xA6, 0x3E, 0xFF, 0x9B, 0xA6, 0x3E, 0xFF,
    0x9B, 0xA6, 0x3E, 0xFF, 0x9B, 0xA6, 0x3E, 0xFF, 0x9B, 0xA6, 0x3E, 0xFF, 0x9B, 0xA4, 0x3E, 0xFF,
    0x9D, 0xB1, 0x40, 0xF8, 0xA1, 0xC6, 0x44, 0xFF, 0xA1, 0xC4, 0x44, 0xFF, 0xA1, 0xC4, 0x44, 0xFF,
    0xA1, 0xC4, 0x44, 0xFF, 0xA1, 0xC4, 0x44, 0xFF, 0xA1, 0xC4, 0x44, 0xFF, 0xA1, 0xC4, 0x44, 0xFF,
    0xA1, 0xC4, 0x44, 0xFF, 0xA1, 0xC4, 0x44, 0xFF, 0xA1, 0xC4, 0x44, 0xFF, 0xA1, 0xC4, 0x44, 0xFF,
    0xA1, 0xC4, 0x44, 0xFF, 0xA1, 0xC4, 0x44, 0xFF, 0xA0, 0xC4, 0x47, 0xFF, 0xA5, 0xC4, 0x38, 0xFE,
    0x71, 0xC3, 0xB5, 0xF9, 0x53, 0xC3, 0xFF, 0xFF, 0x59, 0xC4, 0xF6, 0xFF, 0x5B, 0xC3, 0xEE, 0xFB,
    0x9A, 0xC4, 0x53, 0xFB, 0xA3, 0xC5, 0x40, 0xFF, 0xA0, 0xC4, 0x45, 0xFF, 0xA1, 0xC4, 0x44, 0xFF,
    0x00, 0x00, 0x00, 0x00, 0x00, 0x00, 0x00, 0x00, 0x00, 0x00, 0x00, 0x00, 0x00, 0x00, 0x00, 0x00,
    0x00, 0x00, 0x00, 0x00, 0x00, 0x00, 0x00, 0x00, 0x00, 0x00, 0x00, 0x00, 0x00, 0x00, 0x00, 0x00,
    0x58, 0xC3, 0xF6, 0xFF, 0x58, 0xC3, 0xF6, 0xFF, 0x58, 0xC3, 0xF6, 0xFF, 0x58, 0xC3, 0xF6, 0xFF,
    0x58, 0xC3, 0xF6, 0xFF, 0x58, 0xC2, 0xF5, 0xFF, 0x59, 0xC5, 0xF5, 0xFF, 0x55, 0xBB, 0xF4, 0xFF,
    0x31, 0x4C, 0xD1, 0xFF, 0x2A, 0x39, 0xCC, 0xFF, 0x36, 0x5C, 0xD5, 0xFF, 0x56, 0xC5, 0xFC, 0xFE,
    0x58, 0xC3, 0xF5, 0xFC, 0x66, 0xC2, 0xD5, 0xFA, 0x77, 0xC5, 0xAA, 0xF9, 0x8D, 0xB4, 0x6A, 0xF4,
    0x9F, 0xA3, 0x32, 0xFE, 0x9C, 0xA6, 0x3D, 0xFF, 0x9A, 0xA6, 0x41, 0xFF, 0x9B, 0xA6, 0x3E, 0xFF,
    0x9B, 0xA6, 0x3E, 0xFF, 0x9A, 0xA6, 0x41, 0xFF, 0x9E, 0xA6, 0x37, 0xFF, 0x93, 0xA9, 0x51, 0xFA,
    0x5B, 0xC1, 0xE9, 0xFB, 0x56, 0xC5, 0xFC, 0xFF, 0x5A, 0xC2, 0xF0, 0xFF, 0x55, 0xC5, 0xFF, 0xFF,
    0x61, 0xBE, 0xD9, 0xFA, 0x98, 0xA6, 0x41, 0xFC, 0x9D, 0xA6, 0x3B, 0xFF, 0x9A, 0xA6, 0x40, 0xFF,
    0x9B, 0xA6, 0x3E, 0xFF, 0x9B, 0xA6, 0x3E, 0xFF, 0x9B, 0xA6, 0x3E, 0xFF, 0x9B, 0xA6, 0x3E, 0xFF,
    0x9B, 0xA6, 0x3E, 0xFF, 0x9B, 0xA6, 0x3E, 0xFF, 0x9B, 0xA6, 0x3E, 0xFF, 0x9B, 0xA4, 0x3E, 0xFF,
    0x9D, 0xB1, 0x40, 0xF8, 0xA1, 0xC6, 0x44, 0xFF, 0xA1, 0xC4, 0x44, 0xFF, 0xA1, 0xC4, 0x44, 0xFF,
    0xA1, 0xC4, 0x44, 0xFF, 0xA1, 0xC4, 0x44, 0xFF, 0xA1, 0xC4, 0x44, 0xFF, 0xA1, 0xC4, 0x44, 0xFF,
    0xA1, 0xC4, 0x44, 0xFF, 0xA1, 0xC4, 0x44, 0xFF, 0xA1, 0xC4, 0x44, 0xFF, 0xA1, 0xC4, 0x44, 0xFF,
    0xA1, 0xC4, 0x44, 0xFF, 0xA0, 0xC4, 0x47, 0xFF, 0xA6, 0xC5, 0x39, 0xFF, 0x8B, 0xC3, 0x78, 0xF9,
    0x53, 0xC3, 0xFF, 0xFD, 0x5A, 0xC3, 0xF2, 0xFF, 0x53, 0xC2, 0xFF, 0xFE, 0x85, 0xC3, 0x87, 0xF9,
    0xA6, 0xC5, 0x38, 0xFF, 0xA0, 0xC4, 0x47, 0xFF, 0xA1, 0xC4, 0x44, 0xFF, 0xA1, 0xC4, 0x44, 0xFF,
    0x00, 0x00, 0x00, 0x00, 0x00, 0x00, 0x00, 0x00, 0x00, 0x00, 0x00, 0x00, 0x00, 0x00, 0x00, 0x00,
    0x00, 0x00, 0x00, 0x00, 0x00, 0x00, 0x00, 0x00, 0x00, 0x00, 0x00, 0x00, 0x00, 0x00, 0x00, 0x00,
    0x58, 0xC3, 0xF6, 0xFF, 0x59, 0xC3, 0xF3, 0xFF, 0x59, 0xC3, 0xF4, 0xFF, 0x58, 0xC3, 0xF5, 0xFF,
    0x58, 0xC3, 0xF6, 0xFF, 0x58, 0xC3, 0xF6, 0xFF, 0x57, 0xC1, 0xF5, 0xFF, 0x5B, 0xCD, 0xF9, 0xFF,
    0x45, 0x8A, 0xE4, 0xFF, 0x27, 0x30, 0xC9, 0xFF, 0x4D, 0xA1, 0xEC, 0xFF, 0x5B, 0xCB, 0xF7, 0xFF,
    0x58, 0xC2, 0xF6, 0xFF, 0x55, 0xC4, 0xFE, 0xFF, 0x53, 0xC3, 0xFF, 0xFF, 0x55, 0xC3, 0xFF, 0xF6,
    0x73, 0xB7, 0xAA, 0xF9, 0x9A, 0xA5, 0x40, 0xFC, 0x9F, 0xA5, 0x35, 0xFF, 0x9A, 0xA7, 0x41, 0xFF,
    0x9A, 0xA6, 0x40, 0xFF, 0x9D, 0xA6, 0x3A, 0xFF, 0x98, 0xA7, 0x45, 0xFB, 0x60, 0xBE, 0xDD, 0xFA,
    0x55, 0xC5, 0xFE, 0xFF, 0x5A, 0xC2, 0xF0, 0xFF, 0x56, 0xC5, 0xFC, 0xFF, 0x5C, 0xC0, 0xE7, 0xFB,
    0x95, 0xA8, 0x4E, 0xFB, 0x9E, 0xA6, 0x38, 0xFF, 0x9A, 0xA6, 0x41, 0xFF, 0x9B, 0xA6, 0x3E, 0xFF,
    0x9B, 0xA6, 0x3E, 0xFF, 0x9B, 0xA6, 0x3E, 0xFF, 0x9B, 0xA6, 0x3E, 0xFF, 0x9B, 0xA6, 0x3E, 0xFF,
    0x9B, 0xA6, 0x3E, 0xFF, 0x9B, 0xA6, 0x3E, 0xFF, 0x9B, 0xA6, 0x3E, 0xFF, 0x9B, 0xA4, 0x3E, 0xFF,
    0x9D, 0xB1, 0x40, 0xF8, 0xA1, 0xC6, 0x44, 0xFF, 0xA1, 0xC4, 0x44, 0xFF, 0xA1, 0xC4, 0x44, 0xFF,
    0xA1, 0xC4, 0x44, 0xFF, 0xA1, 0xC4, 0x44, 0xFF, 0xA1, 0xC4, 0x44, 0xFF, 0xA1, 0xC4, 0x44, 0xFF,
    0xA1, 0xC4, 0x44, 0xFF, 0xA1, 0xC4, 0x44, 0xFF, 0xA1, 0xC4, 0x44, 0xFF, 0xA1, 0xC4, 0x44, 0xFF,
    0xA1, 0xC4, 0x45, 0xFF, 0xA3, 0xC5, 0x42, 0xFF, 0x9D, 0xC3, 0x4A, 0xFC, 0x5E, 0xC3, 0xE4, 0xFB,
    0x58, 0xC4, 0xF8, 0xFF, 0x54, 0xC3, 0xFE, 0xFF, 0x6C, 0xC3, 0xC4, 0xF9, 0xA5, 0xC4, 0x3A, 0xFD,
    0xA1, 0xC4, 0x46, 0xFF, 0xA1, 0xC4, 0x44, 0xFF, 0xA1, 0xC4, 0x44, 0xFF, 0xA1, 0xC4, 0x44, 0xFF,
    0x00, 0x00, 0x00, 0x00, 0x00, 0x00, 0x00, 0x00, 0x00, 0x00, 0x00, 0x00, 0x00, 0x00, 0x00, 0x00,
    0x00, 0x00, 0x00, 0x00, 0x00, 0x00, 0x00, 0x00, 0x00, 0x00, 0x00, 0x00, 0x00, 0x00, 0x00, 0x00,
    0x56, 0xC2, 0xF8, 0xFD, 0x53, 0xC3, 0xFF, 0xFE, 0x54, 0xC3, 0xFF, 0xFF, 0x57, 0xC4, 0xFA, 0xFF,
    0x59, 0xC3, 0xF5, 0xFF, 0x59, 0xC3, 0xF3, 0xFF, 0x59, 0xC3, 0xF4, 0xFF, 0x59, 0xC5, 0xF6, 0xFF,
    0x55, 0xBA, 0xF3, 0xFF, 0x41, 0x7E, 0xE1, 0xFF, 0x59, 0xC5, 0xF7, 0xFF, 0x58, 0xC3, 0xF6, 0xFF,
    0x58, 0xC3, 0xF6, 0xFF, 0x59, 0xC3, 0xF4, 0xFF, 0x59, 0xC3, 0xF3, 0xFF, 0x59, 0xC2, 0xF4, 0xF9,
    0x53, 0xC6, 0xFF, 0xFF, 0x60, 0xBF, 0xDD, 0xFA, 0x8B, 0xAC, 0x68, 0xFA, 0x9F, 0xA4, 0x31, 0xFE,
    0x9D, 0xA6, 0x3A, 0xFF, 0x9B, 0xA5, 0x3B, 0xFC, 0x67, 0xBC, 0xCC, 0xF9, 0x54, 0xC5, 0xFF, 0xFF,
    0x5A, 0xC2, 0xF1, 0xFF, 0x57, 0xC4, 0xFA, 0xFF, 0x59, 0xC2, 0xF1, 0xFC, 0x8F, 0xAB, 0x5C, 0xFA,
    0x9F, 0xA5, 0x35, 0xFF, 0x9A, 0xA6, 0x41, 0xFF, 0x9B, 0xA6, 0x3E, 0xFF, 0x9B, 0xA6, 0x3E, 0xFF,
    0x9B, 0xA6, 0x3E, 0xFF, 0x9B, 0xA6, 0x3E, 0xFF, 0x9B, 0xA6, 0x3E, 0xFF, 0x9B, 0xA6, 0x3E, 0xFF,
    0x9B, 0xA6, 0x3E, 0xFF, 0x9B, 0xA6, 0x3E, 0xFF, 0x9B, 0xA6, 0x3E, 0xFF, 0x9B, 0xA4, 0x3E, 0xFF,
    0x9D, 0xB1, 0x40, 0xF8, 0xA1, 0xC6, 0x44, 0xFF, 0xA1, 0xC4, 0x44, 0xFF, 0xA1, 0xC4, 0x44, 0xFF,
    0xA1, 0xC4, 0x44, 0xFF, 0xA1, 0xC4, 0x44, 0xFF, 0xA1, 0xC4, 0x44, 0xFF, 0xA1, 0xC4, 0x44, 0xFF,
    0xA1, 0xC4, 0x44, 0xFF, 0xA1, 0xC4, 0x44, 0xFF, 0xA1, 0xC4, 0x44, 0xFF, 0xA1, 0xC4, 0x44, 0xFF,
    0xA0, 0xC4, 0x47, 0xFF, 0xA6, 0xC4, 0x37, 0xFE, 0x73, 0xC3, 0xB1, 0xF9, 0x53, 0xC3, 0xFF, 0xFF,
    0x59, 0xC4, 0xF5, 0xFF, 0x5A, 0xC3, 0xF0, 0xFC, 0x99, 0xC4, 0x56, 0xFB, 0xA4, 0xC5, 0x3F, 0xFF,
    0xA0, 0xC4, 0x46, 0xFF, 0xA1, 0xC4, 0x44, 0xFF, 0xA1, 0xC4, 0x44, 0xFF, 0xA1, 0xC4, 0x44, 0xFF,
    0x00, 0x00, 0x00, 0x00, 0x00, 0x00, 0x00, 0x00, 0x00, 0x00, 0x00, 0x00, 0x00, 0x00, 0x00, 0x00,
    0x00, 0x00, 0x00, 0x00, 0x00, 0x00, 0x00, 0x00, 0x00, 0x00, 0x00, 0x00, 0x00, 0x00, 0x00, 0x00,
    0x93, 0xC3, 0x64, 0xFA, 0x82, 0xC4, 0x91, 0xF9, 0x6D, 0xC3, 0xC3, 0xF9, 0x5D, 0xC3, 0xE9, 0xFB,
    0x54, 0xC3, 0xFF, 0xFD, 0x53, 0xC3, 0xFF, 0xFF, 0x55, 0xC4, 0xFF, 0xFF, 0x58, 0xC3, 0xF8, 0xFF,
    0x59, 0xC4, 0xF4, 0xFF, 0x5A, 0xC6, 0xF4, 0xFF, 0x58, 0xC3, 0xF5, 0xFF, 0x58, 0xC3, 0xF6, 0xFF,
    0x58, 0xC3, 0xF6, 0xFF, 0x58, 0xC3, 0xF6, 0xFF, 0x58, 0xC3, 0xF6, 0xFF, 0x58, 0xC3, 0xF6, 0xF8,
    0x59, 0xC3, 0xF3, 0xFF, 0x56, 0xC5, 0xFD, 0xFF, 0x56, 0xC4, 0xFC, 0xFC, 0x77, 0xB5, 0x9F, 0xF9,
    0x9B, 0xA6, 0x3E, 0xFA, 0x6D, 0xB9, 0xB9, 0xF9, 0x53, 0xC5, 0xFF, 0xFF, 0x5A, 0xC2, 0xF1, 0xFF,
    0x58, 0xC4, 0xF7, 0xFF, 0x56, 0xC4, 0xFA, 0xFC, 0x8A, 0xAE, 0x6E, 0xF9, 0xA0, 0xA5, 0x32, 0xFF,
    0x9A, 0xA6, 0x42, 0xFF, 0x9B, 0xA6, 0x3E, 0xFF, 0x9B, 0xA6, 0x3E, 0xFF, 0x9B, 0xA6, 0x3E, 0xFF,
    0x9B, 0xA6, 0x3E, 0xFF, 0x9B, 0xA6, 0x3E, 0xFF, 0x9B, 0xA6, 0x3E, 0xFF, 0x9B, 0xA6, 0x3E, 0xFF,
    0x9B, 0xA6, 0x3E, 0xFF, 0x9B, 0xA6, 0x3E, 0xFF, 0x9B, 0xA6, 0x3E, 0xFF, 0x9B, 0xA4, 0x3E, 0xFF,
    0x9D, 0xB1, 0x40, 0xF8, 0xA1, 0xC6, 0x44, 0xFF, 0xA1, 0xC4, 0x44, 0xFF, 0xA1, 0xC4, 0x44, 0xFF,
    0xA1, 0xC4, 0x44, 0xFF, 0xA1, 0xC4, 0x44, 0xFF, 0xA1, 0xC4, 0x44, 0xFF, 0xA1, 0xC4, 0x44, 0xFF,
    0xA1, 0xC4, 0x44, 0xFF, 0xA1, 0xC4, 0x44, 0xFF, 0xA1, 0xC4, 0x44, 0xFF, 0xA0, 0xC4, 0x47, 0xFF,
    0xA6, 0xC5, 0x3A, 0xFF, 0x8D, 0xC3, 0x74, 0xF9, 0x54, 0xC3, 0xFD, 0xFD, 0x5A, 0xC4, 0xF2, 0xFF,
    0x52, 0xC2, 0xFF, 0xFE, 0x83, 0xC3, 0x8C, 0xF9, 0xA6, 0xC5, 0x37, 0xFF, 0xA0, 0xC4, 0x47, 0xFF,
    0xA1, 0xC4, 0x44, 0xFF, 0xA1, 0xC4, 0x44, 0xFF, 0xA1, 0xC4, 0x44, 0xFF, 0xA1, 0xC4, 0x44, 0xFF,
    0x00, 0x00, 0x00, 0x00, 0x00, 0x00, 0x00, 0x00, 0x00, 0x00, 0x00, 0x00, 0x00, 0x00, 0x00, 0x00,
    0x00, 0x00, 0x00, 0x00, 0x00, 0x00, 0x00, 0x00, 0x00, 0x00, 0x00, 0x00, 0x00, 0x00, 0x00, 0x00,
    0xA4, 0xC5, 0x3D, 0xFF, 0xA6, 0xC4, 0x38, 0xFF, 0xA5, 0xC4, 0x3A, 0xFD, 0x9D, 0xC5, 0x4E, 0xFB,
    0x8D, 0xC3, 0x73, 0xFA, 0x79, 0xC3, 0xA3, 0xF9, 0x67, 0xC3, 0xD2, 0xFA, 0x59, 0xC3, 0xF2, 0xFC,
    0x53, 0xC2, 0xFF, 0xFE, 0x53, 0xC3, 0xFF, 0xFF, 0x56, 0xC3, 0xFC, 0xFF, 0x58, 0xC3, 0xF6, 0xFF,
    0x59, 0xC3, 0xF3, 0xFF, 0x59, 0xC3, 0xF4, 0xFF, 0x58, 0xC3, 0xF5, 0xFF, 0x58, 0xC3, 0xF6, 0xF8,
    0x58, 0xC3, 0xF6, 0xFF, 0x59, 0xC3, 0xF4, 0xFF, 0x58, 0xC4, 0xF7, 0xFF, 0x54, 0xC4, 0xFF, 0xFF,
    0x5D, 0xC0, 0xE6, 0xFB, 0x56, 0xC3, 0xFA, 0xFF, 0x59, 0xC3, 0xF4, 0xFF, 0x58, 0xC3, 0xF7, 0xFF,
    0x53, 0xC5, 0xFF, 0xFD, 0x82, 0xB0, 0x81, 0xF9, 0xA0, 0xA4, 0x30, 0xFF, 0x9A, 0xA7, 0x42, 0xFF,
    0x9B, 0xA6, 0x3E, 0xFF, 0x9B, 0xA6, 0x3E, 0xFF, 0x9B, 0xA6, 0x3E, 0xFF, 0x9B, 0xA6, 0x3E, 0xFF,
    0x9B, 0xA6, 0x3E, 0xFF, 0x9B, 0xA6, 0x3E, 0xFF, 0x9B, 0xA6, 0x3E, 0xFF, 0x9B, 0xA6, 0x3E, 0xFF,
    0x9B, 0xA6, 0x3E, 0xFF, 0x9B, 0xA6, 0x3E, 0xFF, 0x9B, 0xA6, 0x3E, 0xFF, 0x9B, 0xA4, 0x3E, 0xFF,
    0x9D, 0xB1, 0x40, 0xF8, 0xA1, 0xC6, 0x44, 0xFF, 0xA1, 0xC4, 0x44, 0xFF, 0xA1, 0xC4, 0x44, 0xFF,
    0xA1, 0xC4, 0x44, 0xFF, 0xA1, 0xC4, 0x44, 0xFF, 0xA1, 0xC4, 0x44, 0xFF, 0xA1, 0xC4, 0x44, 0xFF,
    0xA1, 0xC4, 0x44, 0xFF, 0xA1, 0xC4, 0x44, 0xFF, 0xA1, 0xC4, 0x45, 0xFF, 0xA2, 0xC5, 0x43, 0xFF,
    0x9E, 0xC3, 0x47, 0xFC, 0x5F, 0xC3, 0xE2, 0xFA, 0x57, 0xC4, 0xF9, 0xFF, 0x55, 0xC3, 0xFE, 0xFF,
    0x6A, 0xC3, 0xC8, 0xF9, 0xA4, 0xC4, 0x3B, 0xFD, 0xA1, 0xC4, 0x46, 0xFF, 0xA1, 0xC4, 0x44, 0xFF,
    0xA1, 0xC4, 0x44, 0xFF, 0xA1, 0xC4, 0x44, 0xFF, 0xA1, 0xC4, 0x44, 0xFF, 0xA1, 0xC4, 0x44, 0xFF,
    0x00, 0x00, 0x00, 0x00, 0x00, 0x00, 0x00, 0x00, 0x00, 0x00, 0x00, 0x00, 0x00, 0x00, 0x00, 0x00,
    0x00, 0x00, 0x00, 0x00, 0x00, 0x00, 0x00, 0x00, 0x00, 0x00, 0x00, 0x00, 0x00, 0x00, 0x00, 0x00,
    0xA0, 0xC4, 0x46, 0xFF, 0xA0, 0xC4, 0x47, 0xFF, 0xA0, 0xC4, 0x46, 0xFF, 0xA2, 0xC5, 0x42, 0xFF,
    0xA5, 0xC5, 0x3B, 0xFF, 0xA6, 0xC4, 0x37, 0xFF, 0xA3, 0xC4, 0x3F, 0xFD, 0x99, 0xC4, 0x58, 0xFA,
    0x87, 0xC4, 0x83, 0xF9, 0x72, 0xC3, 0xB5, 0xF9, 0x61, 0xC3, 0xE0, 0xFA, 0x56, 0xC2, 0xF9, 0xFD,
    0x53, 0xC3, 0xFF, 0xFE, 0x54, 0xC3, 0xFF, 0xFF, 0x57, 0xC4, 0xFA, 0xFF, 0x59, 0xC3, 0xF4, 0xF8,
    0x58, 0xC3, 0xF5, 0xFF, 0x58, 0xC3, 0xF6, 0xFF, 0x58, 0xC3, 0xF5, 0xFF, 0x59, 0xC3, 0xF4, 0xFF,
    0x57, 0xC4, 0xFA, 0xFF, 0x58, 0xC3, 0xF5, 0xFF, 0x58, 0xC3, 0xF5, 0xFF, 0x56, 0xC3, 0xF8, 0xFE,
    0x7D, 0xB3, 0x8E, 0xF9, 0x9F, 0xA4, 0x33, 0xFE, 0x9A, 0xA7, 0x42, 0xFF, 0x9B, 0xA6, 0x3E, 0xFF,
    0x9B, 0xA6, 0x3E, 0xFF, 0x9B, 0xA6, 0x3E, 0xFF, 0x9B, 0xA6, 0x3E, 0xFF, 0x9B, 0xA6, 0x3E, 0xFF,
    0x9B, 0xA6, 0x3E, 0xFF, 0x9B, 0xA6, 0x3E, 0xFF, 0x9B, 0xA6, 0x3E, 0xFF, 0x9B, 0xA6, 0x3E, 0xFF,
    0x9B, 0xA6, 0x3E, 0xFF, 0x9B, 0xA6, 0x3E, 0xFF, 0x9B, 0xA6, 0x3E, 0xFF, 0x9B, 0xA4, 0x3E, 0xFF,
    0x9D, 0xB1, 0x40, 0xF8, 0xA1, 0xC6, 0x44, 0xFF, 0xA1, 0xC4, 0x44, 0xFF, 0xA1, 0xC4, 0x44, 0xFF,
    0xA1, 0xC4, 0x44, 0xFF, 0xA1, 0xC4, 0x44, 0xFF, 0xA1, 0xC4, 0x44, 0xFF, 0xA1, 0xC4, 0x44, 0xFF,
    0xA1, 0xC4, 0x44, 0xFF, 0xA1, 0xC4, 0x44, 0xFF, 0xA0, 0xC4, 0x47, 0xFF, 0xA6, 0xC4, 0x37, 0xFE,
    0x75, 0xC3, 0xAD, 0xF9, 0x53, 0xC3, 0xFF, 0xFF, 0x59, 0xC4, 0xF5, 0xFF, 0x59, 0xC2, 0xF2, 0xFC,
    0x97, 0xC3, 0x59, 0xFB, 0xA4, 0xC5, 0x3E, 0xFF, 0xA0, 0xC4, 0x46, 0xFF, 0xA1, 0xC4, 0x44, 0xFF,
    0xA1, 0xC4, 0x44, 0xFF, 0xA1, 0xC4, 0x44, 0xFF, 0xA1, 0xC4, 0x44, 0xFF, 0xA1, 0xC4, 0x44, 0xFF,
    0x00, 0x00, 0x00, 0x00, 0x00, 0x00, 0x00, 0x00, 0x00, 0x00, 0x00, 0x00, 0x00, 0x00, 0x00, 0x00,
    0x00, 0x00, 0x00, 0x00, 0x00, 0x00, 0x00, 0x00, 0x00, 0x00, 0x00, 0x00, 0x00, 0x00, 0x00, 0x00,
    0xA1, 0xC4, 0x44, 0xFF, 0xA1, 0xC4, 0x44, 0xFF, 0xA1, 0xC4, 0x44, 0xFF, 0xA1, 0xC4, 0x45, 0xFF,
    0xA0, 0xC4, 0x46, 0xFF, 0xA0, 0xC4, 0x47, 0xFF, 0xA1, 0xC4, 0x45, 0xFF, 0xA4, 0xC5, 0x3F, 0xFF,
    0xA6, 0xC5, 0x39, 0xFF, 0xA5, 0xC4, 0x38, 0xFE, 0xA0, 0xC4, 0x45, 0xFC, 0x92, 0xC3, 0x66, 0xFA,
    0x80, 0xC3, 0x94, 0xF9, 0x6C, 0xC3, 0xC4, 0xFA, 0x5C, 0xC3, 0xEA, 0xFB, 0x54, 0xC4, 0xFF, 0xF7,
    0x56, 0xC4, 0xFC, 0xFF, 0x58, 0xC3, 0xF5, 0xFF, 0x58, 0xC3, 0xF6, 0xFF, 0x58, 0xC3, 0xF6, 0xFF,
    0x58, 0xC3, 0xF5, 0xFF, 0x58, 0xC3, 0xF5, 0xFF, 0x58, 0xC4, 0xF9, 0xFF, 0x5B, 0xC1, 0xEA, 0xFB,
    0x92, 0xAA, 0x56, 0xF9, 0xA0, 0xA4, 0x30, 0xFF, 0x9B, 0xA7, 0x40, 0xFF, 0x9A, 0xA6, 0x40, 0xFF,
    0x9B, 0xA6, 0x3E, 0xFF, 0x9B, 0xA6, 0x3E, 0xFF, 0x9B, 0xA6, 0x3E, 0xFF, 0x9B, 0xA6, 0x3E, 0xFF,
    0x9B, 0xA6, 0x3E, 0xFF, 0x9B, 0xA6, 0x3E, 0xFF, 0x9B, 0xA6, 0x3E, 0xFF, 0x9B, 0xA6, 0x3E, 0xFF,
    0x9B, 0xA6, 0x3E, 0xFF, 0x9B, 0xA6, 0x3E, 0xFF, 0x9B, 0xA6, 0x3E, 0xFF, 0x9B, 0xA4, 0x3E, 0xFF,
    0x9D, 0xB1, 0x40, 0xF8, 0xA1, 0xC6, 0x44, 0xFF, 0xA1, 0xC4, 0x44, 0xFF, 0xA1, 0xC4, 0x44, 0xFF,
    0xA1, 0xC4, 0x44, 0xFF, 0xA1, 0xC4, 0x44, 0xFF, 0xA1, 0xC4, 0x44, 0xFF, 0xA1, 0xC4, 0x44, 0xFF,
    0xA1, 0xC4, 0x44, 0xFF, 0xA0, 0xC4, 0x47, 0xFF, 0xA5, 0xC5, 0x3A, 0xFF, 0x8E, 0xC3, 0x70, 0xFA,
    0x54, 0xC3, 0xFC, 0xFD, 0x5A, 0xC3, 0xF2, 0xFF, 0x53, 0xC2, 0xFF, 0xFE, 0x81, 0xC3, 0x90, 0xF9,
    0xA6, 0xC4, 0x37, 0xFF, 0xA0, 0xC4, 0x47, 0xFF, 0xA1, 0xC4, 0x44, 0xFF, 0xA1, 0xC4, 0x44, 0xFF,
    0xA1, 0xC4, 0x44, 0xFF, 0xA1, 0xC4, 0x44, 0xFF, 0xA1, 0xC4, 0x44, 0xFF, 0xA1, 0xC4, 0x44, 0xFF,
    0x00, 0x00, 0x00, 0x00, 0x00, 0x00, 0x00, 0x00, 0x00, 0x00, 0x00, 0x00, 0x00, 0x00, 0x00, 0x00,
    0x00, 0x00, 0x00, 0x00, 0x00, 0x00, 0x00, 0x00, 0x00, 0x00, 0x00, 0x00, 0x00, 0x00, 0x00, 0x00,
    0xA1, 0xC4, 0x44, 0xFF, 0xA1, 0xC4, 0x44, 0xFF, 0xA1, 0xC4, 0x44, 0xFF, 0xA1, 0xC4, 0x44, 0xFF,
    0xA1, 0xC4, 0x44, 0xFF, 0xA1, 0xC4, 0x44, 0xFF, 0xA1, 0xC4, 0x44, 0xFF, 0xA0, 0xC4, 0x45, 0xFF,
    0xA0, 0xC4, 0x47, 0xFF, 0xA0, 0xC4, 0x47, 0xFF, 0xA2, 0xC4, 0x43, 0xFF, 0xA5, 0xC5, 0x3D, 0xFF,
    0xA6, 0xC4, 0x37, 0xFF, 0xA4, 0xC3, 0x3B, 0xFE, 0x9D, 0xC5, 0x4D, 0xFB, 0x86, 0xB9, 0x7E, 0xF3,
    0x5E, 0xBE, 0xE4, 0xFB, 0x57, 0xC4, 0xF8, 0xFF, 0x58, 0xC3, 0xF5, 0xFF, 0x58, 0xC3, 0xF6, 0xFF,
    0x58, 0xC3, 0xF6, 0xFF, 0x58, 0xC3, 0xF6, 0xFF, 0x58, 0xC3, 0xF5, 0xFF, 0x57, 0xC4, 0xF9, 0xFF,
    0x58, 0xC3, 0xF4, 0xFC, 0x7D, 0xB2, 0x8C, 0xF9, 0x9E, 0xA4, 0x35, 0xFD, 0x9D, 0xA6, 0x39, 0xFF,
    0x9A, 0xA6, 0x41, 0xFF, 0x9B, 0xA6, 0x3E, 0xFF, 0x9B, 0xA6, 0x3E, 0xFF, 0x9B, 0xA6, 0x3E, 0xFF,
    0x9B, 0xA6, 0x3E, 0xFF, 0x9B, 0xA6, 0x3E, 0xFF, 0x9B, 0xA6, 0x3E, 0xFF, 0x9B, 0xA6, 0x3E, 0xFF,
    0x9B, 0xA6, 0x3E, 0xFF, 0x9B, 0xA6, 0x3E, 0xFF, 0x9B, 0xA6, 0x3E, 0xFF, 0x9B, 0xA4, 0x3E, 0xFF,
    0x9D, 0xB1, 0x40, 0xF8, 0xA1, 0xC6, 0x44, 0xFF, 0xA1, 0xC4, 0x44, 0xFF, 0xA1, 0xC4, 0x44, 0xFF,
    0xA1, 0xC4, 0x44, 0xFF, 0xA1, 0xC4, 0x44, 0xFF, 0xA1, 0xC4, 0x44, 0xFF, 0xA1, 0xC4, 0x44, 0xFF,
    0xA1, 0xC4, 0x45, 0xFF, 0xA2, 0xC5, 0x43, 0xFF, 0x9F, 0xC4, 0x45, 0xFC, 0x61, 0xC3, 0xDF, 0xFA,
    0x57, 0xC3, 0xF9, 0xFF, 0x55, 0xC4, 0xFD, 0xFF, 0x69, 0xC2, 0xCC, 0xFA, 0xA4, 0xC3, 0x3D, 0xFD,
    0xA1, 0xC4, 0x46, 0xFF, 0xA1, 0xC4, 0x44, 0xFF, 0xA1, 0xC4, 0x44, 0xFF, 0xA1, 0xC4, 0x44, 0xFF,
    0xA1, 0xC4, 0x44, 0xFF, 0xA1, 0xC4, 0x44, 0xFF, 0xA1, 0xC4, 0x44, 0xFF, 0xA1, 0xC4, 0x44, 0xFF,
    0x00, 0x00, 0x00, 0x00, 0x00, 0x00, 0x00, 0x00, 0x00, 0x00, 0x00, 0x00, 0x00, 0x00, 0x00, 0x00,
    0x00, 0x00, 0x00, 0x00, 0x00, 0x00, 0x00, 0x00, 0x00, 0x00, 0x00, 0x00, 0x00, 0x00, 0x00, 0x00,
    0xA1, 0xC4, 0x44, 0xFF, 0xA1, 0xC4, 0x44, 0xFF, 0xA1, 0xC4, 0x44, 0xFF, 0xA1, 0xC4, 0x44, 0xFF,
    0xA1, 0xC4, 0x44, 0xFF, 0xA1, 0xC4, 0x44, 0xFF, 0xA1, 0xC4, 0x44, 0xFF, 0xA1, 0xC4, 0x44, 0xFF,
    0xA1, 0xC4, 0x44, 0xFF, 0xA1, 0xC4, 0x44, 0xFF, 0xA1, 0xC4, 0x44, 0xFF, 0xA0, 0xC4, 0x46, 0xFF,
    0xA0, 0xC4, 0x47, 0xFF, 0xA0, 0xC4, 0x46, 0xFF, 0xA2, 0xC7, 0x44, 0xFF, 0xA3, 0xB1, 0x2F, 0xFA,
    0x94, 0xA6, 0x4E, 0xF9, 0x5A, 0xC2, 0xEE, 0xFB, 0x58, 0xC4, 0xF9, 0xFF, 0x58, 0xC3, 0xF5, 0xFF,
    0x59, 0xC3, 0xF4, 0xFF, 0x58, 0xC3, 0xF6, 0xFF, 0x58, 0xC3, 0xF6, 0xFF, 0x58, 0xC3, 0xF5, 0xFF,
    0x58, 0xC4, 0xF8, 0xFF, 0x53, 0xC5, 0xFF, 0xFE, 0x69, 0xBB, 0xC4, 0xF9, 0x94, 0xA8, 0x51, 0xFB,
    0xA0, 0xA4, 0x31, 0xFF, 0x9A, 0xA7, 0x40, 0xFF, 0x9A, 0xA6, 0x3F, 0xFF, 0x9B, 0xA6, 0x3E, 0xFF,
    0x9B, 0xA6, 0x3E, 0xFF, 0x9B, 0xA6, 0x3E, 0xFF, 0x9B, 0xA6, 0x3E, 0xFF, 0x9B, 0xA6, 0x3E, 0xFF,
    0x9B, 0xA6, 0x3E, 0xFF, 0x9B, 0xA6, 0x3E, 0xFF, 0x9B, 0xA6, 0x3E, 0xFF, 0x9B, 0xA4, 0x3E, 0xFF,
    0x9D, 0xB1, 0x40, 0xF8, 0xA1, 0xC6, 0x44, 0xFF, 0xA1, 0xC4, 0x44, 0xFF, 0xA1, 0xC4, 0x44, 0xFF,
    0xA1, 0xC4, 0x44, 0xFF, 0xA1, 0xC4, 0x44, 0xFF, 0xA1, 0xC4, 0x44, 0xFF, 0xA1, 0xC4, 0x44, 0xFF,
    0xA0, 0xC4, 0x47, 0xFF, 0xA6, 0xC4, 0x37, 0xFF, 0x77, 0xC3, 0xA7, 0xF9, 0x53, 0xC3, 0xFF, 0xFF,
    0x59, 0xC3, 0xF4, 0xFF, 0x58, 0xC3, 0xF4, 0xFC, 0x96, 0xC3, 0x5D, 0xFA, 0xA4, 0xC5, 0x3E, 0xFF,
    0xA0, 0xC4, 0x46, 0xFF, 0xA1, 0xC4, 0x44, 0xFF, 0xA1, 0xC4, 0x44, 0xFF, 0xA1, 0xC4, 0x44, 0xFF,
    0xA1, 0xC4, 0x44, 0xFF, 0xA1, 0xC4, 0x44, 0xFF, 0xA1, 0xC4, 0x44, 0xFF, 0xA1, 0xC4, 0x44, 0xFF,
    0x00, 0x00, 0x00, 0x00, 0x00, 0x00, 0x00, 0x00, 0x00, 0x00, 0x00, 0x00, 0x00, 0x00, 0x00, 0x00,
    0x00, 0x00, 0x00, 0x00, 0x00, 0x00, 0x00, 0x00, 0x00, 0x00, 0x00, 0x00, 0x00, 0x00, 0x00, 0x00,
    0xA1, 0xC4, 0x44, 0xFF, 0xA1, 0xC4, 0x44, 0xFF, 0xA1, 0xC4, 0x44, 0xFF, 0xA1, 0xC4, 0x44, 0xFF,
    0xA1, 0xC4, 0x44, 0xFF, 0xA1, 0xC4, 0x44, 0xFF, 0xA1, 0xC4, 0x44, 0xFF, 0xA1, 0xC4, 0x44, 0xFF,
    0xA1, 0xC4, 0x44, 0xFF, 0xA1, 0xC4, 0x44, 0xFF, 0xA1, 0xC4, 0x44, 0xFF, 0xA1, 0xC4, 0x44, 0xFF,
    0xA1, 0xC4, 0x44, 0xFF, 0xA1, 0xC4, 0x44, 0xFF, 0xA1, 0xC6, 0x46, 0xFF, 0x9E, 0xB2, 0x3B, 0xF7,
    0x6F, 0xB6, 0xB3, 0xFA, 0x56, 0xC5, 0xFC, 0xFE, 0x59, 0xC3, 0xF4, 0xFF, 0x58, 0xC3, 0xF6, 0xFF,
    0x55, 0xC5, 0xFF, 0xFF, 0x59, 0xC3, 0xF4, 0xFF, 0x58, 0xC3, 0xF5, 0xFF, 0x58, 0xC3, 0xF6, 0xFF,
    0x58, 0xC3, 0xF5, 0xFF, 0x59, 0xC3, 0xF3, 0xFF, 0x54, 0xC5, 0xFF, 0xFF, 0x5A, 0xC2, 0xEF, 0xFB,
    0x82, 0xB0, 0x82, 0xF9, 0x9F, 0xA5, 0x33, 0xFD, 0x9D, 0xA6, 0x3B, 0xFF, 0x9A, 0xA6, 0x41, 0xFF,
    0x9B, 0xA6, 0x3E, 0xFF, 0x9B, 0xA6, 0x3E, 0xFF, 0x9B, 0xA6, 0x3E, 0xFF, 0x9B, 0xA6, 0x3E, 0xFF,
    0x9B, 0xA6, 0x3E, 0xFF, 0x9B, 0xA6, 0x3E, 0xFF, 0x9B, 0xA6, 0x3E, 0xFF, 0x9B, 0xA4, 0x3E, 0xFF,
    0x9D, 0xB1, 0x40, 0xF8, 0xA1, 0xC6, 0x44, 0xFF, 0xA1, 0xC4, 0x44, 0xFF, 0xA1, 0xC4, 0x44, 0xFF,
    0xA1, 0xC4, 0x44, 0xFF, 0xA1, 0xC4, 0x44, 0xFF, 0xA1, 0xC4, 0x44, 0xFF, 0xA0, 0xC4, 0x46, 0xFF,
    0xA5, 0xC5, 0x3B, 0xFF, 0x8F, 0xC3, 0x6C, 0xFA, 0x55, 0xC2, 0xFB, 0xFD, 0x5A, 0xC4, 0xF3, 0xFF,
    0x53, 0xC3, 0xFF, 0xFE, 0x80, 0xC3, 0x95, 0xF9, 0xA7, 0xC4, 0x37, 0xFF, 0xA0, 0xC4, 0x47, 0xFF,
    0xA1, 0xC4, 0x44, 0xFF, 0xA1, 0xC4, 0x44, 0xFF, 0xA1, 0xC4, 0x44, 0xFF, 0xA1, 0xC4, 0x44, 0xFF,
    0xA1, 0xC4, 0x44, 0xFF, 0xA1, 0xC4, 0x44, 0xFF, 0xA1, 0xC4, 0x44, 0xFF, 0xA1, 0xC4, 0x44, 0xFF,
    0x00, 0x00, 0x00, 0x00, 0x00, 0x00, 0x00, 0x00, 0x00, 0x00, 0x00, 0x00, 0x00, 0x00, 0x00, 0x00,
    0x00, 0x00, 0x00, 0x00, 0x00, 0x00, 0x00, 0x00, 0x00, 0x00, 0x00, 0x00, 0x00, 0x00, 0x00, 0x00,
    0xA1, 0xC4, 0x44, 0xFF, 0xA1, 0xC4, 0x44, 0xFF, 0xA1, 0xC4, 0x44, 0xFF, 0xA1, 0xC4, 0x44, 0xFF,
    0xA1, 0xC4, 0x44, 0xFF, 0xA1, 0xC4, 0x44, 0xFF, 0xA1, 0xC4, 0x44, 0xFF, 0xA1, 0xC4, 0x44, 0xFF,
    0xA1, 0xC4, 0x44, 0xFF, 0xA1, 0xC4, 0x44, 0xFF, 0xA1, 0xC4, 0x44, 0xFF, 0xA1, 0xC4, 0x44, 0xFF,
    0xA1, 0xC4, 0x44, 0xFF, 0xA0, 0xC4, 0x47, 0xFF, 0xA6, 0xC4, 0x37, 0xFE, 0x79, 0xC0, 0xA0, 0xF3,
    0x52, 0xC4, 0xFF, 0xFE, 0x59, 0xC3, 0xF4, 0xFF, 0x58, 0xC3, 0xF7, 0xFF, 0x58, 0xC2, 0xF5, 0xFE,
    0x66, 0xBC, 0xCF, 0xF9, 0x54, 0xC4, 0xFF, 0xFE, 0x57, 0xC4, 0xF9, 0xFF, 0x59, 0xC2, 0xF3, 0xFF,
    0x58, 0xC3, 0xF6, 0xFF, 0x58, 0xC3, 0xF6, 0xFF, 0x59, 0xC2, 0xF3, 0xFF, 0x57, 0xC4, 0xF9, 0xFF,
    0x53, 0xC4, 0xFF, 0xFE, 0x6D, 0xB9, 0xBB, 0xF9, 0x96, 0xA7, 0x4A, 0xFB, 0xA0, 0xA5, 0x32, 0xFF,
    0x9A, 0xA7, 0x41, 0xFF, 0x9B, 0xA6, 0x3F, 0xFF, 0x9B, 0xA6, 0x3E, 0xFF, 0x9B, 0xA6, 0x3E, 0xFF,
    0x9B, 0xA6, 0x3E, 0xFF, 0x9B, 0xA6, 0x3E, 0xFF, 0x9B, 0xA6, 0x3E, 0xFF, 0x9B, 0xA4, 0x3E, 0xFF,
    0x9D, 0xB1, 0x40, 0xF8, 0xA1, 0xC6, 0x44, 0xFF, 0xA1, 0xC4, 0x44, 0xFF, 0xA1, 0xC4, 0x44, 0xFF,
    0xA1, 0xC4, 0x44, 0xFF, 0xA1, 0xC4, 0x44, 0xFF, 0xA1, 0xC4, 0x44, 0xFF, 0xA2, 0xC5, 0x44, 0xFF,
    0xA0, 0xC4, 0x43, 0xFC, 0x62, 0xC3, 0xDB, 0xFA, 0x57, 0xC4, 0xFA, 0xFF, 0x55, 0xC3, 0xFC, 0xFF,
    0x67, 0xC2, 0xD0, 0xFA, 0xA3, 0xC4, 0x3E, 0xFD, 0xA1, 0xC4, 0x45, 0xFF, 0xA1, 0xC4, 0x44, 0xFF,
    0xA1, 0xC4, 0x44, 0xFF, 0xA1, 0xC4, 0x44, 0xFF, 0xA1, 0xC4, 0x44, 0xFF, 0xA1, 0xC4, 0x44, 0xFF,
    0xA1, 0xC4, 0x44, 0xFF, 0xA1, 0xC4, 0x44, 0xFF, 0xA1, 0xC4, 0x44, 0xFF, 0xA1, 0xC4, 0x44, 0xFF,
    0x00, 0x00, 0x00, 0x00, 0x00, 0x00, 0x00, 0x00, 0x00, 0x00, 0x00, 0x00, 0x00, 0x00, 0x00, 0x00,
    0x00, 0x00, 0x00, 0x00, 0x00, 0x00, 0x00, 0x00, 0x00, 0x00, 0x00, 0x00, 0x00, 0x00, 0x00, 0x00,
    0xA1, 0xC4, 0x44, 0xFF, 0xA1, 0xC4, 0x44, 0xFF, 0xA1, 0xC4, 0x44, 0xFF, 0xA1, 0xC4, 0x44, 0xFF,
    0xA1, 0xC4, 0x44, 0xFF, 0xA1, 0xC4, 0x44, 0xFF, 0xA1, 0xC4, 0x44, 0xFF, 0xA1, 0xC4, 0x44, 0xFF,
    0xA1, 0xC4, 0x44, 0xFF, 0xA1, 0xC4, 0x44, 0xFF, 0xA1, 0xC4, 0x44, 0xFF, 0xA1, 0xC4, 0x44, 0xFF,
    0xA0, 0xC4, 0x46, 0xFF, 0xA5, 0xC5, 0x3B, 0xFF, 0x91, 0xC3, 0x6A, 0xF9, 0x55, 0xC3, 0xFC, 0xF6,
    0x59, 0xC4, 0xF5, 0xFF, 0x59, 0xC2, 0xF3, 0xFF, 0x53, 0xC5, 0xFF, 0xFE, 0x7A, 0xB3, 0x96, 0xF9,
    0xA0, 0xA3, 0x2F, 0xFC, 0x80, 0xB2, 0x88, 0xF9, 0x59, 0xC3, 0xF2, 0xFB, 0x55, 0xC5, 0xFF, 0xFF,
    0x59, 0xC3, 0xF3, 0xFF, 0x58, 0xC3, 0xF5, 0xFF, 0x58, 0xC3, 0xF6, 0xFF, 0x58, 0xC3, 0xF5, 0xFF,
    0x59, 0xC3, 0xF4, 0xFF, 0x54, 0xC5, 0xFF, 0xFF, 0x5C, 0xC1, 0xE9, 0xFB, 0x86, 0xAF, 0x78, 0xF9,
    0x9F, 0xA3, 0x31, 0xFE, 0x9C, 0xA6, 0x3C, 0xFF, 0x9A, 0xA6, 0x41, 0xFF, 0x9B, 0xA6, 0x3E, 0xFF,
    0x9B, 0xA6, 0x3E, 0xFF, 0x9B, 0xA6, 0x3E, 0xFF, 0x9B, 0xA6, 0x3E, 0xFF, 0x9B, 0xA4, 0x3E, 0xFF,
    0x9D, 0xB1, 0x40, 0xF8, 0xA1, 0xC6, 0x44, 0xFF, 0xA1, 0xC4, 0x44, 0xFF, 0xA1, 0xC4, 0x44, 0xFF,
    0xA1, 0xC4, 0x44, 0xFF, 0xA1, 0xC4, 0x44, 0xFF, 0xA0, 0xC4, 0x47, 0xFF, 0xA6, 0xC4, 0x36, 0xFF,
    0x79, 0xC2, 0xA2, 0xF9, 0x53, 0xC3, 0xFF, 0xFF, 0x59, 0xC4, 0xF4, 0xFF, 0x57, 0xC3, 0xF6, 0xFC,
    0x94, 0xC3, 0x60, 0xFA, 0xA4, 0xC5, 0x3D, 0xFF, 0xA0, 0xC4, 0x46, 0xFF, 0xA1, 0xC4, 0x44, 0xFF,
    0xA1, 0xC4, 0x44, 0xFF, 0xA1, 0xC4, 0x44, 0xFF, 0xA1, 0xC4, 0x44, 0xFF, 0xA1, 0xC4, 0x44, 0xFF,
    0xA1, 0xC4, 0x44, 0xFF, 0xA1, 0xC4, 0x44, 0xFF, 0xA1, 0xC4, 0x44, 0xFF, 0xA1, 0xC4, 0x44, 0xFF,
    0x00, 0x00, 0x00, 0x00, 0x00, 0x00, 0x00, 0x00, 0x00, 0x00, 0x00, 0x00, 0x00, 0x00, 0x00, 0x00,
    0x00, 0x00, 0x00, 0x00, 0x00, 0x00, 0x00, 0x00, 0x00, 0x00, 0x00, 0x00, 0x00, 0x00, 0x00, 0x00,
    0xA1, 0xC4, 0x44, 0xFF, 0xA1, 0xC4, 0x44, 0xFF, 0xA1, 0xC4, 0x44, 0xFF, 0xA1, 0xC4, 0x44, 0xFF,
    0xA1, 0xC4, 0x44, 0xFF, 0xA1, 0xC4, 0x44, 0xFF, 0xA1, 0xC4, 0x44, 0xFF, 0xA1, 0xC4, 0x44, 0xFF,
    0xA1, 0xC4, 0x44, 0xFF, 0xA1, 0xC4, 0x44, 0xFF, 0xA1, 0xC4, 0x44, 0xFF, 0xA1, 0xC4, 0x44, 0xFF,
    0xA1, 0xC5, 0x44, 0xFF, 0xA1, 0xC3, 0x42, 0xFD, 0x63, 0xC2, 0xD8, 0xFA, 0x55, 0xC2, 0xFD, 0xF9,
    0x5A, 0xC3, 0xF1, 0xFF, 0x53, 0xC5, 0xFF, 0xFE, 0x72, 0xB7, 0xAB, 0xF9, 0x9F, 0xA3, 0x32, 0xFE,
    0x9B, 0xA7, 0x40, 0xFF, 0xA0, 0xA4, 0x31, 0xFF, 0x92, 0xA9, 0x54, 0xFA, 0x68, 0xBC, 0xC9, 0xF9,
    0x53, 0xC5, 0xFF, 0xFE, 0x58, 0xC4, 0xF7, 0xFF, 0x59, 0xC2, 0xF3, 0xFF, 0x58, 0xC3, 0xF6, 0xFF,
    0x58, 0xC3, 0xF6, 0xFF, 0x59, 0xC2, 0xF3, 0xFF, 0x57, 0xC4, 0xFA, 0xFF, 0x53, 0xC5, 0xFF, 0xFD,
    0x70, 0xB8, 0xB2, 0xF9, 0x99, 0xA7, 0x44, 0xFB, 0x9F, 0xA5, 0x33, 0xFF, 0x9A, 0xA7, 0x41, 0xFF,
    0x9B, 0xA6, 0x3F, 0xFF, 0x9B, 0xA6, 0x3E, 0xFF, 0x9B, 0xA6, 0x3E, 0xFF, 0x9B, 0xA4, 0x3E, 0xFF,
    0x9D, 0xB1, 0x40, 0xF8, 0xA1, 0xC6, 0x44, 0xFF, 0xA1, 0xC4, 0x44, 0xFF, 0xA1, 0xC4, 0x44, 0xFF,
    0xA1, 0xC4, 0x44, 0xFF, 0xA0, 0xC4, 0x46, 0xFF, 0xA5, 0xC5, 0x3C, 0xFF, 0x91, 0xC3, 0x68, 0xFA,
    0x55, 0xC2, 0xF9, 0xFD, 0x5A, 0xC3, 0xF3, 0xFF, 0x52, 0xC3, 0xFF, 0xFE, 0x7D, 0xC3, 0x99, 0xF9,
    0xA6, 0xC4, 0x37, 0xFF, 0xA0, 0xC4, 0x47, 0xFF, 0xA1, 0xC4, 0x44, 0xFF, 0xA1, 0xC4, 0x44, 0xFF,
    0xA1, 0xC4, 0x44, 0xFF, 0xA1, 0xC4, 0x44, 0xFF, 0xA1, 0xC4, 0x44, 0xFF, 0xA1, 0xC4, 0x44, 0xFF,
    0xA1, 0xC4, 0x44, 0xFF, 0xA1, 0xC4, 0x44, 0xFF, 0xA1, 0xC4, 0x44, 0xFF, 0xA1, 0xC4, 0x44, 0xFF,
    0x00, 0x00, 0x00, 0x00, 0x00, 0x00, 0x00, 0x00, 0x00, 0x00, 0x00, 0x00, 0x00, 0x00, 0x00, 0x00,
    0x00, 0x00, 0x00, 0x00, 0x00, 0x00, 0x00, 0x00, 0x00, 0x00, 0x00, 0x00, 0x00, 0x00, 0x00, 0x00,
    0xA1, 0xC4, 0x44, 0xFF, 0xA1, 0xC4, 0x44, 0xFF, 0xA1, 0xC4, 0x44, 0xFF, 0xA1, 0xC4, 0x44, 0xFF,
    0xA1, 0xC4, 0x44, 0xFF, 0xA1, 0xC4, 0x44, 0xFF, 0xA1, 0xC4, 0x44, 0xFF, 0xA1, 0xC4, 0x44, 0xFF,
    0xA1, 0xC4, 0x44, 0xFF, 0xA1, 0xC4, 0x44, 0xFF, 0xA1, 0xC4, 0x44, 0xFF, 0xA0, 0xC4, 0x47, 0xFF,
    0xA7, 0xC4, 0x37, 0xFF, 0x7B, 0xC3, 0x9D, 0xF9, 0x52, 0xC3, 0xFF, 0xFE, 0x5B, 0xC2, 0xEF, 0xF8,
    0x53, 0xC6, 0xFF, 0xFF, 0x6B, 0xBA, 0xBE, 0xF9, 0x9E, 0xA5, 0x35, 0xFD, 0x9B, 0xA7, 0x3F, 0xFF,
    0x9B, 0xA6, 0x3F, 0xFF, 0x9A, 0xA6, 0x41, 0xFF, 0x9E, 0xA6, 0x38, 0xFF, 0x9E, 0xA5, 0x37, 0xFD,
    0x7C, 0xB3, 0x91, 0xF9, 0x58, 0xC3, 0xF6, 0xFC, 0x55, 0xC5, 0xFF, 0xFF, 0x59, 0xC3, 0xF3, 0xFF,
    0x58, 0xC3, 0xF5, 0xFF, 0x58, 0xC3, 0xF6, 0xFF, 0x58, 0xC3, 0xF5, 0xFF, 0x59, 0xC3, 0xF4, 0xFF,
    0x53, 0xC5, 0xFF, 0xFF, 0x5E, 0xC0, 0xE3, 0xFA, 0x89, 0xAE, 0x6E, 0xF9, 0xA0, 0xA4, 0x30, 0xFE,
    0x9C, 0xA6, 0x3D, 0xFF, 0x9A, 0xA6, 0x41, 0xFF, 0x9B, 0xA6, 0x3E, 0xFF, 0x9B, 0xA4, 0x3E, 0xFF,
    0x9D, 0xB1, 0x40, 0xF8, 0xA1, 0xC6, 0x44, 0xFF, 0xA1, 0xC4, 0x44, 0xFF, 0xA1, 0xC4, 0x44, 0xFF,
    0xA1, 0xC4, 0x44, 0xFF, 0xA1, 0xC5, 0x44, 0xFF, 0xA1, 0xC3, 0x41, 0xFD, 0x63, 0xC2, 0xD8, 0xFA,
    0x56, 0xC4, 0xFB, 0xFF, 0x56, 0xC3, 0xFC, 0xFF, 0x66, 0xC2, 0xD4, 0xFA, 0xA2, 0xC3, 0x3F, 0xFD,
    0xA1, 0xC4, 0x45, 0xFF, 0xA1, 0xC4, 0x44, 0xFF, 0xA1, 0xC4, 0x44, 0xFF, 0xA1, 0xC4, 0x44, 0xFF,
    0xA1, 0xC4, 0x44, 0xFF, 0xA1, 0xC4, 0x44, 0xFF, 0xA1, 0xC4, 0x44, 0xFF, 0xA1, 0xC4, 0x44, 0xFF,
    0xA1, 0xC4, 0x44, 0xFF, 0xA1, 0xC4, 0x44, 0xFF, 0xA1, 0xC4, 0x44, 0xFF, 0xA1, 0xC4, 0x44, 0xFF,
    0x00, 0x00, 0x00, 0x00, 0x00, 0x00, 0x00, 0x00, 0x00, 0x00, 0x00, 0x00, 0x00, 0x00, 0x00, 0x00,
    0x00, 0x00, 0x00, 0x00, 0x00, 0x00, 0x00, 0x00, 0x00, 0x00, 0x00, 0x00, 0x00, 0x00, 0x00, 0x00,
    0xA1, 0xC4, 0x44, 0xFF, 0xA1, 0xC4, 0x44, 0xFF, 0xA1, 0xC4, 0x44, 0xFF, 0xA1, 0xC4, 0x44, 0xFF,
    0xA1, 0xC4, 0x44, 0xFF, 0xA1, 0xC4, 0x44, 0xFF, 0xA1, 0xC4, 0x44, 0xFF, 0xA1, 0xC4, 0x44, 0xFF,
    0xA1, 0xC4, 0x44, 0xFF, 0xA1, 0xC4, 0x44, 0xFF, 0xA0, 0xC4, 0x46, 0xFF, 0xA4, 0xC5, 0x3D, 0xFF,
    0x94, 0xC3, 0x62, 0xFA, 0x57, 0xC3, 0xF8, 0xFC, 0x59, 0xC3, 0xF3, 0xFF, 0x53, 0xC4, 0xFF, 0xF9,
    0x64, 0xBC, 0xD0, 0xFA, 0x9B, 0xA5, 0x3C, 0xFC, 0x9C, 0xA6, 0x3C, 0xFF, 0x9A, 0xA6, 0x3F, 0xFF,
    0x9B, 0xA6, 0x3E, 0xFF, 0x9B, 0xA6, 0x3E, 0xFF, 0x9A, 0xA6, 0x40, 0xFF, 0x9B, 0xA7, 0x3F, 0xFF,
    0xA0, 0xA4, 0x30, 0xFF, 0x90, 0xAA, 0x5B, 0xFA, 0x64, 0xBC, 0xD2, 0xFA, 0x53, 0xC5, 0xFF, 0xFE,
    0x58, 0xC4, 0xF6, 0xFF, 0x59, 0xC3, 0xF4, 0xFF, 0x58, 0xC3, 0xF6, 0xFF, 0x58, 0xC3, 0xF6, 0xFF,
    0x59, 0xC2, 0xF3, 0xFF, 0x56, 0xC5, 0xFC, 0xFF, 0x54, 0xC4, 0xFD, 0xFD, 0x73, 0xB6, 0xA7, 0xF9,
    0x9A, 0xA5, 0x3F, 0xFC, 0x9F, 0xA5, 0x35, 0xFF, 0x9A, 0xA7, 0x41, 0xFF, 0x9B, 0xA4, 0x3E, 0xFF,
    0x9D, 0xB1, 0x40, 0xF8, 0xA1, 0xC6, 0x44, 0xFF, 0xA1, 0xC4, 0x44, 0xFF, 0xA1, 0xC4, 0x44, 0xFF,
    0xA0, 0xC4, 0x47, 0xFF, 0xA6, 0xC4, 0x36, 0xFF, 0x7B, 0xC3, 0x9E, 0xF9, 0x53, 0xC3, 0xFF, 0xFF,
    0x5A, 0xC3, 0xF3, 0xFF, 0x56, 0xC2, 0xF7, 0xFD, 0x93, 0xC3, 0x64, 0xFA, 0xA5, 0xC5, 0x3C, 0xFF,
    0xA0, 0xC4, 0x46, 0xFF, 0xA1, 0xC4, 0x44, 0xFF, 0xA1, 0xC4, 0x44, 0xFF, 0xA1, 0xC4, 0x44, 0xFF,
    0xA1, 0xC4, 0x44, 0xFF, 0xA1, 0xC4, 0x44, 0xFF, 0xA1, 0xC4, 0x44, 0xFF, 0xA1, 0xC4, 0x44, 0xFF,
    0xA1, 0xC4, 0x44, 0xFF, 0xA1, 0xC4, 0x44, 0xFF, 0xA1, 0xC4, 0x44, 0xFF, 0xA1, 0xC4, 0x44, 0xFF,
    0x00, 0x00, 0x00, 0x00, 0x00, 0x00, 0x00, 0x00, 0x00, 0x00, 0x00, 0x00, 0x00, 0x00, 0x00, 0x00,
    0x00, 0x00, 0x00, 0x00, 0x00, 0x00, 0x00, 0x00, 0x00, 0x00, 0x00, 0x00, 0x00, 0x00, 0x00, 0x00,
    0xA1, 0xC4, 0x44, 0xFF, 0xA1, 0xC4, 0x44, 0xFF, 0xA1, 0xC4, 0x44, 0xFF, 0xA1, 0xC4, 0x44, 0xFF,
    0xA1, 0xC4, 0x44, 0xFF, 0xA1, 0xC4, 0x44, 0xFF, 0xA1, 0xC4, 0x44, 0xFF, 0xA1, 0xC4, 0x44, 0xFF,
    0xA1, 0xC4, 0x44, 0xFF, 0xA1, 0xC4, 0x44, 0xFF, 0xA1, 0xC4, 0x45, 0xFF, 0xA3, 0xC3, 0x3E, 0xFD,
    0x67, 0xC2, 0xD1, 0xFA, 0x55, 0xC3, 0xFC, 0xFF, 0x57, 0xC4, 0xF9, 0xFF, 0x60, 0xBF, 0xDF, 0xF4,
    0x96, 0xA7, 0x47, 0xFC, 0x9E, 0xA6, 0x39, 0xFF, 0x9A, 0xA6, 0x40, 0xFF, 0x9B, 0xA6, 0x3E, 0xFF,
    0x9B, 0xA6, 0x3E, 0xFF, 0x9B, 0xA6, 0x3E, 0xFF, 0x9B, 0xA6, 0x3E, 0xFF, 0x9B, 0xA6, 0x3E, 0xFF,
    0x9A, 0xA7, 0x41, 0xFF, 0x9E, 0xA5, 0x37, 0xFF, 0x9C, 0xA5, 0x3A, 0xFC, 0x78, 0xB4, 0x9A, 0xF9,
    0x56, 0xC4, 0xFA, 0xFC, 0x56, 0xC5, 0xFE, 0xFF, 0x59, 0xC3, 0xF3, 0xFF, 0x58, 0xC3, 0xF6, 0xFF,
    0x58, 0xC3, 0xF6, 0xFF, 0x59, 0xC3, 0xF4, 0xFF, 0x59, 0xC3, 0xF5, 0xFF, 0x53, 0xC5, 0xFF, 0xFF,
    0x60, 0xBE, 0xDC, 0xFA, 0x8C, 0xAC, 0x66, 0xFA, 0xA0, 0xA4, 0x30, 0xFE, 0x9B, 0xA5, 0x3E, 0xFF,
    0x9C, 0xB1, 0x42, 0xF8, 0xA1, 0xC6, 0x44, 0xFF, 0xA1, 0xC4, 0x44, 0xFF, 0xA0, 0xC4, 0x46, 0xFF,
    0xA5, 0xC5, 0x3C, 0xFF, 0x93, 0xC3, 0x64, 0xFA, 0x56, 0xC2, 0xF7, 0xFD, 0x5A, 0xC4, 0xF3, 0xFF,
    0x53, 0xC3, 0xFF, 0xFE, 0x7B, 0xC3, 0x9E, 0xF9, 0xA6, 0xC4, 0x36, 0xFF, 0xA0, 0xC4, 0x47, 0xFF,
    0xA1, 0xC4, 0x44, 0xFF, 0xA1, 0xC4, 0x44, 0xFF, 0xA1, 0xC4, 0x44, 0xFF, 0xA1, 0xC4, 0x44, 0xFF,
    0xA1, 0xC4, 0x44, 0xFF, 0xA1, 0xC4, 0x44, 0xFF, 0xA1, 0xC4, 0x44, 0xFF, 0xA1, 0xC4, 0x44, 0xFF,
    0xA1, 0xC4, 0x44, 0xFF, 0xA1, 0xC4, 0x44, 0xFF, 0xA1, 0xC4, 0x44, 0xFF, 0xA1, 0xC4, 0x44, 0xFF,
    0x00, 0x00, 0x00, 0x00, 0x00, 0x00, 0x00, 0x00, 0x00, 0x00, 0x00, 0x00, 0x00, 0x00, 0x00, 0x00,
    0x00, 0x00, 0x00, 0x00, 0x00, 0x00, 0x00, 0x00, 0x00, 0x00, 0x00, 0x00, 0x00, 0x00, 0x00, 0x00,
    0xA1, 0xC4, 0x44, 0xFF, 0xA1, 0xC4, 0x44, 0xFF, 0xA1, 0xC4, 0x44, 0xFF, 0xA1, 0xC4, 0x44, 0xFF,
    0xA1, 0xC4, 0x44, 0xFF, 0xA1, 0xC4, 0x44, 0xFF, 0xA1, 0xC4, 0x44, 0xFF, 0xA1, 0xC4, 0x44, 0xFF,
    0xA1, 0xC4, 0x44, 0xFF, 0xA0, 0xC4, 0x47, 0xFF, 0xA7, 0xC4, 0x37, 0xFF, 0x80, 0xC3, 0x93, 0xF9,
    0x53, 0xC3, 0xFF, 0xFE, 0x5A, 0xC3, 0xF3, 0xFF, 0x57, 0xC5, 0xF9, 0xFC, 0x8F, 0xB1, 0x61, 0xF4,
    0x9F, 0xA5, 0x34, 0xFF, 0x9A, 0xA6, 0x41, 0xFF, 0x9B, 0xA6, 0x3E, 0xFF, 0x9B, 0xA6, 0x3E, 0xFF,
    0x9B, 0xA6, 0x3E, 0xFF, 0x9B, 0xA6, 0x3E, 0xFF, 0x9B, 0xA6, 0x3E, 0xFF, 0x9B, 0xA6, 0x3E, 0xFF,
    0x9B, 0xA6, 0x3E, 0xFF, 0x9A, 0xA6, 0x40, 0xFF, 0x9B, 0xA6, 0x3E, 0xFF, 0xA0, 0xA4, 0x30, 0xFE,
    0x8C, 0xAB, 0x63, 0xFA, 0x61, 0xBE, 0xDA, 0xFA, 0x53, 0xC5, 0xFF, 0xFF, 0x59, 0xC3, 0xF5, 0xFF,
    0x59, 0xC3, 0xF4, 0xFF, 0x58, 0xC3, 0xF6, 0xFF, 0x58, 0xC3, 0xF6, 0xFF, 0x59, 0xC3, 0xF3, 0xFF,
    0x56, 0xC5, 0xFD, 0xFF, 0x56, 0xC4, 0xFB, 0xFC, 0x77, 0xB5, 0x9D, 0xF9, 0x9B, 0xA3, 0x3A, 0xFC,
    0x9F, 0xB0, 0x38, 0xF9, 0xA0, 0xC6, 0x47, 0xFF, 0xA0, 0xC4, 0x47, 0xFF, 0xA1, 0xC4, 0x45, 0xFF,
    0xA2, 0xC3, 0x3F, 0xFD, 0x66, 0xC2, 0xD4, 0xFA, 0x55, 0xC3, 0xFB, 0xFF, 0x56, 0xC3, 0xFB, 0xFF,
    0x63, 0xC2, 0xD8, 0xFA, 0xA1, 0xC4, 0x41, 0xFC, 0xA1, 0xC4, 0x44, 0xFF, 0xA1, 0xC4, 0x44, 0xFF,
    0xA1, 0xC4, 0x44, 0xFF, 0xA1, 0xC4, 0x44, 0xFF, 0xA1, 0xC4, 0x44, 0xFF, 0xA1, 0xC4, 0x44, 0xFF,
    0xA1, 0xC4, 0x44, 0xFF, 0xA1, 0xC4, 0x44, 0xFF, 0xA1, 0xC4, 0x44, 0xFF, 0xA1, 0xC4, 0x44, 0xFF,
    0xA1, 0xC4, 0x44, 0xFF, 0xA1, 0xC4, 0x44, 0xFF, 0xA1, 0xC4, 0x44, 0xFF, 0xA1, 0xC4, 0x44, 0xFF,
    0x00, 0x00, 0x00, 0x00, 0x00, 0x00, 0x00, 0x00, 0x00, 0x00, 0x00, 0x00, 0x00, 0x00, 0x00, 0x00,
    0x00, 0x00, 0x00, 0x00, 0x00, 0x00, 0x00, 0x00, 0x00, 0x00, 0x00, 0x00, 0x00, 0x00, 0x00, 0x00,
    0xA1, 0xC4, 0x44, 0xFF, 0xA1, 0xC4, 0x44, 0xFF, 0xA1, 0xC4, 0x44, 0xFF, 0xA1, 0xC4, 0x44, 0xFF,
    0xA1, 0xC4, 0x44, 0xFF, 0xA1, 0xC4, 0x44, 0xFF, 0xA1, 0xC4, 0x44, 0xFF, 0xA1, 0xC4, 0x44, 0xFF,
    0xA0, 0xC4, 0x46, 0xFF, 0xA4, 0xC5, 0x3E, 0xFF, 0x97, 0xC3, 0x5B, 0xFB, 0x59, 0xC3, 0xF3, 0xFC,
    0x59, 0xC4, 0xF5, 0xFF, 0x53, 0xC2, 0xFF, 0xFF, 0x7B, 0xC6, 0xA1, 0xF8, 0xA3, 0xB3, 0x33, 0xF8,
    0x99, 0xA4, 0x42, 0xFF, 0x9B, 0xA6, 0x3E, 0xFF, 0x9B, 0xA6, 0x3E, 0xFF, 0x9B, 0xA6, 0x3E, 0xFF,
    0x9B, 0xA6, 0x3E, 0xFF, 0x9B, 0xA6, 0x3E, 0xFF, 0x9B, 0xA6, 0x3E, 0xFF, 0x9B, 0xA6, 0x3E, 0xFF,
    0x9B, 0xA6, 0x3E, 0xFF, 0x9B, 0xA6, 0x3E, 0xFF, 0x9B, 0xA6, 0x3E, 0xFF, 0x9A, 0xA7, 0x41, 0xFF,
    0x9F, 0xA5, 0x35, 0xFF, 0x9A, 0xA5, 0x3E, 0xFC, 0x74, 0xB6, 0xA4, 0xF9, 0x54, 0xC4, 0xFC, 0xFD,
    0x56, 0xC5, 0xFC, 0xFF, 0x59, 0xC2, 0xF3, 0xFF, 0x58, 0xC3, 0xF6, 0xFF, 0x58, 0xC3, 0xF6, 0xFF,
    0x59, 0xC3, 0xF4, 0xFF, 0x59, 0xC3, 0xF6, 0xFF, 0x53, 0xC6, 0xFF, 0xFE, 0x63, 0xBB, 0xD3, 0xFA,
    0x91, 0xB6, 0x5F, 0xF3, 0xA7, 0xC5, 0x37, 0xFD, 0xA5, 0xC4, 0x3B, 0xFF, 0xA8, 0xC4, 0x32, 0xFF,
    0x7C, 0xC1, 0x99, 0xF9, 0x53, 0xC4, 0xFF, 0xFE, 0x5B, 0xC7, 0xF5, 0xFF, 0x57, 0xC5, 0xF9, 0xFC,
    0x90, 0xC2, 0x69, 0xFA, 0xA4, 0xC4, 0x3D, 0xFF, 0xA0, 0xC4, 0x46, 0xFF, 0xA1, 0xC4, 0x44, 0xFF,
    0xA1, 0xC4, 0x44, 0xFF, 0xA1, 0xC4, 0x44, 0xFF, 0xA1, 0xC4, 0x44, 0xFF, 0xA1, 0xC4, 0x44, 0xFF,
    0xA1, 0xC4, 0x44, 0xFF, 0xA1, 0xC4, 0x44, 0xFF, 0xA1, 0xC4, 0x44, 0xFF, 0xA1, 0xC4, 0x44, 0xFF,
    0xA1, 0xC4, 0x44, 0xFF, 0xA1, 0xC4, 0x44, 0xFF, 0xA1, 0xC4, 0x44, 0xFF, 0xA1, 0xC4, 0x44, 0xFF,
    0x00, 0x00, 0x00, 0x00, 0x00, 0x00, 0x00, 0x00, 0x00, 0x00, 0x00, 0x00, 0x00, 0x00, 0x00, 0x00,
    0x00, 0x00, 0x00, 0x00, 0x00, 0x00, 0x00, 0x00, 0x00, 0x00, 0x00, 0x00, 0x00, 0x00, 0x00, 0x00,
    0xA1, 0xC4, 0x44, 0xFF, 0xA1, 0xC4, 0x44, 0xFF, 0xA1, 0xC4, 0x44, 0xFF, 0xA1, 0xC4, 0x44, 0xFF,
    0xA1, 0xC4, 0x44, 0xFF, 0xA1, 0xC4, 0x44, 0xFF, 0xA1, 0xC4, 0x44, 0xFF, 0xA1, 0xC4, 0x44, 0xFF,
    0xA1, 0xC4, 0x46, 0xFF, 0xA4, 0xC4, 0x3B, 0xFD, 0x6A, 0xC3, 0xC8, 0xF9, 0x55, 0xC3, 0xFD, 0xFF,
    0x57, 0xC4, 0xFA, 0xFF, 0x62, 0xC2, 0xDB, 0xFA, 0xA1, 0xC6, 0x43, 0xFC, 0x9D, 0xB3, 0x40, 0xF9,
    0x9B, 0xA4, 0x3E, 0xFF, 0x9B, 0xA6, 0x3E, 0xFF, 0x9B, 0xA6, 0x3E, 0xFF, 0x9B, 0xA6, 0x3E, 0xFF,
    0x9B, 0xA6, 0x3E, 0xFF, 0x9B, 0xA6, 0x3E, 0xFF, 0x9B, 0xA6, 0x3E, 0xFF, 0x9B, 0xA6, 0x3E, 0xFF,
    0x9B, 0xA6, 0x3E, 0xFF, 0x9B, 0xA6, 0x3E, 0xFF, 0x9B, 0xA6, 0x3E, 0xFF, 0x9B, 0xA6, 0x3E, 0xFF,
    0x9A, 0xA6, 0x40, 0xFF, 0x9C, 0xA6, 0x3D, 0xFF, 0xA0, 0xA4, 0x30, 0xFE, 0x8A, 0xAE, 0x6C, 0xF9,
    0x5F, 0xBF, 0xE1, 0xFA, 0x53, 0xC5, 0xFF, 0xFF, 0x59, 0xC3, 0xF4, 0xFF, 0x58, 0xC3, 0xF4, 0xFF,
    0x58, 0xC3, 0xF6, 0xFF, 0x58, 0xC3, 0xF6, 0xFF, 0x59, 0xC3, 0xF3, 0xFF, 0x55, 0xC5, 0xFF, 0xFF,
    0x59, 0xC3, 0xF4, 0xF5, 0x6D, 0xC3, 0xC1, 0xF9, 0x84, 0xC2, 0x86, 0xFA, 0x8C, 0xC5, 0x77, 0xF9,
    0x5B, 0xCB, 0xF6, 0xFD, 0x58, 0xC0, 0xF4, 0xFF, 0x50, 0xB5, 0xFA, 0xFF, 0x75, 0xBB, 0xA6, 0xF9,
    0xAC, 0xCB, 0x30, 0xFF, 0xA4, 0xC9, 0x42, 0xFF, 0xA0, 0xC2, 0x46, 0xFF, 0xA1, 0xC4, 0x44, 0xFF,
    0xA1, 0xC4, 0x44, 0xFF, 0xA1, 0xC4, 0x44, 0xFF, 0xA1, 0xC4, 0x44, 0xFF, 0xA1, 0xC4, 0x44, 0xFF,
    0xA1, 0xC4, 0x44, 0xFF, 0xA1, 0xC4, 0x44, 0xFF, 0xA1, 0xC4, 0x44, 0xFF, 0xA1, 0xC4, 0x44, 0xFF,
    0xA1, 0xC4, 0x44, 0xFF, 0xA1, 0xC4, 0x44, 0xFF, 0xA1, 0xC4, 0x44, 0xFF, 0xA1, 0xC4, 0x44, 0xFF,
    0x00, 0x00, 0x00, 0x00, 0x00, 0x00, 0x00, 0x00, 0x00, 0x00, 0x00, 0x00, 0x00, 0x00, 0x00, 0x00,
    0x00, 0x00, 0x00, 0x00, 0x00, 0x00, 0x00, 0x00, 0x00, 0x00, 0x00, 0x00, 0x00, 0x00, 0x00, 0x00,
    0xA1, 0xC4, 0x44, 0xFF, 0xA1, 0xC4, 0x44, 0xFF, 0xA1, 0xC4, 0x44, 0xFF, 0xA1, 0xC4, 0x44, 0xFF,
    0xA1, 0xC4, 0x44, 0xFF, 0xA1, 0xC4, 0x44, 0xFF, 0xA1, 0xC4, 0x44, 0xFF, 0xA0, 0xC4, 0x47, 0xFF,
    0xA6, 0xC5, 0x38, 0xFF, 0x84, 0xC3, 0x8A, 0xF9, 0x53, 0xC2, 0xFF, 0xFE, 0x5A, 0xC4, 0xF3, 0xFF,
    0x54, 0xC2, 0xFB, 0xFD, 0x8F, 0xC2, 0x6D, 0xFA, 0xA5, 0xC7, 0x3B, 0xFF, 0x9C, 0xB3, 0x42, 0xF8,
    0x9B, 0xA4, 0x3E, 0xFF, 0x9B, 0xA6, 0x3E, 0xFF, 0x9B, 0xA6, 0x3E, 0xFF, 0x9B, 0xA6, 0x3E, 0xFF,
    0x9B, 0xA6, 0x3E, 0xFF, 0x9B, 0xA6, 0x3E, 0xFF, 0x9B, 0xA6, 0x3E, 0xFF, 0x9B, 0xA6, 0x3E, 0xFF,
    0x9B, 0xA6, 0x3E, 0xFF, 0x9B, 0xA6, 0x3E, 0xFF, 0x9B, 0xA6, 0x3E, 0xFF, 0x9B, 0xA6, 0x3E, 0xFF,
    0x9B, 0xA6, 0x3E, 0xFF, 0x9B, 0xA6, 0x3F, 0xFF, 0x9A, 0xA7, 0x41, 0xFF, 0x9F, 0xA5, 0x34, 0xFF,
    0x99, 0xA7, 0x43, 0xFB, 0x71, 0xB7, 0xAF, 0xF9, 0x54, 0xC5, 0xFF, 0xFD, 0x57, 0xC4, 0xFB, 0xFF,
    0x59, 0xC2, 0xF3, 0xFF, 0x58, 0xC3, 0xF6, 0xFF, 0x58, 0xC3, 0xF6, 0xFF, 0x59, 0xC3, 0xF4, 0xFF,
    0x58, 0xC2, 0xF6, 0xF8, 0x53, 0xC2, 0xFF, 0xFF, 0x55, 0xC7, 0xFF, 0xFE, 0x52, 0xBB, 0xF9, 0xFD,
    0x41, 0x7A, 0xE1, 0xFF, 0x34, 0x52, 0xD2, 0xFF, 0x2D, 0x45, 0xD0, 0xFF, 0x37, 0x4B, 0xC1, 0xFF,
    0x52, 0x6A, 0xA6, 0xFF, 0x8B, 0xAC, 0x5E, 0xFF, 0xA8, 0xCB, 0x3C, 0xFF, 0xA0, 0xC3, 0x47, 0xFF,
    0xA0, 0xC4, 0x47, 0xFF, 0xA0, 0xC4, 0x45, 0xFF, 0xA1, 0xC4, 0x44, 0xFF, 0xA1, 0xC4, 0x44, 0xFF,
    0xA1, 0xC4, 0x44, 0xFF, 0xA1, 0xC4, 0x44, 0xFF, 0xA1, 0xC4, 0x44, 0xFF, 0xA1, 0xC4, 0x44, 0xFF,
    0xA1, 0xC4, 0x44, 0xFF, 0xA1, 0xC4, 0x44, 0xFF, 0xA1, 0xC4, 0x44, 0xFF, 0xA1, 0xC4, 0x44, 0xFF,
    0x00, 0x00, 0x00, 0x00, 0x00, 0x00, 0x00, 0x00, 0x00, 0x00, 0x00, 0x00, 0x00, 0x00, 0x00, 0x00,
    0x00, 0x00, 0x00, 0x00, 0x00, 0x00, 0x00, 0x00, 0x00, 0x00, 0x00, 0x00, 0x00, 0x00, 0x00, 0x00,
    0xA1, 0xC4, 0x44, 0xFF, 0xA1, 0xC4, 0x44, 0xFF, 0xA1, 0xC4, 0x44, 0xFF, 0xA1, 0xC4, 0x44, 0xFF,
    0xA1, 0xC4, 0x44, 0xFF, 0xA1, 0xC4, 0x44, 0xFF, 0xA0, 0xC4, 0x45, 0xFF, 0xA3, 0xC5, 0x40, 0xFF,
    0x9A, 0xC4, 0x54, 0xFB, 0x5A, 0xC2, 0xEE, 0xFC, 0x59, 0xC4, 0xF6, 0xFF, 0x53, 0xC3, 0xFF, 0xFF,
    0x76, 0xC3, 0xAB, 0xF9, 0xA6, 0xC3, 0x37, 0xFE, 0xA0, 0xC6, 0x48, 0xFF, 0x9E, 0xB3, 0x40, 0xF8,
    0x9B, 0xA4, 0x3E, 0xFF, 0x9B, 0xA6, 0x3E, 0xFF, 0x9B, 0xA6, 0x3E, 0xFF, 0x9B, 0xA6, 0x3E, 0xFF,
    0x9B, 0xA6, 0x3E, 0xFF, 0x9B, 0xA6, 0x3E, 0xFF, 0x9B, 0xA6, 0x3E, 0xFF, 0x9B, 0xA6, 0x3E, 0xFF,
    0x9B, 0xA6, 0x3E, 0xFF, 0x9B, 0xA6, 0x3E, 0xFF, 0x9B, 0xA6, 0x3E, 0xFF, 0x9B, 0xA6, 0x3E, 0xFF,
    0x9B, 0xA6, 0x3E, 0xFF, 0x9B, 0xA6, 0x3E, 0xFF, 0x9B, 0xA6, 0x3E, 0xFF, 0x9A, 0xA6, 0x41, 0xFF,
    0x9C, 0xA6, 0x3C, 0xFF, 0x9F, 0xA3, 0x31, 0xFE, 0x86, 0xAF, 0x75, 0xF9, 0x5C, 0xC1, 0xE7, 0xFB,
    0x54, 0xC5, 0xFF, 0xFF, 0x59, 0xC3, 0xF4, 0xFF, 0x58, 0xC3, 0xF5, 0xFF, 0x58, 0xC3, 0xF6, 0xFF,
    0x57, 0xC1, 0xF4, 0xF8, 0x5A, 0xC6, 0xF4, 0xFF, 0x55, 0xB7, 0xF0, 0xFF, 0x35, 0x54, 0xD3, 0xFF,
    0x24, 0x31, 0xC9, 0xFF, 0x22, 0x35, 0xCB, 0xFF, 0x32, 0x45, 0xCF, 0xFF, 0x26, 0x3B, 0xD0, 0xFF,
    0x1B, 0x2F, 0xD5, 0xFF, 0x2E, 0x41, 0xD0, 0xFF, 0x7D, 0x9D, 0x6F, 0xFE, 0xA9, 0xCB, 0x38, 0xFD,
    0xA5, 0xC3, 0x38, 0xFF, 0xA4, 0xC5, 0x3E, 0xFF, 0xA1, 0xC4, 0x44, 0xFF, 0xA0, 0xC4, 0x47, 0xFF,
    0xA0, 0xC4, 0x46, 0xFF, 0xA1, 0xC4, 0x45, 0xFF, 0xA1, 0xC4, 0x44, 0xFF, 0xA1, 0xC4, 0x44, 0xFF,
    0xA1, 0xC4, 0x44, 0xFF, 0xA1, 0xC4, 0x44, 0xFF, 0xA1, 0xC4, 0x44, 0xFF, 0xA1, 0xC4, 0x44, 0xFF,
    0x00, 0x00, 0x00, 0x00, 0x00, 0x00, 0x00, 0x00, 0x00, 0x00, 0x00, 0x00, 0x00, 0x00, 0x00, 0x00,
    0x00, 0x00, 0x00, 0x00, 0x00, 0x00, 0x00, 0x00, 0x00, 0x00, 0x00, 0x00, 0x00, 0x00, 0x00, 0x00,
    0xA1, 0xC4, 0x44, 0xFF, 0xA1, 0xC4, 0x44, 0xFF, 0xA1, 0xC4, 0x44, 0xFF, 0xA1, 0xC4, 0x44, 0xFF,
    0xA1, 0xC4, 0x44, 0xFF, 0xA1, 0xC4, 0x44, 0xFF, 0xA0, 0xC4, 0x47, 0xFF, 0xA4, 0xC3, 0x39, 0xFE,
    0x6E, 0xC3, 0xBF, 0xF9, 0x54, 0xC3, 0xFF, 0xFF, 0x58, 0xC4, 0xF9, 0xFF, 0x5F, 0xC3, 0xE1, 0xFB,
    0x9E, 0xC3, 0x47, 0xFC, 0xA2, 0xC4, 0x43, 0xFF, 0xA1, 0xC6, 0x45, 0xFE, 0x9E, 0xB3, 0x40, 0xF8,
    0x9B, 0xA4, 0x3E, 0xFF, 0x9B, 0xA6, 0x3E, 0xFF, 0x9B, 0xA6, 0x3E, 0xFF, 0x9B, 0xA6, 0x3E, 0xFF,
    0x9B, 0xA6, 0x3E, 0xFF, 0x9B, 0xA6, 0x3E, 0xFF, 0x9B, 0xA6, 0x3E, 0xFF, 0x9B, 0xA6, 0x3E, 0xFF,
    0x9B, 0xA6, 0x3E, 0xFF, 0x9B, 0xA6, 0x3E, 0xFF, 0x9B, 0xA6, 0x3E, 0xFF, 0x9B, 0xA6, 0x3E, 0xFF,
    0x9B, 0xA6, 0x3E, 0xFF, 0x9B, 0xA6, 0x3E, 0xFF, 0x9B, 0xA6, 0x3E, 0xFF, 0x9B, 0xA6, 0x3E, 0xFF,
    0x9B, 0xA6, 0x3F, 0xFF, 0x9A, 0xA7, 0x41, 0xFF, 0xA0, 0xA5, 0x33, 0xFF, 0x97, 0xA7, 0x49, 0xFB,
    0x6E, 0xB9, 0xB9, 0xF9, 0x53, 0xC4, 0xFF, 0xFE, 0x57, 0xC4, 0xF9, 0xFF, 0x59, 0xC2, 0xF3, 0xFF,
    0x57, 0xC1, 0xF5, 0xF8, 0x59, 0xC8, 0xF7, 0xFF, 0x3B, 0x67, 0xDA, 0xFF, 0x23, 0x31, 0xC9, 0xFF,
    0x43, 0x58, 0xD4, 0xFF, 0xB9, 0xC0, 0xEF, 0xFF, 0xE3, 0xE6, 0xF9, 0xFF, 0xCE, 0xD3, 0xF3, 0xFF,
    0x66, 0x75, 0xD8, 0xFF, 0x21, 0x34, 0xCD, 0xFF, 0x30, 0x49, 0xD2, 0xFD, 0x68, 0xB9, 0xC3, 0xF9,
    0x82, 0xC6, 0x93, 0xF9, 0x94, 0xC3, 0x61, 0xFA, 0xA1, 0xC3, 0x41, 0xFD, 0xA6, 0xC4, 0x37, 0xFF,
    0xA5, 0xC5, 0x3B, 0xFF, 0xA2, 0xC5, 0x42, 0xFF, 0xA0, 0xC4, 0x46, 0xFF, 0xA0, 0xC4, 0x47, 0xFF,
    0xA0, 0xC4, 0x45, 0xFF, 0xA1, 0xC4, 0x44, 0xFF, 0xA1, 0xC4, 0x44, 0xFF, 0xA1, 0xC4, 0x44, 0xFF,
    0x00, 0x00, 0x00, 0x00, 0x00, 0x00, 0x00, 0x00, 0x00, 0x00, 0x00, 0x00, 0x00, 0x00, 0x00, 0x00,
    0x00, 0x00, 0x00, 0x00, 0x00, 0x00, 0x00, 0x00, 0x00, 0x00, 0x00, 0x00, 0x00, 0x00, 0x00, 0x00,
    0xA1, 0xC4, 0x44, 0xFF, 0xA1, 0xC4, 0x44, 0xFF, 0xA1, 0xC4, 0x44, 0xFF, 0xA1, 0xC4, 0x44, 0xFF,
    0xA1, 0xC4, 0x44, 0xFF, 0xA0, 0xC4, 0x47, 0xFF, 0xA6, 0xC5, 0x38, 0xFF, 0x88, 0xC3, 0x81, 0xF9,
    0x53, 0xC2, 0xFF, 0xFE, 0x5A, 0xC4, 0xF2, 0xFF, 0x54, 0xC3, 0xFF, 0xFD, 0x8C, 0xC3, 0x75, 0xF9,
    0xA6, 0xC5, 0x3A, 0xFF, 0xA0, 0xC3, 0x47, 0xFF, 0xA1, 0xC6, 0x44, 0xFF, 0x9E, 0xB3, 0x40, 0xF8,
    0x9B, 0xA4, 0x3E, 0xFF, 0x9B, 0xA6, 0x3E, 0xFF, 0x9B, 0xA6, 0x3E, 0xFF, 0x9B, 0xA6, 0x3E, 0xFF,
    0x9B, 0xA6, 0x3E, 0xFF, 0x9B, 0xA6, 0x3E, 0xFF, 0x9B, 0xA6, 0x3E, 0xFF, 0x9B, 0xA6, 0x3E, 0xFF,
    0x9B, 0xA6, 0x3E, 0xFF, 0x9B, 0xA6, 0x3E, 0xFF, 0x9B, 0xA6, 0x3E, 0xFF, 0x9B, 0xA6, 0x3E, 0xFF,
    0x9B, 0xA6, 0x3E, 0xFF, 0x9B, 0xA6, 0x3E, 0xFF, 0x9B, 0xA6, 0x3E, 0xFF, 0x9B, 0xA6, 0x3E, 0xFF,
    0x9B, 0xA6, 0x3E, 0xFF, 0x9B, 0xA6, 0x3E, 0xFF, 0x9A, 0xA6, 0x41, 0xFF, 0x9D, 0xA6, 0x3B, 0xFF,
    0x9F, 0xA5, 0x32, 0xFD, 0x83, 0xB0, 0x7E, 0xF9, 0x5A, 0xC2, 0xED, 0xFB, 0x54, 0xC4, 0xFF, 0xFF,
    0x5A, 0xC7, 0xF6, 0xF8, 0x50, 0xAB, 0xEE, 0xFF, 0x2C, 0x3E, 0xCD, 0xFF, 0x2E, 0x43, 0xCF, 0xFF,
    0xD8, 0xDB, 0xF6, 0xFF, 0xFF, 0xFF, 0xFF, 0xFF, 0xFF, 0xFF, 0xFF, 0xFF, 0xFF, 0xFF, 0xFF, 0xFF,
    0xFC, 0xFC, 0xFE, 0xFF, 0x50, 0x62, 0xD6, 0xFF, 0x23, 0x31, 0xC9, 0xFF, 0x42, 0x8A, 0xEE, 0xFF,
    0x56, 0xCC, 0xFF, 0xFF, 0x57, 0xC1, 0xF7, 0xFC, 0x64, 0xC3, 0xD8, 0xFA, 0x78, 0xC3, 0xA6, 0xF9,
    0x8E, 0xC4, 0x72, 0xF9, 0x9D, 0xC4, 0x4A, 0xFC, 0xA5, 0xC3, 0x39, 0xFE, 0xA6, 0xC4, 0x39, 0xFF,
    0xA3, 0xC5, 0x40, 0xFF, 0xA1, 0xC4, 0x45, 0xFF, 0xA0, 0xC4, 0x47, 0xFF, 0xA0, 0xC4, 0x46, 0xFF,
    0x00, 0x00, 0x00, 0x00, 0x00, 0x00, 0x00, 0x00, 0x00, 0x00, 0x00, 0x00, 0x00, 0x00, 0x00, 0x00,
    0x00, 0x00, 0x00, 0x00, 0x00, 0x00, 0x00, 0x00, 0x00, 0x00, 0x00, 0x00, 0x00, 0x00, 0x00, 0x00,
    0xA1, 0xC4, 0x44, 0xFF, 0xA1, 0xC4, 0x44, 0xFF, 0xA1, 0xC4, 0x44, 0xFF, 0xA1, 0xC4, 0x44, 0xFF,
    0xA1, 0xC4, 0x45, 0xFF, 0xA3, 0xC5, 0x41, 0xFF, 0x9D, 0xC4, 0x4E, 0xFB, 0x5C, 0xC3, 0xE9, 0xFB,
    0x58, 0xC4, 0xF7, 0xFF, 0x53, 0xC3, 0xFF, 0xFF, 0x72, 0xC3, 0xB4, 0xF9, 0xA5, 0xC4, 0x38, 0xFE,
    0xA0, 0xC4, 0x47, 0xFF, 0xA1, 0xC4, 0x44, 0xFF, 0xA1, 0xC6, 0x44, 0xFF, 0x9E, 0xB3, 0x40, 0xF8,
    0x9B, 0xA4, 0x3E, 0xFF, 0x9B, 0xA6, 0x3E, 0xFF, 0x9B, 0xA6, 0x3E, 0xFF, 0x9B, 0xA6, 0x3E, 0xFF,
    0x9B, 0xA6, 0x3E, 0xFF, 0x9B, 0xA6, 0x3E, 0xFF, 0x9B, 0xA6, 0x3E, 0xFF, 0x9B, 0xA6, 0x3E, 0xFF,
    0x9B, 0xA6, 0x3E, 0xFF, 0x9B, 0xA6, 0x3E, 0xFF, 0x9B, 0xA6, 0x3E, 0xFF, 0x9B, 0xA6, 0x3E, 0xFF,
    0x9B, 0xA6, 0x3E, 0xFF, 0x9B, 0xA6, 0x3E, 0xFF, 0x9B, 0xA6, 0x3E, 0xFF, 0x9B, 0xA6, 0x3E, 0xFF,
    0x9B, 0xA6, 0x3E, 0xFF, 0x9B, 0xA6, 0x3E, 0xFF, 0x9B, 0xA6, 0x3E, 0xFF, 0x9A, 0xA6, 0x3F, 0xFF,
    0x9A, 0xA7, 0x41, 0xFF, 0xA0, 0xA4, 0x32, 0xFF, 0x94, 0xA9, 0x4F, 0xFA, 0x69, 0xB8, 0xC3, 0xFA,
    0x59, 0xCC, 0xFB, 0xF7, 0x4B, 0x95, 0xE7, 0xFF, 0x20, 0x30, 0xC9, 0xFF, 0x5F, 0x70, 0xDA, 0xFF,
    0xFF, 0xFF, 0xFF, 0xFF, 0xFB, 0xFB, 0xFE, 0xFF, 0xFE, 0xFE, 0xFF, 0xFF, 0xFA, 0xFA, 0xFD, 0xFF,
    0xFF, 0xFF, 0xFF, 0xFF, 0x99, 0xA5, 0xE8, 0xFF, 0x1B, 0x2B, 0xC8, 0xFF, 0x40, 0x71, 0xDA, 0xFF,
    0x5C, 0xCB, 0xF6, 0xFF, 0x57, 0xC1, 0xF6, 0xFF, 0x56, 0xC4, 0xFD, 0xFF, 0x53, 0xC3, 0xFF, 0xFF,
    0x54, 0xC3, 0xFF, 0xFD, 0x5E, 0xC3, 0xE6, 0xFB, 0x70, 0xC3, 0xBA, 0xF9, 0x86, 0xC4, 0x85, 0xF9,
    0x99, 0xC4, 0x57, 0xFB, 0xA4, 0xC4, 0x3D, 0xFD, 0xA6, 0xC4, 0x37, 0xFF, 0xA5, 0xC5, 0x3D, 0xFF,
    0x00, 0x00, 0x00, 0x00, 0x00, 0x00, 0x00, 0x00, 0x00, 0x00, 0x00, 0x00, 0x00, 0x00, 0x00, 0x00,
    0x00, 0x00, 0x00, 0x00, 0x00, 0x00, 0x00, 0x00, 0x00, 0x00, 0x00, 0x00, 0x00, 0x00, 0x00, 0x00,
    0xA1, 0xC4, 0x44, 0xFF, 0xA1, 0xC4, 0x44, 0xFF, 0xA1, 0xC4, 0x44, 0xFF, 0xA1, 0xC4, 0x44, 0xFF,
    0xA0, 0xC4, 0x47, 0xFF, 0xA5, 0xC3, 0x38, 0xFE, 0x72, 0xC3, 0xB6, 0xF9, 0x54, 0xC3, 0xFF, 0xFF,
    0x58, 0xC4, 0xF7, 0xFF, 0x5D, 0xC3, 0xE8, 0xFB, 0x9C, 0xC3, 0x4C, 0xFC, 0xA3, 0xC5, 0x41, 0xFF,
    0xA1, 0xC4, 0x45, 0xFF, 0xA1, 0xC4, 0x44, 0xFF, 0xA1, 0xC6, 0x44, 0xFF, 0x9E, 0xB3, 0x40, 0xF8,
    0x9B, 0xA4, 0x3E, 0xFF, 0x9B, 0xA6, 0x3E, 0xFF, 0x9B, 0xA6, 0x3E, 0xFF, 0x9B, 0xA6, 0x3E, 0xFF,
    0x9B, 0xA6, 0x3E, 0xFF, 0x9B, 0xA6, 0x3E, 0xFF, 0x9B, 0xA6, 0x3E, 0xFF, 0x9B, 0xA6, 0x3E, 0xFF,
    0x9B, 0xA6, 0x3E, 0xFF, 0x9B, 0xA6, 0x3E, 0xFF, 0x9B, 0xA6, 0x3E, 0xFF, 0x9B, 0xA6, 0x3E, 0xFF,
    0x9B, 0xA6, 0x3E, 0xFF, 0x9B, 0xA6, 0x3E, 0xFF, 0x9B, 0xA6, 0x3E, 0xFF, 0x9B, 0xA6, 0x3E, 0xFF,
    0x9B, 0xA6, 0x3E, 0xFF, 0x9B, 0xA6, 0x3E, 0xFF, 0x9B, 0xA6, 0x3E, 0xFF, 0x9B, 0xA6, 0x3E, 0xFF,
    0x9B, 0xA6, 0x3E, 0xFF, 0x9A, 0xA6, 0x41, 0xFF, 0x9D, 0xA6, 0x3B, 0xFF, 0xA0, 0xA1, 0x2C, 0xFD,
    0x6D, 0xC2, 0xC5, 0xF2, 0x48, 0x9A, 0xF2, 0xFF, 0x21, 0x30, 0xC7, 0xFF, 0x5D, 0x6E, 0xDA, 0xFF,
    0xFF, 0xFF, 0xFF, 0xFF, 0xFB, 0xFB, 0xFE, 0xFF, 0xFD, 0xFD, 0xFF, 0xFF, 0xF9, 0xFA, 0xFD, 0xFF,
    0xFF, 0xFF, 0xFF, 0xFF, 0x97, 0xA2, 0xE7, 0xFF, 0x1B, 0x2A, 0xC8, 0xFF, 0x40, 0x74, 0xDE, 0xFF,
    0x5B, 0xCB, 0xF9, 0xFF, 0x57, 0xC1, 0xF5, 0xFF, 0x59, 0xC3, 0xF4, 0xFF, 0x59, 0xC3, 0xF3, 0xFF,
    0x59, 0xC3, 0xF5, 0xFF, 0x57, 0xC4, 0xFB, 0xFF, 0x54, 0xC3, 0xFF, 0xFF, 0x53, 0xC2, 0xFF, 0xFE,
    0x5A, 0xC3, 0xF1, 0xFC, 0x69, 0xC3, 0xCD, 0xFA, 0x7E, 0xC3, 0x98, 0xF9, 0x92, 0xC3, 0x67, 0xFA,
    0x00, 0x00, 0x00, 0x00, 0x00, 0x00, 0x00, 0x00, 0x00, 0x00, 0x00, 0x00, 0x00, 0x00, 0x00, 0x00,
    0x00, 0x00, 0x00, 0x00, 0x00, 0x00, 0x00, 0x00, 0x00, 0x00, 0x00, 0x00, 0x00, 0x00, 0x00, 0x00,
    0xA1, 0xC4, 0x44, 0xFF, 0xA1, 0xC4, 0x44, 0xFF, 0xA1, 0xC4, 0x44, 0xFF, 0xA0, 0xC4, 0x47, 0xFF,
    0xA6, 0xC5, 0x39, 0xFF, 0x8C, 0xC3, 0x77, 0xF9, 0x54, 0xC3, 0xFF, 0xFD, 0x5A, 0xC4, 0xF2, 0xFF,
    0x53, 0xC2, 0xFF, 0xFE, 0x89, 0xC3, 0x7E, 0xF9, 0xA6, 0xC5, 0x38, 0xFF, 0xA0, 0xC4, 0x47, 0xFF,
    0xA1, 0xC4, 0x44, 0xFF, 0xA1, 0xC4, 0x44, 0xFF, 0xA1, 0xC6, 0x44, 0xFF, 0x9E, 0xB3, 0x40, 0xF8,
    0x9B, 0xA4, 0x3E, 0xFF, 0x9B, 0xA6, 0x3E, 0xFF, 0x9B, 0xA6, 0x3E, 0xFF, 0x9B, 0xA6, 0x3E, 0xFF,
    0x9B, 0xA6, 0x3E, 0xFF, 0x9B, 0xA6, 0x3E, 0xFF, 0x9B, 0xA6, 0x3E, 0xFF, 0x9B, 0xA6, 0x3E, 0xFF,
    0x9B, 0xA6, 0x3E, 0xFF, 0x9B, 0xA6, 0x3E, 0xFF, 0x9B, 0xA6, 0x3E, 0xFF, 0x9B, 0xA6, 0x3E, 0xFF,
    0x9B, 0xA6, 0x3E, 0xFF, 0x9B, 0xA6, 0x3E, 0xFF, 0x9B, 0xA6, 0x3E, 0xFF, 0x9B, 0xA6, 0x3E, 0xFF,
    0x9B, 0xA6, 0x3E, 0xFF, 0x9B, 0xA6, 0x3E, 0xFF, 0x9B, 0xA6, 0x3E, 0xFF, 0x9B, 0xA6, 0x3E, 0xFF,
    0x9B, 0xA6, 0x3E, 0xFF, 0x9A, 0xA6, 0x42, 0xFF, 0xA0, 0xA4, 0x32, 0xFF, 0x81, 0xAF, 0x81, 0xFA,
    0x58, 0xC7, 0xF9, 0xF6, 0x53, 0xB3, 0xF0, 0xFF, 0x2F, 0x44, 0xCD, 0xFF, 0x2B, 0x3E, 0xCD, 0xFF,
    0xD0, 0xD5, 0xF4, 0xFF, 0xFF, 0xFF, 0xFF, 0xFF, 0xFF, 0xFF, 0xFF, 0xFF, 0xFF, 0xFF, 0xFF, 0xFF,
    0xF7, 0xF8, 0xFD, 0xFF, 0x4A, 0x5D, 0xD5, 0xFF, 0x25, 0x33, 0xC8, 0xFF, 0x4A, 0x92, 0xE5, 0xFF,
    0x5B, 0xCC, 0xF8, 0xFF, 0x57, 0xC1, 0xF5, 0xFF, 0x58, 0xC3, 0xF6, 0xFF, 0x58, 0xC3, 0xF6, 0xFF,
    0x58, 0xC3, 0xF6, 0xFF, 0x58, 0xC3, 0xF5, 0xFF, 0x59, 0xC3, 0xF3, 0xFF, 0x59, 0xC3, 0xF4, 0xFF,
    0x58, 0xC4, 0xF8, 0xFF, 0x55, 0xC4, 0xFF, 0xFF, 0x53, 0xC3, 0xFF, 0xFF, 0x56, 0xC2, 0xF9, 0xFD,
    0x00, 0x00, 0x00, 0x00, 0x00, 0x00, 0x00, 0x00, 0x00, 0x00, 0x00, 0x00, 0x00, 0x00, 0x00, 0x00,
    0x00, 0x00, 0x00, 0x00, 0x00, 0x00, 0x00, 0x00, 0x00, 0x00, 0x00, 0x00, 0x00, 0x00, 0x00, 0x00,
    0xA1, 0xC4, 0x44, 0xFF, 0xA1, 0xC4, 0x44, 0xFF, 0xA1, 0xC4, 0x45, 0xFF, 0xA2, 0xC5, 0x43, 0xFF,
    0x9E, 0xC3, 0x48, 0xFC, 0x5F, 0xC3, 0xE2, 0xFB, 0x58, 0xC4, 0xF8, 0xFF, 0x54, 0xC3, 0xFF, 0xFF,
    0x6E, 0xC3, 0xBE, 0xF9, 0xA4, 0xC3, 0x39, 0xFE, 0xA0, 0xC4, 0x47, 0xFF, 0xA1, 0xC4, 0x44, 0xFF,
    0xA1, 0xC4, 0x44, 0xFF, 0xA1, 0xC4, 0x44, 0xFF, 0xA1, 0xC6, 0x44, 0xFF, 0x9E, 0xB3, 0x40, 0xF8,
    0x9B, 0xA4, 0x3E, 0xFF, 0x9B, 0xA6, 0x3E, 0xFF, 0x9B, 0xA6, 0x3E, 0xFF, 0x9B, 0xA6, 0x3E, 0xFF,
    0x9B, 0xA6, 0x3E, 0xFF, 0x9B, 0xA6, 0x3E, 0xFF, 0x9B, 0xA6, 0x3E, 0xFF, 0x9B, 0xA6, 0x3E, 0xFF,
    0x9B, 0xA6, 0x3E, 0xFF, 0x9B, 0xA6, 0x3E, 0xFF, 0x9B, 0xA6, 0x3E, 0xFF, 0x9B, 0xA6, 0x3E, 0xFF,
    0x9B, 0xA6, 0x3E, 0xFF, 0x9B, 0xA6, 0x3E, 0xFF, 0x9B, 0xA6, 0x3E, 0xFF, 0x9B, 0xA6, 0x3E, 0xFF,
    0x9B, 0xA6, 0x3E, 0xFF, 0x9B, 0xA6, 0x3E, 0xFF, 0x9B, 0xA6, 0x3E, 0xFF, 0x9B, 0xA6, 0x3E, 0xFF,
    0x9A, 0xA6, 0x42, 0xFF, 0xA0, 0xA5, 0x32, 0xFF, 0x89, 0xAE, 0x6E, 0xF9, 0x55, 0xC3, 0xFA, 0xFD,
    0x57, 0xC2, 0xF7, 0xF8, 0x5A, 0xC9, 0xF7, 0xFF, 0x38, 0x67, 0xE1, 0xFF, 0x26, 0x35, 0xCA, 0xFF,
    0x3C, 0x50, 0xD2, 0xFF, 0xAC, 0xB4, 0xEC, 0xFF, 0xDA, 0xDD, 0xF6, 0xFF, 0xC3, 0xC9, 0xF1, 0xFF,
    0x5A, 0x6A, 0xD9, 0xFF, 0x24, 0x37, 0xCA, 0xFF, 0x2F, 0x49, 0xD6, 0xFF, 0x51, 0xB8, 0xFC, 0xFF,
    0x59, 0xC6, 0xF8, 0xFF, 0x59, 0xC2, 0xF3, 0xFF, 0x59, 0xC3, 0xF4, 0xFF, 0x58, 0xC3, 0xF5, 0xFF,
    0x58, 0xC3, 0xF6, 0xFF, 0x58, 0xC3, 0xF6, 0xFF, 0x58, 0xC3, 0xF6, 0xFF, 0x58, 0xC3, 0xF6, 0xFF,
    0x58, 0xC3, 0xF5, 0xFF, 0x59, 0xC3, 0xF4, 0xFF, 0x59, 0xC3, 0xF3, 0xFF, 0x58, 0xC3, 0xF6, 0xFF,
    0x00, 0x00, 0x00, 0x00, 0x00, 0x00, 0x00, 0x00, 0x00, 0x00, 0x00, 0x00, 0x00, 0x00, 0x00, 0x00,
    0x00, 0x00, 0x00, 0x00, 0x00, 0x00, 0x00, 0x00, 0x00, 0x00, 0x00, 0x00, 0x00, 0x00, 0x00, 0x00,
    0xA1, 0xC4, 0x44, 0xFF, 0xA1, 0xC4, 0x44, 0xFF, 0xA0, 0xC4, 0x47, 0xFF, 0xA6, 0xC4, 0x37, 0xFE,
    0x75, 0xC3, 0xAC, 0xF9, 0x53, 0xC3, 0xFF, 0xFF, 0x59, 0xC4, 0xF6, 0xFF, 0x5B, 0xC2, 0xED, 0xFC,
    0x9A, 0xC4, 0x53, 0xFB, 0xA3, 0xC5, 0x40, 0xFF, 0xA0, 0xC4, 0x45, 0xFF, 0xA1, 0xC4, 0x44, 0xFF,
    0xA1, 0xC4, 0x44, 0xFF, 0xA1, 0xC4, 0x44, 0xFF, 0xA1, 0xC6, 0x44, 0xFF, 0x9E, 0xB3, 0x40, 0xF8,
    0x9B, 0xA4, 0x3E, 0xFF, 0x9B, 0xA6, 0x3E, 0xFF, 0x9B, 0xA6, 0x3E, 0xFF, 0x9B, 0xA6, 0x3E, 0xFF,
    0x9B, 0xA6, 0x3E, 0xFF, 0x9B, 0xA6, 0x3E, 0xFF, 0x9B, 0xA6, 0x3E, 0xFF, 0x9B, 0xA6, 0x3E, 0xFF,
    0x9B, 0xA6, 0x3E, 0xFF, 0x9B, 0xA6, 0x3E, 0xFF, 0x9B, 0xA6, 0x3E, 0xFF, 0x9B, 0xA6, 0x3E, 0xFF,
    0x9B, 0xA6, 0x3E, 0xFF, 0x9B, 0xA6, 0x3E, 0xFF, 0x9B, 0xA6, 0x3E, 0xFF, 0x9B, 0xA6, 0x3E, 0xFF,
    0x9B, 0xA6, 0x3E, 0xFF, 0x9B, 0xA6, 0x3E, 0xFF, 0x9B, 0xA6, 0x3E, 0xFF, 0x9A, 0xA6, 0x41, 0xFF,
    0x9F, 0xA5, 0x35, 0xFF, 0x8F, 0xAB, 0x5D, 0xFA, 0x59, 0xC3, 0xF3, 0xFB, 0x57, 0xC5, 0xF9, 0xFF,
    0x58, 0xC1, 0xF3, 0xF8, 0x5A, 0xCA, 0xF7, 0xFD, 0x64, 0x99, 0xA8, 0xFB, 0x2C, 0x3C, 0xCC, 0xFF,
    0x2A, 0x3F, 0xCE, 0xFF, 0x21, 0x36, 0xCB, 0xFF, 0x2C, 0x40, 0xCE, 0xFF, 0x25, 0x39, 0xCC, 0xFF,
    0x25, 0x3B, 0xCB, 0xFF, 0x2A, 0x3A, 0xD2, 0xFF, 0x49, 0x70, 0xBC, 0xFC, 0x6C, 0xCC, 0xCF, 0xFA,
    0x57, 0xC1, 0xF6, 0xFC, 0x53, 0xC3, 0xFF, 0xFE, 0x54, 0xC3, 0xFF, 0xFF, 0x57, 0xC4, 0xF9, 0xFF,
    0x59, 0xC3, 0xF4, 0xFF, 0x59, 0xC3, 0xF3, 0xFF, 0x58, 0xC3, 0xF5, 0xFF, 0x58, 0xC3, 0xF6, 0xFF,
    0x58, 0xC3, 0xF6, 0xFF, 0x58, 0xC3, 0xF6, 0xFF, 0x58, 0xC3, 0xF6, 0xFF, 0x58, 0xC3, 0xF6, 0xFF,
    0x00, 0x00, 0x00, 0x00, 0x00, 0x00, 0x00, 0x00, 0x00, 0x00, 0x00, 0x00, 0x00, 0x00, 0x00, 0x00,
    0x00, 0x00, 0x00, 0x00, 0x00, 0x00, 0x00, 0x00, 0x00, 0x00, 0x00, 0x00, 0x00, 0x00, 0x00, 0x00,
    0xA1, 0xC4, 0x44, 0xFF, 0xA0, 0xC4, 0x46, 0xFF, 0xA5, 0xC5, 0x3B, 0xFF, 0x8E, 0xC3, 0x6E, 0xFA,
    0x54, 0xC3, 0xFB, 0xFD, 0x5A, 0xC4, 0xF3, 0xFF, 0x53, 0xC2, 0xFF, 0xFE, 0x85, 0xC3, 0x89, 0xF9,
    0xA6, 0xC5, 0x38, 0xFF, 0xA0, 0xC4, 0x47, 0xFF, 0xA1, 0xC4, 0x44, 0xFF, 0xA1, 0xC4, 0x44, 0xFF,
    0xA1, 0xC4, 0x44, 0xFF, 0xA1, 0xC4, 0x44, 0xFF, 0xA1, 0xC6, 0x44, 0xFF, 0x9E, 0xB3, 0x40, 0xF8,
    0x9B, 0xA4, 0x3E, 0xFF, 0x9B, 0xA6, 0x3E, 0xFF, 0x9B, 0xA6, 0x3E, 0xFF, 0x9B, 0xA6, 0x3E, 0xFF,
    0x9B, 0xA6, 0x3E, 0xFF, 0x9B, 0xA6, 0x3E, 0xFF, 0x9B, 0xA6, 0x3E, 0xFF, 0x9B, 0xA6, 0x3E, 0xFF,
    0x9B, 0xA6, 0x3E, 0xFF, 0x9B, 0xA6, 0x3E, 0xFF, 0x9B, 0xA6, 0x3E, 0xFF, 0x9B, 0xA6, 0x3E, 0xFF,
    0x9B, 0xA6, 0x3E, 0xFF, 0x9B, 0xA6, 0x3E, 0xFF, 0x9B, 0xA6, 0x3E, 0xFF, 0x9B, 0xA6, 0x3E, 0xFF,
    0x9B, 0xA6, 0x3E, 0xFF, 0x9B, 0xA6, 0x3E, 0xFF, 0x9A, 0xA6, 0x41, 0xFF, 0x9E, 0xA6, 0x38, 0xFF,
    0x95, 0xA8, 0x4E, 0xFB, 0x5C, 0xC1, 0xE7, 0xFB, 0x56, 0xC5, 0xFC, 0xFF, 0x5A, 0xC3, 0xF0, 0xFF,
    0x52, 0xC2, 0xFF, 0xF8, 0x71, 0xC4, 0xB9, 0xF8, 0xA6, 0xC4, 0x37, 0xFE, 0x40, 0x57, 0xB9, 0xFF,
    0x2A, 0x3D, 0xD4, 0xFF, 0x31, 0x44, 0xCD, 0xFF, 0x2D, 0x41, 0xCE, 0xFF, 0x2F, 0x43, 0xCE, 0xFF,
    0x30, 0x44, 0xCE, 0xFF, 0x29, 0x3D, 0xD3, 0xFF, 0x8A, 0xA8, 0x5E, 0xFF, 0xA8, 0xC9, 0x38, 0xFD,
    0x95, 0xC3, 0x5E, 0xFA, 0x83, 0xC3, 0x8D, 0xF9, 0x6D, 0xC3, 0xC2, 0xF9, 0x5C, 0xC3, 0xEB, 0xFB,
    0x53, 0xC2, 0xFF, 0xFE, 0x53, 0xC3, 0xFF, 0xFF, 0x56, 0xC4, 0xFC, 0xFF, 0x59, 0xC3, 0xF6, 0xFF,
    0x59, 0xC3, 0xF3, 0xFF, 0x59, 0xC3, 0xF4, 0xFF, 0x58, 0xC3, 0xF5, 0xFF, 0x58, 0xC3, 0xF6, 0xFF,
    0x00, 0x00, 0x00, 0x00, 0x00, 0x00, 0x00, 0x00, 0x00, 0x00, 0x00, 0x00, 0x00, 0x00, 0x00, 0x00,
    0x00, 0x00, 0x00, 0x00, 0x00, 0x00, 0x00, 0x00, 0x00, 0x00, 0x00, 0x00, 0x00, 0x00, 0x00, 0x00,
    0xA1, 0xC4, 0x44, 0xFF, 0xA2, 0xC5, 0x44, 0xFF, 0xA0, 0xC4, 0x44, 0xFC, 0x62, 0xC2, 0xDC, 0xFA,
    0x57, 0xC4, 0xFA, 0xFF, 0x55, 0xC4, 0xFE, 0xFF, 0x6B, 0xC3, 0xC7, 0xF9, 0xA4, 0xC4, 0x3B, 0xFD,
    0xA1, 0xC4, 0x46, 0xFF, 0xA1, 0xC4, 0x44, 0xFF, 0xA1, 0xC4, 0x44, 0xFF, 0xA1, 0xC4, 0x44, 0xFF,
    0xA1, 0xC4, 0x44, 0xFF, 0xA1, 0xC4, 0x44, 0xFF, 0xA1, 0xC6, 0x44, 0xFF, 0x9E, 0xB3, 0x40, 0xF8,
    0x9B, 0xA4, 0x3E, 0xFF, 0x9B, 0xA6, 0x3E, 0xFF, 0x9B, 0xA6, 0x3E, 0xFF, 0x9B, 0xA6, 0x3E, 0xFF,
    0x9B, 0xA6, 0x3E, 0xFF, 0x9B, 0xA6, 0x3E, 0xFF, 0x9B, 0xA6, 0x3E, 0xFF, 0x9B, 0xA6, 0x3E, 0xFF,
    0x9B, 0xA6, 0x3E, 0xFF, 0x9B, 0xA6, 0x3E, 0xFF, 0x9B, 0xA6, 0x3E, 0xFF, 0x9B, 0xA6, 0x3E, 0xFF,
    0x9B, 0xA6, 0x3E, 0xFF, 0x9B, 0xA6, 0x3E, 0xFF, 0x9B, 0xA6, 0x3E, 0xFF, 0x9B, 0xA6, 0x3E, 0xFF,
    0x9B, 0xA6, 0x3E, 0xFF, 0x9A, 0xA6, 0x40, 0xFF, 0x9D, 0xA6, 0x3B, 0xFF, 0x98, 0xA6, 0x42, 0xFC,
    0x61, 0xBE, 0xD9, 0xFA, 0x55, 0xC5, 0xFF, 0xFF, 0x5A, 0xC2, 0xF0, 0xFF, 0x56, 0xC4, 0xFD, 0xFF,
    0x5D, 0xC3, 0xE9, 0xF4, 0x9A, 0xC2, 0x50, 0xFB, 0xAB, 0xCE, 0x38, 0xFF, 0x75, 0x93, 0x78, 0xFF,
    0x25, 0x38, 0xD7, 0xFF, 0x2F, 0x43, 0xCC, 0xFF, 0x2D, 0x41, 0xCE, 0xFF, 0x2F, 0x43, 0xCC, 0xFF,
    0x26, 0x39, 0xD6, 0xFF, 0x4E, 0x66, 0xA6, 0xFF, 0xA6, 0xCA, 0x3E, 0xFF, 0xA0, 0xC3, 0x46, 0xFF,
    0xA4, 0xC5, 0x3E, 0xFF, 0xA6, 0xC4, 0x38, 0xFF, 0xA4, 0xC3, 0x3A, 0xFE, 0x9C, 0xC4, 0x50, 0xFB,
    0x8B, 0xC4, 0x7A, 0xF9, 0x74, 0xC3, 0xAF, 0xF9, 0x61, 0xC3, 0xDF, 0xFA, 0x55, 0xC3, 0xFA, 0xFD,
    0x53, 0xC3, 0xFF, 0xFF, 0x55, 0xC4, 0xFF, 0xFF, 0x58, 0xC3, 0xF7, 0xFF, 0x59, 0xC3, 0xF4, 0xFF,
    0x00, 0x00, 0x00, 0x00, 0x00, 0x00, 0x00, 0x00, 0x00, 0x00, 0x00, 0x00, 0x00, 0x00, 0x00, 0x00,
    0x00, 0x00, 0x00, 0x00, 0x00, 0x00, 0x00, 0x00, 0x00, 0x00, 0x00, 0x00, 0x00, 0x00, 0x00, 0x00,
    0xA0, 0xC4, 0x48, 0xFF, 0xA6, 0xC4, 0x37, 0xFF, 0x79, 0xC3, 0xA2, 0xF9, 0x53, 0xC3, 0xFF, 0xFF,
    0x59, 0xC4, 0xF5, 0xFF, 0x59, 0xC3, 0xF2, 0xFC, 0x97, 0xC3, 0x5A, 0xFB, 0xA4, 0xC5, 0x3E, 0xFF,
    0xA0, 0xC4, 0x46, 0xFF, 0xA1, 0xC4, 0x44, 0xFF, 0xA1, 0xC4, 0x44, 0xFF, 0xA1, 0xC4, 0x44, 0xFF,
    0xA1, 0xC4, 0x44, 0xFF, 0xA1, 0xC4, 0x44, 0xFF, 0xA1, 0xC6, 0x44, 0xFF, 0x9E, 0xB3, 0x40, 0xF8,
    0x9B, 0xA4, 0x3E, 0xFF, 0x9B, 0xA6, 0x3E, 0xFF, 0x9B, 0xA6, 0x3E, 0xFF, 0x9B, 0xA6, 0x3E, 0xFF,
    0x9B, 0xA6, 0x3E, 0xFF, 0x9B, 0xA6, 0x3E, 0xFF, 0x9B, 0xA6, 0x3E, 0xFF, 0x9B, 0xA6, 0x3E, 0xFF,
    0x9B, 0xA6, 0x3E, 0xFF, 0x9B, 0xA6, 0x3E, 0xFF, 0x9B, 0xA6, 0x3E, 0xFF, 0x9B, 0xA6, 0x3E, 0xFF,
    0x9B, 0xA6, 0x3E, 0xFF, 0x9B, 0xA6, 0x3E, 0xFF, 0x9B, 0xA6, 0x3E, 0xFF, 0x9B, 0xA6, 0x3E, 0xFF,
    0x9A, 0xA6, 0x3F, 0xFF, 0x9C, 0xA6, 0x3E, 0xFF, 0x9C, 0xA5, 0x39, 0xFC, 0x68, 0xBC, 0xC9, 0xF9,
    0x54, 0xC5, 0xFF, 0xFF, 0x5A, 0xC2, 0xF1, 0xFF, 0x57, 0xC5, 0xF9, 0xFF, 0x58, 0xC1, 0xF3, 0xFC,
    0x90, 0xB8, 0x65, 0xF2, 0xA5, 0xC5, 0x3D, 0xFF, 0xA0, 0xC4, 0x46, 0xFF, 0xA1, 0xC4, 0x43, 0xFF,
    0x40, 0x56, 0xB7, 0xFF, 0x28, 0x3C, 0xD3, 0xFF, 0x2E, 0x42, 0xCD, 0xFF, 0x2E, 0x42, 0xCD, 0xFF,
    0x29, 0x3C, 0xD3, 0xFF, 0x86, 0xA5, 0x64, 0xFF, 0xA7, 0xCB, 0x3D, 0xFF, 0x9F, 0xC2, 0x46, 0xFF,
    0xA0, 0xC4, 0x45, 0xFF, 0xA0, 0xC4, 0x47, 0xFF, 0xA0, 0xC4, 0x46, 0xFF, 0xA3, 0xC5, 0x41, 0xFF,
    0xA6, 0xC5, 0x3A, 0xFF, 0xA6, 0xC4, 0x38, 0xFE, 0xA0, 0xC4, 0x45, 0xFC, 0x91, 0xC3, 0x69, 0xFA,
    0x7C, 0xC3, 0x9B, 0xF9, 0x68, 0xC3, 0xCF, 0xFA, 0x59, 0xC3, 0xF3, 0xFC, 0x53, 0xC2, 0xFF, 0xFE,
    0x00, 0x00, 0x00, 0x00, 0x00, 0x00, 0x00, 0x00, 0x00, 0x00, 0x00, 0x00, 0x00, 0x00, 0x00, 0x00,
    0x00, 0x00, 0x00, 0x00, 0x00, 0x00, 0x00, 0x00, 0x00, 0x00, 0x00, 0x00, 0x00, 0x00, 0x00, 0x00,
    0xA5, 0xC5, 0x3C, 0xFF, 0x92, 0xC3, 0x66, 0xFA, 0x56, 0xC3, 0xFA, 0xFC, 0x5A, 0xC4, 0xF3, 0xFF,
    0x53, 0xC3, 0xFF, 0xFE, 0x81, 0xC3, 0x92, 0xF9, 0xA6, 0xC4, 0x37, 0xFF, 0xA0, 0xC4, 0x47, 0xFF,
    0xA1, 0xC4, 0x44, 0xFF, 0xA1, 0xC4, 0x44, 0xFF, 0xA1, 0xC4, 0x44, 0xFF, 0xA1, 0xC4, 0x44, 0xFF,
    0xA1, 0xC4, 0x44, 0xFF, 0xA1, 0xC4, 0x44, 0xFF, 0xA1, 0xC6, 0x44, 0xFF, 0x9E, 0xB3, 0x40, 0xF8,
    0x9B, 0xA4, 0x3E, 0xFF, 0x9B, 0xA6, 0x3E, 0xFF, 0x9B, 0xA6, 0x3E, 0xFF, 0x9B, 0xA6, 0x3E, 0xFF,
    0x9B, 0xA6, 0x3E, 0xFF, 0x9B, 0xA6, 0x3E, 0xFF, 0x9B, 0xA6, 0x3E, 0xFF, 0x9B, 0xA6, 0x3E, 0xFF,
    0x9B, 0xA6, 0x3E, 0xFF, 0x9B, 0xA6, 0x3E, 0xFF, 0x9B, 0xA6, 0x3E, 0xFF, 0x9B, 0xA6, 0x3E, 0xFF,
    0x9B, 0xA6, 0x3E, 0xFF, 0x9B, 0xA6, 0x3E, 0xFF, 0x9B, 0xA6, 0x3E, 0xFF, 0x9B, 0xA6, 0x3F, 0xFF,
    0x9B, 0xA7, 0x40, 0xFF, 0x9F, 0xA5, 0x33, 0xFD, 0x6E, 0xB9, 0xB6, 0xF9, 0x53, 0xC5, 0xFF, 0xFF,
    0x5A, 0xC2, 0xF1, 0xFF, 0x58, 0xC3, 0xF7, 0xFF, 0x56, 0xC5, 0xFB, 0xFC, 0x87, 0xAB, 0x71, 0xFA,
    0xA2, 0xAF, 0x33, 0xF8, 0xA0, 0xC6, 0x48, 0xFE, 0x9F, 0xC2, 0x46, 0xFF, 0xA8, 0xCC, 0x3B, 0xFF,
    0x7B, 0x99, 0x72, 0xFF, 0x26, 0x39, 0xD6, 0xFF, 0x30, 0x45, 0xCA, 0xFF, 0x26, 0x39, 0xD7, 0xFF,
    0x51, 0x6A, 0xA3, 0xFF, 0xA7, 0xCB, 0x3D, 0xFF, 0x9F, 0xC2, 0x46, 0xFF, 0xA1, 0xC4, 0x44, 0xFF,
    0xA1, 0xC4, 0x44, 0xFF, 0xA1, 0xC4, 0x44, 0xFF, 0xA1, 0xC4, 0x44, 0xFF, 0xA1, 0xC4, 0x45, 0xFF,
    0xA0, 0xC4, 0x46, 0xFF, 0xA0, 0xC4, 0x47, 0xFF, 0xA2, 0xC4, 0x44, 0xFF, 0xA5, 0xC5, 0x3C, 0xFF,
    0xA6, 0xC4, 0x37, 0xFF, 0xA4, 0xC4, 0x3D, 0xFD, 0x98, 0xC4, 0x5A, 0xFB, 0x85, 0xC3, 0x87, 0xFA,
    0x00, 0x00, 0x00, 0x00, 0x00, 0x00, 0x00, 0x00, 0x00, 0x00, 0x00, 0x00, 0x00, 0x00, 0x00, 0x00,
    0x00, 0x00, 0x00, 0x00, 0x00, 0x00, 0x00, 0x00, 0x00, 0x00, 0x00, 0x00, 0x00, 0x00, 0x00, 0x00,
    0xA2, 0xC3, 0x3F, 0xFD, 0x67, 0xC3, 0xD2, 0xFA, 0x56, 0xC3, 0xFC, 0xFF, 0x55, 0xC3, 0xFC, 0xFF,
    0x68, 0xC2, 0xCF, 0xFA, 0xA3, 0xC4, 0x3E, 0xFD, 0xA1, 0xC5, 0x45, 0xFF, 0xA1, 0xC4, 0x44, 0xFF,
    0xA1, 0xC4, 0x44, 0xFF, 0xA1, 0xC4, 0x44, 0xFF, 0xA1, 0xC4, 0x44, 0xFF, 0xA1, 0xC4, 0x44, 0xFF,
    0xA1, 0xC4, 0x44, 0xFF, 0xA1, 0xC4, 0x44, 0xFF, 0xA1, 0xC6, 0x44, 0xFF, 0x9E, 0xB3, 0x40, 0xF8,
    0x9B, 0xA4, 0x3E, 0xFF, 0x9B, 0xA6, 0x3E, 0xFF, 0x9B, 0xA6, 0x3E, 0xFF, 0x9B, 0xA6, 0x3E, 0xFF,
    0x9B, 0xA6, 0x3E, 0xFF, 0x9B, 0xA6, 0x3E, 0xFF, 0x9B, 0xA6, 0x3E, 0xFF, 0x9B, 0xA6, 0x3E, 0xFF,
    0x9B, 0xA6, 0x3E, 0xFF, 0x9B, 0xA6, 0x3E, 0xFF, 0x9B, 0xA6, 0x3E, 0xFF, 0x9B, 0xA6, 0x3E, 0xFF,
    0x9B, 0xA6, 0x3E, 0xFF, 0x9B, 0xA6, 0x3E, 0xFF, 0x9B, 0xA6, 0x3E, 0xFF, 0x9A, 0xA7, 0x41, 0xFF,
    0xA0, 0xA4, 0x31, 0xFE, 0x75, 0xB5, 0xA2, 0xF9, 0x53, 0xC5, 0xFF, 0xFE, 0x5A, 0xC2, 0xF2, 0xFF,
    0x59, 0xC3, 0xF4, 0xFF, 0x53, 0xC5, 0xFF, 0xFD, 0x81, 0xB1, 0x85, 0xF9, 0xA0, 0xA2, 0x30, 0xFF,
    0x9C, 0xB1, 0x43, 0xF8, 0xA1, 0xC6, 0x44, 0xFF, 0xA1, 0xC4, 0x44, 0xFF, 0xA0, 0xC3, 0x45, 0xFF,
    0xA5, 0xC8, 0x3F, 0xFF, 0x48, 0x60, 0xAE, 0xFF, 0x27, 0x3B, 0xD5, 0xFF, 0x2D, 0x42, 0xCD, 0xFF,
    0x8D, 0xAD, 0x5C, 0xFF, 0xA6, 0xC9, 0x3F, 0xFF, 0xA0, 0xC3, 0x45, 0xFF, 0xA1, 0xC4, 0x44, 0xFF,
    0xA1, 0xC4, 0x44, 0xFF, 0xA1, 0xC4, 0x44, 0xFF, 0xA1, 0xC4, 0x44, 0xFF, 0xA1, 0xC4, 0x44, 0xFF,
    0xA1, 0xC4, 0x44, 0xFF, 0xA1, 0xC4, 0x44, 0xFF, 0xA1, 0xC4, 0x44, 0xFF, 0xA0, 0xC4, 0x46, 0xFF,
    0xA0, 0xC4, 0x47, 0xFF, 0xA1, 0xC4, 0x45, 0xFF, 0xA4, 0xC5, 0x3F, 0xFF, 0xA6, 0xC4, 0x39, 0xFF,
    0x00, 0x00, 0x00, 0x00, 0x00, 0x00, 0x00, 0x00, 0x00, 0x00, 0x00, 0x00, 0x00, 0x00, 0x00, 0x00,
    0x00, 0x00, 0x00, 0x00, 0x00, 0x00, 0x00, 0x00, 0x00, 0x00, 0x00, 0x00, 0x00, 0x00, 0x00, 0x00,
    0x7B, 0xC3, 0xA1, 0xF8, 0x54, 0xC3, 0xFF, 0xFF, 0x59, 0xC4, 0xF4, 0xFF, 0x57, 0xC3, 0xF7, 0xFC,
    0x94, 0xC3, 0x61, 0xFA, 0xA4, 0xC5, 0x3D, 0xFF, 0xA0, 0xC4, 0x46, 0xFF, 0xA1, 0xC4, 0x44, 0xFF,
    0xA1, 0xC4, 0x44, 0xFF, 0xA1, 0xC4, 0x44, 0xFF, 0xA1, 0xC4, 0x44, 0xFF, 0xA1, 0xC4, 0x44, 0xFF,
    0xA1, 0xC4, 0x44, 0xFF, 0xA1, 0xC4, 0x44, 0xFF, 0xA1, 0xC6, 0x44, 0xFF, 0x9E, 0xB3, 0x40, 0xF8,
    0x9B, 0xA4, 0x3E, 0xFF, 0x9B, 0xA6, 0x3E, 0xFF, 0x9B, 0xA6, 0x3E, 0xFF, 0x9B, 0xA6, 0x3E, 0xFF,
    0x9B, 0xA6, 0x3E, 0xFF, 0x9B, 0xA6, 0x3E, 0xFF, 0x9B, 0xA6, 0x3E, 0xFF, 0x9B, 0xA6, 0x3E, 0xFF,
    0x9B, 0xA6, 0x3E, 0xFF, 0x9B, 0xA6, 0x3E, 0xFF, 0x9B, 0xA6, 0x3E, 0xFF, 0x9B, 0xA6, 0x3E, 0xFF,
    0x9B, 0xA6, 0x3E, 0xFF, 0x9B, 0xA6, 0x3E, 0xFF, 0x9A, 0xA7, 0x42, 0xFF, 0xA0, 0xA4, 0x30, 0xFE,
    0x7C, 0xB2, 0x8E, 0xF9, 0x53, 0xC4, 0xFF, 0xFE, 0x59, 0xC3, 0xF4, 0xFF, 0x59, 0xC2, 0xF3, 0xFF,
    0x53, 0xC5, 0xFF, 0xFE, 0x79, 0xB4, 0x98, 0xF9, 0xA0, 0xA4, 0x30, 0xFE, 0x9A, 0xA5, 0x41, 0xFF,
    0x9D, 0xB1, 0x40, 0xF8, 0xA1, 0xC6, 0x44, 0xFF, 0xA1, 0xC4, 0x44, 0xFF, 0x9F, 0xC2, 0x46, 0xFF,
    0xA7, 0xCB, 0x3D, 0xFF, 0x87, 0xA6, 0x64, 0xFF, 0x1F, 0x31, 0xDE, 0xFF, 0x5B, 0x76, 0x97, 0xFF,
    0xA9, 0xCD, 0x3A, 0xFF, 0x9F, 0xC2, 0x46, 0xFF, 0xA1, 0xC4, 0x44, 0xFF, 0xA1, 0xC4, 0x44, 0xFF,
    0xA1, 0xC4, 0x44, 0xFF, 0xA1, 0xC4, 0x44, 0xFF, 0xA1, 0xC4, 0x44, 0xFF, 0xA1, 0xC4, 0x44, 0xFF,
    0xA1, 0xC4, 0x44, 0xFF, 0xA1, 0xC4, 0x44, 0xFF, 0xA1, 0xC4, 0x44, 0xFF, 0xA1, 0xC4, 0x44, 0xFF,
    0xA1, 0xC4, 0x44, 0xFF, 0xA1, 0xC4, 0x44, 0xFF, 0xA0, 0xC4, 0x45, 0xFF, 0xA0, 0xC4, 0x47, 0xFF,
    0x00, 0x00, 0x00, 0x00, 0x00, 0x00, 0x00, 0x00, 0x00, 0x00, 0x00, 0x00, 0x00, 0x00, 0x00, 0x00,
    0x00, 0x00, 0x00, 0x00, 0x00, 0x00, 0x00, 0x00, 0x00, 0x00, 0x00, 0x00, 0x00, 0x00, 0x00, 0x00,
    0x57, 0xC3, 0xF6, 0xFD, 0x59, 0xC3, 0xF4, 0xFF, 0x52, 0xC3, 0xFF, 0xFF, 0x7C, 0xC3, 0x9C, 0xF9,
    0xA6, 0xC4, 0x36, 0xFF, 0xA0, 0xC4, 0x47, 0xFF, 0xA1, 0xC4, 0x44, 0xFF, 0xA1, 0xC4, 0x44, 0xFF,
    0xA1, 0xC4, 0x44, 0xFF, 0xA1, 0xC4, 0x44, 0xFF, 0xA1, 0xC4, 0x44, 0xFF, 0xA1, 0xC4, 0x44, 0xFF,
    0xA1, 0xC4, 0x44, 0xFF, 0xA1, 0xC4, 0x44, 0xFF, 0xA1, 0xC6, 0x44, 0xFF, 0x9E, 0xB3, 0x40, 0xF8,
    0x9B, 0xA4, 0x3E, 0xFF, 0x9B, 0xA6, 0x3E, 0xFF, 0x9B, 0xA6, 0x3E, 0xFF, 0x9B, 0xA6, 0x3E, 0xFF,
    0x9B, 0xA6, 0x3E, 0xFF, 0x9B, 0xA6, 0x3E, 0xFF, 0x9B, 0xA6, 0x3E, 0xFF, 0x9B, 0xA6, 0x3E, 0xFF,
    0x9B, 0xA6, 0x3E, 0xFF, 0x9B, 0xA6, 0x3E, 0xFF, 0x9B, 0xA6, 0x3E, 0xFF, 0x9B, 0xA6, 0x3E, 0xFF,
    0x9B, 0xA6, 0x3E, 0xFF, 0x9A, 0xA7, 0x42, 0xFF, 0xA0, 0xA4, 0x31, 0xFF, 0x85, 0xAF, 0x79, 0xF9,
    0x54, 0xC4, 0xFD, 0xFD, 0x59, 0xC3, 0xF6, 0xFF, 0x5A, 0xC2, 0xF2, 0xFF, 0x53, 0xC5, 0xFF, 0xFF,
    0x72, 0xB7, 0xAD, 0xF9, 0x9F, 0xA3, 0x32, 0xFE, 0x9B, 0xA7, 0x40, 0xFF, 0x9B, 0xA4, 0x3E, 0xFF,
    0x9D, 0xB1, 0x40, 0xF8, 0xA1, 0xC6, 0x44, 0xFF, 0xA1, 0xC4, 0x44, 0xFF, 0xA1, 0xC4, 0x44, 0xFF,
    0xA0, 0xC3, 0x45, 0xFF, 0xA5, 0xC9, 0x3F, 0xFF, 0x5B, 0x75, 0x97, 0xFF, 0x8F, 0xB0, 0x59, 0xFF,
    0xA5, 0xC9, 0x3F, 0xFF, 0xA0, 0xC3, 0x45, 0xFF, 0xA1, 0xC4, 0x44, 0xFF, 0xA1, 0xC4, 0x44, 0xFF,
    0xA1, 0xC4, 0x44, 0xFF, 0xA1, 0xC4, 0x44, 0xFF, 0xA1, 0xC4, 0x44, 0xFF, 0xA1, 0xC4, 0x44, 0xFF,
    0xA1, 0xC4, 0x44, 0xFF, 0xA1, 0xC4, 0x44, 0xFF, 0xA1, 0xC4, 0x44, 0xFF, 0xA1, 0xC4, 0x44, 0xFF,
    0xA1, 0xC4, 0x44, 0xFF, 0xA1, 0xC4, 0x44, 0xFF, 0xA1, 0xC4, 0x44, 0xFF, 0xA1, 0xC4, 0x44, 0xFF,
    0x00, 0x00, 0x00, 0x00, 0x00, 0x00, 0x00, 0x00, 0x00, 0x00, 0x00, 0x00, 0x00, 0x00, 0x00, 0x00,
    0x00, 0x00, 0x00, 0x00, 0x00, 0x00, 0x00, 0x00, 0x00, 0x00, 0x00, 0x00, 0x00, 0x00, 0x00, 0x00,
    0x59, 0xC3, 0xF4, 0xFF, 0x55, 0xC4, 0xFC, 0xFF, 0x63, 0xC2, 0xD7, 0xFA, 0xA1, 0xC4, 0x41, 0xFC,
    0xA1, 0xC4, 0x44, 0xFF, 0xA1, 0xC4, 0x44, 0xFF, 0xA1, 0xC4, 0x44, 0xFF, 0xA1, 0xC4, 0x44, 0xFF,
    0xA1, 0xC4, 0x44, 0xFF, 0xA1, 0xC4, 0x44, 0xFF, 0xA1, 0xC4, 0x44, 0xFF, 0xA1, 0xC4, 0x44, 0xFF,
    0xA1, 0xC4, 0x44, 0xFF, 0xA1, 0xC4, 0x44, 0xFF, 0xA1, 0xC6, 0x44, 0xFF, 0x9E, 0xB3, 0x40, 0xF8,
    0x9B, 0xA4, 0x3E, 0xFF, 0x9B, 0xA6, 0x3E, 0xFF, 0x9B, 0xA6, 0x3E, 0xFF, 0x9B, 0xA6, 0x3E, 0xFF,
    0x9B, 0xA6, 0x3E, 0xFF, 0x9B, 0xA6, 0x3E, 0xFF, 0x9B, 0xA6, 0x3E, 0xFF, 0x9B, 0xA6, 0x3E, 0xFF,
    0x9B, 0xA6, 0x3E, 0xFF, 0x9B, 0xA6, 0x3E, 0xFF, 0x9B, 0xA6, 0x3E, 0xFF, 0x9B, 0xA6, 0x3E, 0xFF,
    0x9A, 0xA6, 0x41, 0xFF, 0xA0, 0xA5, 0x33, 0xFF, 0x8C, 0xAD, 0x68, 0xF9, 0x57, 0xC3, 0xF7, 0xFC,
    0x58, 0xC4, 0xF8, 0xFF, 0x5A, 0xC2, 0xF1, 0xFF, 0x53, 0xC6, 0xFF, 0xFF, 0x6B, 0xBA, 0xC0, 0xF9,
    0x9E, 0xA5, 0x36, 0xFD, 0x9B, 0xA7, 0x3E, 0xFF, 0x9B, 0xA6, 0x3F, 0xFF, 0x9B, 0xA4, 0x3E, 0xFF,
    0x9D, 0xB1, 0x40, 0xF8, 0xA1, 0xC6, 0x44, 0xFF, 0xA1, 0xC4, 0x44, 0xFF, 0xA1, 0xC4, 0x44, 0xFF,
    0xA1, 0xC4, 0x44, 0xFF, 0xA1, 0xC4, 0x44, 0xFF, 0xA2, 0xC5, 0x43, 0xFF, 0xA2, 0xC5, 0x43, 0xFF,
    0xA1, 0xC4, 0x44, 0xFF, 0xA1, 0xC4, 0x44, 0xFF, 0xA1, 0xC4, 0x44, 0xFF, 0xA1, 0xC4, 0x44, 0xFF,
    0xA1, 0xC4, 0x44, 0xFF, 0xA1, 0xC4, 0x44, 0xFF, 0xA1, 0xC4, 0x44, 0xFF, 0xA1, 0xC4, 0x44, 0xFF,
    0xA1, 0xC4, 0x44, 0xFF, 0xA1, 0xC4, 0x44, 0xFF, 0xA1, 0xC4, 0x44, 0xFF, 0xA1, 0xC4, 0x44, 0xFF,
    0xA1, 0xC4, 0x44, 0xFF, 0xA1, 0xC4, 0x44, 0xFF, 0xA1, 0xC4, 0x44, 0xFF, 0xA1, 0xC4, 0x44, 0xFF,
    0x00, 0x00, 0x00, 0x00, 0x00, 0x00, 0x00, 0x00, 0x00, 0x00, 0x00, 0x00, 0x00, 0x00, 0x00, 0x00,
    0x00, 0x00, 0x00, 0x00, 0x00, 0x00, 0x00, 0x00, 0x00, 0x00, 0x00, 0x00, 0x00, 0x00, 0x00, 0x00,
    0x59, 0xC3, 0xF5, 0xFF, 0x55, 0xC2, 0xFA, 0xFD, 0x91, 0xC3, 0x69, 0xFA, 0xA5, 0xC5, 0x3B, 0xFF,
    0xA0, 0xC4, 0x46, 0xFF, 0xA1, 0xC4, 0x44, 0xFF, 0xA1, 0xC4, 0x44, 0xFF, 0xA1, 0xC4, 0x44, 0xFF,
    0xA1, 0xC4, 0x44, 0xFF, 0xA1, 0xC4, 0x44, 0xFF, 0xA1, 0xC4, 0x44, 0xFF, 0xA1, 0xC4, 0x44, 0xFF,
    0xA1, 0xC4, 0x44, 0xFF, 0xA1, 0xC4, 0x44, 0xFF, 0xA1, 0xC6, 0x44, 0xFF, 0x9E, 0xB3, 0x40, 0xF8,
    0x9B, 0xA4, 0x3E, 0xFF, 0x9B, 0xA6, 0x3E, 0xFF, 0x9B, 0xA6, 0x3E, 0xFF, 0x9B, 0xA6, 0x3E, 0xFF,
    0x9B, 0xA6, 0x3E, 0xFF, 0x9B, 0xA6, 0x3E, 0xFF, 0x9B, 0xA6, 0x3E, 0xFF, 0x9B, 0xA6, 0x3E, 0xFF,
    0x9B, 0xA6, 0x3E, 0xFF, 0x9B, 0xA6, 0x3E, 0xFF, 0x9B, 0xA6, 0x3E, 0xFF, 0x9A, 0xA6, 0x41, 0xFF,
    0x9F, 0xA5, 0x36, 0xFF, 0x91, 0xAA, 0x57, 0xFA, 0x5A, 0xC2, 0xEE, 0xFB, 0x57, 0xC4, 0xFB, 0xFF,
    0x5A, 0xC2, 0xF1, 0xFF, 0x54, 0xC5, 0xFF, 0xFF, 0x64, 0xBD, 0xD2, 0xF9, 0x9A, 0xA5, 0x3D, 0xFC,
    0x9C, 0xA6, 0x3C, 0xFF, 0x9A, 0xA6, 0x3F, 0xFF, 0x9B, 0xA6, 0x3E, 0xFF, 0x9B, 0xA4, 0x3E, 0xFF,
    0x9D, 0xB1, 0x40, 0xF8, 0xA1, 0xC6, 0x44, 0xFF, 0xA1, 0xC4, 0x44, 0xFF, 0xA1, 0xC4, 0x44, 0xFF,
    0xA1, 0xC4, 0x44, 0xFF, 0xA1, 0xC4, 0x44, 0xFF, 0xA1, 0xC4, 0x44, 0xFF, 0xA1, 0xC4, 0x44, 0xFF,
    0xA1, 0xC4, 0x44, 0xFF, 0xA1, 0xC4, 0x44, 0xFF, 0xA1, 0xC4, 0x44, 0xFF, 0xA1, 0xC4, 0x44, 0xFF,
    0xA1, 0xC4, 0x44, 0xFF, 0xA1, 0xC4, 0x44, 0xFF, 0xA1, 0xC4, 0x44, 0xFF, 0xA1, 0xC4, 0x44, 0xFF,
    0xA1, 0xC4, 0x44, 0xFF, 0xA1, 0xC4, 0x44, 0xFF, 0xA1, 0xC4, 0x44, 0xFF, 0xA1, 0xC4, 0x44, 0xFF,
    0xA1, 0xC4, 0x44, 0xFF, 0xA1, 0xC4, 0x44, 0xFF, 0xA1, 0xC4, 0x44, 0xFE, 0xA1, 0xC3, 0x44, 0xFA,
    0x00, 0x00, 0x00, 0x00, 0x00, 0x00, 0x00, 0x00, 0x00, 0x00, 0x00, 0x00, 0x00, 0x00, 0x00, 0x00,
    0x00, 0x00, 0x00, 0x00, 0x00, 0x00, 0x00, 0x00, 0x00, 0x00, 0x00, 0x00, 0x00, 0x00, 0x00, 0x00,
    0x52, 0xC3, 0xFF, 0xFF, 0x77, 0xC3, 0xA7, 0xF9, 0xA7, 0xC4, 0x36, 0xFF, 0xA0, 0xC4, 0x47, 0xFF,
    0xA1, 0xC4, 0x44, 0xFF, 0xA1, 0xC4, 0x44, 0xFF, 0xA1, 0xC4, 0x44, 0xFF, 0xA1, 0xC4, 0x44, 0xFF,
    0xA1, 0xC4, 0x44, 0xFF, 0xA1, 0xC4, 0x44, 0xFF, 0xA1, 0xC4, 0x44, 0xFF, 0xA1, 0xC4, 0x44, 0xFF,
    0xA1, 0xC4, 0x44, 0xFF, 0xA1, 0xC4, 0x44, 0xFF, 0xA1, 0xC6, 0x44, 0xFF, 0x9E, 0xB3, 0x40, 0xF8,
    0x9B, 0xA4, 0x3E, 0xFF, 0x9B, 0xA6, 0x3E, 0xFF, 0x9B, 0xA6, 0x3E, 0xFF, 0x9B, 0xA6, 0x3E, 0xFF,
    0x9B, 0xA6, 0x3E, 0xFF, 0x9B, 0xA6, 0x3E, 0xFF, 0x9B, 0xA6, 0x3E, 0xFF, 0x9B, 0xA6, 0x3E, 0xFF,
    0x9B, 0xA6, 0x3E, 0xFF, 0x9B, 0xA6, 0x3E, 0xFF, 0x9A, 0xA6, 0x40, 0xFF, 0x9E, 0xA6, 0x39, 0xFF,
    0x96, 0xA7, 0x49, 0xFB, 0x5E, 0xC0, 0xE3, 0xFA, 0x55, 0xC5, 0xFD, 0xFF, 0x5A, 0xC2, 0xF1, 0xFF,
    0x55, 0xC5, 0xFD, 0xFF, 0x5E, 0xBF, 0xE2, 0xFA, 0x97, 0xA7, 0x49, 0xFB, 0x9E, 0xA6, 0x39, 0xFF,
    0x9A, 0xA6, 0x40, 0xFF, 0x9B, 0xA6, 0x3E, 0xFF, 0x9B, 0xA6, 0x3E, 0xFF, 0x9B, 0xA4, 0x3E, 0xFF,
    0x9D, 0xB1, 0x40, 0xF8, 0xA1, 0xC6, 0x44, 0xFF, 0xA1, 0xC4, 0x44, 0xFF, 0xA1, 0xC4, 0x44, 0xFF,
    0xA1, 0xC4, 0x44, 0xFF, 0xA1, 0xC4, 0x44, 0xFF, 0xA1, 0xC4, 0x44, 0xFF, 0xA1, 0xC4, 0x44, 0xFF,
    0xA1, 0xC4, 0x44, 0xFF, 0xA1, 0xC4, 0x44, 0xFF, 0xA1, 0xC4, 0x44, 0xFF, 0xA1, 0xC4, 0x44, 0xFF,
    0xA1, 0xC4, 0x44, 0xFF, 0xA1, 0xC4, 0x44, 0xFF, 0xA1, 0xC4, 0x44, 0xFF, 0xA1, 0xC4, 0x44, 0xFF,
    0xA1, 0xC4, 0x44, 0xFF, 0xA1, 0xC4, 0x44, 0xFF, 0xA1, 0xC4, 0x44, 0xFF, 0xA1, 0xC4, 0x44, 0xFF,
    0xA1, 0xC4, 0x44, 0xFF, 0xA0, 0xC4, 0x44, 0xFB, 0xA8, 0xCD, 0x47, 0xFF, 0xA0, 0xC3, 0x44, 0xC6,
    0x00, 0x00, 0x00, 0x00, 0x00, 0x00, 0x00, 0x00, 0x00, 0x00, 0x00, 0x00, 0x00, 0x00, 0x00, 0x00,
    0x00, 0x00, 0x00, 0x00, 0x00, 0x00, 0x00, 0x00, 0x00, 0x00, 0x00, 0x00, 0x00, 0x00, 0x00, 0x00,
    0x61, 0xC2, 0xDD, 0xFA, 0x9E, 0xC4, 0x48, 0xFC, 0xA2, 0xC5, 0x42, 0xFF, 0xA1, 0xC4, 0x45, 0xFF,
    0xA1, 0xC4, 0x44, 0xFF, 0xA1, 0xC4, 0x44, 0xFF, 0xA1, 0xC4, 0x44, 0xFF, 0xA1, 0xC4, 0x44, 0xFF,
    0xA1, 0xC4, 0x44, 0xFF, 0xA1, 0xC4, 0x44, 0xFF, 0xA1, 0xC4, 0x44, 0xFF, 0xA1, 0xC4, 0x44, 0xFF,
    0xA1, 0xC4, 0x44, 0xFF, 0xA1, 0xC4, 0x44, 0xFF, 0xA1, 0xC6, 0x44, 0xFD, 0x9E, 0xB4, 0x40, 0xF5,
    0x9B, 0xA4, 0x3D, 0xFD, 0x9A, 0xA5, 0x3E, 0xFE, 0x9B, 0xA6, 0x3E, 0xFF, 0x9B, 0xA6, 0x3E, 0xFF,
    0x9B, 0xA6, 0x3E, 0xFF, 0x9B, 0xA6, 0x3E, 0xFF, 0x9B, 0xA6, 0x3E, 0xFF, 0x9B, 0xA6, 0x3E, 0xFF,
    0x9B, 0xA6, 0x3E, 0xFF, 0x9A, 0xA6, 0x40, 0xFF, 0x9C, 0xA6, 0x3C, 0xFF, 0x9A, 0xA5, 0x3E, 0xFC,
    0x63, 0xBD, 0xD4, 0xFA, 0x54, 0xC5, 0xFF, 0xFF, 0x5A, 0xC2, 0xF1, 0xFF, 0x57, 0xC5, 0xFB, 0xFF,
    0x5A, 0xC2, 0xEE, 0xFB, 0x91, 0xAA, 0x56, 0xFA, 0x9F, 0xA5, 0x36, 0xFF, 0x9A, 0xA6, 0x41, 0xFF,
    0x9B, 0xA6, 0x3E, 0xFF, 0x9B, 0xA6, 0x3E, 0xFF, 0x9B, 0xA6, 0x3E, 0xFF, 0x9B, 0xA4, 0x3E, 0xFF,
    0x9D, 0xB1, 0x40, 0xF8, 0xA1, 0xC6, 0x44, 0xFF, 0xA1, 0xC4, 0x44, 0xFF, 0xA1, 0xC4, 0x44, 0xFF,
    0xA1, 0xC4, 0x44, 0xFF, 0xA1, 0xC4, 0x44, 0xFF, 0xA1, 0xC4, 0x44, 0xFF, 0xA1, 0xC4, 0x44, 0xFF,
    0xA1, 0xC4, 0x44, 0xFF, 0xA1, 0xC4, 0x44, 0xFF, 0xA1, 0xC4, 0x44, 0xFF, 0xA1, 0xC4, 0x44, 0xFF,
    0xA1, 0xC4, 0x44, 0xFF, 0xA1, 0xC4, 0x44, 0xFF, 0xA1, 0xC4, 0x44, 0xFF, 0xA1, 0xC4, 0x44, 0xFF,
    0xA1, 0xC4, 0x44, 0xFF, 0xA1, 0xC3, 0x44, 0xFE, 0xA1, 0xC3, 0x43, 0xFD, 0xA0, 0xC3, 0x43, 0xFC,
    0xA1, 0xC3, 0x44, 0xFA, 0xA6, 0xCA, 0x46, 0xFF, 0xA4, 0xC8, 0x45, 0xFC, 0xA1, 0xC3, 0x44, 0x3C,
    0x00, 0x00, 0x00, 0x00, 0x00, 0x00, 0x00, 0x00, 0x00, 0x00, 0x00, 0x00, 0x00, 0x00, 0x00, 0x00,
    0x00, 0x00, 0x00, 0x00, 0x00, 0x00, 0x00, 0x00, 0x00, 0x00, 0x00, 0x00, 0x00, 0x00, 0x00, 0x00,
    0x92, 0xC4, 0x69, 0xF9, 0xA4, 0xC5, 0x3D, 0xFF, 0xA0, 0xC4, 0x46, 0xFF, 0xA1, 0xC4, 0x44, 0xFF,
    0xA1, 0xC4, 0x44, 0xFF, 0xA1, 0xC4, 0x44, 0xFF, 0xA1, 0xC4, 0x44, 0xFF, 0xA1, 0xC4, 0x44, 0xFF,
    0xA1, 0xC4, 0x44, 0xFF, 0xA1, 0xC4, 0x44, 0xFF, 0xA1, 0xC4, 0x44, 0xFD, 0xA0, 0xC3, 0x43, 0xFC,
    0xA0, 0xC4, 0x44, 0xFB, 0xA0, 0xC3, 0x44, 0xFE, 0xA5, 0xCB, 0x46, 0xFF, 0xA2, 0xB8, 0x42, 0xFF,
    0xA1, 0xAA, 0x40, 0xFF, 0x9D, 0xA8, 0x3F, 0xFF, 0x9A, 0xA5, 0x3E, 0xFE, 0x9A, 0xA5, 0x3D, 0xFC,
    0x9A, 0xA5, 0x3D, 0xFB, 0x9A, 0xA5, 0x3D, 0xFC, 0x9B, 0xA6, 0x3D, 0xFD, 0x9A, 0xA5, 0x3E, 0xFE,
    0x9A, 0xA6, 0x3F, 0xFF, 0x9B, 0xA6, 0x3E, 0xFF, 0x9D, 0xA5, 0x37, 0xFD, 0x6A, 0xBA, 0xC2, 0xF9,
    0x53, 0xC6, 0xFF, 0xFF, 0x5A, 0xC2, 0xF1, 0xFF, 0x57, 0xC4, 0xF8, 0xFF, 0x57, 0xC3, 0xF7, 0xFC,
    0x8B, 0xAC, 0x66, 0xFA, 0xA0, 0xA5, 0x33, 0xFF, 0x9A, 0xA6, 0x41, 0xFF, 0x9B, 0xA6, 0x3E, 0xFF,
    0x9B, 0xA6, 0x3E, 0xFF, 0x9B, 0xA6, 0x3E, 0xFF, 0x9B, 0xA6, 0x3E, 0xFF, 0x9B, 0xA4, 0x3E, 0xFF,
    0x9D, 0xB1, 0x40, 0xF8, 0xA1, 0xC6, 0x44, 0xFF, 0xA1, 0xC4, 0x44, 0xFF, 0xA1, 0xC4, 0x44, 0xFF,
    0xA1, 0xC4, 0x44, 0xFF, 0xA1, 0xC4, 0x44, 0xFF, 0xA1, 0xC4, 0x44, 0xFF, 0xA1, 0xC4, 0x44, 0xFF,
    0xA1, 0xC4, 0x44, 0xFF, 0xA1, 0xC4, 0x44, 0xFF, 0xA1, 0xC4, 0x44, 0xFF, 0xA1, 0xC4, 0x44, 0xFF,
    0xA1, 0xC4, 0x44, 0xFF, 0xA0, 0xC3, 0x44, 0xFE, 0xA0, 0xC4, 0x43, 0xFC, 0xA0, 0xC4, 0x44, 0xFB,
    0xA0, 0xC4, 0x43, 0xFC, 0xA2, 0xC5, 0x44, 0xFF, 0xA7, 0xCB, 0x46, 0xFF, 0xAB, 0xD0, 0x48, 0xFF,
    0xAD, 0xD2, 0x49, 0xFF, 0xA7, 0xCC, 0x46, 0xEB, 0x9E, 0xC3, 0x44, 0x52, 0x00, 0x00, 0x00, 0x00,
    0x00, 0x00, 0x00, 0x00, 0x00, 0x00, 0x00, 0x00, 0x00, 0x00, 0x00, 0x00, 0x00, 0x00, 0x00, 0x00,
    0x00, 0x00, 0x00, 0x00, 0x00, 0x00, 0x00, 0x00, 0x00, 0x00, 0x00, 0x00, 0x00, 0x00, 0x00, 0x00,
    0xA3, 0xC4, 0x40, 0xFF, 0xA0, 0xC4, 0x45, 0xFF, 0xA1, 0xC4, 0x44, 0xFF, 0xA1, 0xC4, 0x44, 0xFF,
    0xA1, 0xC4, 0x44, 0xFF, 0xA1, 0xC4, 0x44, 0xFF, 0xA1, 0xC4, 0x44, 0xFD, 0xA0, 0xC3, 0x43, 0xFC,
    0xA0, 0xC4, 0x44, 0xFB, 0xA1, 0xC3, 0x44, 0xFF, 0xA5, 0xC9, 0x46, 0xFF, 0xAB, 0xD0, 0x48, 0xFF,
    0xAC, 0xD2, 0x49, 0xFF, 0xA5, 0xC9, 0x46, 0xFF, 0xA0, 0xC5, 0x43, 0xE3, 0x9E, 0xB4, 0x40, 0xB9,
    0x9A, 0xA4, 0x3D, 0xD6, 0x9B, 0xA6, 0x3D, 0xF3, 0x9F, 0xAA, 0x40, 0xFF, 0xA5, 0xB0, 0x42, 0xFF,
    0xA6, 0xB2, 0x42, 0xFF, 0xA4, 0xB0, 0x42, 0xFF, 0xA1, 0xAC, 0x40, 0xFF, 0x9D, 0xA8, 0x3F, 0xFF,
    0x9B, 0xA6, 0x3E, 0xFF, 0xA0, 0xA4, 0x2F, 0xFA, 0x72, 0xB7, 0xAE, 0xF4, 0x52, 0xC6, 0xFF, 0xFB,
    0x59, 0xC1, 0xF0, 0xFD, 0x58, 0xC2, 0xF6, 0xFE, 0x55, 0xC5, 0xFF, 0xFC, 0x85, 0xAF, 0x78, 0xF9,
    0xA0, 0xA4, 0x31, 0xFF, 0x9A, 0xA7, 0x42, 0xFF, 0x9B, 0xA6, 0x3E, 0xFF, 0x9B, 0xA6, 0x3E, 0xFF,
    0x9B, 0xA6, 0x3E, 0xFF, 0x9B, 0xA6, 0x3E, 0xFF, 0x9B, 0xA6, 0x3E, 0xFF, 0x9B, 0xA4, 0x3E, 0xFF,
    0x9D, 0xB1, 0x40, 0xF8, 0xA1, 0xC6, 0x44, 0xFF, 0xA1, 0xC4, 0x44, 0xFF, 0xA1, 0xC4, 0x44, 0xFF,
    0xA1, 0xC4, 0x44, 0xFF, 0xA1, 0xC4, 0x44, 0xFF, 0xA1, 0xC4, 0x44, 0xFF, 0xA1, 0xC4, 0x44, 0xFF,
    0xA1, 0xC4, 0x44, 0xFE, 0xA1, 0xC4, 0x44, 0xFD, 0xA0, 0xC3, 0x43, 0xFC, 0xA0, 0xC4, 0x44, 0xFB,
    0xA0, 0xC3, 0x44, 0xFE, 0xA4, 0xC7, 0x45, 0xFF, 0xA9, 0xCE, 0x47, 0xFF, 0xAC, 0xD2, 0x49, 0xFF,
    0xAA, 0xCF, 0x48, 0xFF, 0xA1, 0xC5, 0x44, 0xF9, 0xA3, 0xC6, 0x44, 0xD4, 0xA3, 0xC7, 0x45, 0xA2,
    0xA5, 0xCB, 0x45, 0x67, 0x99, 0xB7, 0x3D, 0x19, 0x00, 0x00, 0x00, 0x00, 0xFF, 0xFF, 0x7F, 0x02,
    0x00, 0x00, 0x00, 0x00, 0x00, 0x00, 0x00, 0x00, 0x00, 0x00, 0x00, 0x00, 0x00, 0x00, 0x00, 0x00,
    0x00, 0x00, 0x00, 0x00, 0x00, 0x00, 0x00, 0x00, 0x00, 0x00, 0x00, 0x00, 0x00, 0x00, 0x00, 0x00,
    0xA1, 0xC3, 0x45, 0xFA, 0xA1, 0xC5, 0x44, 0xFC, 0xA0, 0xC3, 0x43, 0xFC, 0xA1, 0xC4, 0x44, 0xFB,
    0xA0, 0xC4, 0x44, 0xFB, 0xA1, 0xC4, 0x44, 0xFF, 0xA5, 0xC9, 0x46, 0xFF, 0xAB, 0xD0, 0x48, 0xFF,
    0xAC, 0xD1, 0x49, 0xFF, 0xA4, 0xC8, 0x45, 0xFF, 0xA2, 0xC6, 0x45, 0xE0, 0xA3, 0xC6, 0x45, 0xAD,
    0xA3, 0xC6, 0x44, 0x70, 0xA5, 0xCB, 0x46, 0x36, 0xA2, 0xB9, 0x45, 0x0B, 0x00, 0x00, 0x00, 0x00,
    0xFF, 0xFF, 0x00, 0x01, 0x9F, 0xAA, 0x3F, 0x18, 0x9D, 0xA6, 0x40, 0x37, 0x9D, 0xA9, 0x3F, 0x5C,
    0x9C, 0xA7, 0x3E, 0x86, 0x9B, 0xA7, 0x3F, 0xAE, 0x9B, 0xA7, 0x3D, 0xD2, 0x9A, 0xA6, 0x40, 0xEF,
    0xA0, 0xA8, 0x38, 0xFF, 0x7B, 0xBC, 0xA6, 0xFF, 0x59, 0xD3, 0xFF, 0xFF, 0x5F, 0xCF, 0xFF, 0xFF,
    0x5C, 0xCB, 0xFF, 0xFF, 0x55, 0xC7, 0xFF, 0xFF, 0x7D, 0xB2, 0x8C, 0xF9, 0x9F, 0xA3, 0x2F, 0xFC,
    0x99, 0xA6, 0x42, 0xFB, 0x9B, 0xA5, 0x3D, 0xFB, 0x9A, 0xA5, 0x3D, 0xFC, 0x9A, 0xA5, 0x3E, 0xFE,
    0x9B, 0xA6, 0x3E, 0xFE, 0x9B, 0xA6, 0x3E, 0xFF, 0x9B, 0xA6, 0x3E, 0xFF, 0x9B, 0xA4, 0x3E, 0xFF,
    0x9D, 0xB1, 0x40, 0xF8, 0xA1, 0xC6, 0x44, 0xFF, 0xA1, 0xC4, 0x44, 0xFF, 0xA1, 0xC4, 0x44, 0xFF,
    0xA0, 0xC3, 0x44, 0xFE, 0xA0, 0xC4, 0x43, 0xFC, 0xA0, 0xC4, 0x44, 0xFB, 0xA0, 0xC3, 0x43, 0xFC,
    0xA1, 0xC4, 0x44, 0xFF, 0xA6, 0xCA, 0x46, 0xFF, 0xAB, 0xD0, 0x48, 0xFF, 0xAC, 0xD2, 0x49, 0xFF,
    0xA6, 0xCA, 0x46, 0xFF, 0xA2, 0xC6, 0x44, 0xEB, 0xA3, 0xC7, 0x45, 0xC0, 0xA4, 0xC7, 0x44, 0x8A,
    0xA2, 0xC4, 0x43, 0x53, 0xA0, 0xCC, 0x41, 0x23, 0xFF, 0xFF, 0x00, 0x01, 0x00, 0x00, 0x00, 0x00,
    0x00, 0x00, 0x00, 0x00, 0x00, 0x00, 0x00, 0x00, 0xAA, 0xAA, 0x55, 0x03, 0x00, 0x00, 0x00, 0x00,
    0x00, 0x00, 0x00, 0x00, 0x00, 0x00, 0x00, 0x00, 0x00, 0x00, 0x00, 0x00, 0x00, 0x00, 0x00, 0x00,
    0x00, 0x00, 0x00, 0x00, 0x00, 0x00, 0x00, 0x00, 0x00, 0x00, 0x00, 0x00, 0x00, 0x00, 0x00, 0x00,
    0xA1, 0xC3, 0x43, 0x9F, 0xB2, 0xD9, 0x4B, 0xFF, 0xA9, 0xCE, 0x47, 0xFF, 0xAC, 0xD1, 0x49, 0xFF,
    0xAD, 0xD2, 0x49, 0xFF, 0xA4, 0xC8, 0x45, 0xFF, 0xA2, 0xC6, 0x44, 0xE0, 0xA4, 0xC7, 0x46, 0xAB,
    0xA4, 0xC7, 0x45, 0x6E, 0xA6, 0xC9, 0x44, 0x34, 0x99, 0xCC, 0x4C, 0x0A, 0x00, 0x00, 0x00, 0x00,
    0x00, 0x00, 0x00, 0x00, 0x00, 0x00, 0x00, 0x00, 0x00, 0x00, 0x00, 0x00, 0x7F, 0x7F, 0x00, 0x02,
    0x00, 0x00, 0x00, 0x00, 0x00, 0x00, 0x00, 0x00, 0x00, 0x00, 0x00, 0x00, 0x00, 0x00, 0x00, 0x00,
    0x00, 0x00, 0x00, 0x00, 0x00, 0x00, 0x00, 0x00, 0x00, 0x00, 0x00, 0x00, 0x9D, 0xAA, 0x3C, 0x15,
    0x93, 0xA8, 0x51, 0x32, 0x55, 0xC6, 0xFF, 0x56, 0x59, 0xC5, 0xF9, 0x80, 0x5A, 0xC4, 0xF4, 0xA9,
    0x54, 0xC7, 0xFF, 0xCD, 0x75, 0xB6, 0xA7, 0xE6, 0xA1, 0xA6, 0x32, 0xFF, 0xA4, 0xB1, 0x44, 0xFF,
    0xA7, 0xB3, 0x43, 0xFF, 0xA6, 0xB2, 0x42, 0xFF, 0xA3, 0xAE, 0x41, 0xFF, 0x9F, 0xAA, 0x40, 0xFF,
    0x9C, 0xA7, 0x3E, 0xFF, 0x9B, 0xA6, 0x3E, 0xFD, 0x9A, 0xA5, 0x3D, 0xFC, 0x9A, 0xA3, 0x3D, 0xFC,
    0x9C, 0xB1, 0x41, 0xF7, 0xA1, 0xC5, 0x43, 0xFD, 0xA0, 0xC4, 0x43, 0xFC, 0xA0, 0xC3, 0x44, 0xFE,
    0xA4, 0xC8, 0x45, 0xFF, 0xA9, 0xCE, 0x47, 0xFF, 0xAD, 0xD3, 0x49, 0xFF, 0xAC, 0xD1, 0x48, 0xFF,
    0xA1, 0xC4, 0x44, 0xFE, 0xA3, 0xC5, 0x44, 0xDB, 0xA3, 0xC7, 0x45, 0xAA, 0xA1, 0xC5, 0x44, 0x73,
    0xA3, 0xC8, 0x47, 0x3D, 0xAA, 0xD4, 0x46, 0x12, 0x00, 0x00, 0x00, 0x00, 0x00, 0x00, 0x00, 0x00,
    0x00, 0x00, 0x00, 0x00, 0x00, 0x00, 0x00, 0x00, 0x00, 0x00, 0x00, 0x00, 0xAA, 0xFF, 0x55, 0x03,
    0x7F, 0xBF, 0x3F, 0x04, 0xFF, 0xFF, 0x00, 0x01, 0x00, 0x00, 0x00, 0x00, 0x00, 0x00, 0x00, 0x00,
    0x00, 0x00, 0x00, 0x00, 0x00, 0x00, 0x00, 0x00, 0x00, 0x00, 0x00, 0x00, 0x00, 0x00, 0x00, 0x00,
    0x00, 0x00, 0x00, 0x00, 0x00, 0x00, 0x00, 0x00, 0x00, 0x00, 0x00, 0x00, 0x00, 0x00, 0x00, 0x00,
    0x91, 0xB6, 0x48, 0x07, 0xA2, 0xC6, 0x43, 0x79, 0xA6, 0xCB, 0x46, 0xB8, 0xA2, 0xC6, 0x44, 0xA3,
    0xA2, 0xC7, 0x44, 0x69, 0xA6, 0xCA, 0x43, 0x31, 0x9F, 0xDF, 0x3F, 0x08, 0x00, 0x00, 0x00, 0x00,
    0x00, 0x00, 0x00, 0x00, 0x00, 0x00, 0x00, 0x00, 0x00, 0x00, 0x00, 0x00, 0xAA, 0xAA, 0x55, 0x03,
    0x7F, 0xBF, 0x3F, 0x04, 0xFF, 0xFF, 0x7F, 0x02, 0xFF, 0xFF, 0x00, 0x01, 0x00, 0x00, 0x00, 0x00,
    0x00, 0x00, 0x00, 0x01, 0xFF, 0xFF, 0x00, 0x01, 0xAA, 0xAA, 0x55, 0x03, 0x7F, 0x7F, 0x3F, 0x04,
    0x7F, 0xBF, 0x3F, 0x04, 0xAA, 0xAA, 0x55, 0x03, 0x00, 0x00, 0x00, 0x00, 0x00, 0x00, 0x00, 0x00,
    0x00, 0x00, 0x00, 0x00, 0x00, 0x00, 0x00, 0x00, 0x00, 0x00, 0x00, 0x00, 0x00, 0x00, 0x00, 0x00,
    0x00, 0x00, 0x00, 0x00, 0xBF, 0x9F, 0x00, 0x10, 0x99, 0xAA, 0x3E, 0x2D, 0x9E, 0xA7, 0x40, 0x4F,
    0x9C, 0xA7, 0x3E, 0x77, 0x9D, 0xA8, 0x3E, 0x9F, 0x9B, 0xA6, 0x3E, 0xC5, 0x9B, 0xA6, 0x3D, 0xE3,
    0x9B, 0xA6, 0x3E, 0xF9, 0xA0, 0xAB, 0x40, 0xFF, 0xA3, 0xAF, 0x41, 0xFF, 0xA3, 0xAC, 0x41, 0xFF,
    0x9D, 0xB2, 0x41, 0xFF, 0xA7, 0xCE, 0x47, 0xFF, 0xAA, 0xCE, 0x48, 0xFF, 0xA5, 0xC9, 0x46, 0xFF,
    0xA2, 0xC6, 0x44, 0xEB, 0xA3, 0xC6, 0x45, 0xC3, 0xA2, 0xC6, 0x45, 0x90, 0xA3, 0xC5, 0x44, 0x59,
    0xA5, 0xC5, 0x46, 0x28, 0x99, 0xCC, 0x33, 0x05, 0x00, 0x00, 0x00, 0x00, 0x00, 0x00, 0x00, 0x00,
    0x00, 0x00, 0x00, 0x00, 0x00, 0x00, 0x00, 0x00, 0x7F, 0x7F, 0x00, 0x02, 0x7F, 0xBF, 0x3F, 0x04,
    0xAA, 0xFF, 0x55, 0x03, 0x7F, 0x7F, 0x00, 0x02, 0x00, 0x00, 0x00, 0x01, 0x00, 0x00, 0x00, 0x00,
    0x00, 0x00, 0x00, 0x00, 0x00, 0x00, 0x00, 0x00, 0x00, 0x00, 0x00, 0x00, 0x00, 0x00, 0x00, 0x00,
    0x00, 0x00, 0x00, 0x00, 0x00, 0x00, 0x00, 0x00, 0x00, 0x00, 0x00, 0x00, 0x00, 0x00, 0x00, 0x00,
    0x00, 0x00, 0x00, 0x00, 0x00, 0x00, 0x00, 0x00, 0x00, 0x00, 0x00, 0x00, 0x00, 0x00, 0x00, 0x00,
    0x00, 0x00, 0x00, 0x00, 0x00, 0x00, 0x00, 0x00, 0x00, 0x00, 0x00, 0x00, 0x00, 0x00, 0x00, 0x00,
    0x00, 0x00, 0x00, 0x00, 0x00, 0x00, 0x00, 0x00, 0x00, 0x00, 0x00, 0x00, 0xAA, 0xAA, 0x55, 0x03,
    0xBF, 0xBF, 0x3F, 0x04, 0xAA, 0xAA, 0x55, 0x03, 0xFF, 0xFF, 0x00, 0x01, 0x00, 0x00, 0x00, 0x00,
    0x00, 0x00, 0x00, 0x00, 0x00, 0x00, 0x00, 0x00, 0x00, 0x00, 0x00, 0x00, 0x00, 0x00, 0x00, 0x00,
    0x00, 0x00, 0x00, 0x00, 0x00, 0x00, 0x00, 0x00, 0x00, 0x00, 0x00, 0x00, 0x00, 0x00, 0x00, 0x00,
    0x00, 0x00, 0x00, 0x00, 0x00, 0x00, 0x00, 0x00, 0x00, 0x00, 0x00, 0x00, 0xFF, 0xFF, 0x00, 0x01,
    0xAA, 0xAA, 0x55, 0x03, 0x3F, 0xBF, 0xBF, 0x04, 0x7F, 0xBF, 0xFF, 0x04, 0x55, 0xFF, 0xFF, 0x03,
    0x00, 0x00, 0x00, 0x01, 0x00, 0x00, 0x00, 0x00, 0x00, 0x00, 0x00, 0x00, 0x00, 0x00, 0x00, 0x00,
    0x00, 0x00, 0x00, 0x00, 0x00, 0x00, 0x00, 0x00, 0x00, 0x00, 0x00, 0x00, 0x9C, 0xB0, 0x3A, 0x0D,
    0xA0, 0xAB, 0x41, 0x2B, 0x9D, 0xA6, 0x3E, 0x51, 0x9B, 0xA7, 0x3E, 0x7B, 0x9C, 0xA5, 0x3E, 0xA6,
    0x9E, 0xB2, 0x40, 0xD0, 0xA3, 0xC8, 0x45, 0xC0, 0xA1, 0xC6, 0x44, 0x83, 0xA2, 0xC9, 0x46, 0x48,
    0xAA, 0xC9, 0x4A, 0x18, 0x00, 0x00, 0x00, 0x00, 0x00, 0x00, 0x00, 0x00, 0x00, 0x00, 0x00, 0x00,
    0x00, 0x00, 0x00, 0x00, 0x00, 0x00, 0x00, 0x00, 0xAA, 0xFF, 0x55, 0x03, 0xBF, 0xBF, 0x3F, 0x04,
    0xAA, 0xAA, 0x55, 0x03, 0xFF, 0xFF, 0x00, 0x01, 0x00, 0x00, 0x00, 0x00, 0x00, 0x00, 0x00, 0x00,
    0x00, 0x00, 0x00, 0x00, 0x00, 0x00, 0x00, 0x00, 0x00, 0x00, 0x00, 0x00, 0x00, 0x00, 0x00, 0x00,
    0x00, 0x00, 0x00, 0x00, 0x00, 0x00, 0x00, 0x00, 0x00, 0x00, 0x00, 0x00, 0x00, 0x00, 0x00, 0x00,
    0x00, 0x00, 0x00, 0x00, 0x00, 0x00, 0x00, 0x00, 0x00, 0x00, 0x00, 0x00, 0x00, 0x00, 0x00, 0x00,
    0x00, 0x00, 0x00, 0x00, 0x00, 0x00, 0x00, 0x00, 0x00, 0x00, 0x00, 0x00, 0x00, 0x00, 0x00, 0x00,
    0x00, 0x00, 0x00, 0x00, 0x00, 0x00, 0x00, 0x00, 0x00, 0x00, 0x00, 0x00, 0x00, 0x00, 0x00, 0x00,
    0x00, 0x00, 0x00, 0x00, 0x00, 0x00, 0x00, 0x00, 0x00, 0x00, 0x00, 0x00, 0x00, 0x00, 0x00, 0x00,
    0x00, 0x00, 0x00, 0x00, 0x00, 0x00, 0x00, 0x00, 0x00, 0x00, 0x00, 0x00, 0x00, 0x00, 0x00, 0x00,
    0x00, 0x00, 0x00, 0x00, 0x00, 0x00, 0x00, 0x00, 0x00, 0x00, 0x00, 0x00, 0x00, 0x00, 0x00, 0x00,
    0x00, 0x00, 0x00, 0x00, 0x00, 0x00, 0x00, 0x00, 0x00, 0x00, 0x00, 0x00, 0x00, 0x00, 0x00, 0x00,
    0x00, 0x00, 0x00, 0x00, 0x00, 0x00, 0x00, 0x00, 0x00, 0x00, 0x00, 0x00, 0x00, 0x00, 0x00, 0x00,
    0x00, 0x00, 0x00, 0x00, 0x00, 0x00, 0x00, 0x00, 0x00, 0x00, 0x00, 0x00, 0x00, 0x00, 0x00, 0x00,
    0x00, 0x00, 0x00, 0x00, 0x00, 0x00, 0x00, 0x00, 0x00, 0x00, 0x00, 0x00, 0x00, 0x00, 0x00, 0x00,
    0x00, 0x00, 0x00, 0x00, 0x00, 0x00, 0x00, 0x00, 0x00, 0x00, 0x00, 0x00, 0x00, 0x00, 0x00, 0x00,
    0x00, 0x00, 0x00, 0x00, 0x00, 0x00, 0x00, 0x00, 0x00, 0x00, 0x00, 0x00, 0x00, 0x00, 0x00, 0x00,
    0x00, 0x00, 0x00, 0x00, 0x00, 0x00, 0x00, 0x00, 0x00, 0x00, 0x00, 0x00, 0x00, 0x00, 0x00, 0x00,
    0x00, 0x00, 0x00, 0x00, 0x00, 0x00, 0x00, 0x00, 0x00, 0x00, 0x00, 0x00, 0x00, 0x00, 0x00, 0x00,
    0x00, 0x00, 0x00, 0x00, 0x00, 0x00, 0x00, 0x00, 0x00, 0x00, 0x00, 0x00, 0x00, 0x00, 0x00, 0x00,
    0x00, 0x00, 0x00, 0x00, 0x00, 0x00, 0x00, 0x00, 0x00, 0x00, 0x00, 0x00, 0x00, 0x00, 0x00, 0x00,
    0x00, 0x00, 0x00, 0x00, 0x00, 0x00, 0x00, 0x00, 0x00, 0x00, 0x00, 0x00, 0x00, 0x00, 0x00, 0x00,
    0x00, 0x00, 0x00, 0x00, 0x00, 0x00, 0x00, 0x00, 0x00, 0x00, 0x00, 0x00, 0x00, 0x00, 0x00, 0x00,
    0x00, 0x00, 0x00, 0x00, 0x00, 0x00, 0x00, 0x00, 0x00, 0x00, 0x00, 0x00, 0x00, 0x00, 0x00, 0x00,
    0x00, 0x00, 0x00, 0x00, 0x00, 0x00, 0x00, 0x00, 0x00, 0x00, 0x00, 0x00, 0x00, 0x00, 0x00, 0x00,
    0x00, 0x00, 0x00, 0x00, 0x00, 0x00, 0x00, 0x00, 0x00, 0x00, 0x00, 0x00, 0x00, 0x00, 0x00, 0x00,
    0x00, 0x00, 0x00, 0x00, 0x00, 0x00, 0x00, 0x00, 0x00, 0x00, 0x00, 0x00, 0x00, 0x00, 0x00, 0x00,
    0x00, 0x00, 0x00, 0x00, 0x00, 0x00, 0x00, 0x00, 0x00, 0x00, 0x00, 0x00, 0x00, 0x00, 0x00, 0x00,
    0x00, 0x00, 0x00, 0x00, 0x00, 0x00, 0x00, 0x00, 0x00, 0x00, 0x00, 0x00, 0x00, 0x00, 0x00, 0x00,
    0x00, 0x00, 0x00, 0x00, 0x00, 0x00, 0x00, 0x00, 0x00, 0x00, 0x00, 0x00, 0x00, 0x00, 0x00, 0x00,
    0x00, 0x00, 0x00, 0x00, 0x00, 0x00, 0x00, 0x00, 0x00, 0x00, 0x00, 0x00, 0x00, 0x00, 0x00, 0x00,
    0x00, 0x00, 0x00, 0x00, 0x00, 0x00, 0x00, 0x00, 0x00, 0x00, 0x00, 0x00, 0x00, 0x00, 0x00, 0x00,
    0x00, 0x00, 0x00, 0x00, 0x00, 0x00, 0x00, 0x00, 0x00, 0x00, 0x00, 0x00, 0x00, 0x00, 0x00, 0x00,
    0x00, 0x00, 0x00, 0x00, 0x00, 0x00, 0x00, 0x00, 0x00, 0x00, 0x00, 0x00, 0x00, 0x00, 0x00, 0x00,
    0x00, 0x00, 0x00, 0x00, 0x00, 0x00, 0x00, 0x00, 0x00, 0x00, 0x00, 0x00, 0x00, 0x00, 0x00, 0x00,
    0x00, 0x00, 0x00, 0x00, 0x00, 0x00, 0x00, 0x00, 0x00, 0x00, 0x00, 0x00, 0x00, 0x00, 0x00, 0x00,
    0x00, 0x00, 0x00, 0x00, 0x00, 0x00, 0x00, 0x00, 0x00, 0x00, 0x00, 0x00, 0x00, 0x00, 0x00, 0x00,
    0x00, 0x00, 0x00, 0x00, 0x00, 0x00, 0x00, 0x00, 0x00, 0x00, 0x00, 0x00, 0x00, 0x00, 0x00, 0x00,
    0x00, 0x00, 0x00, 0x00, 0x00, 0x00, 0x00, 0x00, 0x00, 0x00, 0x00, 0x00, 0x00, 0x00, 0x00, 0x00,
    0x00, 0x00, 0x00, 0x00, 0x00, 0x00, 0x00, 0x00, 0x00, 0x00, 0x00, 0x00, 0x00, 0x00, 0x00, 0x00,
    0x00, 0x00, 0x00, 0x00, 0x00, 0x00, 0x00, 0x00, 0x00, 0x00, 0x00, 0x00, 0x00, 0x00, 0x00, 0x00,
    0x00, 0x00, 0x00, 0x00, 0x00, 0x00, 0x00, 0x00, 0x00, 0x00, 0x00, 0x00, 0x00, 0x00, 0x00, 0x00,
    0x00, 0x00, 0x00, 0x00, 0x00, 0x00, 0x00, 0x00, 0x00, 0x00, 0x00, 0x00, 0x00, 0x00, 0x00, 0x00,
    0x00, 0x00, 0x00, 0x00, 0x00, 0x00, 0x00, 0x00, 0x00, 0x00, 0x00, 0x00, 0x00, 0x00, 0x00, 0x00,
    0x00, 0x00, 0x00, 0x00, 0x00, 0x00, 0x00, 0x00, 0x00, 0x00, 0x00, 0x00, 0x00, 0x00, 0x00, 0x00,
    0x00, 0x00, 0x00, 0x00, 0x00, 0x00, 0x00, 0x00, 0x00, 0x00, 0x00, 0x00, 0x00, 0x00, 0x00, 0x00,
    0x00, 0x00, 0x00, 0x00, 0x00, 0x00, 0x00, 0x00, 0x00, 0x00, 0x00, 0x00, 0x00, 0x00, 0x00, 0x00,
    0x00, 0x00, 0x00, 0x00, 0x00, 0x00, 0x00, 0x00, 0x00, 0x00, 0x00, 0x00, 0x00, 0x00, 0x00, 0x00,
    0x00, 0x00, 0x00, 0x00, 0x00, 0x00, 0x00, 0x00, 0x00, 0x00, 0x00, 0x00, 0x00, 0x00, 0x00, 0x00,
    0x00, 0x00, 0x00, 0x00, 0x00, 0x00, 0x00, 0x00, 0x00, 0x00, 0x00, 0x00, 0x00, 0x00, 0x00, 0x00,
    0x00, 0x00, 0x00, 0x00, 0x00, 0x00, 0x00, 0x00, 0x00, 0x00, 0x00, 0x00, 0x00, 0x00, 0x00, 0x00,
    0x00, 0x00, 0x00, 0x00, 0x00, 0x00, 0x00, 0x00, 0x00, 0x00, 0x00, 0x00, 0x00, 0x00, 0x00, 0x00,
    0x00, 0x00, 0x00, 0x00, 0x00, 0x00, 0x00, 0x00, 0x00, 0x00, 0x00, 0x00, 0x00, 0x00, 0x00, 0x00,
    0x00, 0x00, 0x00, 0x00, 0x00, 0x00, 0x00, 0x00, 0x00, 0x00, 0x00, 0x00, 0x00, 0x00, 0x00, 0x00,
    0x00, 0x00, 0x00, 0x00, 0x00, 0x00, 0x00, 0x00, 0x00, 0x00, 0x00, 0x00, 0x00, 0x00, 0x00, 0x00,
    0x00, 0x00, 0x00, 0x00, 0x00, 0x00, 0x00, 0x00, 0x00, 0x00, 0x00, 0x00, 0x00, 0x00, 0x00, 0x00,
    0x00, 0x00, 0x00, 0x00, 0x00, 0x00, 0x00, 0x00, 0x00, 0x00, 0x00, 0x00, 0x00, 0x00, 0x00, 0x00,
    0x00, 0x00, 0x00, 0x00, 0x00, 0x00, 0x00, 0x00, 0x00, 0x00, 0x00, 0x00, 0x00, 0x00, 0x00, 0x00,
    0x00, 0x00, 0x00, 0x00, 0x00, 0x00, 0x00, 0x00, 0x00, 0x00, 0x00, 0x00, 0x00, 0x00, 0x00, 0x00,
    0x00, 0x00, 0x00, 0x00, 0x00, 0x00, 0x00, 0x00, 0x00, 0x00, 0x00, 0x00, 0x00, 0x00, 0x00, 0x00,
    0x00, 0x00, 0x00, 0x00, 0x00, 0x00, 0x00, 0x00, 0x00, 0x00, 0x00, 0x00, 0x00, 0x00, 0x00, 0x00,
    0x00, 0x00, 0x00, 0x00, 0x00, 0x00, 0x00, 0x00, 0x00, 0x00, 0x00, 0x00, 0x00, 0x00, 0x00, 0x00,
    0x00, 0x00, 0x00, 0x00, 0x00, 0x00, 0x00, 0x00, 0x00, 0x00, 0x00, 0x00, 0x00, 0x00, 0x00, 0x00,
    0x00, 0x00, 0x00, 0x00, 0x00, 0x00, 0x00, 0x00, 0x00, 0x00, 0x00, 0x00, 0x00, 0x00, 0x00, 0x00,
    0x00, 0x00, 0x00, 0x00, 0x00, 0x00, 0x00, 0x00, 0x00, 0x00, 0x00, 0x00, 0x00, 0x00, 0x00, 0x00,
    0x00, 0x00, 0x00, 0x00, 0x00, 0x00, 0x00, 0x00, 0x00, 0x00, 0x00, 0x00, 0x00, 0x00, 0x00, 0x00,
    0x00, 0x00, 0x00, 0x00, 0x00, 0x00, 0x00, 0x00, 0x00, 0x00, 0x00, 0x00, 0x00, 0x00, 0x00, 0x00,
    0x00, 0x00, 0x00, 0x00, 0x00, 0x00, 0x00, 0x00, 0x00, 0x00, 0x00, 0x00, 0x00, 0x00, 0x00, 0x00,
    0x00, 0x00, 0x00, 0x00, 0x00, 0x00, 0x00, 0x00, 0x00, 0x00, 0x00, 0x00, 0x00, 0x00, 0x00, 0x00,
    0x00, 0x00, 0x00, 0x00, 0x00, 0x00, 0x00, 0x00, 0x00, 0x00, 0x00, 0x00, 0x00, 0x00, 0x00, 0x00,
    0x00, 0x00, 0x00, 0x00, 0x00, 0x00, 0x00, 0x00, 0x00, 0x00, 0x00, 0x00, 0x00, 0x00, 0x00, 0x00,
    0x00, 0x00, 0x00, 0x00, 0x00, 0x00, 0x00, 0x00, 0x00, 0x00, 0x00, 0x00, 0x00, 0x00, 0x00, 0x00,
    0x00, 0x00, 0x00, 0x00, 0x00, 0x00, 0x00, 0x00, 0x00, 0x00, 0x00, 0x00, 0x00, 0x00, 0x00, 0x00,
    0x00, 0x00, 0x00, 0x00, 0x00, 0x00, 0x00, 0x00, 0x00, 0x00, 0x00, 0x00, 0x00, 0x00, 0x00, 0x00,
    0x00, 0x00, 0x00, 0x00, 0x00, 0x00, 0x00, 0x00, 0x00, 0x00, 0x00, 0x00, 0x00, 0x00, 0x00, 0x00,
    0x00, 0x00, 0x00, 0x00, 0x00, 0x00, 0x00, 0x00, 0x00, 0x00, 0x00, 0x00, 0x00, 0x00, 0x00, 0x00,
    0x00, 0x00, 0x00, 0x00, 0x00, 0x00, 0x00, 0x00, 0x00, 0x00, 0x00, 0x00, 0x00, 0x00, 0x00, 0x00,
    0x00, 0x00, 0x00, 0x00, 0x00, 0x00, 0x00, 0x00, 0x00, 0x00, 0x00, 0x00, 0x00, 0x00, 0x00, 0x00,
    0x00, 0x00, 0x00, 0x00, 0x00, 0x00, 0x00, 0x00, 0x00, 0x00, 0x00, 0x00, 0x00, 0x00, 0x00, 0x00,
    0x00, 0x00, 0x00, 0x00, 0x00, 0x00, 0x00, 0x00, 0x00, 0x00, 0x00, 0x00, 0x00, 0x00, 0x00, 0x00,
    0x00, 0x00, 0x00, 0x00, 0x00, 0x00, 0x00, 0x00, 0x00, 0x00, 0x00, 0x00, 0x00, 0x00, 0x00, 0x00,
    0x00, 0x00, 0x00, 0x00, 0x00, 0x00, 0x00, 0x00, 0x00, 0x00, 0x00, 0x00, 0x00, 0x00, 0x00, 0x00,
    0x00, 0x00, 0x00, 0x00, 0x00, 0x00, 0x00, 0x00, 0x00, 0x00, 0x00, 0x00, 0x00, 0x00, 0x00, 0x00,
    0x00, 0x00, 0x00, 0x00, 0x00, 0x00, 0x00, 0x00, 0x00, 0x00, 0x00, 0x00, 0x00, 0x00, 0x00, 0x00,
    0x00, 0x00, 0x00, 0x00, 0x00, 0x00, 0x00, 0x00, 0x00, 0x00, 0x00, 0x00, 0x00, 0x00, 0x00, 0x00,
    0x00, 0x00, 0x00, 0x00, 0x00, 0x00, 0x00, 0x00, 0x00, 0x00, 0x00, 0x00, 0x00, 0x00, 0x00, 0x00,
    0x00, 0x00, 0x00, 0x00, 0x00, 0x00, 0x00, 0x00, 0x00, 0x00, 0x00, 0x00, 0x00, 0x00, 0x00, 0x00,
    0x00, 0x00, 0x00, 0x00, 0x00, 0x00, 0x00, 0x00, 0x00, 0x00, 0x00, 0x00, 0x00, 0x00, 0x00, 0x00,
    0x00, 0x00, 0x00, 0x00, 0x00, 0x00, 0x00, 0x00, 0x00, 0x00, 0x00, 0x00, 0x00, 0x00, 0x00, 0x00,
    0x00, 0x00, 0x00, 0x00, 0x00, 0x00, 0x00, 0x00, 0x00, 0x00, 0x00, 0x00, 0x00, 0x00, 0x00, 0x00,
    0x00, 0x00, 0x00, 0x00, 0x00, 0x00, 0x00, 0x00, 0x00, 0x00, 0x00, 0x00, 0x00, 0x00, 0x00, 0x00,
    0x00, 0x00, 0x00, 0x00, 0x00, 0x00, 0x00, 0x00, 0x00, 0x00, 0x00, 0x00, 0x00, 0x00, 0x00, 0x00,
    0x00, 0x00, 0x00, 0x00, 0x00, 0x00, 0x00, 0x00, 0x00, 0x00, 0x00, 0x00, 0x00, 0x00, 0x00, 0x00,
    0x00, 0x00, 0x00, 0x00, 0x00, 0x00, 0x00, 0x00, 0x00, 0x00, 0x00, 0x00, 0x00, 0x00, 0x00, 0x00,
    0x00, 0x00, 0x00, 0x00, 0x00, 0x00, 0x00, 0x00, 0x00, 0x00, 0x00, 0x00, 0x00, 0x00, 0x00, 0x00,
    0x00, 0x00, 0x00, 0x00, 0x00, 0x00, 0x00, 0x00, 0x00, 0x00, 0x00, 0x00, 0x00, 0x00, 0x00, 0x00,
};

const lv_image_dsc_t icon_map = {
    .header = {
        .magic = LV_IMAGE_HEADER_MAGIC,
        .cf = LV_COLOR_FORMAT_ARGB8888,
        .flags = 0,
        .w = 72,
        .h = 72,
        .stride = 288,
        .reserved_2 = 0,
    },
    .data_size = 20736,
    .data = icon_map_data,
    .reserved = nullptr,
    .reserved_2 = nullptr,
};

}  // namespace bluepaws::ui
