ISO-10303-21;
HEADER;
FILE_DESCRIPTION (( 'STEP AP214' ),
    '1' );
FILE_NAME ('CPT-7502-65-SMT-TR.STEP',
    '2026-04-07T08:08:56',
    ( 'LENOVO' ),
    ( '' ),
    'SwSTEP 2.0',
    'SolidWorks 2021',
    '' );
FILE_SCHEMA (( 'AUTOMOTIVE_DESIGN' ));
ENDSEC;

DATA;
#1 = VECTOR ( 'NONE', #1546, 1000.000000000000000 ) ;
#2 = VECTOR ( 'NONE', #856, 1000.000000000000000 ) ;
#3 = DIRECTION ( 'NONE',  ( 0.000000000000000000, 3.548298019043467945E-15, -1.000000000000000000 ) ) ;
#4 = CARTESIAN_POINT ( 'NONE',  ( 3.750000000000000000, -0.9849484611796728295, 0.01505153882031764860 ) ) ;
#5 = MECHANICAL_DESIGN_GEOMETRIC_PRESENTATION_REPRESENTATION (  '', ( #652 ), #922 ) ;
#6 = EDGE_CURVE ( 'NONE', #185, #235, #251, .T. ) ;
#7 = EDGE_CURVE ( 'NONE', #640, #1259, #1082, .T. ) ;
#8 = LINE ( 'NONE', #712, #2 ) ;
#9 = PRODUCT ( 'CPT-7502-65-SMT-TR_CPT-7502-65-SMT-TR', 'CPT-7502-65-SMT-TR_CPT-7502-65-SMT-TR', '', ( #488 ) ) ;
#10 = EDGE_CURVE ( 'NONE', #400, #775, #548, .T. ) ;
#11 = DIRECTION ( 'NONE',  ( 0.000000000000000000, 0.000000000000000000, 1.000000000000000000 ) ) ;
#12 = ADVANCED_FACE ( 'NONE', ( #522 ), #1073, .F. ) ;
#13 = CIRCLE ( 'NONE', #284, 0.2750000000000000777 ) ;
#14 = CARTESIAN_POINT ( 'NONE',  ( 2.500000000000000000, -0.6849484611796800015, 2.015051538820320065 ) ) ;
#15 = SHAPE_REPRESENTATION ( 'CPT-7502-65-SMT-TR', ( #969, #436 ), #1605 ) ;
#16 = DIRECTION ( 'NONE',  ( 0.000000000000000000, 4.023843114379211980E-15, -1.000000000000000000 ) ) ;
#17 = VECTOR ( 'NONE', #360, 1000.000000000000000 ) ;
#18 = DIRECTION ( 'NONE',  ( 0.000000000000000000, 3.491481338843135327E-15, -1.000000000000000000 ) ) ;
#19 = CARTESIAN_POINT ( 'NONE',  ( 2.000000000000000000, -0.9849484611796899269, 4.765051538820320509 ) ) ;
#20 = VECTOR ( 'NONE', #1068, 1000.000000000000000 ) ;
#21 = CARTESIAN_POINT ( 'NONE',  ( -3.479525245129056810, 0.1650515388203100120, 4.765051538820320509 ) ) ;
#22 = LINE ( 'NONE', #1598, #1063 ) ;
#23 = MANIFOLD_SOLID_BREP ( 'Boss-Extrude1[2]', #701 ) ;
#24 = CARTESIAN_POINT ( 'NONE',  ( -3.479525245129056810, -1.014948461179689954, 4.835051538820320793 ) ) ;
#25 = EDGE_CURVE ( 'NONE', #203, #717, #546, .T. ) ;
#26 = DIRECTION ( 'NONE',  ( 0.000000000000000000, 3.491481338843135327E-15, -1.000000000000000000 ) ) ;
#27 = CARTESIAN_POINT ( 'NONE',  ( 2.749999999999999556, -0.8349484611796884614, 4.265051538820317845 ) ) ;
#28 = LINE ( 'NONE', #280, #17 ) ;
#29 = DIRECTION ( 'NONE',  ( 0.000000000000000000, 3.491481338843135327E-15, -1.000000000000000000 ) ) ;
#30 = EDGE_CURVE ( 'NONE', #182, #421, #1070, .T. ) ;
#31 = DIRECTION ( 'NONE',  ( 0.000000000000000000, 1.000000000000000000, 3.491481338843135327E-15 ) ) ;
#32 = EDGE_CURVE ( 'NONE', #686, #1297, #28, .T. ) ;
#33 = SURFACE_STYLE_FILL_AREA ( #76 ) ;
#34 = DIRECTION ( 'NONE',  ( 0.000000000000000000, 0.000000000000000000, 1.000000000000000000 ) ) ;
#35 = FACE_OUTER_BOUND ( 'NONE', #754, .T. ) ;
#36 = LINE ( 'NONE', #19, #567 ) ;
#37 = CARTESIAN_POINT ( 'NONE',  ( -3.479525245129056810, 0.04505153882031019685, 4.795051538820320758 ) ) ;
#38 = DIRECTION ( 'NONE',  ( 1.000000000000000000, 0.000000000000000000, 0.000000000000000000 ) ) ;
#39 = CARTESIAN_POINT ( 'NONE',  ( 2.899999999999999911, -0.7849484611796870848, 3.915051538820309762 ) ) ;
#40 = VECTOR ( 'NONE', #330, 1000.000000000000000 ) ;
#41 = VECTOR ( 'NONE', #960, 1000.000000000000000 ) ;
#42 = CYLINDRICAL_SURFACE ( 'NONE', #1061, 0.1199999999999998845 ) ;
#43 = AXIS2_PLACEMENT_3D ( 'NONE', #831, #227, #1159 ) ;
#44 = CARTESIAN_POINT ( 'NONE',  ( -3.479525245129056810, -0.9349484611796899935, 4.915051538820319976 ) ) ;
#45 = VECTOR ( 'NONE', #1535, 1000.000000000000000 ) ;
#46 = CARTESIAN_POINT ( 'NONE',  ( -2.500000000000000000, -0.6849484611796730071, 0.01505153882031875015 ) ) ;
#47 = FACE_OUTER_BOUND ( 'NONE', #1500, .T. ) ;
#48 = CARTESIAN_POINT ( 'NONE',  ( -3.479525245129056810, 0.04505153882033659241, -2.764948461179680184 ) ) ;
#49 = VECTOR ( 'NONE', #387, 1000.000000000000000 ) ;
#50 = CIRCLE ( 'NONE', #1025, 0.3249999999999997891 ) ;
#51 = CARTESIAN_POINT ( 'NONE',  ( -3.750000000000000000, -0.9849484611796639477, -2.734948461179679935 ) ) ;
#52 = LINE ( 'NONE', #194, #616 ) ;
#53 = CARTESIAN_POINT ( 'NONE',  ( 1.899999999999999911, 0.1650515388203364908, -2.734948461179679935 ) ) ;
#54 = FACE_OUTER_BOUND ( 'NONE', #327, .T. ) ;
#55 = ADVANCED_FACE ( 'NONE', ( #35 ), #974, .T. ) ;
#56 = CARTESIAN_POINT ( 'NONE',  ( -3.750000000000000000, -0.9849484611796728295, 0.01505153882031764860 ) ) ;
#57 = VECTOR ( 'NONE', #1162, 1000.000000000000000 ) ;
#58 = EDGE_CURVE ( 'NONE', #642, #315, #8, .T. ) ;
#59 = EDGE_CURVE ( 'NONE', #1376, #219, #1065, .T. ) ;
#60 = AXIS2_PLACEMENT_3D ( 'NONE', #350, #691, #479 ) ;
#61 = VECTOR ( 'NONE', #283, 1000.000000000000000 ) ;
#62 = FILL_AREA_STYLE_COLOUR ( '', #1469 ) ;
#63 = LINE ( 'NONE', #1144, #611 ) ;
#64 = LINE ( 'NONE', #1360, #1124 ) ;
#65 = DIRECTION ( 'NONE',  ( -1.000000000000000000, 0.000000000000000000, -3.252606517456509851E-16 ) ) ;
#66 = PLANE ( 'NONE',  #1460 ) ;
#67 = LINE ( 'NONE', #570, #57 ) ;
#68 = VECTOR ( 'NONE', #335, 1000.000000000000000 ) ;
#69 = CARTESIAN_POINT ( 'NONE',  ( -1.899999999999999911, -0.9349484611796630151, -2.884948461179679402 ) ) ;
#70 = PLANE ( 'NONE',  #162 ) ;
#71 = EDGE_CURVE ( 'NONE', #226, #1421, #22, .T. ) ;
#72 = CIRCLE ( 'NONE', #704, 0.2750000000000000777 ) ;
#73 = PRESENTATION_LAYER_ASSIGNMENT (  '', '', ( #652 ) ) ;
#74 = EDGE_CURVE ( 'NONE', #927, #821, #558, .T. ) ;
#75 = LINE ( 'NONE', #742, #45 ) ;
#76 = FILL_AREA_STYLE ('',( #1194 ) ) ;
#77 = VECTOR ( 'NONE', #803, 1000.000000000000000 ) ;
#78 =( LENGTH_UNIT ( ) NAMED_UNIT ( * ) SI_UNIT ( .MILLI., .METRE. ) );
#79 = ADVANCED_FACE ( 'NONE', ( #1588 ), #452, .T. ) ;
#80 = DIRECTION ( 'NONE',  ( 1.000000000000000000, 0.000000000000000000, 0.000000000000000000 ) ) ;
#81 = DIRECTION ( 'NONE',  ( 0.000000000000000000, -1.000000000000000000, -3.491481338843135327E-15 ) ) ;
#82 = LINE ( 'NONE', #372, #592 ) ;
#83 = DIRECTION ( 'NONE',  ( 1.000000000000000000, 0.000000000000000000, 0.000000000000000000 ) ) ;
#84 = LINE ( 'NONE', #129, #1108 ) ;
#85 = FACE_OUTER_BOUND ( 'NONE', #946, .T. ) ;
#86 = DIRECTION ( 'NONE',  ( 1.000000000000000000, 0.000000000000000000, 0.000000000000000000 ) ) ;
#87 = LINE ( 'NONE', #881, #637 ) ;
#88 = PLANE ( 'NONE',  #483 ) ;
#89 = LINE ( 'NONE', #291, #1169 ) ;
#90 = EDGE_CURVE ( 'NONE', #1297, #440, #541, .T. ) ;
#91 = AXIS2_PLACEMENT_3D ( 'NONE', #46, #1456, #529 ) ;
#92 =( NAMED_UNIT ( * ) SI_UNIT ( $, .STERADIAN. ) SOLID_ANGLE_UNIT ( ) );
#93 = FACE_OUTER_BOUND ( 'NONE', #1338, .T. ) ;
#94 = LINE ( 'NONE', #1392, #673 ) ;
#95 = EDGE_CURVE ( 'NONE', #1295, #821, #554, .T. ) ;
#96 = DIRECTION ( 'NONE',  ( 0.000000000000000000, 0.000000000000000000, -1.000000000000000000 ) ) ;
#97 = CARTESIAN_POINT ( 'NONE',  ( -1.899999999999999911, -1.014948461179689954, 4.835051538820320793 ) ) ;
#98 = VECTOR ( 'NONE', #496, 1000.000000000000000 ) ;
#99 = CARTESIAN_POINT ( 'NONE',  ( -3.479525245129056810, -1.014948461179665973, -1.834948461179685131 ) ) ;
#100 = FACE_OUTER_BOUND ( 'NONE', #805, .T. ) ;
#101 = VERTEX_POINT ( 'NONE', #773 ) ;
#102 = VECTOR ( 'NONE', #854, 1000.000000000000000 ) ;
#103 = VERTEX_POINT ( 'NONE', #1555 ) ;
#104 = VECTOR ( 'NONE', #1235, 1000.000000000000000 ) ;
#105 = DIRECTION ( 'NONE',  ( 1.000000000000000000, 0.000000000000000000, 0.000000000000000000 ) ) ;
#106 = ORIENTED_EDGE ( 'NONE', *, *, #1099, .F. ) ;
#107 = DIRECTION ( 'NONE',  ( 0.000000000000000000, -3.491481338843135327E-15, 1.000000000000000000 ) ) ;
#108 = PLANE ( 'NONE',  #1519 ) ;
#109 = CARTESIAN_POINT ( 'NONE',  ( 0.000000000000000000, -0.6849484611796730071, 0.01505153882031875015 ) ) ;
#110 = VERTEX_POINT ( 'NONE', #312 ) ;
#111 = DIRECTION ( 'NONE',  ( 0.000000000000000000, 0.000000000000000000, 1.000000000000000000 ) ) ;
#112 = CIRCLE ( 'NONE', #1577, 0.07999999999999934941 ) ;
#113 = VERTEX_POINT ( 'NONE', #816 ) ;
#114 = AXIS2_PLACEMENT_3D ( 'NONE', #1578, #553, #1450 ) ;
#115 = LINE ( 'NONE', #135, #1205 ) ;
#116 = DIRECTION ( 'NONE',  ( 0.000000000000000000, -1.000000000000000000, -3.491481338843135327E-15 ) ) ;
#117 = VERTEX_POINT ( 'NONE', #1035 ) ;
#118 = FACE_OUTER_BOUND ( 'NONE', #1253, .T. ) ;
#119 = CARTESIAN_POINT ( 'NONE',  ( 1.899999999999999911, -1.014948461179665973, -1.834948461179685131 ) ) ;
#120 = AXIS2_PLACEMENT_3D ( 'NONE', #298, #437, #3 ) ;
#121 = CARTESIAN_POINT ( 'NONE',  ( -1.899999999999999911, -0.8349484611796900158, 4.765051538820320509 ) ) ;
#122 = ORIENTED_EDGE ( 'NONE', *, *, #1533, .T. ) ;
#123 = CARTESIAN_POINT ( 'NONE',  ( -1.899999999999999911, 0.1650515388203100120, 4.795051538820320758 ) ) ;
#124 = CARTESIAN_POINT ( 'NONE',  ( 0.000000000000000000, -0.9849484611796858191, 3.765051538820320065 ) ) ;
#125 = VECTOR ( 'NONE', #834, 1000.000000000000000 ) ;
#126 = ORIENTED_EDGE ( 'NONE', *, *, #600, .T. ) ;
#127 = VECTOR ( 'NONE', #149, 1000.000000000000000 ) ;
#128 = ORIENTED_EDGE ( 'NONE', *, *, #321, .F. ) ;
#129 = CARTESIAN_POINT ( 'NONE',  ( -2.000000000000000000, -0.8349484611796860190, 3.765051538820320065 ) ) ;
#130 = VECTOR ( 'NONE', #892, 1000.000000000000000 ) ;
#131 = ORIENTED_EDGE ( 'NONE', *, *, #827, .T. ) ;
#132 = VECTOR ( 'NONE', #1238, 1000.000000000000000 ) ;
#133 = CARTESIAN_POINT ( 'NONE',  ( -3.479525245129056810, 0.04505153882033699486, -2.884948461179679846 ) ) ;
#134 = ORIENTED_EDGE ( 'NONE', *, *, #168, .T. ) ;
#135 = CARTESIAN_POINT ( 'NONE',  ( -1.899999999999999911, -0.8349484611796869071, 3.865051538820320154 ) ) ;
#136 = DIRECTION ( 'NONE',  ( 0.000000000000000000, -3.491481338843135327E-15, 1.000000000000000000 ) ) ;
#137 = DIRECTION ( 'NONE',  ( 0.000000000000000000, 1.000000000000000000, 3.491481338843135327E-15 ) ) ;
#138 = VECTOR ( 'NONE', #1580, 1000.000000000000000 ) ;
#139 = EDGE_CURVE ( 'NONE', #775, #400, #13, .T. ) ;
#140 = ORIENTED_EDGE ( 'NONE', *, *, #998, .F. ) ;
#141 = LINE ( 'NONE', #1327, #138 ) ;
#142 = AXIS2_PLACEMENT_3D ( 'NONE', #588, #1517, #1587 ) ;
#143 = EDGE_LOOP ( 'NONE', ( #320, #1340 ) ) ;
#144 = FACE_OUTER_BOUND ( 'NONE', #1251, .T. ) ;
#145 = ORIENTED_EDGE ( 'NONE', *, *, #30, .T. ) ;
#146 = LINE ( 'NONE', #1377, #659 ) ;
#147 = CARTESIAN_POINT ( 'NONE',  ( 0.000000000000000000, -0.6849484611796770039, 1.015051538820319843 ) ) ;
#148 = ORIENTED_EDGE ( 'NONE', *, *, #994, .F. ) ;
#149 = DIRECTION ( 'NONE',  ( 0.000000000000000000, 4.247389954066921700E-15, -1.000000000000000000 ) ) ;
#150 = CARTESIAN_POINT ( 'NONE',  ( -2.000000000000000000, -0.9849484611796639477, -2.734948461179679935 ) ) ;
#151 = VECTOR ( 'NONE', #279, 1000.000000000000000 ) ;
#152 = ORIENTED_EDGE ( 'NONE', *, *, #1368, .F. ) ;
#153 = LINE ( 'NONE', #502, #98 ) ;
#154 = ORIENTED_EDGE ( 'NONE', *, *, #582, .F. ) ;
#155 = ADVANCED_FACE ( 'NONE', ( #559 ), #1132, .F. ) ;
#156 = ORIENTED_EDGE ( 'NONE', *, *, #1114, .T. ) ;
#157 = ORIENTED_EDGE ( 'NONE', *, *, #681, .F. ) ;
#158 = ORIENTED_EDGE ( 'NONE', *, *, #963, .T. ) ;
#159 = EDGE_CURVE ( 'NONE', #243, #250, #560, .T. ) ;
#160 = CARTESIAN_POINT ( 'NONE',  ( 3.750000000000000000, -0.9849484611796899269, 4.765051538820320509 ) ) ;
#161 = ORIENTED_EDGE ( 'NONE', *, *, #1415, .F. ) ;
#162 = AXIS2_PLACEMENT_3D ( 'NONE', #1172, #1334, #213 ) ;
#163 = DIRECTION ( 'NONE',  ( -1.000000000000000000, 0.000000000000000000, 0.000000000000000000 ) ) ;
#164 = EDGE_CURVE ( 'NONE', #886, #1230, #1086, .T. ) ;
#165 = DIRECTION ( 'NONE',  ( -1.000000000000000000, 0.000000000000000000, 0.000000000000000000 ) ) ;
#166 = ORIENTED_EDGE ( 'NONE', *, *, #1579, .T. ) ;
#167 = ORIENTED_EDGE ( 'NONE', *, *, #656, .T. ) ;
#168 = EDGE_CURVE ( 'NONE', #178, #686, #36, .T. ) ;
#169 = ORIENTED_EDGE ( 'NONE', *, *, #321, .T. ) ;
#170 = MECHANICAL_DESIGN_GEOMETRIC_PRESENTATION_REPRESENTATION (  '', ( #1064 ), #1583 ) ;
#171 = EDGE_LOOP ( 'NONE', ( #644, #1329, #134, #798 ) ) ;
#172 = VERTEX_POINT ( 'NONE', #1141 ) ;
#173 = ORIENTED_EDGE ( 'NONE', *, *, #1515, .T. ) ;
#174 = ORIENTED_EDGE ( 'NONE', *, *, #74, .T. ) ;
#175 = ORIENTED_EDGE ( 'NONE', *, *, #1192, .T. ) ;
#176 = CARTESIAN_POINT ( 'NONE',  ( 2.500000000000000000, -0.9849484611796799349, 2.015051538820320065 ) ) ;
#177 = ORIENTED_EDGE ( 'NONE', *, *, #1397, .F. ) ;
#178 = VERTEX_POINT ( 'NONE', #1538 ) ;
#179 = VERTEX_POINT ( 'NONE', #1410 ) ;
#180 = VERTEX_POINT ( 'NONE', #1030 ) ;
#181 = CARTESIAN_POINT ( 'NONE',  ( -2.500000000000000000, -0.9849484611796799349, 2.015051538820320065 ) ) ;
#182 = VERTEX_POINT ( 'NONE', #534 ) ;
#183 = ORIENTED_EDGE ( 'NONE', *, *, #482, .T. ) ;
#184 = EDGE_CURVE ( 'NONE', #1217, #113, #1590, .T. ) ;
#185 = VERTEX_POINT ( 'NONE', #53 ) ;
#186 = AXIS2_PLACEMENT_3D ( 'NONE', #14, #288, #417 ) ;
#187 = CARTESIAN_POINT ( 'NONE',  ( -3.479525245129056810, 0.04505153882030969725, 4.915051538820319976 ) ) ;
#188 = ORIENTED_EDGE ( 'NONE', *, *, #407, .T. ) ;
#189 = CARTESIAN_POINT ( 'NONE',  ( -2.000000000000000000, -0.8349484611796860190, 3.765051538820320065 ) ) ;
#190 = EDGE_LOOP ( 'NONE', ( #806, #850, #221, #1318 ) ) ;
#191 = ORIENTED_EDGE ( 'NONE', *, *, #863, .F. ) ;
#192 = EDGE_LOOP ( 'NONE', ( #861, #776, #663, #874 ) ) ;
#193 = ORIENTED_EDGE ( 'NONE', *, *, #71, .T. ) ;
#194 = CARTESIAN_POINT ( 'NONE',  ( 1.899999999999999911, -0.9349484611796630151, -2.884948461179679846 ) ) ;
#195 = ORIENTED_EDGE ( 'NONE', *, *, #428, .T. ) ;
#196 = CLOSED_SHELL ( 'NONE', ( #991, #838, #310, #1574, #513, #1373, #55, #494, #957, #307 ) ) ;
#197 = CARTESIAN_POINT ( 'NONE',  ( -3.479525245129056810, 0.1650515388203364908, -2.734948461179679935 ) ) ;
#198 = EDGE_LOOP ( 'NONE', ( #687, #1339, #167, #1375 ) ) ;
#199 = CARTESIAN_POINT ( 'NONE',  ( 2.000000000000000000, -0.9849484611796769373, 1.015051538820317845 ) ) ;
#200 = VERTEX_POINT ( 'NONE', #1446 ) ;
#201 = ORIENTED_EDGE ( 'NONE', *, *, #1345, .T. ) ;
#202 = DIRECTION ( 'NONE',  ( 0.000000000000000000, -1.000000000000000000, -3.491481338843135327E-15 ) ) ;
#203 = VERTEX_POINT ( 'NONE', #1112 ) ;
#204 = ORIENTED_EDGE ( 'NONE', *, *, #302, .F. ) ;
#205 = ORIENTED_EDGE ( 'NONE', *, *, #978, .F. ) ;
#206 = DIRECTION ( 'NONE',  ( 0.000000000000000000, -0.000000000000000000, 1.000000000000000000 ) ) ;
#207 = CARTESIAN_POINT ( 'NONE',  ( 4.000000000000000000, -0.6849484611796800015, 2.015051538820320065 ) ) ;
#208 = ORIENTED_EDGE ( 'NONE', *, *, #378, .F. ) ;
#209 = ORIENTED_EDGE ( 'NONE', *, *, #963, .F. ) ;
#210 = ORIENTED_EDGE ( 'NONE', *, *, #1098, .T. ) ;
#211 = DIRECTION ( 'NONE',  ( 0.000000000000000000, -3.491481338843135327E-15, 1.000000000000000000 ) ) ;
#212 = ORIENTED_EDGE ( 'NONE', *, *, #565, .F. ) ;
#213 = DIRECTION ( 'NONE',  ( 0.000000000000000000, 3.491481338843135327E-15, -1.000000000000000000 ) ) ;
#214 = EDGE_CURVE ( 'NONE', #179, #451, #1084, .T. ) ;
#215 = ORIENTED_EDGE ( 'NONE', *, *, #597, .F. ) ;
#216 = DIRECTION ( 'NONE',  ( -1.000000000000000000, 0.000000000000000000, 0.000000000000000000 ) ) ;
#217 = VERTEX_POINT ( 'NONE', #903 ) ;
#218 =( GEOMETRIC_REPRESENTATION_CONTEXT ( 3 ) GLOBAL_UNCERTAINTY_ASSIGNED_CONTEXT ( ( #425 ) ) GLOBAL_UNIT_ASSIGNED_CONTEXT ( ( #580, #848, #715 ) ) REPRESENTATION_CONTEXT ( 'NONE', 'WORKASPACE' ) );
#219 = VERTEX_POINT ( 'NONE', #1284 ) ;
#220 = VERTEX_POINT ( 'NONE', #1561 ) ;
#221 = ORIENTED_EDGE ( 'NONE', *, *, #1059, .F. ) ;
#222 = ORIENTED_EDGE ( 'NONE', *, *, #485, .F. ) ;
#223 =( LENGTH_UNIT ( ) NAMED_UNIT ( * ) SI_UNIT ( .MILLI., .METRE. ) );
#224 = VERTEX_POINT ( 'NONE', #1016 ) ;
#225 = VERTEX_POINT ( 'NONE', #189 ) ;
#226 = VERTEX_POINT ( 'NONE', #176 ) ;
#227 = DIRECTION ( 'NONE',  ( -0.000000000000000000, 1.000000000000000000, 3.373073425510458853E-15 ) ) ;
#228 = VERTEX_POINT ( 'NONE', #628 ) ;
#229 = DIRECTION ( 'NONE',  ( 0.000000000000000000, 0.000000000000000000, 1.000000000000000000 ) ) ;
#230 = ORIENTED_EDGE ( 'NONE', *, *, #656, .F. ) ;
#231 = ORIENTED_EDGE ( 'NONE', *, *, #376, .F. ) ;
#232 = EDGE_CURVE ( 'NONE', #219, #1306, #564, .T. ) ;
#233 = ORIENTED_EDGE ( 'NONE', *, *, #654, .F. ) ;
#234 = AXIS2_PLACEMENT_3D ( 'NONE', #24, #911, #1019 ) ;
#235 = VERTEX_POINT ( 'NONE', #1434 ) ;
#236 = DIRECTION ( 'NONE',  ( 0.000000000000000000, -1.000000000000000000, -3.491481338843135327E-15 ) ) ;
#237 = ORIENTED_EDGE ( 'NONE', *, *, #551, .T. ) ;
#238 = CARTESIAN_POINT ( 'NONE',  ( 2.500000000000000000, -0.6849484611796730071, 0.01505153882031875015 ) ) ;
#239 = ORIENTED_EDGE ( 'NONE', *, *, #470, .F. ) ;
#240 = PLANE ( 'NONE',  #382 ) ;
#241 = ORIENTED_EDGE ( 'NONE', *, *, #1148, .T. ) ;
#242 = CARTESIAN_POINT ( 'NONE',  ( 1.899999999999999911, -0.8349484611796869071, 3.865051538820320154 ) ) ;
#243 = VERTEX_POINT ( 'NONE', #660 ) ;
#244 = ORIENTED_EDGE ( 'NONE', *, *, #71, .F. ) ;
#245 = ORIENTED_EDGE ( 'NONE', *, *, #841, .F. ) ;
#246 = CARTESIAN_POINT ( 'NONE',  ( 2.500000000000000000, -0.6849484611796770039, 1.015051538820319843 ) ) ;
#247 = EDGE_LOOP ( 'NONE', ( #266, #1314 ) ) ;
#248 = DIRECTION ( 'NONE',  ( 0.000000000000000000, 3.491481338843135327E-15, -1.000000000000000000 ) ) ;
#249 = ADVANCED_FACE ( 'NONE', ( #1091 ), #572, .F. ) ;
#250 = VERTEX_POINT ( 'NONE', #1122 ) ;
#251 = LINE ( 'NONE', #1484, #20 ) ;
#252 = ORIENTED_EDGE ( 'NONE', *, *, #214, .F. ) ;
#253 = EDGE_LOOP ( 'NONE', ( #890, #879, #655, #746, #245, #1389, #252, #239 ) ) ;
#254 = PLANE ( 'NONE',  #43 ) ;
#255 = EDGE_CURVE ( 'NONE', #736, #1494, #1039, .T. ) ;
#256 = ORIENTED_EDGE ( 'NONE', *, *, #926, .F. ) ;
#257 = AXIS2_PLACEMENT_3D ( 'NONE', #1012, #273, #402 ) ;
#258 = EDGE_CURVE ( 'NONE', #642, #180, #1041, .T. ) ;
#259 = ORIENTED_EDGE ( 'NONE', *, *, #678, .F. ) ;
#260 = ORIENTED_EDGE ( 'NONE', *, *, #681, .T. ) ;
#261 = DIRECTION ( 'NONE',  ( 0.000000000000000000, -3.373073425510458853E-15, 1.000000000000000000 ) ) ;
#262 = EDGE_CURVE ( 'NONE', #1506, #1310, #1595, .T. ) ;
#263 = CARTESIAN_POINT ( 'NONE',  ( 1.899999999999999911, -0.9349484611796630151, -2.804948461179680219 ) ) ;
#264 = CARTESIAN_POINT ( 'NONE',  ( 1.899999999999999911, -1.014948461179685957, 3.865051538820320154 ) ) ;
#265 = ORIENTED_EDGE ( 'NONE', *, *, #1556, .T. ) ;
#266 = ORIENTED_EDGE ( 'NONE', *, *, #139, .T. ) ;
#267 = PRODUCT_DEFINITION ( 'UNKNOWN', '', #1557, #550 ) ;
#268 = ORIENTED_EDGE ( 'NONE', *, *, #523, .F. ) ;
#269 = CARTESIAN_POINT ( 'NONE',  ( 3.750000000000000000, -0.9849484611796639477, -2.734948461179679935 ) ) ;
#270 = ORIENTED_EDGE ( 'NONE', *, *, #600, .F. ) ;
#271 = ORIENTED_EDGE ( 'NONE', *, *, #90, .T. ) ;
#272 = ORIENTED_EDGE ( 'NONE', *, *, #347, .T. ) ;
#273 = DIRECTION ( 'NONE',  ( 1.000000000000000000, 0.000000000000000000, 0.000000000000000000 ) ) ;
#274 = EDGE_LOOP ( 'NONE', ( #668, #688, #825, #241, #1206, #281, #808, #1330 ) ) ;
#275 = CARTESIAN_POINT ( 'NONE',  ( -3.750000000000000000, -0.9849484611796639477, -2.734948461179679935 ) ) ;
#276 = CARTESIAN_POINT ( 'NONE',  ( 3.750000000000000000, -0.9849484611796639477, -2.734948461179679935 ) ) ;
#277 = CARTESIAN_POINT ( 'NONE',  ( 1.899999999999999911, -0.9349484611796630151, -2.884948461179679402 ) ) ;
#278 = ORIENTED_EDGE ( 'NONE', *, *, #1174, .T. ) ;
#279 = DIRECTION ( 'NONE',  ( 0.000000000000000000, -1.000000000000000000, -3.491481338843135327E-15 ) ) ;
#280 = CARTESIAN_POINT ( 'NONE',  ( 0.000000000000000000, -0.8349484611796900158, 4.765051538820320509 ) ) ;
#281 = ORIENTED_EDGE ( 'NONE', *, *, #1564, .T. ) ;
#282 = ORIENTED_EDGE ( 'NONE', *, *, #678, .T. ) ;
#283 = DIRECTION ( 'NONE',  ( 0.000000000000000000, 3.491481338843135327E-15, -1.000000000000000000 ) ) ;
#284 = AXIS2_PLACEMENT_3D ( 'NONE', #789, #543, #1255 ) ;
#285 = ADVANCED_FACE ( 'NONE', ( #1062 ), #1480, .T. ) ;
#286 = ORIENTED_EDGE ( 'NONE', *, *, #538, .T. ) ;
#287 = EDGE_CURVE ( 'NONE', #200, #686, #1143, .T. ) ;
#288 = DIRECTION ( 'NONE',  ( -1.000000000000000000, 0.000000000000000000, 0.000000000000000000 ) ) ;
#289 = AXIS2_PLACEMENT_3D ( 'NONE', #51, #328, #362 ) ;
#290 = DIRECTION ( 'NONE',  ( 0.000000000000000000, -1.000000000000000000, -3.491481338843135327E-15 ) ) ;
#291 = CARTESIAN_POINT ( 'NONE',  ( 2.000000000000000000, -0.9849484611796769373, 1.015051538820317845 ) ) ;
#292 = DIRECTION ( 'NONE',  ( -1.000000000000000000, 0.000000000000000000, 0.000000000000000000 ) ) ;
#293 = DIRECTION ( 'NONE',  ( 1.000000000000000000, 0.000000000000000000, 0.000000000000000000 ) ) ;
#294 = CARTESIAN_POINT ( 'NONE',  ( -3.750000000000000000, -0.9849484611796899269, 4.765051538820320509 ) ) ;
#295 = ORIENTED_EDGE ( 'NONE', *, *, #258, .F. ) ;
#296 = CARTESIAN_POINT ( 'NONE',  ( 2.000000000000000000, -0.9849484611796639477, -2.734948461179679935 ) ) ;
#297 = ORIENTED_EDGE ( 'NONE', *, *, #1397, .T. ) ;
#298 = CARTESIAN_POINT ( 'NONE',  ( -2.750000000000000000, -0.8349484611796657019, -2.234948461179681267 ) ) ;
#299 = CARTESIAN_POINT ( 'NONE',  ( -2.500000000000000000, -0.6849484611796800015, 2.015051538820320065 ) ) ;
#300 = PLANE ( 'NONE',  #761 ) ;
#301 = EDGE_LOOP ( 'NONE', ( #233, #1317, #1243, #1432 ) ) ;
#302 = EDGE_CURVE ( 'NONE', #228, #103, #72, .T. ) ;
#303 = ORIENTED_EDGE ( 'NONE', *, *, #74, .F. ) ;
#304 = CARTESIAN_POINT ( 'NONE',  ( -1.899999999999999911, -0.9349484611796630151, -2.804948461179680219 ) ) ;
#305 = ORIENTED_EDGE ( 'NONE', *, *, #999, .T. ) ;
#306 = EDGE_CURVE ( 'NONE', #784, #1256, #50, .T. ) ;
#307 = ADVANCED_FACE ( 'NONE', ( #605 ), #374, .T. ) ;
#308 = ORIENTED_EDGE ( 'NONE', *, *, #1052, .F. ) ;
#309 = DIRECTION ( 'NONE',  ( -1.000000000000000000, 0.000000000000000000, 0.000000000000000000 ) ) ;
#310 = ADVANCED_FACE ( 'NONE', ( #1100 ), #254, .T. ) ;
#311 = CARTESIAN_POINT ( 'NONE',  ( -2.750000000000000000, -0.8349484611796657019, -2.234948461179681267 ) ) ;
#312 = CARTESIAN_POINT ( 'NONE',  ( 1.899999999999999911, -1.014948461179685957, 3.865051538820320154 ) ) ;
#313 = ORIENTED_EDGE ( 'NONE', *, *, #1441, .T. ) ;
#314 = ORIENTED_EDGE ( 'NONE', *, *, #184, .T. ) ;
#315 = VERTEX_POINT ( 'NONE', #493 ) ;
#316 = VERTEX_POINT ( 'NONE', #242 ) ;
#317 = DIRECTION ( 'NONE',  ( 1.000000000000000000, 0.000000000000000000, 0.000000000000000000 ) ) ;
#318 = EDGE_CURVE ( 'NONE', #720, #770, #581, .T. ) ;
#319 = CARTESIAN_POINT ( 'NONE',  ( -1.899999999999999911, 0.1650515388203364908, -2.734948461179679935 ) ) ;
#320 = ORIENTED_EDGE ( 'NONE', *, *, #306, .F. ) ;
#321 = EDGE_CURVE ( 'NONE', #421, #919, #64, .T. ) ;
#322 = ORIENTED_EDGE ( 'NONE', *, *, #998, .T. ) ;
#323 = DIRECTION ( 'NONE',  ( 1.000000000000000000, 0.000000000000000000, 0.000000000000000000 ) ) ;
#324 = LINE ( 'NONE', #1409, #916 ) ;
#325 = ORIENTED_EDGE ( 'NONE', *, *, #497, .F. ) ;
#326 = VECTOR ( 'NONE', #1608, 1000.000000000000000 ) ;
#327 = EDGE_LOOP ( 'NONE', ( #818, #1324 ) ) ;
#328 = DIRECTION ( 'NONE',  ( 0.000000000000000000, -3.491481338843135327E-15, 1.000000000000000000 ) ) ;
#329 = DIRECTION ( 'NONE',  ( -3.614007241618350250E-16, 0.000000000000000000, 1.000000000000000000 ) ) ;
#330 = DIRECTION ( 'NONE',  ( 0.000000000000000000, -1.000000000000000000, -3.491481338843135327E-15 ) ) ;
#331 = ORIENTED_EDGE ( 'NONE', *, *, #318, .T. ) ;
#332 = ADVANCED_FACE ( 'NONE', ( #1150 ), #445, .F. ) ;
#333 = LINE ( 'NONE', #1131, #345 ) ;
#334 = ORIENTED_EDGE ( 'NONE', *, *, #10, .F. ) ;
#335 = DIRECTION ( 'NONE',  ( 1.000000000000000000, 0.000000000000000000, 0.000000000000000000 ) ) ;
#336 = FACE_OUTER_BOUND ( 'NONE', #247, .T. ) ;
#337 = ORIENTED_EDGE ( 'NONE', *, *, #1047, .T. ) ;
#338 = EDGE_CURVE ( 'NONE', #224, #1512, #598, .T. ) ;
#339 = DIRECTION ( 'NONE',  ( 1.000000000000000000, 0.000000000000000000, 0.000000000000000000 ) ) ;
#340 = LINE ( 'NONE', #396, #1442 ) ;
#341 = AXIS2_PLACEMENT_3D ( 'NONE', #1003, #381, #1130 ) ;
#342 = ORIENTED_EDGE ( 'NONE', *, *, #1441, .F. ) ;
#343 = DIRECTION ( 'NONE',  ( 0.000000000000000000, -3.491481338843135327E-15, 1.000000000000000000 ) ) ;
#344 = EDGE_CURVE ( 'NONE', #225, #200, #84, .T. ) ;
#345 = VECTOR ( 'NONE', #1283, 1000.000000000000000 ) ;
#346 = ORIENTED_EDGE ( 'NONE', *, *, #164, .T. ) ;
#347 = EDGE_CURVE ( 'NONE', #1259, #941, #1104, .T. ) ;
#348 = ORIENTED_EDGE ( 'NONE', *, *, #537, .T. ) ;
#349 = ADVANCED_FACE ( 'NONE', ( #603 ), #1531, .F. ) ;
#350 = CARTESIAN_POINT ( 'NONE',  ( 2.899999999999999911, -0.7849484611796870848, 3.915051538820309762 ) ) ;
#351 = DIRECTION ( 'NONE',  ( 0.000000000000000000, 1.000000000000000000, 3.491481338843135327E-15 ) ) ;
#352 = VECTOR ( 'NONE', #533, 1000.000000000000000 ) ;
#353 = ORIENTED_EDGE ( 'NONE', *, *, #535, .F. ) ;
#354 = FACE_OUTER_BOUND ( 'NONE', #1268, .T. ) ;
#355 = ORIENTED_EDGE ( 'NONE', *, *, #926, .T. ) ;
#356 = CARTESIAN_POINT ( 'NONE',  ( 2.749999999999999556, -0.8349484611796874622, 3.990051538820317933 ) ) ;
#357 = CARTESIAN_POINT ( 'NONE',  ( 2.500000000000000000, -0.6849484611796730071, 0.01505153882031875015 ) ) ;
#358 = PRESENTATION_STYLE_ASSIGNMENT (( #499 ) ) ;
#359 = ADVANCED_FACE ( 'NONE', ( #85 ), #1125, .T. ) ;
#360 = DIRECTION ( 'NONE',  ( -1.000000000000000000, 0.000000000000000000, 0.000000000000000000 ) ) ;
#361 = FACE_OUTER_BOUND ( 'NONE', #781, .T. ) ;
#362 = DIRECTION ( 'NONE',  ( 0.000000000000000000, -1.000000000000000000, -3.491481338843135327E-15 ) ) ;
#363 = EDGE_LOOP ( 'NONE', ( #1290, #1237, #955, #215 ) ) ;
#364 = MECHANICAL_DESIGN_GEOMETRIC_PRESENTATION_REPRESENTATION (  '', ( #1119 ), #711 ) ;
#365 = LINE ( 'NONE', #1121, #873 ) ;
#366 = CARTESIAN_POINT ( 'NONE',  ( -2.000000000000000000, -0.8349484611796860190, 3.765051538820320065 ) ) ;
#367 = VECTOR ( 'NONE', #684, 1000.000000000000000 ) ;
#368 = EDGE_LOOP ( 'NONE', ( #1412, #270, #169, #1177 ) ) ;
#369 = FACE_OUTER_BOUND ( 'NONE', #1385, .T. ) ;
#370 = DIRECTION ( 'NONE',  ( 0.000000000000000000, -3.491481338843135327E-15, 1.000000000000000000 ) ) ;
#371 = ORIENTED_EDGE ( 'NONE', *, *, #159, .T. ) ;
#372 = CARTESIAN_POINT ( 'NONE',  ( -2.500000000000000000, -0.6849484611796800015, 2.015051538820320065 ) ) ;
#373 = LINE ( 'NONE', #1537, #1448 ) ;
#374 = PLANE ( 'NONE',  #1552 ) ;
#375 = VECTOR ( 'NONE', #1347, 1000.000000000000000 ) ;
#376 = EDGE_CURVE ( 'NONE', #235, #1342, #619, .T. ) ;
#377 = DIRECTION ( 'NONE',  ( -1.000000000000000000, 0.000000000000000000, 0.000000000000000000 ) ) ;
#378 = EDGE_CURVE ( 'NONE', #1278, #110, #586, .T. ) ;
#379 = CARTESIAN_POINT ( 'NONE',  ( -2.500000000000000000, -0.9849484611796728295, 0.01505153882031764860 ) ) ;
#380 = PLANE ( 'NONE',  #604 ) ;
#381 = DIRECTION ( 'NONE',  ( 0.000000000000000000, 0.000000000000000000, -1.000000000000000000 ) ) ;
#382 = AXIS2_PLACEMENT_3D ( 'NONE', #99, #1507, #1200 ) ;
#383 = DIRECTION ( 'NONE',  ( 1.000000000000000000, -0.000000000000000000, -0.000000000000000000 ) ) ;
#384 = CIRCLE ( 'NONE', #1351, 0.1199999999999994404 ) ;
#385 = CARTESIAN_POINT ( 'NONE',  ( 1.899999999999999911, 0.1650515388203364908, -2.764948461179680184 ) ) ;
#386 = ORIENTED_EDGE ( 'NONE', *, *, #407, .F. ) ;
#387 = DIRECTION ( 'NONE',  ( 1.000000000000000000, 0.000000000000000000, 0.000000000000000000 ) ) ;
#388 = FACE_OUTER_BOUND ( 'NONE', #1276, .T. ) ;
#389 = ORIENTED_EDGE ( 'NONE', *, *, #262, .T. ) ;
#390 = DIRECTION ( 'NONE',  ( -1.000000000000000000, 0.000000000000000000, 3.252606517456509851E-16 ) ) ;
#391 = DIRECTION ( 'NONE',  ( 0.000000000000000000, 1.000000000000000000, 0.000000000000000000 ) ) ;
#392 = VECTOR ( 'NONE', #1379, 1000.000000000000000 ) ;
#393 = DIRECTION ( 'NONE',  ( 0.000000000000000000, 3.491481338843135327E-15, -1.000000000000000000 ) ) ;
#394 = CARTESIAN_POINT ( 'NONE',  ( -3.479525245129056810, 0.04505153882030969725, 4.915051538820319976 ) ) ;
#395 = VECTOR ( 'NONE', #1147, 1000.000000000000000 ) ;
#396 = CARTESIAN_POINT ( 'NONE',  ( 2.749999999999999556, -0.8349484611796894606, 4.540051538820318200 ) ) ;
#397 = VERTEX_POINT ( 'NONE', #1026 ) ;
#398 = CYLINDRICAL_SURFACE ( 'NONE', #1053, 0.3249999999999997891 ) ;
#399 = DIRECTION ( 'NONE',  ( 1.000000000000000000, -1.135641495829896157E-30, 3.252606517456509851E-16 ) ) ;
#400 = VERTEX_POINT ( 'NONE', #1093 ) ;
#401 = AXIS2_PLACEMENT_3D ( 'NONE', #749, #1056, #1315 ) ;
#402 = DIRECTION ( 'NONE',  ( 0.000000000000000000, 0.000000000000000000, -1.000000000000000000 ) ) ;
#403 = EDGE_CURVE ( 'NONE', #1512, #732, #1146, .T. ) ;
#404 = ORIENTED_EDGE ( 'NONE', *, *, #1348, .F. ) ;
#405 = ADVANCED_FACE ( 'NONE', ( #47 ), #1386, .F. ) ;
#406 = CARTESIAN_POINT ( 'NONE',  ( 1.899999999999999911, 0.1650515388203100120, 4.765051538820320509 ) ) ;
#407 = EDGE_CURVE ( 'NONE', #807, #1506, #1136, .T. ) ;
#408 = DIRECTION ( 'NONE',  ( -0.000000000000000000, 1.000000000000000000, 4.247389954066921700E-15 ) ) ;
#409 = LINE ( 'NONE', #133, #940 ) ;
#410 = CARTESIAN_POINT ( 'NONE',  ( 3.750000000000000000, -0.9849484611796899269, 4.765051538820320509 ) ) ;
#411 = ORIENTED_EDGE ( 'NONE', *, *, #1024, .F. ) ;
#412 = CYLINDRICAL_SURFACE ( 'NONE', #1004, 0.07999999999999934941 ) ;
#413 = VECTOR ( 'NONE', #105, 1000.000000000000000 ) ;
#414 = DIRECTION ( 'NONE',  ( 1.000000000000000000, 0.000000000000000000, 0.000000000000000000 ) ) ;
#415 = ORIENTED_EDGE ( 'NONE', *, *, #428, .F. ) ;
#416 = EDGE_LOOP ( 'NONE', ( #809, #666, #1352, #278 ) ) ;
#417 = DIRECTION ( 'NONE',  ( 0.000000000000000000, 0.000000000000000000, 1.000000000000000000 ) ) ;
#418 = DIRECTION ( 'NONE',  ( -0.000000000000000000, 1.000000000000000000, 3.373073425510457669E-15 ) ) ;
#419 = CIRCLE ( 'NONE', #1032, 0.1199999999999998845 ) ;
#420 = CARTESIAN_POINT ( 'NONE',  ( 0.000000000000000000, -0.8349484611796639255, -2.734948461179679935 ) ) ;
#421 = VERTEX_POINT ( 'NONE', #457 ) ;
#422 = ADVANCED_FACE ( 'NONE', ( #54 ), #833, .F. ) ;
#423 = DIRECTION ( 'NONE',  ( 0.000000000000000000, -1.000000000000000000, -3.491481338843135327E-15 ) ) ;
#424 = DIRECTION ( 'NONE',  ( 0.000000000000000000, 3.154042683594193641E-15, -1.000000000000000000 ) ) ;
#425 = UNCERTAINTY_MEASURE_WITH_UNIT (LENGTH_MEASURE( 1.000000000000000082E-05 ), #580, 'distance_accuracy_value', 'NONE');
#426 = FACE_OUTER_BOUND ( 'NONE', #968, .T. ) ;
#427 = VERTEX_POINT ( 'NONE', #947 ) ;
#428 = EDGE_CURVE ( 'NONE', #1310, #1514, #52, .T. ) ;
#429 = VECTOR ( 'NONE', #391, 1000.000000000000000 ) ;
#430 = CARTESIAN_POINT ( 'NONE',  ( -1.899999999999999911, 0.04505153882030969725, 4.915051538820319976 ) ) ;
#431 = ORIENTED_EDGE ( 'NONE', *, *, #482, .F. ) ;
#432 = EDGE_CURVE ( 'NONE', #220, #182, #67, .T. ) ;
#433 = VECTOR ( 'NONE', #829, 1000.000000000000000 ) ;
#434 = ORIENTED_EDGE ( 'NONE', *, *, #6, .T. ) ;
#435 = EDGE_CURVE ( 'NONE', #1506, #217, #1133, .T. ) ;
#436 = AXIS2_PLACEMENT_3D ( 'NONE', #1447, #1337, #585 ) ;
#437 = DIRECTION ( 'NONE',  ( -0.000000000000000000, -1.000000000000000000, -3.491481338843134933E-15 ) ) ;
#438 = LINE ( 'NONE', #44, #931 ) ;
#439 = PLANE ( 'NONE',  #341 ) ;
#440 = VERTEX_POINT ( 'NONE', #1472 ) ;
#441 = CARTESIAN_POINT ( 'NONE',  ( 2.749999999999999556, -0.8349484611796884614, 4.265051538820317845 ) ) ;
#442 = LINE ( 'NONE', #1543, #1473 ) ;
#443 = VERTEX_POINT ( 'NONE', #181 ) ;
#444 = FACE_OUTER_BOUND ( 'NONE', #1476, .T. ) ;
#445 = PLANE ( 'NONE',  #887 ) ;
#446 = ORIENTED_EDGE ( 'NONE', *, *, #1192, .F. ) ;
#447 = VECTOR ( 'NONE', #893, 1000.000000000000000 ) ;
#448 = ORIENTED_EDGE ( 'NONE', *, *, #1034, .T. ) ;
#449 = CARTESIAN_POINT ( 'NONE',  ( 2.000000000000000000, -0.8349484611796860190, 3.765051538820320065 ) ) ;
#450 = FACE_BOUND ( 'NONE', #1509, .T. ) ;
#451 = VERTEX_POINT ( 'NONE', #1461 ) ;
#452 = PLANE ( 'NONE',  #568 ) ;
#453 = ADVANCED_FACE ( 'NONE', ( #590 ), #472, .T. ) ;
#454 = EDGE_CURVE ( 'NONE', #182, #774, #577, .T. ) ;
#455 = AXIS2_PLACEMENT_3D ( 'NONE', #1271, #1548, #34 ) ;
#456 = VECTOR ( 'NONE', #460, 1000.000000000000000 ) ;
#457 = CARTESIAN_POINT ( 'NONE',  ( -2.500000000000000000, -0.6849484611796730071, 0.01505153882031875015 ) ) ;
#458 = FACE_OUTER_BOUND ( 'NONE', #1292, .T. ) ;
#459 = AXIS2_PLACEMENT_3D ( 'NONE', #975, #574, #1344 ) ;
#460 = DIRECTION ( 'NONE',  ( 0.000000000000000000, 1.000000000000000000, 3.491481338843135327E-15 ) ) ;
#461 = LINE ( 'NONE', #837, #1539 ) ;
#462 = CARTESIAN_POINT ( 'NONE',  ( 1.899999999999999911, -0.9349484611796899935, 4.835051538820320793 ) ) ;
#463 = LINE ( 'NONE', #476, #1554 ) ;
#464 = CYLINDRICAL_SURFACE ( 'NONE', #1597, 0.07999999999999934941 ) ;
#465 = DIRECTION ( 'NONE',  ( 0.000000000000000000, 0.000000000000000000, -1.000000000000000000 ) ) ;
#466 = LINE ( 'NONE', #932, #1009 ) ;
#467 = DIRECTION ( 'NONE',  ( 0.000000000000000000, 1.000000000000000000, 3.491481338843135327E-15 ) ) ;
#468 = VECTOR ( 'NONE', #801, 1000.000000000000000 ) ;
#469 = DIRECTION ( 'NONE',  ( 0.000000000000000000, 3.491481338843135327E-15, -1.000000000000000000 ) ) ;
#470 = EDGE_CURVE ( 'NONE', #1247, #179, #1113, .T. ) ;
#471 = LINE ( 'NONE', #1280, #993 ) ;
#472 = PLANE ( 'NONE',  #114 ) ;
#473 = ADVANCED_FACE ( 'NONE', ( #1118 ), #820, .F. ) ;
#474 = LINE ( 'NONE', #1291, #997 ) ;
#475 = CARTESIAN_POINT ( 'NONE',  ( 3.750000000000000000, 0.9850515388203104905, -2.734948461179673274 ) ) ;
#476 = CARTESIAN_POINT ( 'NONE',  ( -2.000000000000000000, -0.8349484611796670341, -1.734948461179679935 ) ) ;
#477 = DIRECTION ( 'NONE',  ( 0.000000000000000000, 3.548298019043467945E-15, -1.000000000000000000 ) ) ;
#478 = LINE ( 'NONE', #356, #1547 ) ;
#479 = DIRECTION ( 'NONE',  ( 0.000000000000000000, 3.491481338843135327E-15, -1.000000000000000000 ) ) ;
#480 = CARTESIAN_POINT ( 'NONE',  ( -1.899999999999999911, -1.014948461179665973, -1.834948461179685131 ) ) ;
#481 = DIRECTION ( 'NONE',  ( 0.000000000000000000, 3.548298019043467945E-15, -1.000000000000000000 ) ) ;
#482 = EDGE_CURVE ( 'NONE', #397, #243, #591, .T. ) ;
#483 = AXIS2_PLACEMENT_3D ( 'NONE', #238, #589, #728 ) ;
#484 = DIRECTION ( 'NONE',  ( -0.000000000000000000, -1.000000000000000000, -3.491481338843134933E-15 ) ) ;
#485 = EDGE_CURVE ( 'NONE', #1342, #792, #63, .T. ) ;
#486 = PLANE ( 'NONE',  #1168 ) ;
#487 = CARTESIAN_POINT ( 'NONE',  ( -2.750000000000000000, -0.8349484611796657019, -2.234948461179681267 ) ) ;
#488 = PRODUCT_CONTEXT ( 'NONE', #936, 'mechanical' ) ;
#489 = AXIS2_PLACEMENT_3D ( 'NONE', #1129, #1042, #1057 ) ;
#490 = CARTESIAN_POINT ( 'NONE',  ( 0.000000000000000000, 0.000000000000000000, 0.000000000000000000 ) ) ;
#491 = FACE_OUTER_BOUND ( 'NONE', #780, .T. ) ;
#492 = DIRECTION ( 'NONE',  ( 1.000000000000000000, -1.261823884255440233E-30, 3.614007241618350250E-16 ) ) ;
#493 = CARTESIAN_POINT ( 'NONE',  ( 3.750000000000000000, -0.6849484611796730071, 0.01505153882031875015 ) ) ;
#494 = ADVANCED_FACE ( 'NONE', ( #601 ), #42, .T. ) ;
#495 = SURFACE_STYLE_FILL_AREA ( #1357 ) ;
#496 = DIRECTION ( 'NONE',  ( 0.000000000000000000, -1.000000000000000000, -3.491481338843135327E-15 ) ) ;
#497 = EDGE_CURVE ( 'NONE', #1429, #1295, #607, .T. ) ;
#498 = AXIS2_PLACEMENT_3D ( 'NONE', #207, #571, #1378 ) ;
#499 = SURFACE_STYLE_USAGE ( .BOTH. , #1080 ) ;
#500 = DIRECTION ( 'NONE',  ( 0.000000000000000000, 1.000000000000000000, 3.491481338843135327E-15 ) ) ;
#501 = SHAPE_REPRESENTATION_RELATIONSHIP ( 'NONE' , 'NONE' ,  #1040, #545 ) ;
#502 = CARTESIAN_POINT ( 'NONE',  ( -3.750000000000000000, -0.9849484611796899269, 4.765051538820320509 ) ) ;
#503 = DIRECTION ( 'NONE',  ( 0.000000000000000000, -1.000000000000000000, -3.491481338843135327E-15 ) ) ;
#504 = CARTESIAN_POINT ( 'NONE',  ( -2.000000000000000000, -0.9849484611796858191, 3.765051538820320065 ) ) ;
#505 = SURFACE_STYLE_USAGE ( .BOTH. , #1530 ) ;
#506 = DIRECTION ( 'NONE',  ( 0.000000000000000000, 3.548298019043467945E-15, -1.000000000000000000 ) ) ;
#507 = PRODUCT_DEFINITION_SHAPE ( 'NONE', 'NONE',  #267 ) ;
#508 = DIRECTION ( 'NONE',  ( 0.000000000000000000, 0.000000000000000000, 1.000000000000000000 ) ) ;
#509 = DIRECTION ( 'NONE',  ( 1.000000000000000000, 0.000000000000000000, 0.000000000000000000 ) ) ;
#510 = DIRECTION ( 'NONE',  ( -1.000000000000000000, 0.000000000000000000, 0.000000000000000000 ) ) ;
#511 = PLANE ( 'NONE',  #865 ) ;
#512 = AXIS2_PLACEMENT_3D ( 'NONE', #21, #795, #1006 ) ;
#513 = ADVANCED_FACE ( 'NONE', ( #610 ), #240, .T. ) ;
#514 = DIRECTION ( 'NONE',  ( -0.000000000000000000, 0.000000000000000000, 1.000000000000000000 ) ) ;
#515 =( NAMED_UNIT ( * ) SI_UNIT ( $, .STERADIAN. ) SOLID_ANGLE_UNIT ( ) );
#516 = EDGE_CURVE ( 'NONE', #1285, #316, #584, .T. ) ;
#517 = PRESENTATION_LAYER_ASSIGNMENT (  '', '', ( #1064 ) ) ;
#518 = VECTOR ( 'NONE', #1422, 1000.000000000000000 ) ;
#519 = PLANE ( 'NONE',  #1229 ) ;
#520 = PLANE ( 'NONE',  #1323 ) ;
#521 = VECTOR ( 'NONE', #1505, 1000.000000000000000 ) ;
#522 = FACE_OUTER_BOUND ( 'NONE', #633, .T. ) ;
#523 = EDGE_CURVE ( 'NONE', #443, #713, #82, .T. ) ;
#524 = DIRECTION ( 'NONE',  ( 0.000000000000000000, 1.000000000000000000, 3.491481338843135327E-15 ) ) ;
#525 = AXIS2_PLACEMENT_3D ( 'NONE', #441, #423, #1033 ) ;
#526 = CARTESIAN_POINT ( 'NONE',  ( 1.899999999999999911, 0.04505153882031019685, 4.795051538820320758 ) ) ;
#527 = CARTESIAN_POINT ( 'NONE',  ( 3.750000000000000000, 0.9850515388203102685, 4.765051538820329391 ) ) ;
#528 = SHAPE_DEFINITION_REPRESENTATION ( #507, #15 ) ;
#529 = DIRECTION ( 'NONE',  ( -4.336808689942020201E-16, 0.000000000000000000, 1.000000000000000000 ) ) ;
#530 = DIRECTION ( 'NONE',  ( 1.000000000000000000, 0.000000000000000000, 0.000000000000000000 ) ) ;
#531 = CARTESIAN_POINT ( 'NONE',  ( -3.750000000000000000, -0.9849484611796799349, 2.015051538820320065 ) ) ;
#532 = PLANE ( 'NONE',  #552 ) ;
#533 = DIRECTION ( 'NONE',  ( 1.000000000000000000, 0.000000000000000000, 0.000000000000000000 ) ) ;
#534 = CARTESIAN_POINT ( 'NONE',  ( -3.750000000000000000, -0.6849484611796730071, 0.01505153882031875015 ) ) ;
#535 = EDGE_CURVE ( 'NONE', #103, #228, #1128, .T. ) ;
#536 = AXIS2_PLACEMENT_3D ( 'NONE', #1524, #889, #900 ) ;
#537 = EDGE_CURVE ( 'NONE', #713, #220, #1123, .T. ) ;
#538 = EDGE_CURVE ( 'NONE', #774, #1247, #75, .T. ) ;
#539 = AXIS2_PLACEMENT_3D ( 'NONE', #1296, #229, #996 ) ;
#540 = CARTESIAN_POINT ( 'NONE',  ( 3.750000000000000000, -0.9849484611796639477, -2.734948461179679935 ) ) ;
#541 = LINE ( 'NONE', #1149, #40 ) ;
#542 = CARTESIAN_POINT ( 'NONE',  ( -3.750000000000000000, -0.9849484611796639477, -2.734948461179679935 ) ) ;
#543 = DIRECTION ( 'NONE',  ( 0.000000000000000000, -1.000000000000000000, -3.491481338843135327E-15 ) ) ;
#544 = VECTOR ( 'NONE', #733, 1000.000000000000000 ) ;
#545 = ADVANCED_BREP_SHAPE_REPRESENTATION ( '', ( #1485, #23, #1050, #794 ), #218 ) ;
#546 = LINE ( 'NONE', #124, #1045 ) ;
#547 = CARTESIAN_POINT ( 'NONE',  ( -3.750000000000000000, -0.9849484611796639477, -2.734948461179679935 ) ) ;
#548 = CIRCLE ( 'NONE', #995, 0.2750000000000000777 ) ;
#549 = DIRECTION ( 'NONE',  ( 0.000000000000000000, 0.000000000000000000, -1.000000000000000000 ) ) ;
#550 = PRODUCT_DEFINITION_CONTEXT ( 'detailed design', #985, 'design' ) ;
#551 = EDGE_CURVE ( 'NONE', #427, #315, #1115, .T. ) ;
#552 = AXIS2_PLACEMENT_3D ( 'NONE', #1405, #921, #1021 ) ;
#553 = DIRECTION ( 'NONE',  ( 1.000000000000000000, -1.261823884255440233E-30, 3.614007241618350250E-16 ) ) ;
#554 = LINE ( 'NONE', #1044, #1079 ) ;
#555 = PRODUCT_RELATED_PRODUCT_CATEGORY ( 'part', '', ( #9 ) ) ;
#556 = SURFACE_STYLE_USAGE ( .BOTH. , #1029 ) ;
#557 = CARTESIAN_POINT ( 'NONE',  ( -3.750000000000000000, -0.9849484611796639477, -2.734948461179679935 ) ) ;
#558 = LINE ( 'NONE', #1601, #1067 ) ;
#559 = FACE_OUTER_BOUND ( 'NONE', #368, .T. ) ;
#560 = LINE ( 'NONE', #319, #1036 ) ;
#561 = CARTESIAN_POINT ( 'NONE',  ( 2.749999999999999556, -0.8349484611796884614, 4.265051538820317845 ) ) ;
#562 = CARTESIAN_POINT ( 'NONE',  ( 0.000000000000000000, -0.6849484611796800015, 2.015051538820320065 ) ) ;
#563 =( LENGTH_UNIT ( ) NAMED_UNIT ( * ) SI_UNIT ( .MILLI., .METRE. ) );
#564 = CIRCLE ( 'NONE', #1049, 0.07999999999999934941 ) ;
#565 = EDGE_CURVE ( 'NONE', #1265, #1455, #1117, .T. ) ;
#566 = ADVANCED_FACE ( 'NONE', ( #578 ), #627, .F. ) ;
#567 = VECTOR ( 'NONE', #1308, 1000.000000000000000 ) ;
#568 = AXIS2_PLACEMENT_3D ( 'NONE', #639, #804, #924 ) ;
#569 = VECTOR ( 'NONE', #1078, 1000.000000000000000 ) ;
#570 = CARTESIAN_POINT ( 'NONE',  ( -3.750000000000000000, -0.6849484611796899935, 4.765051538820320509 ) ) ;
#571 = DIRECTION ( 'NONE',  ( 0.000000000000000000, -3.491481338843135327E-15, 1.000000000000000000 ) ) ;
#572 = CYLINDRICAL_SURFACE ( 'NONE', #734, 0.3249999999999997891 ) ;
#573 = CARTESIAN_POINT ( 'NONE',  ( 1.899999999999999911, -1.014948461179689954, 4.835051538820320793 ) ) ;
#574 = DIRECTION ( 'NONE',  ( 0.000000000000000000, -1.000000000000000000, -3.491481338843135327E-15 ) ) ;
#575 = VECTOR ( 'NONE', #206, 1000.000000000000000 ) ;
#576 = ADVANCED_FACE ( 'NONE', ( #1173 ), #532, .F. ) ;
#577 = LINE ( 'NONE', #56, #41 ) ;
#578 = FACE_OUTER_BOUND ( 'NONE', #1233, .T. ) ;
#579 = DIRECTION ( 'NONE',  ( -1.000000000000000000, 0.000000000000000000, 0.000000000000000000 ) ) ;
#580 =( LENGTH_UNIT ( ) NAMED_UNIT ( * ) SI_UNIT ( .MILLI., .METRE. ) );
#581 = CIRCLE ( 'NONE', #1367, 0.2750000000000000777 ) ;
#582 = EDGE_CURVE ( 'NONE', #1269, #443, #643, .T. ) ;
#583 = AXIS2_PLACEMENT_3D ( 'NONE', #263, #509, #988 ) ;
#584 = LINE ( 'NONE', #992, #1138 ) ;
#585 = DIRECTION ( 'NONE',  ( 9.603429163007604075E-15, 0.000000000000000000, 1.000000000000000000 ) ) ;
#586 = LINE ( 'NONE', #1540, #1142 ) ;
#587 = VECTOR ( 'NONE', #1011, 1000.000000000000000 ) ;
#588 = CARTESIAN_POINT ( 'NONE',  ( -2.750000000000000000, -0.8349484611796657019, -2.234948461179681267 ) ) ;
#589 = DIRECTION ( 'NONE',  ( 0.000000000000000000, 3.491481338843135327E-15, -1.000000000000000000 ) ) ;
#590 = FACE_OUTER_BOUND ( 'NONE', #416, .T. ) ;
#591 = LINE ( 'NONE', #1038, #575 ) ;
#592 = VECTOR ( 'NONE', #500, 1000.000000000000000 ) ;
#593 = CARTESIAN_POINT ( 'NONE',  ( -2.750000000000000000, -0.9849484611796648359, -2.509948461179681622 ) ) ;
#594 = CARTESIAN_POINT ( 'NONE',  ( -1.899999999999999911, -1.014948461179685957, 3.865051538820320154 ) ) ;
#595 = DIRECTION ( 'NONE',  ( 3.614007241618350250E-16, 3.491481338843135327E-15, -1.000000000000000000 ) ) ;
#596 = CARTESIAN_POINT ( 'NONE',  ( 0.000000000000000000, -0.9849484611796728295, 0.01505153882031764860 ) ) ;
#597 = EDGE_CURVE ( 'NONE', #792, #1488, #670, .T. ) ;
#598 = LINE ( 'NONE', #917, #1145 ) ;
#599 = AXIS2_PLACEMENT_3D ( 'NONE', #1081, #1371, #506 ) ;
#600 = EDGE_CURVE ( 'NONE', #421, #713, #94, .T. ) ;
#601 = FACE_OUTER_BOUND ( 'NONE', #1471, .T. ) ;
#602 = DIRECTION ( 'NONE',  ( -1.000000000000000000, 0.000000000000000000, 0.000000000000000000 ) ) ;
#603 = FACE_OUTER_BOUND ( 'NONE', #1307, .T. ) ;
#604 = AXIS2_PLACEMENT_3D ( 'NONE', #147, #503, #613 ) ;
#605 = FACE_OUTER_BOUND ( 'NONE', #710, .T. ) ;
#606 = DIRECTION ( 'NONE',  ( 0.000000000000000000, 0.000000000000000000, -1.000000000000000000 ) ) ;
#607 = LINE ( 'NONE', #664, #49 ) ;
#608 = DIRECTION ( 'NONE',  ( 0.000000000000000000, 3.548298019043467945E-15, -1.000000000000000000 ) ) ;
#609 = FILL_AREA_STYLE_COLOUR ( '', #1428 ) ;
#610 = FACE_OUTER_BOUND ( 'NONE', #363, .T. ) ;
#611 = VECTOR ( 'NONE', #1562, 1000.000000000000000 ) ;
#612 = VECTOR ( 'NONE', #1528, 1000.000000000000000 ) ;
#613 = DIRECTION ( 'NONE',  ( 0.000000000000000000, 3.491481338843135327E-15, -1.000000000000000000 ) ) ;
#614 = DIRECTION ( 'NONE',  ( -0.000000000000000000, -1.000000000000000000, -3.491481338843134933E-15 ) ) ;
#615 = AXIS2_PLACEMENT_3D ( 'NONE', #1325, #939, #65 ) ;
#616 = VECTOR ( 'NONE', #1299, 1000.000000000000000 ) ;
#617 = DIRECTION ( 'NONE',  ( 0.000000000000000000, -1.000000000000000000, 0.000000000000000000 ) ) ;
#618 = PRODUCT_DEFINITION_SHAPE ( 'NONE', 'NONE',  #1609 ) ;
#619 = LINE ( 'NONE', #1438, #622 ) ;
#620 = EDGE_CURVE ( 'NONE', #1285, #1429, #115, .T. ) ;
#621 = DIRECTION ( 'NONE',  ( 0.000000000000000000, 1.000000000000000000, 0.000000000000000000 ) ) ;
#622 = VECTOR ( 'NONE', #1413, 1000.000000000000000 ) ;
#623 = ADVANCED_FACE ( 'NONE', ( #118 ), #520, .T. ) ;
#624 = VECTOR ( 'NONE', #634, 1000.000000000000000 ) ;
#625 = DIRECTION ( 'NONE',  ( 1.000000000000000000, 0.000000000000000000, 0.000000000000000000 ) ) ;
#626 = CARTESIAN_POINT ( 'NONE',  ( 2.000000000000000000, -0.8349484611796900158, 4.765051538820320509 ) ) ;
#627 = CYLINDRICAL_SURFACE ( 'NONE', #1393, 0.2750000000000000777 ) ;
#628 = CARTESIAN_POINT ( 'NONE',  ( -2.750000000000000000, -0.8349484611796667011, -1.959948461179681134 ) ) ;
#629 = LINE ( 'NONE', #296, #624 ) ;
#630 = FACE_OUTER_BOUND ( 'NONE', #198, .T. ) ;
#631 = EDGE_CURVE ( 'NONE', #103, #770, #87, .T. ) ;
#632 = VECTOR ( 'NONE', #351, 1000.000000000000000 ) ;
#633 = EDGE_LOOP ( 'NONE', ( #204, #201, #331, #1328 ) ) ;
#634 = DIRECTION ( 'NONE',  ( 0.000000000000000000, -1.000000000000000000, -3.491481338843135327E-15 ) ) ;
#635 =( GEOMETRIC_REPRESENTATION_CONTEXT ( 3 ) GLOBAL_UNCERTAINTY_ASSIGNED_CONTEXT ( ( #1594 ) ) GLOBAL_UNIT_ASSIGNED_CONTEXT ( ( #223, #870, #515 ) ) REPRESENTATION_CONTEXT ( 'NONE', 'WORKASPACE' ) );
#636 = DIRECTION ( 'NONE',  ( -1.000000000000000000, 0.000000000000000000, 0.000000000000000000 ) ) ;
#637 = VECTOR ( 'NONE', #614, 1000.000000000000000 ) ;
#638 = CARTESIAN_POINT ( 'NONE',  ( -3.479525245129056810, 0.9850515388203096023, 4.835051538820329675 ) ) ;
#639 = CARTESIAN_POINT ( 'NONE',  ( 1.899999999999999911, -0.9349484611796899935, 4.835051538820320793 ) ) ;
#640 = VERTEX_POINT ( 'NONE', #123 ) ;
#641 = CIRCLE ( 'NONE', #583, 0.07999999999999934941 ) ;
#642 = VERTEX_POINT ( 'NONE', #4 ) ;
#643 = LINE ( 'NONE', #1600, #679 ) ;
#644 = ORIENTED_EDGE ( 'NONE', *, *, #1576, .F. ) ;
#645 = LINE ( 'NONE', #420, #1216 ) ;
#646 = EDGE_LOOP ( 'NONE', ( #1301, #952, #1257, #222 ) ) ;
#647 = DIRECTION ( 'NONE',  ( 1.000000000000000000, 0.000000000000000000, 0.000000000000000000 ) ) ;
#648 = LINE ( 'NONE', #1592, #102 ) ;
#649 = ORIENTED_EDGE ( 'NONE', *, *, #497, .T. ) ;
#650 = LINE ( 'NONE', #1279, #1152 ) ;
#651 = ORIENTED_EDGE ( 'NONE', *, *, #1167, .T. ) ;
#652 = STYLED_ITEM ( 'NONE', ( #358 ), #1050 ) ;
#653 = FACE_OUTER_BOUND ( 'NONE', #767, .T. ) ;
#654 = EDGE_CURVE ( 'NONE', #732, #451, #645, .T. ) ;
#655 = ORIENTED_EDGE ( 'NONE', *, *, #1556, .F. ) ;
#656 = EDGE_CURVE ( 'NONE', #1396, #226, #1196, .T. ) ;
#657 = ORIENTED_EDGE ( 'NONE', *, *, #709, .F. ) ;
#658 = AXIS2_PLACEMENT_3D ( 'NONE', #1014, #408, #1504 ) ;
#659 = VECTOR ( 'NONE', #1526, 1000.000000000000000 ) ;
#660 = CARTESIAN_POINT ( 'NONE',  ( -1.899999999999999911, 0.1650515388203364908, -2.734948461179679935 ) ) ;
#661 = ORIENTED_EDGE ( 'NONE', *, *, #1037, .T. ) ;
#662 = VECTOR ( 'NONE', #1380, 1000.000000000000000 ) ;
#663 = ORIENTED_EDGE ( 'NONE', *, *, #758, .T. ) ;
#664 = CARTESIAN_POINT ( 'NONE',  ( -3.479525245129056810, -0.8349484611796900158, 4.765051538820320509 ) ) ;
#665 = FACE_OUTER_BOUND ( 'NONE', #1219, .T. ) ;
#666 = ORIENTED_EDGE ( 'NONE', *, *, #1270, .T. ) ;
#667 = LINE ( 'NONE', #1266, #910 ) ;
#668 = ORIENTED_EDGE ( 'NONE', *, *, #232, .T. ) ;
#669 = CARTESIAN_POINT ( 'NONE',  ( 1.899999999999999911, -1.014948461179661976, -2.804948461179680219 ) ) ;
#670 = LINE ( 'NONE', #1110, #1187 ) ;
#671 = ORIENTED_EDGE ( 'NONE', *, *, #454, .T. ) ;
#672 = CARTESIAN_POINT ( 'NONE',  ( -1.899999999999999911, -1.014948461179661976, -2.884948461179679846 ) ) ;
#673 = VECTOR ( 'NONE', #107, 1000.000000000000000 ) ;
#674 = EDGE_CURVE ( 'NONE', #178, #203, #89, .T. ) ;
#675 = ORIENTED_EDGE ( 'NONE', *, *, #1170, .F. ) ;
#676 = MECHANICAL_DESIGN_GEOMETRIC_PRESENTATION_REPRESENTATION (  '', ( #813 ), #635 ) ;
#677 = DIRECTION ( 'NONE',  ( 0.000000000000000000, 0.000000000000000000, 1.000000000000000000 ) ) ;
#678 = EDGE_CURVE ( 'NONE', #919, #774, #682, .T. ) ;
#679 = VECTOR ( 'NONE', #1015, 1000.000000000000000 ) ;
#680 = ORIENTED_EDGE ( 'NONE', *, *, #168, .F. ) ;
#681 = EDGE_CURVE ( 'NONE', #1265, #1241, #1165, .T. ) ;
#682 = LINE ( 'NONE', #596, #662 ) ;
#683 = ORIENTED_EDGE ( 'NONE', *, *, #432, .T. ) ;
#684 = DIRECTION ( 'NONE',  ( -1.000000000000000000, 0.000000000000000000, 0.000000000000000000 ) ) ;
#685 = DIRECTION ( 'NONE',  ( 1.000000000000000000, 1.135641495829896157E-30, -3.252606517456509851E-16 ) ) ;
#686 = VERTEX_POINT ( 'NONE', #626 ) ;
#687 = ORIENTED_EDGE ( 'NONE', *, *, #1099, .T. ) ;
#688 = ORIENTED_EDGE ( 'NONE', *, *, #1246, .T. ) ;
#689 =( LENGTH_UNIT ( ) NAMED_UNIT ( * ) SI_UNIT ( .MILLI., .METRE. ) );
#690 = ORIENTED_EDGE ( 'NONE', *, *, #25, .T. ) ;
#691 = DIRECTION ( 'NONE',  ( 0.000000000000000000, -1.000000000000000000, -3.491481338843135327E-15 ) ) ;
#692 = ORIENTED_EDGE ( 'NONE', *, *, #376, .T. ) ;
#693 = DIRECTION ( 'NONE',  ( -3.252606517456509851E-16, 3.491481338843135327E-15, -1.000000000000000000 ) ) ;
#694 = ORIENTED_EDGE ( 'NONE', *, *, #1013, .F. ) ;
#695 = ADVANCED_FACE ( 'NONE', ( #665 ), #511, .T. ) ;
#696 = DIRECTION ( 'NONE',  ( -0.000000000000000000, -1.000000000000000000, -3.491481338843134933E-15 ) ) ;
#697 = ORIENTED_EDGE ( 'NONE', *, *, #306, .T. ) ;
#698 = ORIENTED_EDGE ( 'NONE', *, *, #255, .F. ) ;
#699 = DIRECTION ( 'NONE',  ( 1.000000000000000000, 0.000000000000000000, 0.000000000000000000 ) ) ;
#700 = DIRECTION ( 'NONE',  ( 0.000000000000000000, 1.000000000000000000, 3.491481338843135327E-15 ) ) ;
#701 = CLOSED_SHELL ( 'NONE', ( #285, #79, #851, #1135, #1388, #716, #359, #1586, #1227, #1489 ) ) ;
#702 = ORIENTED_EDGE ( 'NONE', *, *, #1593, .F. ) ;
#703 = ORIENTED_EDGE ( 'NONE', *, *, #435, .F. ) ;
#704 = AXIS2_PLACEMENT_3D ( 'NONE', #487, #202, #477 ) ;
#705 =( NAMED_UNIT ( * ) PLANE_ANGLE_UNIT ( ) SI_UNIT ( $, .RADIAN. ) );
#706 = ORIENTED_EDGE ( 'NONE', *, *, #905, .T. ) ;
#707 = ORIENTED_EDGE ( 'NONE', *, *, #432, .F. ) ;
#708 = CARTESIAN_POINT ( 'NONE',  ( -1.900000000000000355, -0.8349484611796670341, -1.834948461179680024 ) ) ;
#709 = EDGE_CURVE ( 'NONE', #172, #1278, #1218, .T. ) ;
#710 = EDGE_LOOP ( 'NONE', ( #1282, #371, #768, #1289 ) ) ;
#711 =( GEOMETRIC_REPRESENTATION_CONTEXT ( 3 ) GLOBAL_UNCERTAINTY_ASSIGNED_CONTEXT ( ( #1320 ) ) GLOBAL_UNIT_ASSIGNED_CONTEXT ( ( #78, #982, #1198 ) ) REPRESENTATION_CONTEXT ( 'NONE', 'WORKASPACE' ) );
#712 = CARTESIAN_POINT ( 'NONE',  ( 3.750000000000000000, -0.9849484611796728295, 0.01505153882031764860 ) ) ;
#713 = VERTEX_POINT ( 'NONE', #299 ) ;
#714 = ORIENTED_EDGE ( 'NONE', *, *, #945, .F. ) ;
#715 =( NAMED_UNIT ( * ) SI_UNIT ( $, .STERADIAN. ) SOLID_ANGLE_UNIT ( ) );
#716 = ADVANCED_FACE ( 'NONE', ( #1176 ), #439, .T. ) ;
#717 = VERTEX_POINT ( 'NONE', #504 ) ;
#718 = ORIENTED_EDGE ( 'NONE', *, *, #967, .T. ) ;
#719 = DIRECTION ( 'NONE',  ( 0.000000000000000000, -3.491481338843135327E-15, 1.000000000000000000 ) ) ;
#720 = VERTEX_POINT ( 'NONE', #1607 ) ;
#721 = APPLICATION_PROTOCOL_DEFINITION ( 'draft international standard', 'automotive_design', 1998, #1204 ) ;
#722 = EDGE_LOOP ( 'NONE', ( #230, #675, #883, #244 ) ) ;
#723 = ORIENTED_EDGE ( 'NONE', *, *, #923, .F. ) ;
#724 = ORIENTED_EDGE ( 'NONE', *, *, #945, .T. ) ;
#725 = CARTESIAN_POINT ( 'NONE',  ( -3.479525245129056810, -0.8349484611796869071, 3.865051538820320154 ) ) ;
#726 = ORIENTED_EDGE ( 'NONE', *, *, #95, .F. ) ;
#727 = ORIENTED_EDGE ( 'NONE', *, *, #565, .T. ) ;
#728 = DIRECTION ( 'NONE',  ( -1.000000000000000000, 0.000000000000000000, 0.000000000000000000 ) ) ;
#729 = EDGE_CURVE ( 'NONE', #941, #172, #112, .T. ) ;
#730 = ORIENTED_EDGE ( 'NONE', *, *, #1550, .T. ) ;
#731 = EDGE_CURVE ( 'NONE', #250, #750, #1154, .T. ) ;
#732 = VERTEX_POINT ( 'NONE', #1075 ) ;
#733 = DIRECTION ( 'NONE',  ( 1.000000000000000000, 0.000000000000000000, 0.000000000000000000 ) ) ;
#734 = AXIS2_PLACEMENT_3D ( 'NONE', #39, #31, #1023 ) ;
#735 = CLOSED_SHELL ( 'NONE', ( #12, #566, #576, #1071, #155, #930, #828, #473, #897, #1055, #1358, #332, #1103, #1188, #1158, #695, #623, #1341, #453, #405, #751, #349, #1596, #1007, #422, #249, #1464, #1244, #980, #1407, #972 ) ) ;
#736 = VERTEX_POINT ( 'NONE', #1085 ) ;
#737 = ORIENTED_EDGE ( 'NONE', *, *, #1047, .F. ) ;
#738 = CARTESIAN_POINT ( 'NONE',  ( -3.750000000000000000, -0.9849484611796728295, 0.01505153882031764860 ) ) ;
#739 = VERTEX_POINT ( 'NONE', #753 ) ;
#740 = CARTESIAN_POINT ( 'NONE',  ( 2.000000000000000000, -0.9849484611796639477, -2.734948461179679935 ) ) ;
#741 = CARTESIAN_POINT ( 'NONE',  ( 1.899999999999999911, 0.04505153882030969725, 4.915051538820319976 ) ) ;
#742 = CARTESIAN_POINT ( 'NONE',  ( -3.750000000000000000, -0.9849484611796899269, 4.765051538820320509 ) ) ;
#743 = ORIENTED_EDGE ( 'NONE', *, *, #1275, .F. ) ;
#744 = ORIENTED_EDGE ( 'NONE', *, *, #763, .F. ) ;
#745 = CARTESIAN_POINT ( 'NONE',  ( 0.000000000000000000, -0.6849484611796800015, 2.015051538820320065 ) ) ;
#746 = ORIENTED_EDGE ( 'NONE', *, *, #999, .F. ) ;
#747 = ORIENTED_EDGE ( 'NONE', *, *, #763, .T. ) ;
#748 = ORIENTED_EDGE ( 'NONE', *, *, #1074, .F. ) ;
#749 = CARTESIAN_POINT ( 'NONE',  ( -2.500000000000000000, -0.6849484611796800015, 2.015051538820320065 ) ) ;
#750 = VERTEX_POINT ( 'NONE', #708 ) ;
#751 = ADVANCED_FACE ( 'NONE', ( #144 ), #1362, .F. ) ;
#752 = ORIENTED_EDGE ( 'NONE', *, *, #302, .T. ) ;
#753 = CARTESIAN_POINT ( 'NONE',  ( 1.899999999999999911, 0.1650515388203098177, 4.795051538820320758 ) ) ;
#754 = EDGE_LOOP ( 'NONE', ( #760, #1458, #1445, #415 ) ) ;
#755 = PLANE ( 'NONE',  #498 ) ;
#756 = CARTESIAN_POINT ( 'NONE',  ( -1.900000000000000355, -1.014948461179685957, 3.865051538820320154 ) ) ;
#757 = CARTESIAN_POINT ( 'NONE',  ( -1.899999999999999911, -0.9349484611796899935, 4.835051538820320793 ) ) ;
#758 = EDGE_CURVE ( 'NONE', #225, #717, #1161, .T. ) ;
#759 = DIRECTION ( 'NONE',  ( 1.000000000000000000, -0.000000000000000000, -0.000000000000000000 ) ) ;
#760 = ORIENTED_EDGE ( 'NONE', *, *, #262, .F. ) ;
#761 = AXIS2_PLACEMENT_3D ( 'NONE', #638, #1140, #1111 ) ;
#762 = VERTEX_POINT ( 'NONE', #1502 ) ;
#763 = EDGE_CURVE ( 'NONE', #1494, #762, #153, .T. ) ;
#764 = DIRECTION ( 'NONE',  ( 1.000000000000000000, 0.000000000000000000, 0.000000000000000000 ) ) ;
#765 = ORIENTED_EDGE ( 'NONE', *, *, #1495, .F. ) ;
#766 = EDGE_LOOP ( 'NONE', ( #819, #140, #271, #148 ) ) ;
#767 = EDGE_LOOP ( 'NONE', ( #434, #692, #1248, #1522, #724, #195, #778, #448 ) ) ;
#768 = ORIENTED_EDGE ( 'NONE', *, *, #1495, .T. ) ;
#769 = EDGE_LOOP ( 'NONE', ( #791, #353, #1214, #1240 ) ) ;
#770 = VERTEX_POINT ( 'NONE', #593 ) ;
#771 = PLANE ( 'NONE',  #1425 ) ;
#772 = CARTESIAN_POINT ( 'NONE',  ( 2.500000000000000000, -0.6849484611796800015, 2.015051538820320065 ) ) ;
#773 = CARTESIAN_POINT ( 'NONE',  ( 3.225000000000000089, -0.7849484611796870848, 3.915051538820315091 ) ) ;
#774 = VERTEX_POINT ( 'NONE', #738 ) ;
#775 = VERTEX_POINT ( 'NONE', #1390 ) ;
#776 = ORIENTED_EDGE ( 'NONE', *, *, #344, .F. ) ;
#777 = PRODUCT ( 'CPT-7502-65-SMT-TR', 'CPT-7502-65-SMT-TR', '', ( #852 ) ) ;
#778 = ORIENTED_EDGE ( 'NONE', *, *, #1137, .T. ) ;
#779 = DIRECTION ( 'NONE',  ( 1.000000000000000000, -0.000000000000000000, -0.000000000000000000 ) ) ;
#780 = EDGE_LOOP ( 'NONE', ( #1346, #1224, #1189, #743 ) ) ;
#781 = EDGE_LOOP ( 'NONE', ( #867, #752 ) ) ;
#782 = ORIENTED_EDGE ( 'NONE', *, *, #1037, .F. ) ;
#783 = EDGE_CURVE ( 'NONE', #180, #226, #146, .T. ) ;
#784 = VERTEX_POINT ( 'NONE', #1532 ) ;
#785 = DIRECTION ( 'NONE',  ( 0.000000000000000000, -1.000000000000000000, -2.770738885240750348E-14 ) ) ;
#786 = DIRECTION ( 'NONE',  ( -1.000000000000000000, 0.000000000000000000, 0.000000000000000000 ) ) ;
#787 = AXIS2_PLACEMENT_3D ( 'NONE', #1383, #383, #1493 ) ;
#788 = DIRECTION ( 'NONE',  ( 0.000000000000000000, -1.000000000000000000, -3.491481338843135327E-15 ) ) ;
#789 = CARTESIAN_POINT ( 'NONE',  ( 2.749999999999999556, -0.8349484611796884614, 4.265051538820317845 ) ) ;
#790 = ORIENTED_EDGE ( 'NONE', *, *, #582, .T. ) ;
#791 = ORIENTED_EDGE ( 'NONE', *, *, #1345, .F. ) ;
#792 = VERTEX_POINT ( 'NONE', #119 ) ;
#793 = ORIENTED_EDGE ( 'NONE', *, *, #139, .F. ) ;
#794 = AXIS2_PLACEMENT_3D ( 'NONE', #490, #1069, #699 ) ;
#795 = DIRECTION ( 'NONE',  ( 0.000000000000000000, 1.000000000000000000, 0.000000000000000000 ) ) ;
#796 = ORIENTED_EDGE ( 'NONE', *, *, #338, .T. ) ;
#797 = ORIENTED_EDGE ( 'NONE', *, *, #1246, .F. ) ;
#798 = ORIENTED_EDGE ( 'NONE', *, *, #287, .F. ) ;
#799 = CARTESIAN_POINT ( 'NONE',  ( 2.899999999999999911, -0.7849484611796870848, 3.915051538820309762 ) ) ;
#800 = EDGE_LOOP ( 'NONE', ( #106, #295, #1300, #1370 ) ) ;
#801 = DIRECTION ( 'NONE',  ( 0.000000000000000000, 1.000000000000000000, 3.491481338843135327E-15 ) ) ;
#802 = PRODUCT_DEFINITION_SHAPE ( 'NONE', 'NONE',  #1304 ) ;
#803 = DIRECTION ( 'NONE',  ( 1.000000000000000000, 0.000000000000000000, 0.000000000000000000 ) ) ;
#804 = DIRECTION ( 'NONE',  ( 1.000000000000000000, 0.000000000000000000, 0.000000000000000000 ) ) ;
#805 = EDGE_LOOP ( 'NONE', ( #1449, #183, #651, #1258 ) ) ;
#806 = ORIENTED_EDGE ( 'NONE', *, *, #923, .T. ) ;
#807 = VERTEX_POINT ( 'NONE', #1491 ) ;
#808 = ORIENTED_EDGE ( 'NONE', *, *, #1275, .T. ) ;
#809 = ORIENTED_EDGE ( 'NONE', *, *, #164, .F. ) ;
#810 = EDGE_LOOP ( 'NONE', ( #122, #1179, #308, #346 ) ) ;
#811 = PRODUCT_DEFINITION_CONTEXT ( 'detailed design', #977, 'design' ) ;
#812 = ORIENTED_EDGE ( 'NONE', *, *, #783, .T. ) ;
#813 = STYLED_ITEM ( 'NONE', ( #1043 ), #23 ) ;
#814 = ORIENTED_EDGE ( 'NONE', *, *, #516, .F. ) ;
#815 = DIRECTION ( 'NONE',  ( -1.000000000000000000, 0.000000000000000000, 0.000000000000000000 ) ) ;
#816 = CARTESIAN_POINT ( 'NONE',  ( 2.749999999999999556, -0.9849484611796892608, 4.540051538820317312 ) ) ;
#817 = VERTEX_POINT ( 'NONE', #276 ) ;
#818 = ORIENTED_EDGE ( 'NONE', *, *, #844, .T. ) ;
#819 = ORIENTED_EDGE ( 'NONE', *, *, #758, .F. ) ;
#820 = PLANE ( 'NONE',  #615 ) ;
#821 = VERTEX_POINT ( 'NONE', #406 ) ;
#822 = ORIENTED_EDGE ( 'NONE', *, *, #184, .F. ) ;
#823 = DIRECTION ( 'NONE',  ( 1.000000000000000000, 0.000000000000000000, 0.000000000000000000 ) ) ;
#824 = CARTESIAN_POINT ( 'NONE',  ( 0.000000000000000000, -0.9849484611796728295, 0.01505153882031764860 ) ) ;
#825 = ORIENTED_EDGE ( 'NONE', *, *, #1368, .T. ) ;
#826 = ORIENTED_EDGE ( 'NONE', *, *, #90, .F. ) ;
#827 = EDGE_CURVE ( 'NONE', #443, #919, #648, .T. ) ;
#828 = ADVANCED_FACE ( 'NONE', ( #630 ), #1107, .F. ) ;
#829 = DIRECTION ( 'NONE',  ( 0.000000000000000000, -3.491481338843135327E-15, 1.000000000000000000 ) ) ;
#830 = CARTESIAN_POINT ( 'NONE',  ( -3.479525245129056810, -0.9349484611796899935, 4.835051538820320793 ) ) ;
#831 = CARTESIAN_POINT ( 'NONE',  ( -3.479525245129056810, -0.8349484611796639255, -2.734948461179679935 ) ) ;
#832 = ORIENTED_EDGE ( 'NONE', *, *, #841, .T. ) ;
#833 = PLANE ( 'NONE',  #60 ) ;
#834 = DIRECTION ( 'NONE',  ( 1.000000000000000000, 0.000000000000000000, 0.000000000000000000 ) ) ;
#835 = ORIENTED_EDGE ( 'NONE', *, *, #470, .T. ) ;
#836 = ORIENTED_EDGE ( 'NONE', *, *, #620, .F. ) ;
#837 = CARTESIAN_POINT ( 'NONE',  ( 1.899999999999999911, 0.1650515388203100120, 4.765051538820320509 ) ) ;
#838 = ADVANCED_FACE ( 'NONE', ( #653 ), #1066, .T. ) ;
#839 = ORIENTED_EDGE ( 'NONE', *, *, #1170, .T. ) ;
#840 = DIRECTION ( 'NONE',  ( 0.000000000000000000, 0.000000000000000000, 1.000000000000000000 ) ) ;
#841 = EDGE_CURVE ( 'NONE', #732, #938, #629, .T. ) ;
#842 = ORIENTED_EDGE ( 'NONE', *, *, #30, .F. ) ;
#843 = AXIS2_PLACEMENT_3D ( 'NONE', #1468, #81, #1571 ) ;
#844 = EDGE_CURVE ( 'NONE', #1239, #101, #1178, .T. ) ;
#845 = ORIENTED_EDGE ( 'NONE', *, *, #1094, .F. ) ;
#846 = EDGE_CURVE ( 'NONE', #117, #792, #650, .T. ) ;
#847 = ORIENTED_EDGE ( 'NONE', *, *, #1437, .F. ) ;
#848 =( NAMED_UNIT ( * ) PLANE_ANGLE_UNIT ( ) SI_UNIT ( $, .RADIAN. ) );
#849 = CARTESIAN_POINT ( 'NONE',  ( -3.750000000000000000, -0.9849484611796899269, 4.765051538820320509 ) ) ;
#850 = ORIENTED_EDGE ( 'NONE', *, *, #1273, .T. ) ;
#851 = ADVANCED_FACE ( 'NONE', ( #93 ), #1542, .T. ) ;
#852 = PRODUCT_CONTEXT ( 'NONE', #1204, 'mechanical' ) ;
#853 = ORIENTED_EDGE ( 'NONE', *, *, #1520, .T. ) ;
#854 = DIRECTION ( 'NONE',  ( 0.000000000000000000, 3.491481338843135327E-15, -1.000000000000000000 ) ) ;
#855 = ORIENTED_EDGE ( 'NONE', *, *, #1603, .F. ) ;
#856 = DIRECTION ( 'NONE',  ( 0.000000000000000000, 1.000000000000000000, 3.491481338843135327E-15 ) ) ;
#857 = LINE ( 'NONE', #1356, #899 ) ;
#858 = ORIENTED_EDGE ( 'NONE', *, *, #1098, .F. ) ;
#859 = SURFACE_SIDE_STYLE ('',( #495 ) ) ;
#860 = LINE ( 'NONE', #557, #1452 ) ;
#861 = ORIENTED_EDGE ( 'NONE', *, *, #1576, .T. ) ;
#862 = DIRECTION ( 'NONE',  ( 0.000000000000000000, -1.000000000000000000, -3.491481338843135327E-15 ) ) ;
#863 = EDGE_CURVE ( 'NONE', #117, #807, #1180, .T. ) ;
#864 = VECTOR ( 'NONE', #1478, 1000.000000000000000 ) ;
#865 = AXIS2_PLACEMENT_3D ( 'NONE', #1089, #1264, #248 ) ;
#866 = APPLICATION_PROTOCOL_DEFINITION ( 'draft international standard', 'automotive_design', 1998, #985 ) ;
#867 = ORIENTED_EDGE ( 'NONE', *, *, #535, .T. ) ;
#868 = ORIENTED_EDGE ( 'NONE', *, *, #1581, .F. ) ;
#869 = CARTESIAN_POINT ( 'NONE',  ( -3.750000000000000000, -0.9849484611796799349, 2.015051538820320065 ) ) ;
#870 =( NAMED_UNIT ( * ) PLANE_ANGLE_UNIT ( ) SI_UNIT ( $, .RADIAN. ) );
#871 = ORIENTED_EDGE ( 'NONE', *, *, #1148, .F. ) ;
#872 = CARTESIAN_POINT ( 'NONE',  ( 3.225000000000000089, -0.7849484611796870848, 3.915051538820309762 ) ) ;
#873 = VECTOR ( 'NONE', #136, 1000.000000000000000 ) ;
#874 = ORIENTED_EDGE ( 'NONE', *, *, #25, .F. ) ;
#875 = FACE_OUTER_BOUND ( 'NONE', #1163, .T. ) ;
#876 = ORIENTED_EDGE ( 'NONE', *, *, #258, .T. ) ;
#877 = LINE ( 'NONE', #197, #1426 ) ;
#878 = DIRECTION ( 'NONE',  ( 0.000000000000000000, 3.491481338843135327E-15, -1.000000000000000000 ) ) ;
#879 = ORIENTED_EDGE ( 'NONE', *, *, #1579, .F. ) ;
#880 = DIRECTION ( 'NONE',  ( 0.000000000000000000, 4.023843114379212769E-15, -1.000000000000000000 ) ) ;
#881 = CARTESIAN_POINT ( 'NONE',  ( -2.750000000000000000, -0.8349484611796647027, -2.509948461179681178 ) ) ;
#882 = LINE ( 'NONE', #269, #1465 ) ;
#883 = ORIENTED_EDGE ( 'NONE', *, *, #1415, .T. ) ;
#884 = DIRECTION ( 'NONE',  ( -1.000000000000000000, 0.000000000000000000, 0.000000000000000000 ) ) ;
#885 = LINE ( 'NONE', #385, #901 ) ;
#886 = VERTEX_POINT ( 'NONE', #1001 ) ;
#887 = AXIS2_PLACEMENT_3D ( 'NONE', #1399, #602, #11 ) ;
#888 = FACE_BOUND ( 'NONE', #143, .T. ) ;
#889 = DIRECTION ( 'NONE',  ( 0.000000000000000000, 0.000000000000000000, -1.000000000000000000 ) ) ;
#890 = ORIENTED_EDGE ( 'NONE', *, *, #1114, .F. ) ;
#891 = LINE ( 'NONE', #357, #375 ) ;
#892 = DIRECTION ( 'NONE',  ( 0.000000000000000000, 1.000000000000000000, 0.000000000000000000 ) ) ;
#893 = DIRECTION ( 'NONE',  ( 0.000000000000000000, -1.000000000000000000, -3.491481338843135327E-15 ) ) ;
#894 = DIRECTION ( 'NONE',  ( 1.000000000000000000, -0.000000000000000000, -0.000000000000000000 ) ) ;
#895 = DIRECTION ( 'NONE',  ( 1.000000000000000000, 0.000000000000000000, 0.000000000000000000 ) ) ;
#896 = LINE ( 'NONE', #1197, #326 ) ;
#897 = ADVANCED_FACE ( 'NONE', ( #1160 ), #755, .F. ) ;
#898 = LINE ( 'NONE', #872, #1435 ) ;
#899 = VECTOR ( 'NONE', #764, 1000.000000000000000 ) ;
#900 = DIRECTION ( 'NONE',  ( -1.000000000000000000, 0.000000000000000000, -0.000000000000000000 ) ) ;
#901 = VECTOR ( 'NONE', #111, 1000.000000000000000 ) ;
#902 = CARTESIAN_POINT ( 'NONE',  ( 1.899999999999999911, -0.8349484611796670341, -1.834948461179680024 ) ) ;
#903 = CARTESIAN_POINT ( 'NONE',  ( -1.899999999999999911, 0.04505153882033714058, -2.884948461179679846 ) ) ;
#904 = FACE_OUTER_BOUND ( 'NONE', #1274, .T. ) ;
#905 = EDGE_CURVE ( 'NONE', #750, #1342, #1184, .T. ) ;
#906 = LINE ( 'NONE', #849, #1444 ) ;
#907 = AXIS2_PLACEMENT_3D ( 'NONE', #1076, #1363, #1164 ) ;
#908 = LINE ( 'NONE', #1569, #433 ) ;
#909 = ORIENTED_EDGE ( 'NONE', *, *, #7, .F. ) ;
#910 = VECTOR ( 'NONE', #38, 1000.000000000000000 ) ;
#911 = DIRECTION ( 'NONE',  ( 0.000000000000000000, -1.000000000000000000, -4.247389954066921700E-15 ) ) ;
#912 = CARTESIAN_POINT ( 'NONE',  ( -2.750000000000000000, -0.8349484611796667011, -1.959948461179681134 ) ) ;
#913 = CARTESIAN_POINT ( 'NONE',  ( 2.000000000000000000, -0.8349484611796670341, -1.734948461179679935 ) ) ;
#914 = PLANE ( 'NONE',  #1440 ) ;
#915 = DIRECTION ( 'NONE',  ( 1.000000000000000000, 0.000000000000000000, 0.000000000000000000 ) ) ;
#916 = VECTOR ( 'NONE', #292, 1000.000000000000000 ) ;
#917 = CARTESIAN_POINT ( 'NONE',  ( 2.000000000000000000, -0.8349484611796670341, -1.734948461179679935 ) ) ;
#918 = LINE ( 'NONE', #1031, #961 ) ;
#919 = VERTEX_POINT ( 'NONE', #379 ) ;
#920 = DIRECTION ( 'NONE',  ( 0.000000000000000000, 0.000000000000000000, 1.000000000000000000 ) ) ;
#921 = DIRECTION ( 'NONE',  ( 0.000000000000000000, 1.000000000000000000, 3.491481338843135327E-15 ) ) ;
#922 =( GEOMETRIC_REPRESENTATION_CONTEXT ( 3 ) GLOBAL_UNCERTAINTY_ASSIGNED_CONTEXT ( ( #987 ) ) GLOBAL_UNIT_ASSIGNED_CONTEXT ( ( #1092, #1395, #1384 ) ) REPRESENTATION_CONTEXT ( 'NONE', 'WORKASPACE' ) );
#923 = EDGE_CURVE ( 'NONE', #1239, #1256, #1210, .T. ) ;
#924 = DIRECTION ( 'NONE',  ( 0.000000000000000000, 0.000000000000000000, -1.000000000000000000 ) ) ;
#925 = VECTOR ( 'NONE', #1020, 1000.000000000000000 ) ;
#926 = EDGE_CURVE ( 'NONE', #1278, #1285, #1191, .T. ) ;
#927 = VERTEX_POINT ( 'NONE', #1606 ) ;
#928 = PRODUCT_RELATED_PRODUCT_CATEGORY ( 'part', '', ( #777 ) ) ;
#929 = LINE ( 'NONE', #1262, #1521 ) ;
#930 = ADVANCED_FACE ( 'NONE', ( #1202 ), #66, .T. ) ;
#931 = VECTOR ( 'NONE', #647, 1000.000000000000000 ) ;
#932 = CARTESIAN_POINT ( 'NONE',  ( 3.750000000000000000, 0.9850515388203431311, -2.734948461179675050 ) ) ;
#933 = PLANE ( 'NONE',  #525 ) ;
#934 = CARTESIAN_POINT ( 'NONE',  ( -2.000000000000000000, -0.8349484611796670341, -1.734948461179679935 ) ) ;
#935 = VECTOR ( 'NONE', #1525, 1000.000000000000000 ) ;
#936 = APPLICATION_CONTEXT ( 'automotive_design' ) ;
#937 = CYLINDRICAL_SURFACE ( 'NONE', #1343, 0.2750000000000000777 ) ;
#938 = VERTEX_POINT ( 'NONE', #740 ) ;
#939 = DIRECTION ( 'NONE',  ( 3.252606517456509851E-16, 3.491481338843135327E-15, -1.000000000000000000 ) ) ;
#940 = VECTOR ( 'NONE', #1077, 1000.000000000000000 ) ;
#941 = VERTEX_POINT ( 'NONE', #1220 ) ;
#942 = SURFACE_STYLE_FILL_AREA ( #1570 ) ;
#943 = CARTESIAN_POINT ( 'NONE',  ( 3.750000000000000000, -0.9849484611796899269, 4.765051538820320509 ) ) ;
#944 = DIRECTION ( 'NONE',  ( 0.000000000000000000, -1.000000000000000000, -3.491481338843135327E-15 ) ) ;
#945 = EDGE_CURVE ( 'NONE', #1488, #1310, #641, .T. ) ;
#946 = EDGE_LOOP ( 'NONE', ( #303, #1335, #1414, #1354 ) ) ;
#947 = CARTESIAN_POINT ( 'NONE',  ( 2.500000000000000000, -0.6849484611796730071, 0.01505153882031875015 ) ) ;
#948 = LINE ( 'NONE', #869, #925 ) ;
#949 = EDGE_LOOP ( 'NONE', ( #868, #272, #313, #1381 ) ) ;
#950 = DIRECTION ( 'NONE',  ( -1.000000000000000000, 0.000000000000000000, -1.445602896647339903E-16 ) ) ;
#951 = FACE_OUTER_BOUND ( 'NONE', #769, .T. ) ;
#952 = ORIENTED_EDGE ( 'NONE', *, *, #1277, .T. ) ;
#953 =( NAMED_UNIT ( * ) SI_UNIT ( $, .STERADIAN. ) SOLID_ANGLE_UNIT ( ) );
#954 = LINE ( 'NONE', #199, #395 ) ;
#955 = ORIENTED_EDGE ( 'NONE', *, *, #978, .T. ) ;
#956 = CARTESIAN_POINT ( 'NONE',  ( 2.000000000000000000, -0.8349484611796770261, 1.015051538820317845 ) ) ;
#957 = ADVANCED_FACE ( 'NONE', ( #100 ), #1208, .T. ) ;
#958 = FACE_OUTER_BOUND ( 'NONE', #949, .T. ) ;
#959 = ORIENTED_EDGE ( 'NONE', *, *, #1277, .F. ) ;
#960 = DIRECTION ( 'NONE',  ( 0.000000000000000000, -1.000000000000000000, -3.491481338843135327E-15 ) ) ;
#961 = VECTOR ( 'NONE', #1332, 1000.000000000000000 ) ;
#962 = ORIENTED_EDGE ( 'NONE', *, *, #159, .F. ) ;
#963 = EDGE_CURVE ( 'NONE', #1494, #1265, #141, .T. ) ;
#964 = AXIS2_PLACEMENT_3D ( 'NONE', #1190, #1353, #1028 ) ;
#965 = EDGE_LOOP ( 'NONE', ( #962, #431, #446, #703, #386, #191, #959, #1272 ) ) ;
#966 = PLANE ( 'NONE',  #489 ) ;
#967 = EDGE_CURVE ( 'NONE', #397, #1497, #667, .T. ) ;
#968 = EDGE_LOOP ( 'NONE', ( #205, #188, #389, #714 ) ) ;
#969 = AXIS2_PLACEMENT_3D ( 'NONE', #1483, #840, #1350 ) ;
#970 = LINE ( 'NONE', #246, #392 ) ;
#971 = EDGE_LOOP ( 'NONE', ( #1228, #1322, #790, #131, #282, #286, #835, #1302, #1311, #1185, #305, #661, #876, #812, #193, #173, #1234, #1261, #690, #1333 ) ) ;
#972 = ADVANCED_FACE ( 'NONE', ( #361 ), #1254, .T. ) ;
#973 = CIRCLE ( 'NONE', #1374, 0.3249999999999997891 ) ;
#974 = PLANE ( 'NONE',  #1418 ) ;
#975 = CARTESIAN_POINT ( 'NONE',  ( -2.750000000000000000, -0.9849484611796656131, -2.234948461179681711 ) ) ;
#976 = DIRECTION ( 'NONE',  ( 0.000000000000000000, 0.000000000000000000, 1.000000000000000000 ) ) ;
#977 = APPLICATION_CONTEXT ( 'automotive_design' ) ;
#978 = EDGE_CURVE ( 'NONE', #807, #1488, #333, .T. ) ;
#979 = COLOUR_RGB ( '',0.7921568627450980005, 0.8196078431372548767, 0.9333333333333333481 ) ;
#980 = ADVANCED_FACE ( 'NONE', ( #336 ), #933, .T. ) ;
#981 = FACE_OUTER_BOUND ( 'NONE', #253, .T. ) ;
#982 =( NAMED_UNIT ( * ) PLANE_ANGLE_UNIT ( ) SI_UNIT ( $, .RADIAN. ) );
#983 = LINE ( 'NONE', #449, #468 ) ;
#984 = DIRECTION ( 'NONE',  ( -0.000000000000000000, 0.000000000000000000, 1.000000000000000000 ) ) ;
#985 = APPLICATION_CONTEXT ( 'automotive_design' ) ;
#986 = PLANE ( 'NONE',  #401 ) ;
#987 = UNCERTAINTY_MEASURE_WITH_UNIT (LENGTH_MEASURE( 1.000000000000000082E-05 ), #1092, 'distance_accuracy_value', 'NONE');
#988 = DIRECTION ( 'NONE',  ( 0.000000000000000000, 0.000000000000000000, -1.000000000000000000 ) ) ;
#989 = CARTESIAN_POINT ( 'NONE',  ( 3.750000000000000000, -0.9849484611796799349, 2.015051538820320065 ) ) ;
#990 = LINE ( 'NONE', #1467, #1563 ) ;
#991 = ADVANCED_FACE ( 'NONE', ( #1462 ), #914, .T. ) ;
#992 = CARTESIAN_POINT ( 'NONE',  ( -3.479525245129056810, -0.8349484611796869071, 3.865051538820320154 ) ) ;
#993 = VECTOR ( 'NONE', #211, 1000.000000000000000 ) ;
#994 = EDGE_CURVE ( 'NONE', #717, #440, #365, .T. ) ;
#995 = AXIS2_PLACEMENT_3D ( 'NONE', #1225, #236, #608 ) ;
#996 = DIRECTION ( 'NONE',  ( 1.000000000000000000, 0.000000000000000000, 0.000000000000000000 ) ) ;
#997 = VECTOR ( 'NONE', #823, 1000.000000000000000 ) ;
#998 = EDGE_CURVE ( 'NONE', #1297, #225, #373, .T. ) ;
#999 = EDGE_CURVE ( 'NONE', #938, #817, #1457, .T. ) ;
#1000 = CYLINDRICAL_SURFACE ( 'NONE', #1466, 0.1199999999999994404 ) ;
#1001 = CARTESIAN_POINT ( 'NONE',  ( -2.000000000000000000, -0.9849484611796669453, -1.734948461179679935 ) ) ;
#1002 = CARTESIAN_POINT ( 'NONE',  ( 2.500000000000000000, -0.6849484611796800015, 2.015051538820320065 ) ) ;
#1003 = CARTESIAN_POINT ( 'NONE',  ( -3.479525245129056810, -0.8349484611796900158, 4.765051538820320509 ) ) ;
#1004 = AXIS2_PLACEMENT_3D ( 'NONE', #1120, #1534, #606 ) ;
#1005 = LINE ( 'NONE', #540, #456 ) ;
#1006 = DIRECTION ( 'NONE',  ( 0.000000000000000000, -0.000000000000000000, 1.000000000000000000 ) ) ;
#1007 = ADVANCED_FACE ( 'NONE', ( #904, #888 ), #300, .F. ) ;
#1008 = CARTESIAN_POINT ( 'NONE',  ( 1.899999999999999911, -0.8349484611796869071, 3.865051538820320154 ) ) ;
#1009 = VECTOR ( 'NONE', #1553, 1000.000000000000000 ) ;
#1010 = DIRECTION ( 'NONE',  ( 0.000000000000000000, 1.000000000000000000, 3.491481338843135327E-15 ) ) ;
#1011 = DIRECTION ( 'NONE',  ( 0.000000000000000000, -1.000000000000000000, 0.000000000000000000 ) ) ;
#1012 = CARTESIAN_POINT ( 'NONE',  ( 1.899999999999999911, 0.04505153882033659241, -2.764948461179680184 ) ) ;
#1013 = EDGE_CURVE ( 'NONE', #440, #762, #324, .T. ) ;
#1014 = CARTESIAN_POINT ( 'NONE',  ( 2.899999999999999911, 0.9850515388203134881, 3.915051538820315535 ) ) ;
#1015 = DIRECTION ( 'NONE',  ( 1.000000000000000000, 0.000000000000000000, 0.000000000000000000 ) ) ;
#1016 = CARTESIAN_POINT ( 'NONE',  ( 2.000000000000000000, -0.9849484611796669453, -1.734948461179685042 ) ) ;
#1017 = PRESENTATION_STYLE_ASSIGNMENT (( #1589 ) ) ;
#1018 = SHAPE_DEFINITION_REPRESENTATION ( #802, #1040 ) ;
#1019 = DIRECTION ( 'NONE',  ( 0.000000000000000000, 4.247389954066921700E-15, -1.000000000000000000 ) ) ;
#1020 = DIRECTION ( 'NONE',  ( 0.000000000000000000, 1.000000000000000000, 3.491481338843135327E-15 ) ) ;
#1021 = DIRECTION ( 'NONE',  ( 0.000000000000000000, 3.491481338843135327E-15, -1.000000000000000000 ) ) ;
#1022 = CARTESIAN_POINT ( 'NONE',  ( -1.899999999999999911, -1.014948461179661976, -2.884948461179679846 ) ) ;
#1023 = DIRECTION ( 'NONE',  ( -1.000000000000000000, 0.000000000000000000, 0.000000000000000000 ) ) ;
#1024 = EDGE_CURVE ( 'NONE', #927, #640, #896, .T. ) ;
#1025 = AXIS2_PLACEMENT_3D ( 'NONE', #1573, #1510, #1604 ) ;
#1026 = CARTESIAN_POINT ( 'NONE',  ( -1.899999999999999911, 0.1650515388203364908, -2.764948461179680184 ) ) ;
#1027 = PRODUCT_DEFINITION_FORMATION_WITH_SPECIFIED_SOURCE ( 'ANY', '', #9, .NOT_KNOWN. ) ;
#1028 = DIRECTION ( 'NONE',  ( 0.000000000000000000, 0.000000000000000000, -1.000000000000000000 ) ) ;
#1029 = SURFACE_SIDE_STYLE ('',( #942 ) ) ;
#1030 = CARTESIAN_POINT ( 'NONE',  ( 2.500000000000000000, -0.9849484611796728295, 0.01505153882031764860 ) ) ;
#1031 = CARTESIAN_POINT ( 'NONE',  ( -1.899999999999999911, -0.8349484611796900158, 4.765051538820320509 ) ) ;
#1032 = AXIS2_PLACEMENT_3D ( 'NONE', #1155, #759, #1090 ) ;
#1033 = DIRECTION ( 'NONE',  ( 0.000000000000000000, 3.491481338843135327E-15, -1.000000000000000000 ) ) ;
#1034 = EDGE_CURVE ( 'NONE', #1497, #185, #885, .T. ) ;
#1035 = CARTESIAN_POINT ( 'NONE',  ( -1.899999999999999911, -1.014948461179665973, -1.834948461179685131 ) ) ;
#1036 = VECTOR ( 'NONE', #617, 1000.000000000000000 ) ;
#1037 = EDGE_CURVE ( 'NONE', #817, #642, #882, .T. ) ;
#1038 = CARTESIAN_POINT ( 'NONE',  ( -1.899999999999999911, 0.1650515388203364908, -2.764948461179680184 ) ) ;
#1039 = LINE ( 'NONE', #1267, #1 ) ;
#1040 = SHAPE_REPRESENTATION ( 'CPT-7502-65-SMT-TR_CPT-7502-65-SMT-TR', ( #794 ), #218 ) ;
#1041 = LINE ( 'NONE', #824, #1591 ) ;
#1042 = DIRECTION ( 'NONE',  ( 0.000000000000000000, -2.770738885240750348E-14, 1.000000000000000000 ) ) ;
#1043 = PRESENTATION_STYLE_ASSIGNMENT (( #505 ) ) ;
#1044 = CARTESIAN_POINT ( 'NONE',  ( 1.899999999999999911, -0.8349484611796900158, 4.765051538820320509 ) ) ;
#1045 = VECTOR ( 'NONE', #579, 1000.000000000000000 ) ;
#1046 = CARTESIAN_POINT ( 'NONE',  ( -1.899999999999999911, -0.9349484611796630151, -2.884948461179679846 ) ) ;
#1047 = EDGE_CURVE ( 'NONE', #400, #113, #340, .T. ) ;
#1048 = CARTESIAN_POINT ( 'NONE',  ( 3.750000000000000000, -0.6849484611796800015, 2.015051538820320065 ) ) ;
#1049 = AXIS2_PLACEMENT_3D ( 'NONE', #462, #915, #549 ) ;
#1050 = MANIFOLD_SOLID_BREP ( 'Cut-Extrude3', #735 ) ;
#1051 = DIRECTION ( 'NONE',  ( 0.000000000000000000, 0.000000000000000000, -1.000000000000000000 ) ) ;
#1052 = EDGE_CURVE ( 'NONE', #886, #224, #857, .T. ) ;
#1053 = AXIS2_PLACEMENT_3D ( 'NONE', #1316, #467, #815 ) ;
#1054 = CARTESIAN_POINT ( 'NONE',  ( -2.000000000000000000, -0.8349484611796670341, -1.734948461179679935 ) ) ;
#1055 = ADVANCED_FACE ( 'NONE', ( #1416 ), #88, .F. ) ;
#1056 = DIRECTION ( 'NONE',  ( -1.445602896647339903E-16, -3.491481338843135327E-15, 1.000000000000000000 ) ) ;
#1057 = DIRECTION ( 'NONE',  ( 0.000000000000000000, -1.000000000000000000, -2.770738885240750348E-14 ) ) ;
#1058 = VECTOR ( 'NONE', #137, 1000.000000000000000 ) ;
#1059 = EDGE_CURVE ( 'NONE', #101, #784, #898, .T. ) ;
#1060 = DIRECTION ( 'NONE',  ( 0.000000000000000000, 0.000000000000000000, -1.000000000000000000 ) ) ;
#1061 = AXIS2_PLACEMENT_3D ( 'NONE', #48, #323, #465 ) ;
#1062 = FACE_OUTER_BOUND ( 'NONE', #1288, .T. ) ;
#1063 = VECTOR ( 'NONE', #86, 1000.000000000000000 ) ;
#1064 = STYLED_ITEM ( 'NONE', ( #1513 ), #1485 ) ;
#1065 = LINE ( 'NONE', #1355, #521 ) ;
#1066 = PLANE ( 'NONE',  #964 ) ;
#1067 = VECTOR ( 'NONE', #293, 1000.000000000000000 ) ;
#1068 = DIRECTION ( 'NONE',  ( 0.000000000000000000, -1.000000000000000000, 0.000000000000000000 ) ) ;
#1069 = DIRECTION ( 'NONE',  ( 0.000000000000000000, 0.000000000000000000, 1.000000000000000000 ) ) ;
#1070 = LINE ( 'NONE', #109, #569 ) ;
#1071 = ADVANCED_FACE ( 'NONE', ( #369 ), #70, .T. ) ;
#1072 = APPLICATION_PROTOCOL_DEFINITION ( 'draft international standard', 'automotive_design', 1998, #936 ) ;
#1073 = CYLINDRICAL_SURFACE ( 'NONE', #142, 0.2750000000000000777 ) ;
#1074 = EDGE_CURVE ( 'NONE', #762, #1269, #906, .T. ) ;
#1075 = CARTESIAN_POINT ( 'NONE',  ( 2.000000000000000000, -0.8349484611796639255, -2.734948461179679935 ) ) ;
#1076 = CARTESIAN_POINT ( 'NONE',  ( -3.479525245129056810, 0.1650515388203364908, -2.764948461179680184 ) ) ;
#1077 = DIRECTION ( 'NONE',  ( 1.000000000000000000, 0.000000000000000000, 0.000000000000000000 ) ) ;
#1078 = DIRECTION ( 'NONE',  ( 1.000000000000000000, 0.000000000000000000, 0.000000000000000000 ) ) ;
#1079 = VECTOR ( 'NONE', #1568, 1000.000000000000000 ) ;
#1080 = SURFACE_SIDE_STYLE ('',( #1420 ) ) ;
#1081 = CARTESIAN_POINT ( 'NONE',  ( -2.750000000000000000, -0.8349484611796657019, -2.234948461179681267 ) ) ;
#1082 = CIRCLE ( 'NONE', #787, 0.1199999999999994404 ) ;
#1083 = CARTESIAN_POINT ( 'NONE',  ( -3.479525245129056810, -0.9349484611796630151, -2.884948461179679402 ) ) ;
#1084 = LINE ( 'NONE', #150, #518 ) ;
#1085 = CARTESIAN_POINT ( 'NONE',  ( -3.750000000000000000, 0.9850515388203431311, -2.734948461179719015 ) ) ;
#1086 = LINE ( 'NONE', #934, #1058 ) ;
#1087 = CARTESIAN_POINT ( 'NONE',  ( 2.575000000000000178, -0.7849484611796870848, 3.915051538820309762 ) ) ;
#1088 = DIRECTION ( 'NONE',  ( 1.000000000000000000, 0.000000000000000000, 0.000000000000000000 ) ) ;
#1089 = CARTESIAN_POINT ( 'NONE',  ( 0.000000000000000000, -0.6849484611796770039, 1.015051538820319843 ) ) ;
#1090 = DIRECTION ( 'NONE',  ( 0.000000000000000000, 0.000000000000000000, 1.000000000000000000 ) ) ;
#1091 = FACE_OUTER_BOUND ( 'NONE', #1182, .T. ) ;
#1092 =( LENGTH_UNIT ( ) NAMED_UNIT ( * ) SI_UNIT ( .MILLI., .METRE. ) );
#1093 = CARTESIAN_POINT ( 'NONE',  ( 2.749999999999999556, -0.8349484611796894606, 4.540051538820318200 ) ) ;
#1094 = EDGE_CURVE ( 'NONE', #113, #1217, #1411, .T. ) ;
#1095 = AXIS2_PLACEMENT_3D ( 'NONE', #1331, #1477, #950 ) ;
#1096 = PLANE ( 'NONE',  #536 ) ;
#1097 = COLOUR_RGB ( '',0.7921568627450980005, 0.8196078431372548767, 0.9333333333333333481 ) ;
#1098 = EDGE_CURVE ( 'NONE', #172, #1306, #1451, .T. ) ;
#1099 = EDGE_CURVE ( 'NONE', #180, #427, #891, .T. ) ;
#1100 = FACE_OUTER_BOUND ( 'NONE', #1287, .T. ) ;
#1101 = CARTESIAN_POINT ( 'NONE',  ( 3.750000000000000000, 0.9850515388203102685, 4.765051538820320509 ) ) ;
#1102 = DIRECTION ( 'NONE',  ( 0.000000000000000000, -3.373073425510457669E-15, 1.000000000000000000 ) ) ;
#1103 = ADVANCED_FACE ( 'NONE', ( #1401 ), #486, .F. ) ;
#1104 = LINE ( 'NONE', #430, #587 ) ;
#1105 = VECTOR ( 'NONE', #884, 1000.000000000000000 ) ;
#1106 = VECTOR ( 'NONE', #1153, 1000.000000000000000 ) ;
#1107 = PLANE ( 'NONE',  #186 ) ;
#1108 = VECTOR ( 'NONE', #399, 1000.000000000000000 ) ;
#1109 = CARTESIAN_POINT ( 'NONE',  ( -3.479525245129056810, 0.1650515388203098177, 4.795051538820320758 ) ) ;
#1110 = CARTESIAN_POINT ( 'NONE',  ( 1.899999999999999911, -1.014948461179665973, -1.834948461179685131 ) ) ;
#1111 = DIRECTION ( 'NONE',  ( 0.000000000000000000, 4.247389954066921700E-15, -1.000000000000000000 ) ) ;
#1112 = CARTESIAN_POINT ( 'NONE',  ( 2.000000000000000000, -0.9849484611796858191, 3.765051538820320065 ) ) ;
#1113 = LINE ( 'NONE', #547, #68 ) ;
#1114 = EDGE_CURVE ( 'NONE', #736, #1247, #860, .T. ) ;
#1115 = LINE ( 'NONE', #1544, #77 ) ;
#1116 = AXIS2_PLACEMENT_3D ( 'NONE', #799, #524, #1127 ) ;
#1117 = LINE ( 'NONE', #410, #612 ) ;
#1118 = FACE_OUTER_BOUND ( 'NONE', #192, .T. ) ;
#1119 = STYLED_ITEM ( 'NONE', ( #1017 ), #545 ) ;
#1120 = CARTESIAN_POINT ( 'NONE',  ( -3.479525245129056810, -0.9349484611796630151, -2.804948461179680219 ) ) ;
#1121 = CARTESIAN_POINT ( 'NONE',  ( -2.000000000000000000, -0.9849484611796769373, 1.015051538820317845 ) ) ;
#1122 = CARTESIAN_POINT ( 'NONE',  ( -1.899999999999999911, -0.8349484611796639255, -2.734948461179679935 ) ) ;
#1123 = LINE ( 'NONE', #745, #1105 ) ;
#1124 = VECTOR ( 'NONE', #1498, 1000.000000000000000 ) ;
#1125 = PLANE ( 'NONE',  #512 ) ;
#1126 = VECTOR ( 'NONE', #719, 1000.000000000000000 ) ;
#1127 = DIRECTION ( 'NONE',  ( -1.000000000000000000, 0.000000000000000000, 0.000000000000000000 ) ) ;
#1128 = CIRCLE ( 'NONE', #599, 0.2750000000000000777 ) ;
#1129 = CARTESIAN_POINT ( 'NONE',  ( -3.479525245129056810, -0.8349484611796670341, -1.834948461179680024 ) ) ;
#1130 = DIRECTION ( 'NONE',  ( -1.000000000000000000, 0.000000000000000000, -0.000000000000000000 ) ) ;
#1131 = CARTESIAN_POINT ( 'NONE',  ( -3.479525245129056810, -1.014948461179661976, -2.804948461179680219 ) ) ;
#1132 = PLANE ( 'NONE',  #91 ) ;
#1133 = LINE ( 'NONE', #1046, #1106 ) ;
#1134 = AXIS2_PLACEMENT_3D ( 'NONE', #1294, #944, #424 ) ;
#1135 = ADVANCED_FACE ( 'NONE', ( #875 ), #1096, .T. ) ;
#1136 = CIRCLE ( 'NONE', #1482, 0.07999999999999934941 ) ;
#1137 = EDGE_CURVE ( 'NONE', #1514, #1497, #1406, .T. ) ;
#1138 = VECTOR ( 'NONE', #80, 1000.000000000000000 ) ;
#1139 = CARTESIAN_POINT ( 'NONE',  ( -3.750000000000000000, 0.9850515388203275879, 4.765051538820320509 ) ) ;
#1140 = DIRECTION ( 'NONE',  ( 0.000000000000000000, -1.000000000000000000, -4.247389954066921700E-15 ) ) ;
#1141 = CARTESIAN_POINT ( 'NONE',  ( -1.899999999999999911, -1.014948461179689954, 4.835051538820320793 ) ) ;
#1142 = VECTOR ( 'NONE', #414, 1000.000000000000000 ) ;
#1143 = LINE ( 'NONE', #956, #1126 ) ;
#1144 = CARTESIAN_POINT ( 'NONE',  ( 1.899999999999999911, -0.8349484611796670341, -1.834948461179680024 ) ) ;
#1145 = VECTOR ( 'NONE', #1242, 1000.000000000000000 ) ;
#1146 = LINE ( 'NONE', #1558, #61 ) ;
#1147 = DIRECTION ( 'NONE',  ( 0.000000000000000000, 3.491481338843135327E-15, -1.000000000000000000 ) ) ;
#1148 = EDGE_CURVE ( 'NONE', #316, #1295, #1423, .T. ) ;
#1149 = CARTESIAN_POINT ( 'NONE',  ( -2.000000000000000000, -0.9849484611796899269, 4.765051538820320509 ) ) ;
#1150 = FACE_OUTER_BOUND ( 'NONE', #766, .T. ) ;
#1151 = AXIS2_PLACEMENT_3D ( 'NONE', #311, #788, #18 ) ;
#1152 = VECTOR ( 'NONE', #625, 1000.000000000000000 ) ;
#1153 = DIRECTION ( 'NONE',  ( 0.000000000000000000, 1.000000000000000000, 0.000000000000000000 ) ) ;
#1154 = LINE ( 'NONE', #1207, #1213 ) ;
#1155 = CARTESIAN_POINT ( 'NONE',  ( -1.899999999999999911, 0.04505153882033659241, -2.764948461179680184 ) ) ;
#1156 = VECTOR ( 'NONE', #880, 1000.000000000000000 ) ;
#1157 = CARTESIAN_POINT ( 'NONE',  ( 1.899999999999999911, 0.1650515388203364908, -2.764948461179680184 ) ) ;
#1158 = ADVANCED_FACE ( 'NONE', ( #354 ), #986, .F. ) ;
#1159 = DIRECTION ( 'NONE',  ( 0.000000000000000000, -3.373073425510458853E-15, 1.000000000000000000 ) ) ;
#1160 = FACE_OUTER_BOUND ( 'NONE', #722, .T. ) ;
#1161 = LINE ( 'NONE', #366, #104 ) ;
#1162 = DIRECTION ( 'NONE',  ( 0.000000000000000000, 3.491481338843135327E-15, -1.000000000000000000 ) ) ;
#1163 = EDGE_LOOP ( 'NONE', ( #208, #355, #1417, #152 ) ) ;
#1164 = DIRECTION ( 'NONE',  ( 0.000000000000000000, -0.000000000000000000, 1.000000000000000000 ) ) ;
#1165 = LINE ( 'NONE', #527, #132 ) ;
#1166 = VERTEX_POINT ( 'NONE', #1048 ) ;
#1167 = EDGE_CURVE ( 'NONE', #243, #185, #877, .T. ) ;
#1168 = AXIS2_PLACEMENT_3D ( 'NONE', #1486, #492, #329 ) ;
#1169 = VECTOR ( 'NONE', #393, 1000.000000000000000 ) ;
#1170 = EDGE_CURVE ( 'NONE', #1166, #1396, #1439, .T. ) ;
#1171 = ORIENTED_EDGE ( 'NONE', *, *, #709, .T. ) ;
#1172 = CARTESIAN_POINT ( 'NONE',  ( 0.000000000000000000, -0.8349484611796770261, 1.015051538820317845 ) ) ;
#1173 = FACE_OUTER_BOUND ( 'NONE', #301, .T. ) ;
#1174 = EDGE_CURVE ( 'NONE', #451, #1230, #908, .T. ) ;
#1175 = ORIENTED_EDGE ( 'NONE', *, *, #1137, .F. ) ;
#1176 = FACE_OUTER_BOUND ( 'NONE', #1245, .T. ) ;
#1177 = ORIENTED_EDGE ( 'NONE', *, *, #827, .F. ) ;
#1178 = CIRCLE ( 'NONE', #1116, 0.3249999999999997891 ) ;
#1179 = ORIENTED_EDGE ( 'NONE', *, *, #338, .F. ) ;
#1180 = LINE ( 'NONE', #480, #1156 ) ;
#1181 = FILL_AREA_STYLE_COLOUR ( '', #979 ) ;
#1182 = EDGE_LOOP ( 'NONE', ( #1312, #697, #723, #1400 ) ) ;
#1183 = CARTESIAN_POINT ( 'NONE',  ( -3.479525245129056810, -1.014948461179689954, 4.835051538820320793 ) ) ;
#1184 = LINE ( 'NONE', #1503, #125 ) ;
#1185 = ORIENTED_EDGE ( 'NONE', *, *, #1437, .T. ) ;
#1186 = APPLICATION_PROTOCOL_DEFINITION ( 'draft international standard', 'automotive_design', 1998, #977 ) ;
#1187 = VECTOR ( 'NONE', #16, 1000.000000000000000 ) ;
#1188 = ADVANCED_FACE ( 'NONE', ( #1470 ), #1584, .F. ) ;
#1189 = ORIENTED_EDGE ( 'NONE', *, *, #1581, .T. ) ;
#1190 = CARTESIAN_POINT ( 'NONE',  ( 1.899999999999999911, -0.9349484611796630151, -2.804948461179680219 ) ) ;
#1191 = LINE ( 'NONE', #594, #130 ) ;
#1192 = EDGE_CURVE ( 'NONE', #217, #397, #419, .T. ) ;
#1193 = ORIENTED_EDGE ( 'NONE', *, *, #454, .F. ) ;
#1194 = FILL_AREA_STYLE_COLOUR ( '', #1097 ) ;
#1195 = AXIS2_PLACEMENT_3D ( 'NONE', #294, #530, #621 ) ;
#1196 = LINE ( 'NONE', #772, #151 ) ;
#1197 = CARTESIAN_POINT ( 'NONE',  ( -1.899999999999999911, 0.1650515388203100120, 4.765051538820320509 ) ) ;
#1198 =( NAMED_UNIT ( * ) SI_UNIT ( $, .STERADIAN. ) SOLID_ANGLE_UNIT ( ) );
#1199 = ORIENTED_EDGE ( 'NONE', *, *, #537, .F. ) ;
#1200 = DIRECTION ( 'NONE',  ( 0.000000000000000000, 4.023843114379212769E-15, -1.000000000000000000 ) ) ;
#1201 = DIRECTION ( 'NONE',  ( 0.000000000000000000, 3.154042683594193641E-15, -1.000000000000000000 ) ) ;
#1202 = FACE_OUTER_BOUND ( 'NONE', #810, .T. ) ;
#1203 = ORIENTED_EDGE ( 'NONE', *, *, #1520, .F. ) ;
#1204 = APPLICATION_CONTEXT ( 'automotive_design' ) ;
#1205 = VECTOR ( 'NONE', #1102, 1000.000000000000000 ) ;
#1206 = ORIENTED_EDGE ( 'NONE', *, *, #95, .T. ) ;
#1207 = CARTESIAN_POINT ( 'NONE',  ( -1.899999999999999911, -0.8349484611796639255, -2.734948461179679935 ) ) ;
#1208 = PLANE ( 'NONE',  #907 ) ;
#1209 = CARTESIAN_POINT ( 'NONE',  ( 3.750000000000000000, -0.9849484611796799349, 2.015051538820320065 ) ) ;
#1210 = LINE ( 'NONE', #1087, #632 ) ;
#1211 = ORIENTED_EDGE ( 'NONE', *, *, #1550, .F. ) ;
#1212 = DIRECTION ( 'NONE',  ( -1.000000000000000000, 0.000000000000000000, -0.000000000000000000 ) ) ;
#1213 = VECTOR ( 'NONE', #261, 1000.000000000000000 ) ;
#1214 = ORIENTED_EDGE ( 'NONE', *, *, #631, .T. ) ;
#1215 = CARTESIAN_POINT ( 'NONE',  ( -3.479525245129056810, 0.1650515388203364908, -2.734948461179679935 ) ) ;
#1216 = VECTOR ( 'NONE', #636, 1000.000000000000000 ) ;
#1217 = VERTEX_POINT ( 'NONE', #1382 ) ;
#1218 = LINE ( 'NONE', #97, #127 ) ;
#1219 = EDGE_LOOP ( 'NONE', ( #126, #348, #683, #145 ) ) ;
#1220 = CARTESIAN_POINT ( 'NONE',  ( -1.899999999999999911, -0.9349484611796899935, 4.915051538820319976 ) ) ;
#1221 = CARTESIAN_POINT ( 'NONE',  ( -1.899999999999999911, -0.8349484611796869071, 3.865051538820320154 ) ) ;
#1222 = ORIENTED_EDGE ( 'NONE', *, *, #1459, .F. ) ;
#1223 = DIRECTION ( 'NONE',  ( 0.000000000000000000, 3.548298019043467945E-15, -1.000000000000000000 ) ) ;
#1224 = ORIENTED_EDGE ( 'NONE', *, *, #7, .T. ) ;
#1225 = CARTESIAN_POINT ( 'NONE',  ( 2.749999999999999556, -0.8349484611796884614, 4.265051538820317845 ) ) ;
#1226 = ORIENTED_EDGE ( 'NONE', *, *, #344, .T. ) ;
#1227 = ADVANCED_FACE ( 'NONE', ( #958 ), #108, .T. ) ;
#1228 = ORIENTED_EDGE ( 'NONE', *, *, #1013, .T. ) ;
#1229 = AXIS2_PLACEMENT_3D ( 'NONE', #1419, #290, #26 ) ;
#1230 = VERTEX_POINT ( 'NONE', #1474 ) ;
#1231 = ORIENTED_EDGE ( 'NONE', *, *, #232, .F. ) ;
#1232 = DIRECTION ( 'NONE',  ( 0.000000000000000000, -3.373073425510457275E-15, 1.000000000000000000 ) ) ;
#1233 = EDGE_LOOP ( 'NONE', ( #334, #337, #1387, #1211 ) ) ;
#1234 = ORIENTED_EDGE ( 'NONE', *, *, #1593, .T. ) ;
#1235 = DIRECTION ( 'NONE',  ( 0.000000000000000000, -1.000000000000000000, -3.491481338843135327E-15 ) ) ;
#1236 = CARTESIAN_POINT ( 'NONE',  ( 1.899999999999999911, -0.8349484611796900158, 4.765051538820320509 ) ) ;
#1237 = ORIENTED_EDGE ( 'NONE', *, *, #863, .T. ) ;
#1238 = DIRECTION ( 'NONE',  ( 0.000000000000000000, 4.247389954066921700E-15, -1.000000000000000000 ) ) ;
#1239 = VERTEX_POINT ( 'NONE', #1582 ) ;
#1240 = ORIENTED_EDGE ( 'NONE', *, *, #1603, .T. ) ;
#1241 = VERTEX_POINT ( 'NONE', #475 ) ;
#1242 = DIRECTION ( 'NONE',  ( 0.000000000000000000, 1.000000000000000000, 3.491481338843135327E-15 ) ) ;
#1243 = ORIENTED_EDGE ( 'NONE', *, *, #1533, .F. ) ;
#1244 = ADVANCED_FACE ( 'NONE', ( #1490 ), #937, .F. ) ;
#1245 = EDGE_LOOP ( 'NONE', ( #325, #1281, #174, #726 ) ) ;
#1246 = EDGE_CURVE ( 'NONE', #1306, #110, #1475, .T. ) ;
#1247 = VERTEX_POINT ( 'NONE', #275 ) ;
#1248 = ORIENTED_EDGE ( 'NONE', *, *, #485, .T. ) ;
#1249 = CARTESIAN_POINT ( 'NONE',  ( 3.750000000000000000, -0.9849484611796899269, 4.765051538820320509 ) ) ;
#1250 = AXIS2_PLACEMENT_3D ( 'NONE', #1249, #878, #377 ) ;
#1251 = EDGE_LOOP ( 'NONE', ( #212, #209, #747, #694, #826, #1286, #680, #702 ) ) ;
#1252 = DIRECTION ( 'NONE',  ( 0.000000000000000000, 0.000000000000000000, 1.000000000000000000 ) ) ;
#1253 = EDGE_LOOP ( 'NONE', ( #796, #1359, #832, #847 ) ) ;
#1254 = PLANE ( 'NONE',  #1151 ) ;
#1255 = DIRECTION ( 'NONE',  ( 0.000000000000000000, 3.548298019043467945E-15, -1.000000000000000000 ) ) ;
#1256 = VERTEX_POINT ( 'NONE', #1403 ) ;
#1257 = ORIENTED_EDGE ( 'NONE', *, *, #846, .T. ) ;
#1258 = ORIENTED_EDGE ( 'NONE', *, *, #1034, .F. ) ;
#1259 = VERTEX_POINT ( 'NONE', #1575 ) ;
#1260 = ORIENTED_EDGE ( 'NONE', *, *, #620, .T. ) ;
#1261 = ORIENTED_EDGE ( 'NONE', *, *, #674, .T. ) ;
#1262 = CARTESIAN_POINT ( 'NONE',  ( -1.899999999999999911, -0.8349484611796670341, -1.834948461179680024 ) ) ;
#1263 = ORIENTED_EDGE ( 'NONE', *, *, #729, .F. ) ;
#1264 = DIRECTION ( 'NONE',  ( 0.000000000000000000, -1.000000000000000000, -3.491481338843135327E-15 ) ) ;
#1265 = VERTEX_POINT ( 'NONE', #1101 ) ;
#1266 = CARTESIAN_POINT ( 'NONE',  ( -3.479525245129056810, 0.1650515388203364908, -2.764948461179680184 ) ) ;
#1267 = CARTESIAN_POINT ( 'NONE',  ( -3.750000000000000000, 0.9850515388203431311, -2.734948461179665724 ) ) ;
#1268 = EDGE_LOOP ( 'NONE', ( #268, #154, #297, #1199 ) ) ;
#1269 = VERTEX_POINT ( 'NONE', #531 ) ;
#1270 = EDGE_CURVE ( 'NONE', #886, #179, #442, .T. ) ;
#1271 = CARTESIAN_POINT ( 'NONE',  ( 3.750000000000000000, -0.9849484611796639477, -2.734948461179679935 ) ) ;
#1272 = ORIENTED_EDGE ( 'NONE', *, *, #731, .F. ) ;
#1273 = EDGE_CURVE ( 'NONE', #1256, #784, #1481, .T. ) ;
#1274 = EDGE_LOOP ( 'NONE', ( #166, #1427, #158, #260 ) ) ;
#1275 = EDGE_CURVE ( 'NONE', #739, #1376, #384, .T. ) ;
#1276 = EDGE_LOOP ( 'NONE', ( #814, #1260, #649, #871 ) ) ;
#1277 = EDGE_CURVE ( 'NONE', #750, #117, #929, .T. ) ;
#1278 = VERTEX_POINT ( 'NONE', #756 ) ;
#1279 = CARTESIAN_POINT ( 'NONE',  ( -3.479525245129056810, -1.014948461179665973, -1.834948461179685131 ) ) ;
#1280 = CARTESIAN_POINT ( 'NONE',  ( 3.750000000000000000, -0.9849484611796639477, -2.734948461179679935 ) ) ;
#1281 = ORIENTED_EDGE ( 'NONE', *, *, #1459, .T. ) ;
#1282 = ORIENTED_EDGE ( 'NONE', *, *, #1167, .F. ) ;
#1283 = DIRECTION ( 'NONE',  ( 1.000000000000000000, 0.000000000000000000, 0.000000000000000000 ) ) ;
#1284 = CARTESIAN_POINT ( 'NONE',  ( 1.899999999999999911, -0.9349484611796899935, 4.915051538820319976 ) ) ;
#1285 = VERTEX_POINT ( 'NONE', #1221 ) ;
#1286 = ORIENTED_EDGE ( 'NONE', *, *, #32, .F. ) ;
#1287 = EDGE_LOOP ( 'NONE', ( #765, #1518, #706, #231 ) ) ;
#1288 = EDGE_LOOP ( 'NONE', ( #1263, #1293, #909, #411, #1222, #836, #256, #657 ) ) ;
#1289 = ORIENTED_EDGE ( 'NONE', *, *, #6, .F. ) ;
#1290 = ORIENTED_EDGE ( 'NONE', *, *, #846, .F. ) ;
#1291 = CARTESIAN_POINT ( 'NONE',  ( -3.479525245129056810, -0.8349484611796639255, -2.734948461179679935 ) ) ;
#1292 = EDGE_LOOP ( 'NONE', ( #342, #1336, #210, #1231 ) ) ;
#1293 = ORIENTED_EDGE ( 'NONE', *, *, #347, .F. ) ;
#1294 = CARTESIAN_POINT ( 'NONE',  ( 2.749999999999999556, -0.9849484611796884836, 4.265051538820316956 ) ) ;
#1295 = VERTEX_POINT ( 'NONE', #1236 ) ;
#1296 = CARTESIAN_POINT ( 'NONE',  ( 0.000000000000000000, 0.000000000000000000, 0.000000000000000000 ) ) ;
#1297 = VERTEX_POINT ( 'NONE', #1364 ) ;
#1298 = PRESENTATION_LAYER_ASSIGNMENT (  '', '', ( #813 ) ) ;
#1299 = DIRECTION ( 'NONE',  ( 0.000000000000000000, 1.000000000000000000, 0.000000000000000000 ) ) ;
#1300 = ORIENTED_EDGE ( 'NONE', *, *, #58, .T. ) ;
#1301 = ORIENTED_EDGE ( 'NONE', *, *, #905, .F. ) ;
#1302 = ORIENTED_EDGE ( 'NONE', *, *, #1270, .F. ) ;
#1303 = EDGE_LOOP ( 'NONE', ( #737, #793, #730, #314 ) ) ;
#1304 = PRODUCT_DEFINITION ( 'UNKNOWN', '', #1027, #811 ) ;
#1305 = DIRECTION ( 'NONE',  ( 1.000000000000000000, 0.000000000000000000, 0.000000000000000000 ) ) ;
#1306 = VERTEX_POINT ( 'NONE', #1391 ) ;
#1307 = EDGE_LOOP ( 'NONE', ( #744, #698, #156, #1402, #1193, #707, #177, #748 ) ) ;
#1308 = DIRECTION ( 'NONE',  ( 0.000000000000000000, 1.000000000000000000, 3.491481338843135327E-15 ) ) ;
#1309 = ORIENTED_EDGE ( 'NONE', *, *, #378, .T. ) ;
#1310 = VERTEX_POINT ( 'NONE', #277 ) ;
#1311 = ORIENTED_EDGE ( 'NONE', *, *, #1052, .T. ) ;
#1312 = ORIENTED_EDGE ( 'NONE', *, *, #1059, .T. ) ;
#1313 = EDGE_LOOP ( 'NONE', ( #855, #1436 ) ) ;
#1314 = ORIENTED_EDGE ( 'NONE', *, *, #10, .T. ) ;
#1315 = DIRECTION ( 'NONE',  ( 0.000000000000000000, -1.000000000000000000, -3.491481338843135327E-15 ) ) ;
#1316 = CARTESIAN_POINT ( 'NONE',  ( 2.899999999999999911, -0.7849484611796870848, 3.915051538820309762 ) ) ;
#1317 = ORIENTED_EDGE ( 'NONE', *, *, #403, .F. ) ;
#1318 = ORIENTED_EDGE ( 'NONE', *, *, #844, .F. ) ;
#1319 = EDGE_CURVE ( 'NONE', #1396, #427, #970, .T. ) ;
#1320 = UNCERTAINTY_MEASURE_WITH_UNIT (LENGTH_MEASURE( 1.000000000000000082E-05 ), #78, 'distance_accuracy_value', 'NONE');
#1321 = CARTESIAN_POINT ( 'NONE',  ( -2.750000000000000000, -0.9849484611796656131, -2.234948461179681711 ) ) ;
#1322 = ORIENTED_EDGE ( 'NONE', *, *, #1074, .T. ) ;
#1323 = AXIS2_PLACEMENT_3D ( 'NONE', #913, #786, #1252 ) ;
#1324 = ORIENTED_EDGE ( 'NONE', *, *, #1372, .T. ) ;
#1325 = CARTESIAN_POINT ( 'NONE',  ( -2.000000000000000000, -0.8349484611796860190, 3.765051538820320065 ) ) ;
#1326 = ORIENTED_EDGE ( 'NONE', *, *, #1515, .F. ) ;
#1327 = CARTESIAN_POINT ( 'NONE',  ( -3.750000000000000000, 0.9850515388203102685, 4.765051538820320509 ) ) ;
#1328 = ORIENTED_EDGE ( 'NONE', *, *, #631, .F. ) ;
#1329 = ORIENTED_EDGE ( 'NONE', *, *, #674, .F. ) ;
#1330 = ORIENTED_EDGE ( 'NONE', *, *, #59, .T. ) ;
#1331 = CARTESIAN_POINT ( 'NONE',  ( -4.000000000000000000, -0.6849484611796730071, 0.01505153882031875015 ) ) ;
#1332 = DIRECTION ( 'NONE',  ( 0.000000000000000000, 1.000000000000000000, 0.000000000000000000 ) ) ;
#1333 = ORIENTED_EDGE ( 'NONE', *, *, #994, .T. ) ;
#1334 = DIRECTION ( 'NONE',  ( 0.000000000000000000, -1.000000000000000000, -3.491481338843135327E-15 ) ) ;
#1335 = ORIENTED_EDGE ( 'NONE', *, *, #1024, .T. ) ;
#1336 = ORIENTED_EDGE ( 'NONE', *, *, #729, .T. ) ;
#1337 = DIRECTION ( 'NONE',  ( -1.000000000000000000, 0.000000000000000000, 9.603429163007604075E-15 ) ) ;
#1338 = EDGE_LOOP ( 'NONE', ( #858, #1171, #1309, #797 ) ) ;
#1339 = ORIENTED_EDGE ( 'NONE', *, *, #1319, .F. ) ;
#1340 = ORIENTED_EDGE ( 'NONE', *, *, #1273, .F. ) ;
#1341 = ADVANCED_FACE ( 'NONE', ( #1496, #450, #1499 ), #519, .T. ) ;
#1342 = VERTEX_POINT ( 'NONE', #902 ) ;
#1343 = AXIS2_PLACEMENT_3D ( 'NONE', #561, #696, #481 ) ;
#1344 = DIRECTION ( 'NONE',  ( 0.000000000000000000, 3.154042683594193641E-15, -1.000000000000000000 ) ) ;
#1345 = EDGE_CURVE ( 'NONE', #228, #720, #1508, .T. ) ;
#1346 = ORIENTED_EDGE ( 'NONE', *, *, #1365, .F. ) ;
#1347 = DIRECTION ( 'NONE',  ( 0.000000000000000000, 1.000000000000000000, 3.491481338843135327E-15 ) ) ;
#1348 = EDGE_CURVE ( 'NONE', #217, #1514, #409, .T. ) ;
#1349 = ORIENTED_EDGE ( 'NONE', *, *, #58, .F. ) ;
#1350 = DIRECTION ( 'NONE',  ( 1.000000000000000000, 0.000000000000000000, 0.000000000000000000 ) ) ;
#1351 = AXIS2_PLACEMENT_3D ( 'NONE', #526, #1088, #96 ) ;
#1352 = ORIENTED_EDGE ( 'NONE', *, *, #214, .T. ) ;
#1353 = DIRECTION ( 'NONE',  ( 1.000000000000000000, 0.000000000000000000, 0.000000000000000000 ) ) ;
#1354 = ORIENTED_EDGE ( 'NONE', *, *, #1564, .F. ) ;
#1355 = CARTESIAN_POINT ( 'NONE',  ( 1.899999999999999911, 0.04505153882030969725, 4.915051538820319976 ) ) ;
#1356 = CARTESIAN_POINT ( 'NONE',  ( 0.000000000000000000, -0.9849484611796669453, -1.734948461179679935 ) ) ;
#1357 = FILL_AREA_STYLE ('',( #1181 ) ) ;
#1358 = ADVANCED_FACE ( 'NONE', ( #444 ), #380, .T. ) ;
#1359 = ORIENTED_EDGE ( 'NONE', *, *, #403, .T. ) ;
#1360 = CARTESIAN_POINT ( 'NONE',  ( -2.500000000000000000, -0.6849484611796730071, 0.01505153882031894964 ) ) ;
#1361 =( REPRESENTATION_RELATIONSHIP ('NONE','NONE', #15, #1040 ) REPRESENTATION_RELATIONSHIP_WITH_TRANSFORMATION ( #1566 )SHAPE_REPRESENTATION_RELATIONSHIP( ) );
#1362 = PLANE ( 'NONE',  #1250 ) ;
#1363 = DIRECTION ( 'NONE',  ( 0.000000000000000000, 1.000000000000000000, 0.000000000000000000 ) ) ;
#1364 = CARTESIAN_POINT ( 'NONE',  ( -2.000000000000000000, -0.8349484611796900158, 4.765051538820320509 ) ) ;
#1365 = EDGE_CURVE ( 'NONE', #640, #739, #1492, .T. ) ;
#1366 = CARTESIAN_POINT ( 'NONE',  ( -3.479525245129056810, -0.9349484611796630151, -2.884948461179679846 ) ) ;
#1367 = AXIS2_PLACEMENT_3D ( 'NONE', #1321, #862, #1201 ) ;
#1368 = EDGE_CURVE ( 'NONE', #110, #316, #1523, .T. ) ;
#1369 = DIRECTION ( 'NONE',  ( -0.000000000000000000, -1.000000000000000000, -3.491481338843134933E-15 ) ) ;
#1370 = ORIENTED_EDGE ( 'NONE', *, *, #551, .F. ) ;
#1371 = DIRECTION ( 'NONE',  ( 0.000000000000000000, -1.000000000000000000, -3.491481338843135327E-15 ) ) ;
#1372 = EDGE_CURVE ( 'NONE', #101, #1239, #973, .T. ) ;
#1373 = ADVANCED_FACE ( 'NONE', ( #426 ), #412, .T. ) ;
#1374 = AXIS2_PLACEMENT_3D ( 'NONE', #1404, #1010, #510 ) ;
#1375 = ORIENTED_EDGE ( 'NONE', *, *, #783, .F. ) ;
#1376 = VERTEX_POINT ( 'NONE', #741 ) ;
#1377 = CARTESIAN_POINT ( 'NONE',  ( 2.500000000000000000, -0.9849484611796769373, 1.015051538820317845 ) ) ;
#1378 = DIRECTION ( 'NONE',  ( 0.000000000000000000, -1.000000000000000000, -3.491481338843135327E-15 ) ) ;
#1379 = DIRECTION ( 'NONE',  ( 0.000000000000000000, 3.491481338843135327E-15, -1.000000000000000000 ) ) ;
#1380 = DIRECTION ( 'NONE',  ( -1.000000000000000000, 0.000000000000000000, 0.000000000000000000 ) ) ;
#1381 = ORIENTED_EDGE ( 'NONE', *, *, #59, .F. ) ;
#1382 = CARTESIAN_POINT ( 'NONE',  ( 2.749999999999999556, -0.9849484611796875955, 3.990051538820317045 ) ) ;
#1383 = CARTESIAN_POINT ( 'NONE',  ( -1.899999999999999911, 0.04505153882031019685, 4.795051538820320758 ) ) ;
#1384 =( NAMED_UNIT ( * ) SI_UNIT ( $, .STERADIAN. ) SOLID_ANGLE_UNIT ( ) );
#1385 = EDGE_LOOP ( 'NONE', ( #1424, #1408, #322, #1226 ) ) ;
#1386 = PLANE ( 'NONE',  #455 ) ;
#1387 = ORIENTED_EDGE ( 'NONE', *, *, #1094, .T. ) ;
#1388 = ADVANCED_FACE ( 'NONE', ( #388 ), #771, .T. ) ;
#1389 = ORIENTED_EDGE ( 'NONE', *, *, #654, .T. ) ;
#1390 = CARTESIAN_POINT ( 'NONE',  ( 2.749999999999999556, -0.8349484611796874622, 3.990051538820317933 ) ) ;
#1391 = CARTESIAN_POINT ( 'NONE',  ( 1.899999999999999911, -1.014948461179689954, 4.835051538820320793 ) ) ;
#1392 = CARTESIAN_POINT ( 'NONE',  ( -2.500000000000000000, -0.6849484611796770039, 1.015051538820319843 ) ) ;
#1393 = AXIS2_PLACEMENT_3D ( 'NONE', #27, #1431, #1223 ) ;
#1394 = ORIENTED_EDGE ( 'NONE', *, *, #1319, .T. ) ;
#1395 =( NAMED_UNIT ( * ) PLANE_ANGLE_UNIT ( ) SI_UNIT ( $, .RADIAN. ) );
#1396 = VERTEX_POINT ( 'NONE', #1002 ) ;
#1397 = EDGE_CURVE ( 'NONE', #1269, #220, #948, .T. ) ;
#1398 = PRESENTATION_LAYER_ASSIGNMENT (  '', '', ( #1119 ) ) ;
#1399 = CARTESIAN_POINT ( 'NONE',  ( -2.000000000000000000, -0.8349484611796900158, 4.965051538820320687 ) ) ;
#1400 = ORIENTED_EDGE ( 'NONE', *, *, #1372, .F. ) ;
#1401 = FACE_OUTER_BOUND ( 'NONE', #171, .T. ) ;
#1402 = ORIENTED_EDGE ( 'NONE', *, *, #538, .F. ) ;
#1403 = CARTESIAN_POINT ( 'NONE',  ( 2.575000000000000178, 0.9850515388203148204, 3.915051538820315535 ) ) ;
#1404 = CARTESIAN_POINT ( 'NONE',  ( 2.899999999999999911, -0.7849484611796870848, 3.915051538820309762 ) ) ;
#1405 = CARTESIAN_POINT ( 'NONE',  ( 0.000000000000000000, -0.8349484611796770261, 1.015051538820317845 ) ) ;
#1406 = CIRCLE ( 'NONE', #257, 0.1199999999999998845 ) ;
#1407 = ADVANCED_FACE ( 'NONE', ( #951 ), #1516, .F. ) ;
#1408 = ORIENTED_EDGE ( 'NONE', *, *, #32, .T. ) ;
#1409 = CARTESIAN_POINT ( 'NONE',  ( 3.750000000000000000, -0.9849484611796899269, 4.765051538820320509 ) ) ;
#1410 = CARTESIAN_POINT ( 'NONE',  ( -2.000000000000000000, -0.9849484611796639477, -2.734948461179679935 ) ) ;
#1411 = CIRCLE ( 'NONE', #843, 0.2750000000000000777 ) ;
#1412 = ORIENTED_EDGE ( 'NONE', *, *, #523, .T. ) ;
#1413 = DIRECTION ( 'NONE',  ( 0.000000000000000000, -3.373073425510458064E-15, 1.000000000000000000 ) ) ;
#1414 = ORIENTED_EDGE ( 'NONE', *, *, #1365, .T. ) ;
#1415 = EDGE_CURVE ( 'NONE', #1166, #1421, #1479, .T. ) ;
#1416 = FACE_OUTER_BOUND ( 'NONE', #800, .T. ) ;
#1417 = ORIENTED_EDGE ( 'NONE', *, *, #516, .T. ) ;
#1418 = AXIS2_PLACEMENT_3D ( 'NONE', #1366, #1060, #1212 ) ;
#1419 = CARTESIAN_POINT ( 'NONE',  ( 0.000000000000000000, -0.9849484611796769373, 1.015051538820317845 ) ) ;
#1420 = SURFACE_STYLE_FILL_AREA ( #1602 ) ;
#1421 = VERTEX_POINT ( 'NONE', #1209 ) ;
#1422 = DIRECTION ( 'NONE',  ( 0.000000000000000000, 1.000000000000000000, 3.491481338843135327E-15 ) ) ;
#1423 = LINE ( 'NONE', #1008, #1454 ) ;
#1424 = ORIENTED_EDGE ( 'NONE', *, *, #287, .T. ) ;
#1425 = AXIS2_PLACEMENT_3D ( 'NONE', #725, #418, #1527 ) ;
#1426 = VECTOR ( 'NONE', #339, 1000.000000000000000 ) ;
#1427 = ORIENTED_EDGE ( 'NONE', *, *, #255, .T. ) ;
#1428 = COLOUR_RGB ( '',0.2509803921568627416, 0.2509803921568627416, 0.2509803921568627416 ) ;
#1429 = VERTEX_POINT ( 'NONE', #121 ) ;
#1430 = DIRECTION ( 'NONE',  ( 1.000000000000000000, 0.000000000000000000, 0.000000000000000000 ) ) ;
#1431 = DIRECTION ( 'NONE',  ( -0.000000000000000000, -1.000000000000000000, -3.491481338843134933E-15 ) ) ;
#1432 = ORIENTED_EDGE ( 'NONE', *, *, #1174, .F. ) ;
#1433 = DIRECTION ( 'NONE',  ( 0.000000000000000000, 0.000000000000000000, 1.000000000000000000 ) ) ;
#1434 = CARTESIAN_POINT ( 'NONE',  ( 1.899999999999999911, -0.8349484611796639255, -2.734948461179679935 ) ) ;
#1435 = VECTOR ( 'NONE', #700, 1000.000000000000000 ) ;
#1436 = ORIENTED_EDGE ( 'NONE', *, *, #318, .F. ) ;
#1437 = EDGE_CURVE ( 'NONE', #224, #938, #954, .T. ) ;
#1438 = CARTESIAN_POINT ( 'NONE',  ( 1.899999999999999911, -0.8349484611796639255, -2.734948461179679935 ) ) ;
#1439 = LINE ( 'NONE', #562, #367 ) ;
#1440 = AXIS2_PLACEMENT_3D ( 'NONE', #1022, #163, #1433 ) ;
#1441 = EDGE_CURVE ( 'NONE', #941, #219, #438, .T. ) ;
#1442 = VECTOR ( 'NONE', #1369, 1000.000000000000000 ) ;
#1443 = CARTESIAN_POINT ( 'NONE',  ( 2.000000000000000000, -0.8349484611796670341, -1.734948461179679935 ) ) ;
#1444 = VECTOR ( 'NONE', #469, 1000.000000000000000 ) ;
#1445 = ORIENTED_EDGE ( 'NONE', *, *, #1348, .T. ) ;
#1446 = CARTESIAN_POINT ( 'NONE',  ( 2.000000000000000000, -0.8349484611796860190, 3.765051538820320065 ) ) ;
#1447 = CARTESIAN_POINT ( 'NONE',  ( 1.015051538820320509, 1.014948461179673744, -9.757819552369632992E-15 ) ) ;
#1448 = VECTOR ( 'NONE', #29, 1000.000000000000000 ) ;
#1449 = ORIENTED_EDGE ( 'NONE', *, *, #967, .F. ) ;
#1450 = DIRECTION ( 'NONE',  ( -3.614007241618350250E-16, 0.000000000000000000, 1.000000000000000000 ) ) ;
#1451 = LINE ( 'NONE', #1183, #864 ) ;
#1452 = VECTOR ( 'NONE', #116, 1000.000000000000000 ) ;
#1453 = DIRECTION ( 'NONE',  ( 0.000000000000000000, 0.000000000000000000, -1.000000000000000000 ) ) ;
#1454 = VECTOR ( 'NONE', #1232, 1000.000000000000000 ) ;
#1455 = VERTEX_POINT ( 'NONE', #943 ) ;
#1456 = DIRECTION ( 'NONE',  ( 1.000000000000000000, -1.514188661106530136E-30, 4.336808689942020201E-16 ) ) ;
#1457 = LINE ( 'NONE', #542, #352 ) ;
#1458 = ORIENTED_EDGE ( 'NONE', *, *, #435, .T. ) ;
#1459 = EDGE_CURVE ( 'NONE', #1429, #927, #918, .T. ) ;
#1460 = AXIS2_PLACEMENT_3D ( 'NONE', #1054, #693, #390 ) ;
#1461 = CARTESIAN_POINT ( 'NONE',  ( -2.000000000000000000, -0.8349484611796639255, -2.734948461179679935 ) ) ;
#1462 = FACE_OUTER_BOUND ( 'NONE', #965, .T. ) ;
#1463 = UNCERTAINTY_MEASURE_WITH_UNIT (LENGTH_MEASURE( 1.000000000000000082E-05 ), #689, 'distance_accuracy_value', 'NONE');
#1464 = ADVANCED_FACE ( 'NONE', ( #1511 ), #398, .F. ) ;
#1465 = VECTOR ( 'NONE', #370, 1000.000000000000000 ) ;
#1466 = AXIS2_PLACEMENT_3D ( 'NONE', #37, #317, #1453 ) ;
#1467 = CARTESIAN_POINT ( 'NONE',  ( 3.750000000000000000, -0.6849484611796640143, -2.734948461179679935 ) ) ;
#1468 = CARTESIAN_POINT ( 'NONE',  ( 2.749999999999999556, -0.9849484611796884836, 4.265051538820316956 ) ) ;
#1469 = COLOUR_RGB ( '',0.7921568627450980005, 0.8196078431372548767, 0.9333333333333333481 ) ;
#1470 = FACE_OUTER_BOUND ( 'NONE', #1501, .T. ) ;
#1471 = EDGE_LOOP ( 'NONE', ( #404, #175, #718, #1175 ) ) ;
#1472 = CARTESIAN_POINT ( 'NONE',  ( -2.000000000000000000, -0.9849484611796899269, 4.765051538820320509 ) ) ;
#1473 = VECTOR ( 'NONE', #595, 1000.000000000000000 ) ;
#1474 = CARTESIAN_POINT ( 'NONE',  ( -2.000000000000000000, -0.8349484611796670341, -1.734948461179679935 ) ) ;
#1475 = LINE ( 'NONE', #573, #935 ) ;
#1476 = EDGE_LOOP ( 'NONE', ( #1394, #237, #853, #839 ) ) ;
#1477 = DIRECTION ( 'NONE',  ( 1.445602896647339903E-16, 3.491481338843135327E-15, -1.000000000000000000 ) ) ;
#1478 = DIRECTION ( 'NONE',  ( 1.000000000000000000, 0.000000000000000000, 0.000000000000000000 ) ) ;
#1479 = LINE ( 'NONE', #989, #447 ) ;
#1480 = PLANE ( 'NONE',  #1536 ) ;
#1481 = CIRCLE ( 'NONE', #658, 0.3249999999999997891 ) ;
#1482 = AXIS2_PLACEMENT_3D ( 'NONE', #304, #779, #677 ) ;
#1483 = CARTESIAN_POINT ( 'NONE',  ( 0.000000000000000000, 0.000000000000000000, 0.000000000000000000 ) ) ;
#1484 = CARTESIAN_POINT ( 'NONE',  ( 1.899999999999999911, 0.1650515388203364908, -2.734948461179679935 ) ) ;
#1485 = MANIFOLD_SOLID_BREP ( 'Boss-Extrude1[1]', #196 ) ;
#1486 = CARTESIAN_POINT ( 'NONE',  ( 2.000000000000000000, -0.8349484611796860190, 3.765051538820320065 ) ) ;
#1487 = VECTOR ( 'NONE', #1599, 1000.000000000000000 ) ;
#1488 = VERTEX_POINT ( 'NONE', #669 ) ;
#1489 = ADVANCED_FACE ( 'NONE', ( #458 ), #464, .T. ) ;
#1490 = FACE_OUTER_BOUND ( 'NONE', #1303, .T. ) ;
#1491 = CARTESIAN_POINT ( 'NONE',  ( -1.899999999999999911, -1.014948461179661976, -2.804948461179680219 ) ) ;
#1492 = LINE ( 'NONE', #1109, #413 ) ;
#1493 = DIRECTION ( 'NONE',  ( 0.000000000000000000, 0.000000000000000000, 1.000000000000000000 ) ) ;
#1494 = VERTEX_POINT ( 'NONE', #1139 ) ;
#1495 = EDGE_CURVE ( 'NONE', #250, #235, #474, .T. ) ;
#1496 = FACE_BOUND ( 'NONE', #1313, .T. ) ;
#1497 = VERTEX_POINT ( 'NONE', #1157 ) ;
#1498 = DIRECTION ( 'NONE',  ( 0.000000000000000000, -1.000000000000000000, -3.491481338843135327E-15 ) ) ;
#1499 = FACE_OUTER_BOUND ( 'NONE', #971, .T. ) ;
#1500 = EDGE_LOOP ( 'NONE', ( #265, #157, #727, #1326, #161, #1203, #1349, #782 ) ) ;
#1501 = EDGE_LOOP ( 'NONE', ( #128, #842, #671, #259 ) ) ;
#1502 = CARTESIAN_POINT ( 'NONE',  ( -3.750000000000000000, -0.9849484611796899269, 4.765051538820320509 ) ) ;
#1503 = CARTESIAN_POINT ( 'NONE',  ( -3.479525245129056810, -0.8349484611796670341, -1.834948461179680024 ) ) ;
#1504 = DIRECTION ( 'NONE',  ( 0.000000000000000000, 4.003208021484941694E-15, -1.000000000000000000 ) ) ;
#1505 = DIRECTION ( 'NONE',  ( 0.000000000000000000, -1.000000000000000000, 0.000000000000000000 ) ) ;
#1506 = VERTEX_POINT ( 'NONE', #69 ) ;
#1507 = DIRECTION ( 'NONE',  ( 0.000000000000000000, -1.000000000000000000, -4.023843114379212769E-15 ) ) ;
#1508 = LINE ( 'NONE', #912, #1487 ) ;
#1509 = EDGE_LOOP ( 'NONE', ( #822, #845 ) ) ;
#1510 = DIRECTION ( 'NONE',  ( -0.000000000000000000, 1.000000000000000000, 4.247389954066921700E-15 ) ) ;
#1511 = FACE_OUTER_BOUND ( 'NONE', #190, .T. ) ;
#1512 = VERTEX_POINT ( 'NONE', #1443 ) ;
#1513 = PRESENTATION_STYLE_ASSIGNMENT (( #556 ) ) ;
#1514 = VERTEX_POINT ( 'NONE', #1560 ) ;
#1515 = EDGE_CURVE ( 'NONE', #1421, #1455, #471, .T. ) ;
#1516 = CYLINDRICAL_SURFACE ( 'NONE', #120, 0.2750000000000000777 ) ;
#1517 = DIRECTION ( 'NONE',  ( -0.000000000000000000, -1.000000000000000000, -3.491481338843134933E-15 ) ) ;
#1518 = ORIENTED_EDGE ( 'NONE', *, *, #731, .T. ) ;
#1519 = AXIS2_PLACEMENT_3D ( 'NONE', #394, #514, #895 ) ;
#1520 = EDGE_CURVE ( 'NONE', #315, #1166, #990, .T. ) ;
#1521 = VECTOR ( 'NONE', #785, 1000.000000000000000 ) ;
#1522 = ORIENTED_EDGE ( 'NONE', *, *, #597, .T. ) ;
#1523 = LINE ( 'NONE', #264, #429 ) ;
#1524 = CARTESIAN_POINT ( 'NONE',  ( -3.479525245129056810, -1.014948461179685957, 3.865051538820320154 ) ) ;
#1525 = DIRECTION ( 'NONE',  ( 0.000000000000000000, 4.247389954066920911E-15, -1.000000000000000000 ) ) ;
#1526 = DIRECTION ( 'NONE',  ( 0.000000000000000000, -3.491481338843135327E-15, 1.000000000000000000 ) ) ;
#1527 = DIRECTION ( 'NONE',  ( 0.000000000000000000, -3.373073425510457669E-15, 1.000000000000000000 ) ) ;
#1528 = DIRECTION ( 'NONE',  ( 0.000000000000000000, -1.000000000000000000, -3.491481338843135327E-15 ) ) ;
#1529 = CIRCLE ( 'NONE', #459, 0.2750000000000000777 ) ;
#1530 = SURFACE_SIDE_STYLE ('',( #33 ) ) ;
#1531 = PLANE ( 'NONE',  #1195 ) ;
#1532 = CARTESIAN_POINT ( 'NONE',  ( 3.224999999999999645, 0.9850515388203134881, 3.915051538820315091 ) ) ;
#1533 = EDGE_CURVE ( 'NONE', #1230, #1512, #463, .T. ) ;
#1534 = DIRECTION ( 'NONE',  ( 1.000000000000000000, 0.000000000000000000, 0.000000000000000000 ) ) ;
#1535 = DIRECTION ( 'NONE',  ( 0.000000000000000000, 3.491481338843135327E-15, -1.000000000000000000 ) ) ;
#1536 = AXIS2_PLACEMENT_3D ( 'NONE', #672, #216, #976 ) ;
#1537 = CARTESIAN_POINT ( 'NONE',  ( -2.000000000000000000, -0.8349484611796770261, 1.015051538820317845 ) ) ;
#1538 = CARTESIAN_POINT ( 'NONE',  ( 2.000000000000000000, -0.9849484611796899269, 4.765051538820320509 ) ) ;
#1539 = VECTOR ( 'NONE', #920, 1000.000000000000000 ) ;
#1540 = CARTESIAN_POINT ( 'NONE',  ( -3.479525245129056810, -1.014948461179685957, 3.865051538820320154 ) ) ;
#1541 = LINE ( 'NONE', #187, #1551 ) ;
#1542 = PLANE ( 'NONE',  #234 ) ;
#1543 = CARTESIAN_POINT ( 'NONE',  ( -2.000000000000000000, -0.9849484611796628375, -2.934948461179684998 ) ) ;
#1544 = CARTESIAN_POINT ( 'NONE',  ( 0.000000000000000000, -0.6849484611796730071, 0.01505153882031875015 ) ) ;
#1545 = FACE_OUTER_BOUND ( 'NONE', #646, .T. ) ;
#1546 = DIRECTION ( 'NONE',  ( 0.000000000000000000, -4.247389954066921700E-15, 1.000000000000000000 ) ) ;
#1547 = VECTOR ( 'NONE', #484, 1000.000000000000000 ) ;
#1548 = DIRECTION ( 'NONE',  ( -1.000000000000000000, 0.000000000000000000, 0.000000000000000000 ) ) ;
#1549 = LINE ( 'NONE', #160, #1559 ) ;
#1550 = EDGE_CURVE ( 'NONE', #775, #1217, #478, .T. ) ;
#1551 = VECTOR ( 'NONE', #1305, 1000.000000000000000 ) ;
#1552 = AXIS2_PLACEMENT_3D ( 'NONE', #1215, #984, #83 ) ;
#1553 = DIRECTION ( 'NONE',  ( -1.000000000000000000, 0.000000000000000000, 0.000000000000000000 ) ) ;
#1554 = VECTOR ( 'NONE', #685, 1000.000000000000000 ) ;
#1555 = CARTESIAN_POINT ( 'NONE',  ( -2.750000000000000000, -0.8349484611796647027, -2.509948461179681178 ) ) ;
#1556 = EDGE_CURVE ( 'NONE', #817, #1241, #1005, .T. ) ;
#1557 = PRODUCT_DEFINITION_FORMATION_WITH_SPECIFIED_SOURCE ( 'ANY', '', #777, .NOT_KNOWN. ) ;
#1558 = CARTESIAN_POINT ( 'NONE',  ( 2.000000000000000000, -0.8349484611796770261, 1.015051538820317845 ) ) ;
#1559 = VECTOR ( 'NONE', #309, 1000.000000000000000 ) ;
#1560 = CARTESIAN_POINT ( 'NONE',  ( 1.899999999999999911, 0.04505153882033699486, -2.884948461179679846 ) ) ;
#1561 = CARTESIAN_POINT ( 'NONE',  ( -3.750000000000000000, -0.6849484611796800015, 2.015051538820320065 ) ) ;
#1562 = DIRECTION ( 'NONE',  ( 0.000000000000000000, -1.000000000000000000, -2.770738885240750032E-14 ) ) ;
#1563 = VECTOR ( 'NONE', #343, 1000.000000000000000 ) ;
#1564 = EDGE_CURVE ( 'NONE', #821, #739, #461, .T. ) ;
#1565 = PLANE ( 'NONE',  #289 ) ;
#1566 = ITEM_DEFINED_TRANSFORMATION ( 'NONE', 'NONE', #436,  #794 ) ;
#1567 = UNCERTAINTY_MEASURE_WITH_UNIT (LENGTH_MEASURE( 1.000000000000000082E-05 ), #563, 'distance_accuracy_value', 'NONE');
#1568 = DIRECTION ( 'NONE',  ( 0.000000000000000000, 1.000000000000000000, 0.000000000000000000 ) ) ;
#1569 = CARTESIAN_POINT ( 'NONE',  ( -2.000000000000000000, -0.8349484611796770261, 1.015051538820317845 ) ) ;
#1570 = FILL_AREA_STYLE ('',( #62 ) ) ;
#1571 = DIRECTION ( 'NONE',  ( 0.000000000000000000, 3.154042683594193641E-15, -1.000000000000000000 ) ) ;
#1572 = CONTEXT_DEPENDENT_SHAPE_REPRESENTATION ( #1361, #618 ) ;
#1573 = CARTESIAN_POINT ( 'NONE',  ( 2.899999999999999911, 0.9850515388203134881, 3.915051538820315535 ) ) ;
#1574 = ADVANCED_FACE ( 'NONE', ( #1545 ), #966, .T. ) ;
#1575 = CARTESIAN_POINT ( 'NONE',  ( -1.899999999999999911, 0.04505153882031019685, 4.915051538820319976 ) ) ;
#1576 = EDGE_CURVE ( 'NONE', #203, #200, #983, .T. ) ;
#1577 = AXIS2_PLACEMENT_3D ( 'NONE', #757, #894, #508 ) ;
#1578 = CARTESIAN_POINT ( 'NONE',  ( -2.000000000000000000, -0.8349484611796630373, -2.934948461179680113 ) ) ;
#1579 = EDGE_CURVE ( 'NONE', #1241, #736, #466, .T. ) ;
#1580 = DIRECTION ( 'NONE',  ( 1.000000000000000000, 0.000000000000000000, 0.000000000000000000 ) ) ;
#1581 = EDGE_CURVE ( 'NONE', #1259, #1376, #1541, .T. ) ;
#1582 = CARTESIAN_POINT ( 'NONE',  ( 2.575000000000000178, -0.7849484611796870848, 3.915051538820309762 ) ) ;
#1583 =( GEOMETRIC_REPRESENTATION_CONTEXT ( 3 ) GLOBAL_UNCERTAINTY_ASSIGNED_CONTEXT ( ( #1567 ) ) GLOBAL_UNIT_ASSIGNED_CONTEXT ( ( #563, #1585, #953 ) ) REPRESENTATION_CONTEXT ( 'NONE', 'WORKASPACE' ) );
#1584 = PLANE ( 'NONE',  #1095 ) ;
#1585 =( NAMED_UNIT ( * ) PLANE_ANGLE_UNIT ( ) SI_UNIT ( $, .RADIAN. ) );
#1586 = ADVANCED_FACE ( 'NONE', ( #491 ), #1000, .T. ) ;
#1587 = DIRECTION ( 'NONE',  ( 0.000000000000000000, 3.548298019043467945E-15, -1.000000000000000000 ) ) ;
#1588 = FACE_OUTER_BOUND ( 'NONE', #274, .T. ) ;
#1589 = SURFACE_STYLE_USAGE ( .BOTH. , #859 ) ;
#1590 = CIRCLE ( 'NONE', #1134, 0.2750000000000000777 ) ;
#1591 = VECTOR ( 'NONE', #165, 1000.000000000000000 ) ;
#1592 = CARTESIAN_POINT ( 'NONE',  ( -2.500000000000000000, -0.9849484611796769373, 1.015051538820317845 ) ) ;
#1593 = EDGE_CURVE ( 'NONE', #1455, #178, #1549, .T. ) ;
#1594 = UNCERTAINTY_MEASURE_WITH_UNIT (LENGTH_MEASURE( 1.000000000000000082E-05 ), #223, 'distance_accuracy_value', 'NONE');
#1595 = LINE ( 'NONE', #1083, #544 ) ;
#1596 = ADVANCED_FACE ( 'NONE', ( #981 ), #1565, .F. ) ;
#1597 = AXIS2_PLACEMENT_3D ( 'NONE', #830, #1430, #1051 ) ;
#1598 = CARTESIAN_POINT ( 'NONE',  ( 0.000000000000000000, -0.9849484611796799349, 2.015051538820320065 ) ) ;
#1599 = DIRECTION ( 'NONE',  ( -0.000000000000000000, -1.000000000000000000, -3.491481338843134933E-15 ) ) ;
#1600 = CARTESIAN_POINT ( 'NONE',  ( 0.000000000000000000, -0.9849484611796799349, 2.015051538820320065 ) ) ;
#1601 = CARTESIAN_POINT ( 'NONE',  ( -3.479525245129056810, 0.1650515388203100120, 4.765051538820320509 ) ) ;
#1602 = FILL_AREA_STYLE ('',( #609 ) ) ;
#1603 = EDGE_CURVE ( 'NONE', #770, #720, #1529, .T. ) ;
#1604 = DIRECTION ( 'NONE',  ( 0.000000000000000000, 4.003208021484941694E-15, -1.000000000000000000 ) ) ;
#1605 =( GEOMETRIC_REPRESENTATION_CONTEXT ( 3 ) GLOBAL_UNCERTAINTY_ASSIGNED_CONTEXT ( ( #1463 ) ) GLOBAL_UNIT_ASSIGNED_CONTEXT ( ( #689, #705, #92 ) ) REPRESENTATION_CONTEXT ( 'NONE', 'WORKASPACE' ) );
#1606 = CARTESIAN_POINT ( 'NONE',  ( -1.899999999999999911, 0.1650515388203100398, 4.765051538820320509 ) ) ;
#1607 = CARTESIAN_POINT ( 'NONE',  ( -2.750000000000000000, -0.9849484611796665012, -1.959948461179681578 ) ) ;
#1608 = DIRECTION ( 'NONE',  ( 0.000000000000000000, -0.000000000000000000, 1.000000000000000000 ) ) ;
#1609 = NEXT_ASSEMBLY_USAGE_OCCURRENCE ( 'NAUO1', ' ', ' ', #267, #1304, $ ) ;
ENDSEC;
END-ISO-10303-21;
